# relative_time, cycles_done, cur_item, corpus_count, pending_total, pending_favs, map_size, saved_crashes, saved_hangs, max_depth, execs_per_sec, total_execs, edges_found
61, 0, 712, 855, 853, 305, 14.91%, 0, 0, 2, 159.06, 19715, 19885
66, 0, 712, 857, 855, 305, 14.91%, 0, 0, 2, 159.04, 20516, 19889
72, 0, 712, 858, 856, 305, 14.91%, 0, 0, 2, 159.16, 21341, 19889
77, 0, 712, 860, 858, 305, 14.91%, 0, 0, 2, 159.09, 22166, 19890
82, 0, 712, 862, 860, 305, 14.92%, 0, 0, 2, 159.13, 22991, 19897
87, 0, 712, 863, 861, 305, 14.92%, 0, 0, 2, 159.10, 23816, 19899
92, 0, 837, 866, 863, 329, 14.92%, 0, 0, 2, 159.46, 24619, 19901
97, 0, 654, 882, 878, 328, 14.96%, 0, 0, 2, 156.21, 25415, 19958
103, 0, 654, 937, 933, 328, 15.02%, 0, 0, 2, 155.36, 26213, 20042
108, 0, 654, 984, 980, 328, 15.09%, 0, 0, 2, 155.49, 27029, 20128
113, 0, 654, 1025, 1021, 328, 15.16%, 0, 0, 2, 153.72, 27803, 20222
118, 0, 654, 1065, 1061, 328, 15.19%, 0, 0, 2, 154.91, 28589, 20258
123, 0, 654, 1097, 1093, 328, 15.22%, 0, 0, 2, 155.62, 29411, 20309
128, 0, 654, 1127, 1123, 328, 15.25%, 0, 0, 2, 153.71, 30200, 20342
134, 0, 654, 1153, 1149, 328, 15.27%, 0, 0, 2, 155.65, 31022, 20371
139, 0, 654, 1174, 1170, 328, 15.28%, 0, 0, 2, 156.07, 31814, 20387
144, 0, 654, 1193, 1189, 328, 15.30%, 0, 0, 2, 156.29, 32609, 20403
149, 0, 654, 1211, 1207, 328, 15.32%, 0, 0, 2, 156.51, 33419, 20433
154, 0, 654, 1226, 1222, 328, 15.34%, 0, 0, 2, 155.27, 34208, 20460
159, 0, 654, 1241, 1237, 328, 15.34%, 0, 0, 2, 154.67, 34994, 20465
164, 0, 654, 1251, 1247, 328, 15.35%, 0, 0, 2, 156.39, 35780, 20479
169, 0, 654, 1269, 1265, 328, 15.36%, 0, 0, 2, 156.37, 36563, 20494
174, 0, 654, 1283, 1279, 328, 15.38%, 0, 0, 2, 156.39, 37349, 20515
179, 0, 654, 1298, 1294, 328, 15.39%, 0, 0, 2, 155.47, 38123, 20531
184, 0, 654, 1313, 1309, 328, 15.41%, 0, 0, 2, 156.51, 38921, 20553
189, 0, 654, 1328, 1324, 328, 15.41%, 0, 0, 2, 156.52, 39719, 20559
195, 0, 654, 1346, 1342, 328, 15.43%, 0, 0, 2, 156.66, 40547, 20588
200, 0, 654, 1356, 1352, 328, 15.46%, 0, 0, 2, 156.94, 41342, 20620
205, 0, 654, 1366, 1362, 328, 15.46%, 0, 0, 2, 156.95, 42155, 20625
210, 0, 654, 1372, 1368, 328, 15.47%, 0, 0, 2, 155.94, 42959, 20634
215, 0, 654, 1380, 1376, 328, 15.47%, 0, 0, 2, 157.02, 43760, 20640
220, 0, 852, 1392, 1387, 476, 15.48%, 0, 0, 2, 156.85, 44560, 20654
225, 0, 852, 1395, 1390, 476, 15.48%, 0, 0, 3, 158.91, 45385, 20656
231, 0, 830, 1397, 1391, 474, 15.49%, 0, 0, 3, 157.56, 46179, 20659
236, 0, 830, 1403, 1397, 474, 15.49%, 0, 0, 3, 156.61, 46980, 20669
241, 0, 830, 1407, 1401, 474, 15.50%, 0, 0, 3, 156.43, 47781, 20671
246, 0, 830, 1409, 1403, 474, 15.50%, 0, 0, 3, 156.36, 48579, 20671
251, 0, 830, 1411, 1405, 474, 15.50%, 0, 0, 3, 156.34, 49377, 20672
256, 0, 830, 1414, 1408, 474, 15.50%, 0, 0, 3, 156.33, 50187, 20676
261, 0, 830, 1417, 1411, 474, 15.52%, 0, 0, 3, 156.14, 50985, 20699
266, 0, 830, 1421, 1415, 474, 15.52%, 0, 0, 3, 156.20, 51783, 20702
271, 0, 830, 1422, 1416, 474, 15.52%, 0, 0, 3, 156.28, 52575, 20702
277, 0, 830, 1426, 1420, 474, 15.52%, 0, 0, 3, 156.27, 53376, 20706
282, 0, 830, 1429, 1423, 474, 15.53%, 0, 0, 3, 156.14, 54183, 20713
287, 0, 830, 1431, 1425, 474, 15.53%, 0, 0, 3, 156.33, 54978, 20714
292, 0, 830, 1431, 1425, 474, 15.53%, 0, 0, 3, 156.39, 55770, 20714
297, 0, 830, 1432, 1426, 474, 15.53%, 0, 0, 3, 156.24, 56568, 20716
302, 0, 830, 1437, 1431, 474, 15.53%, 0, 0, 3, 156.26, 57360, 20719
307, 0, 830, 1439, 1433, 474, 15.53%, 0, 0, 3, 156.29, 58152, 20720
312, 0, 830, 1441, 1435, 474, 15.54%, 0, 0, 3, 156.25, 58959, 20725
317, 0, 1009, 1441, 1434, 493, 15.54%, 0, 0, 3, 139.97, 59689, 20725
323, 0, 324, 1441, 1433, 492, 15.54%, 0, 0, 3, 101.65, 60161, 20725
328, 0, 324, 1445, 1437, 492, 15.54%, 0, 0, 3, 96.95, 60646, 20727
333, 0, 324, 1451, 1443, 492, 15.54%, 0, 0, 3, 94.62, 61129, 20727
338, 0, 324, 1455, 1447, 492, 15.55%, 0, 0, 3, 98.33, 61629, 20738
343, 0, 324, 1456, 1448, 492, 15.55%, 0, 0, 3, 97.56, 62130, 20738
348, 0, 324, 1459, 1451, 492, 15.55%, 0, 0, 3, 95.84, 62613, 20739
353, 0, 324, 1463, 1455, 492, 15.55%, 0, 0, 3, 97.49, 63118, 20741
358, 0, 324, 1464, 1456, 492, 15.55%, 0, 0, 3, 97.22, 63610, 20741
364, 0, 324, 1466, 1458, 492, 15.55%, 0, 0, 3, 97.06, 64107, 20741
369, 0, 324, 1469, 1461, 492, 15.55%, 0, 0, 3, 98.49, 64606, 20743
374, 0, 324, 1472, 1464, 492, 15.55%, 0, 0, 3, 97.07, 65091, 20743
379, 0, 324, 1474, 1466, 492, 15.55%, 0, 0, 3, 96.69, 65588, 20743
384, 0, 324, 1475, 1467, 492, 15.55%, 0, 0, 3, 96.76, 66081, 20743
389, 0, 324, 1478, 1470, 492, 15.55%, 0, 0, 3, 95.27, 66574, 20745
394, 0, 324, 1478, 1470, 492, 15.55%, 0, 0, 3, 98.54, 67086, 20745
399, 0, 324, 1479, 1471, 492, 15.55%, 0, 0, 3, 97.29, 67582, 20745
404, 0, 324, 1480, 1472, 492, 15.55%, 0, 0, 3, 98.21, 68082, 20746
409, 0, 324, 1482, 1474, 492, 15.55%, 0, 0, 3, 97.11, 68579, 20746
415, 0, 324, 1482, 1474, 492, 15.55%, 0, 0, 3, 98.09, 69085, 20746
420, 0, 324, 1482, 1474, 492, 15.55%, 0, 0, 3, 97.70, 69581, 20746
425, 0, 324, 1482, 1474, 492, 15.55%, 0, 0, 3, 96.78, 70074, 20746
430, 0, 324, 1483, 1475, 492, 15.55%, 0, 0, 3, 97.38, 70572, 20748
435, 0, 1394, 1484, 1474, 489, 15.55%, 0, 0, 4, 145.77, 71353, 20749
440, 0, 797, 1484, 1472, 488, 15.55%, 0, 0, 4, 157.05, 72176, 20749
445, 0, 186, 1484, 1471, 487, 15.55%, 0, 0, 4, 159.12, 73001, 20749
450, 0, 1449, 1484, 1470, 486, 15.55%, 0, 0, 4, 110.87, 73516, 20749
455, 0, 1088, 1486, 1471, 485, 15.56%, 0, 0, 4, 140.01, 74233, 20750
461, 0, 648, 1487, 1471, 485, 15.56%, 0, 0, 4, 154.15, 75032, 20750
466, 0, 648, 1499, 1483, 485, 15.56%, 0, 0, 4, 157.96, 75842, 20757
471, 0, 648, 1504, 1488, 485, 15.56%, 0, 0, 4, 158.82, 76640, 20761
476, 0, 648, 1506, 1490, 485, 15.56%, 0, 0, 4, 159.46, 77438, 20761
481, 0, 648, 1507, 1491, 485, 15.56%, 0, 0, 4, 159.28, 78263, 20761
486, 0, 648, 1510, 1494, 485, 15.57%, 0, 0, 4, 159.43, 79064, 20767
491, 0, 648, 1510, 1494, 485, 15.57%, 0, 0, 4, 159.17, 79889, 20767
496, 0, 648, 1510, 1494, 485, 15.57%, 0, 0, 4, 158.96, 80714, 20767
501, 0, 648, 1513, 1497, 485, 15.57%, 0, 0, 4, 159.45, 81518, 20767
506, 0, 648, 1517, 1501, 485, 15.57%, 0, 0, 4, 159.19, 82322, 20768
511, 0, 648, 1520, 1504, 485, 15.57%, 0, 0, 4, 159.41, 83126, 20774
517, 0, 648, 1520, 1504, 485, 15.57%, 0, 0, 4, 159.67, 83951, 20774
522, 0, 648, 1521, 1505, 485, 15.57%, 0, 0, 4, 157.17, 84749, 20774
527, 0, 648, 1522, 1506, 485, 15.57%, 0, 0, 4, 159.01, 85574, 20774
532, 0, 648, 1524, 1508, 485, 15.57%, 0, 0, 4, 159.08, 86378, 20774
537, 0, 648, 1525, 1509, 485, 15.57%, 0, 0, 4, 159.16, 87179, 20774
542, 0, 648, 1526, 1510, 485, 15.57%, 0, 0, 4, 159.52, 88004, 20774
547, 0, 898, 1526, 1508, 488, 15.57%, 0, 0, 4, 158.32, 88821, 20774
552, 0, 1408, 1526, 1507, 487, 15.57%, 0, 0, 4, 158.29, 89614, 20774
557, 0, 1408, 1544, 1525, 487, 15.59%, 0, 0, 4, 158.15, 90418, 20799
563, 0, 1408, 1556, 1537, 487, 15.60%, 0, 0, 4, 157.98, 91228, 20814
568, 0, 1408, 1566, 1547, 487, 15.61%, 0, 0, 4, 157.62, 92023, 20817
573, 0, 1408, 1571, 1552, 487, 15.61%, 0, 0, 4, 158.25, 92818, 20820
578, 0, 1408, 1580, 1561, 487, 15.62%, 0, 0, 4, 158.46, 93640, 20840
583, 0, 1408, 1587, 1568, 487, 15.63%, 0, 0, 4, 158.54, 94444, 20846
588, 0, 1408, 1593, 1574, 487, 15.63%, 0, 0, 4, 158.36, 95239, 20851
593, 0, 1408, 1597, 1578, 487, 15.64%, 0, 0, 4, 158.59, 96064, 20859
598, 0, 1408, 1603, 1584, 487, 15.66%, 0, 0, 4, 158.59, 96889, 20885
603, 0, 1408, 1606, 1587, 487, 15.69%, 0, 0, 4, 155.81, 97675, 20927
608, 0, 1408, 1612, 1593, 487, 15.69%, 0, 0, 4, 157.56, 98479, 20934
614, 0, 1408, 1618, 1599, 487, 15.70%, 0, 0, 4, 158.11, 99292, 20938
619, 0, 1408, 1626, 1607, 487, 15.70%, 0, 0, 4, 158.14, 100111, 20942
624, 0, 1408, 1633, 1614, 487, 15.70%, 0, 0, 4, 158.42, 100906, 20943
629, 0, 1408, 1635, 1616, 487, 15.70%, 0, 0, 4, 158.67, 101707, 20943
634, 0, 1408, 1639, 1620, 487, 15.71%, 0, 0, 4, 158.65, 102532, 20961
639, 0, 1408, 1646, 1627, 487, 15.71%, 0, 0, 4, 156.76, 103330, 20963
644, 0, 1408, 1649, 1630, 487, 15.72%, 0, 0, 4, 158.24, 104139, 20969
649, 0, 1625, 1653, 1632, 511, 15.72%, 0, 0, 5, 158.62, 104941, 20973
655, 0, 1625, 1656, 1635, 511, 15.74%, 0, 0, 5, 158.50, 105766, 21000
660, 0, 1625, 1661, 1640, 511, 15.74%, 0, 0, 5, 158.84, 106564, 21000
665, 0, 1625, 1668, 1647, 511, 15.75%, 0, 0, 5, 158.61, 107374, 21010
670, 0, 1625, 1672, 1651, 511, 15.75%, 0, 0, 5, 158.96, 108199, 21010
675, 0, 1625, 1675, 1654, 511, 15.75%, 0, 0, 5, 158.74, 109003, 21011
680, 0, 1625, 1680, 1659, 511, 15.76%, 0, 0, 5, 158.95, 109816, 21027
685, 0, 1625, 1682, 1661, 511, 15.77%, 0, 0, 5, 158.89, 110641, 21030
690, 0, 1625, 1685, 1664, 511, 15.78%, 0, 0, 5, 158.96, 111466, 21049
695, 0, 1625, 1689, 1668, 511, 15.78%, 0, 0, 5, 159.14, 112264, 21049
700, 0, 1625, 1692, 1671, 511, 15.78%, 0, 0, 5, 159.12, 113062, 21051
705, 0, 1625, 1697, 1676, 511, 15.78%, 0, 0, 5, 158.92, 113863, 21051
711, 0, 1625, 1698, 1677, 511, 15.78%, 0, 0, 5, 159.17, 114667, 21051
716, 0, 1625, 1702, 1681, 511, 15.79%, 0, 0, 5, 159.10, 115492, 21058
721, 0, 1625, 1705, 1684, 511, 15.79%, 0, 0, 5, 159.05, 116320, 21058
726, 0, 1625, 1708, 1687, 511, 15.79%, 0, 0, 5, 159.11, 117145, 21066
731, 0, 1625, 1711, 1690, 511, 15.80%, 0, 0, 5, 159.09, 117970, 21072
736, 0, 1625, 1718, 1697, 511, 15.80%, 0, 0, 5, 158.06, 118782, 21073
742, 0, 1625, 1727, 1706, 511, 15.80%, 0, 0, 5, 157.21, 119586, 21074
747, 0, 1625, 1731, 1710, 511, 15.80%, 0, 0, 5, 157.57, 120392, 21083
752, 0, 1619, 1745, 1723, 524, 15.83%, 0, 0, 5, 152.62, 121173, 21112
757, 0, 1619, 1760, 1738, 524, 15.84%, 0, 0, 5, 154.88, 121956, 21130
762, 0, 1619, 1772, 1750, 524, 15.85%, 0, 0, 5, 154.98, 122733, 21139
767, 0, 1619, 1786, 1764, 524, 15.85%, 0, 0, 5, 155.99, 123530, 21144
772, 0, 1619, 1792, 1770, 524, 15.85%, 0, 0, 5, 157.21, 124340, 21145
777, 0, 1619, 1799, 1777, 524, 15.86%, 0, 0, 5, 157.52, 125145, 21152
782, 0, 1557, 1803, 1780, 540, 15.86%, 0, 0, 5, 113.24, 125654, 21152
787, 0, 1557, 1809, 1786, 540, 15.86%, 0, 0, 5, 110.17, 126208, 21152
793, 0, 1557, 1813, 1790, 540, 15.86%, 0, 0, 5, 108.65, 126760, 21152
798, 0, 1557, 1818, 1795, 540, 15.86%, 0, 0, 5, 108.97, 127334, 21153
803, 0, 1557, 1819, 1796, 540, 15.86%, 0, 0, 5, 110.64, 127894, 21153
808, 0, 1557, 1824, 1801, 540, 15.87%, 0, 0, 5, 112.12, 128462, 21165
813, 0, 1557, 1824, 1801, 540, 15.87%, 0, 0, 5, 109.12, 129024, 21165
818, 0, 1557, 1825, 1802, 540, 15.87%, 0, 0, 5, 110.12, 129580, 21165
823, 0, 1557, 1826, 1803, 540, 15.87%, 0, 0, 5, 113.23, 130148, 21173
828, 0, 1557, 1828, 1805, 540, 15.87%, 0, 0, 5, 114.10, 130746, 21173
833, 0, 1557, 1830, 1807, 540, 15.87%, 0, 0, 5, 113.47, 131318, 21174
839, 0, 1557, 1830, 1807, 540, 15.87%, 0, 0, 5, 111.33, 131894, 21174
844, 0, 1557, 1831, 1808, 540, 15.87%, 0, 0, 5, 112.39, 132476, 21175
849, 0, 1557, 1835, 1812, 540, 15.88%, 0, 0, 5, 113.59, 133050, 21178
854, 0, 1557, 1838, 1815, 540, 15.88%, 0, 0, 5, 111.42, 133608, 21179
859, 0, 1557, 1839, 1816, 540, 15.88%, 0, 0, 5, 110.66, 134180, 21179
864, 0, 1557, 1840, 1817, 540, 15.88%, 0, 0, 5, 110.37, 134744, 21179
869, 0, 1557, 1841, 1818, 540, 15.88%, 0, 0, 5, 111.26, 135320, 21179
874, 0, 1557, 1851, 1828, 540, 15.90%, 0, 0, 5, 135.71, 136006, 21207
879, 0, 1557, 1864, 1841, 540, 15.91%, 0, 0, 5, 151.56, 136788, 21222
885, 0, 1557, 1880, 1857, 540, 15.92%, 0, 0, 5, 149.59, 137552, 21230
890, 0, 1557, 1901, 1878, 540, 15.92%, 0, 0, 5, 153.48, 138345, 21233
895, 0, 1557, 1921, 1898, 540, 15.93%, 0, 0, 5, 149.52, 139112, 21245
900, 0, 1557, 1949, 1926, 540, 15.94%, 0, 0, 5, 153.17, 139899, 21261
905, 0, 1557, 1968, 1945, 540, 15.94%, 0, 0, 5, 154.27, 140700, 21269
910, 0, 409, 1968, 1943, 566, 15.94%, 0, 0, 5, 134.07, 141316, 21269
915, 0, 409, 1970, 1945, 566, 15.94%, 0, 0, 5, 154.26, 142124, 21269
921, 0, 1670, 1981, 1955, 565, 15.95%, 0, 0, 6, 157.90, 142940, 21271
926, 0, 1670, 1992, 1966, 565, 15.95%, 0, 0, 6, 158.63, 143768, 21278
931, 0, 1670, 1995, 1969, 565, 15.95%, 0, 0, 6, 159.31, 144569, 21282
936, 0, 1670, 1999, 1973, 565, 15.95%, 0, 0, 6, 159.29, 145373, 21283
941, 0, 1670, 2002, 1976, 565, 15.96%, 0, 0, 6, 159.19, 146177, 21284
946, 0, 1670, 2003, 1977, 565, 15.96%, 0, 0, 6, 159.26, 147002, 21284
951, 0, 1670, 2004, 1978, 565, 15.96%, 0, 0, 6, 159.16, 147827, 21284
956, 0, 1670, 2007, 1981, 565, 15.96%, 0, 0, 6, 159.15, 148652, 21284
962, 0, 1670, 2009, 1983, 565, 15.96%, 0, 0, 6, 159.45, 149477, 21284
967, 0, 1670, 2011, 1985, 565, 15.96%, 0, 0, 6, 159.53, 150302, 21284
972, 0, 1670, 2013, 1987, 565, 15.96%, 0, 0, 6, 159.28, 151130, 21284
977, 0, 1670, 2015, 1989, 565, 15.96%, 0, 0, 6, 159.28, 151958, 21285
982, 0, 1670, 2016, 1990, 565, 15.96%, 0, 0, 6, 159.13, 152783, 21286
988, 0, 1670, 2017, 1991, 565, 15.96%, 0, 0, 6, 159.24, 153608, 21287
993, 0, 1670, 2017, 1991, 565, 15.96%, 0, 0, 6, 159.38, 154433, 21287
998, 0, 1670, 2017, 1991, 565, 15.96%, 0, 0, 6, 159.53, 155258, 21287
1003, 0, 1670, 2021, 1995, 565, 15.96%, 0, 0, 6, 159.29, 156072, 21291
1008, 0, 1688, 2025, 1998, 576, 15.97%, 0, 0, 6, 158.96, 156871, 21302
1013, 0, 1688, 2032, 2005, 576, 15.98%, 0, 0, 6, 159.22, 157694, 21310
1018, 0, 1688, 2032, 2005, 576, 15.98%, 0, 0, 6, 159.46, 158519, 21310
1023, 0, 1688, 2034, 2007, 576, 15.98%, 0, 0, 6, 159.24, 159326, 21313
1029, 0, 1688, 2036, 2009, 576, 15.98%, 0, 0, 6, 159.34, 160151, 21313
1034, 0, 1688, 2038, 2011, 576, 15.98%, 0, 0, 6, 159.39, 160955, 21313
1039, 0, 1688, 2039, 2012, 576, 15.98%, 0, 0, 6, 159.41, 161780, 21314
1044, 0, 1688, 2039, 2012, 576, 15.98%, 0, 0, 6, 159.39, 162605, 21314
1049, 0, 1688, 2040, 2013, 576, 15.98%, 0, 0, 6, 159.34, 163430, 21314
1054, 0, 1688, 2042, 2015, 576, 15.98%, 0, 0, 6, 159.33, 164228, 21314
1059, 0, 1688, 2044, 2017, 576, 15.98%, 0, 0, 6, 159.37, 165032, 21315
1064, 0, 1688, 2044, 2017, 576, 15.98%, 0, 0, 6, 159.46, 165857, 21315
1069, 0, 1688, 2045, 2018, 576, 15.98%, 0, 0, 6, 159.47, 166655, 21315
1074, 0, 1688, 2048, 2021, 576, 15.98%, 0, 0, 6, 159.22, 167453, 21315
1080, 0, 1688, 2049, 2022, 576, 15.98%, 0, 0, 6, 159.36, 168278, 21317
1085, 0, 1688, 2051, 2024, 576, 15.98%, 0, 0, 6, 159.44, 169103, 21318
1090, 0, 1688, 2051, 2024, 576, 15.98%, 0, 0, 6, 159.38, 169928, 21318
1095, 0, 1688, 2073, 2046, 576, 15.99%, 0, 0, 6, 154.51, 170716, 21326
1100, 0, 1688, 2108, 2081, 576, 16.01%, 0, 0, 6, 149.73, 171459, 21362
1105, 0, 1688, 2133, 2106, 576, 16.02%, 0, 0, 6, 149.04, 172227, 21376
1110, 0, 1688, 2152, 2125, 576, 16.03%, 0, 0, 6, 149.18, 172975, 21386
1115, 0, 1054, 2162, 2133, 596, 16.03%, 0, 0, 6, 153.72, 173763, 21388
1120, 0, 486, 2162, 2132, 595, 16.03%, 0, 0, 6, 157.47, 174555, 21388
1126, 0, 2038, 2162, 2131, 594, 16.03%, 0, 0, 6, 159.05, 175379, 21388
1131, 0, 250, 2162, 2130, 593, 16.03%, 0, 0, 6, 159.27, 176206, 21388
1136, 0, 391, 2162, 2129, 592, 16.03%, 0, 0, 6, 160.08, 177032, 21388
1141, 0, 1718, 2163, 2129, 591, 16.03%, 0, 0, 6, 159.44, 177831, 21388
1146, 0, 1718, 2164, 2130, 591, 16.03%, 0, 0, 6, 158.81, 178627, 21388
1151, 0, 2027, 2164, 2129, 591, 16.03%, 0, 0, 6, 159.32, 179456, 21388
1156, 0, 2032, 2167, 2131, 590, 16.04%, 0, 0, 7, 159.36, 180274, 21394
1162, 0, 2032, 2169, 2133, 590, 16.04%, 0, 0, 7, 159.59, 181102, 21401
1167, 0, 2032, 2169, 2133, 590, 16.04%, 0, 0, 7, 159.53, 181927, 21401
1172, 0, 2032, 2170, 2134, 590, 16.04%, 0, 0, 7, 159.50, 182752, 21401
1177, 0, 2032, 2171, 2135, 590, 16.04%, 0, 0, 7, 159.64, 183577, 21401
1182, 0, 2032, 2174, 2138, 590, 16.04%, 0, 0, 7, 159.44, 184381, 21402
1187, 0, 2032, 2175, 2139, 590, 16.04%, 0, 0, 7, 159.69, 185206, 21403
1192, 0, 2032, 2177, 2141, 590, 16.05%, 0, 0, 7, 159.35, 186031, 21409
1198, 0, 2032, 2177, 2141, 590, 16.05%, 0, 0, 7, 159.56, 186856, 21409
1203, 0, 2032, 2177, 2141, 590, 16.05%, 0, 0, 7, 159.66, 187681, 21409
1208, 0, 2032, 2177, 2141, 590, 16.05%, 0, 0, 7, 159.72, 188506, 21409
1213, 0, 2032, 2177, 2141, 590, 16.05%, 0, 0, 7, 159.54, 189331, 21409
1218, 0, 2032, 2177, 2141, 590, 16.05%, 0, 0, 7, 159.62, 190156, 21409
1223, 0, 2032, 2177, 2141, 590, 16.05%, 0, 0, 7, 159.68, 190981, 21409
1229, 0, 2032, 2177, 2141, 590, 16.05%, 0, 0, 7, 159.58, 191806, 21409
1234, 0, 2032, 2177, 2141, 590, 16.05%, 0, 0, 7, 159.48, 192631, 21409
1239, 0, 2032, 2198, 2162, 590, 16.06%, 0, 0, 7, 140.56, 193334, 21429
1244, 0, 2032, 2212, 2176, 590, 16.07%, 0, 0, 7, 138.66, 194022, 21431
1249, 0, 2032, 2221, 2185, 590, 16.07%, 0, 0, 7, 135.21, 194698, 21442
1254, 0, 2032, 2236, 2200, 590, 16.08%, 0, 0, 7, 144.60, 195421, 21449
1259, 0, 2032, 2247, 2211, 590, 16.09%, 0, 0, 7, 153.21, 196201, 21465
1264, 0, 2032, 2253, 2217, 590, 16.10%, 0, 0, 7, 154.99, 196981, 21473
1269, 0, 1850, 2254, 2217, 612, 16.10%, 0, 0, 7, 158.53, 197805, 21474
1275, 0, 2040, 2256, 2218, 612, 16.10%, 0, 0, 7, 158.83, 198632, 21475
1280, 0, 2040, 2264, 2226, 612, 16.10%, 0, 0, 7, 158.62, 199446, 21479
1285, 0, 2040, 2267, 2229, 612, 16.11%, 0, 0, 7, 158.80, 200271, 21485
1290, 0, 2040, 2269, 2231, 612, 16.11%, 0, 0, 7, 158.88, 201096, 21496
1295, 0, 2040, 2271, 2233, 612, 16.12%, 0, 0, 7, 158.91, 201903, 21498
1300, 0, 2040, 2275, 2237, 612, 16.12%, 0, 0, 7, 158.94, 202707, 21498
1305, 0, 2040, 2277, 2239, 612, 16.12%, 0, 0, 7, 158.66, 203532, 21498
1311, 0, 2040, 2278, 2240, 612, 16.12%, 0, 0, 7, 158.91, 204357, 21502
1316, 0, 2040, 2278, 2240, 612, 16.12%, 0, 0, 7, 158.74, 205182, 21502
1321, 0, 2040, 2282, 2244, 612, 16.12%, 0, 0, 7, 158.85, 206001, 21507
1326, 0, 2040, 2283, 2245, 612, 16.12%, 0, 0, 7, 158.99, 206829, 21507
1331, 0, 2040, 2285, 2247, 612, 16.12%, 0, 0, 7, 158.92, 207639, 21507
1336, 0, 2040, 2285, 2247, 612, 16.12%, 0, 0, 7, 159.00, 208464, 21507
1342, 0, 2040, 2286, 2248, 612, 16.12%, 0, 0, 7, 158.87, 209268, 21507
1347, 0, 2040, 2287, 2249, 612, 16.12%, 0, 0, 7, 158.79, 210093, 21507
1352, 0, 2040, 2290, 2252, 612, 16.12%, 0, 0, 7, 158.94, 210903, 21508
1357, 0, 2040, 2291, 2253, 612, 16.12%, 0, 0, 7, 159.12, 211707, 21508
1362, 0, 2285, 2295, 2256, 618, 16.13%, 0, 0, 7, 155.19, 212501, 21517
1367, 0, 1876, 2295, 2255, 617, 16.13%, 0, 0, 7, 154.72, 213292, 21517
1372, 0, 1876, 2303, 2263, 617, 16.14%, 0, 0, 7, 154.36, 214071, 21524
1377, 0, 1876, 2312, 2272, 617, 16.16%, 0, 0, 7, 155.17, 214878, 21552
1383, 0, 1876, 2321, 2281, 617, 16.16%, 0, 0, 7, 153.09, 215667, 21556
1388, 0, 1876, 2324, 2284, 617, 16.16%, 0, 0, 7, 154.46, 216471, 21556
1393, 0, 1876, 2327, 2287, 617, 16.16%, 0, 0, 7, 154.88, 217272, 21559
1398, 0, 1876, 2333, 2293, 617, 16.16%, 0, 0, 7, 154.98, 218055, 21560
1403, 0, 1876, 2342, 2302, 617, 16.18%, 0, 0, 7, 155.04, 218844, 21583
1408, 0, 1876, 2344, 2304, 617, 16.18%, 0, 0, 7, 155.00, 219639, 21584
1413, 0, 1876, 2350, 2310, 617, 16.19%, 0, 0, 7, 154.63, 220437, 21592
1418, 0, 1876, 2353, 2313, 617, 16.20%, 0, 0, 7, 155.29, 221229, 21610
1424, 0, 1876, 2360, 2320, 617, 16.20%, 0, 0, 7, 155.28, 222024, 21614
1429, 0, 1876, 2362, 2322, 617, 16.20%, 0, 0, 7, 155.22, 222816, 21614
1434, 0, 1876, 2366, 2326, 617, 16.20%, 0, 0, 7, 155.30, 223623, 21615
1439, 0, 1876, 2371, 2331, 617, 16.22%, 0, 0, 7, 154.96, 224418, 21636
1444, 0, 1876, 2378, 2338, 617, 16.24%, 0, 0, 7, 154.89, 225210, 21666
1449, 0, 1876, 2383, 2343, 617, 16.24%, 0, 0, 7, 154.95, 226005, 21669
1454, 0, 1876, 2385, 2345, 617, 16.24%, 0, 0, 7, 155.12, 226803, 21669
1459, 0, 1876, 2389, 2349, 617, 16.24%, 0, 0, 7, 155.68, 227581, 21669
1464, 0, 2256, 2392, 2351, 643, 16.25%, 0, 0, 8, 157.70, 228383, 21673
1470, 0, 2256, 2394, 2353, 643, 16.25%, 0, 0, 8, 158.85, 229208, 21676
1475, 0, 2256, 2396, 2355, 643, 16.25%, 0, 0, 8, 159.13, 230018, 21677
1480, 0, 2256, 2399, 2358, 643, 16.25%, 0, 0, 8, 159.06, 230816, 21680
1485, 0, 2256, 2401, 2360, 643, 16.25%, 0, 0, 8, 159.05, 231644, 21683
1490, 0, 2256, 2401, 2360, 643, 16.25%, 0, 0, 8, 159.28, 232469, 21683
1495, 0, 2256, 2401, 2360, 643, 16.25%, 0, 0, 8, 159.20, 233294, 21683
1501, 0, 2256, 2402, 2361, 643, 16.26%, 0, 0, 8, 159.21, 234119, 21685
1506, 0, 2256, 2403, 2362, 643, 16.26%, 0, 0, 8, 158.97, 234944, 21687
1511, 0, 2256, 2405, 2364, 643, 16.26%, 0, 0, 8, 159.09, 235769, 21688
1516, 0, 2256, 2406, 2365, 643, 16.26%, 0, 0, 8, 158.89, 236564, 21688
1521, 0, 2256, 2407, 2366, 643, 16.26%, 0, 0, 8, 158.93, 237389, 21689
1526, 0, 2256, 2408, 2367, 643, 16.26%, 0, 0, 8, 159.02, 238193, 21689
1531, 0, 2256, 2409, 2368, 643, 16.26%, 0, 0, 8, 159.02, 239018, 21689
1536, 0, 2256, 2411, 2370, 643, 16.26%, 0, 0, 8, 159.13, 239822, 21690
1542, 0, 2256, 2411, 2370, 643, 16.26%, 0, 0, 8, 159.22, 240647, 21690
1547, 0, 2256, 2414, 2373, 643, 16.26%, 0, 0, 8, 158.66, 241460, 21691
1552, 0, 2398, 2416, 2373, 646, 16.26%, 0, 0, 9, 158.02, 242262, 21691
1557, 0, 2398, 2416, 2373, 646, 16.26%, 0, 0, 9, 158.73, 243087, 21691
1562, 0, 2398, 2417, 2374, 646, 16.26%, 0, 0, 9, 158.89, 243891, 21691
1567, 0, 2398, 2419, 2376, 646, 16.26%, 0, 0, 9, 158.74, 244686, 21696
1572, 0, 2398, 2419, 2376, 646, 16.26%, 0, 0, 9, 158.74, 245511, 21696
1577, 0, 2398, 2419, 2376, 646, 16.26%, 0, 0, 9, 158.80, 246336, 21696
1583, 0, 2398, 2420, 2377, 646, 16.27%, 0, 0, 9, 158.80, 247161, 21697
1588, 0, 2398, 2422, 2379, 646, 16.27%, 0, 0, 9, 158.76, 247968, 21703
1593, 0, 2398, 2422, 2379, 646, 16.27%, 0, 0, 9, 158.88, 248793, 21703
1598, 0, 2398, 2422, 2379, 646, 16.27%, 0, 0, 9, 158.82, 249618, 21703
1603, 0, 2398, 2423, 2380, 646, 16.27%, 0, 0, 9, 158.72, 250443, 21703
1609, 0, 2398, 2424, 2381, 646, 16.27%, 0, 0, 9, 158.75, 251268, 21703
1614, 0, 2398, 2424, 2381, 646, 16.27%, 0, 0, 9, 158.82, 252067, 21703
1619, 0, 1252, 2424, 2379, 647, 16.27%, 0, 0, 9, 156.93, 252865, 21703
1624, 0, 603, 2425, 2379, 646, 16.27%, 0, 0, 9, 157.44, 253655, 21703
1629, 0, 727, 2425, 2378, 645, 16.27%, 0, 0, 9, 159.08, 254479, 21703
1634, 0, 2276, 2425, 2377, 644, 16.27%, 0, 0, 9, 156.97, 255269, 21703
1639, 0, 1588, 2428, 2379, 643, 16.27%, 0, 0, 9, 157.99, 256071, 21703
1644, 0, 1588, 2429, 2380, 643, 16.27%, 0, 0, 9, 158.40, 256866, 21703
1649, 0, 1588, 2432, 2383, 643, 16.27%, 0, 0, 9, 158.30, 257664, 21708
1654, 0, 1588, 2432, 2383, 643, 16.27%, 0, 0, 9, 158.43, 258489, 21708
1659, 0, 1588, 2435, 2386, 643, 16.28%, 0, 0, 9, 158.38, 259284, 21713
1664, 0, 1588, 2435, 2386, 643, 16.28%, 0, 0, 9, 158.55, 260109, 21713
1670, 0, 1588, 2436, 2387, 643, 16.28%, 0, 0, 9, 158.54, 260934, 21713
1675, 0, 1588, 2436, 2387, 643, 16.28%, 0, 0, 9, 158.49, 261759, 21713
1680, 0, 1588, 2437, 2388, 643, 16.28%, 0, 0, 9, 158.54, 262584, 21713
1685, 0, 1588, 2438, 2389, 643, 16.28%, 0, 0, 9, 158.58, 263409, 21713
1690, 0, 1588, 2438, 2389, 643, 16.28%, 0, 0, 9, 158.21, 264201, 21713
1695, 0, 1588, 2438, 2389, 643, 16.28%, 0, 0, 9, 158.33, 264993, 21713
1700, 0, 1588, 2440, 2391, 643, 16.28%, 0, 0, 9, 158.33, 265788, 21714
1705, 0, 1588, 2440, 2391, 643, 16.28%, 0, 0, 9, 158.26, 266580, 21714
1710, 0, 1588, 2442, 2393, 643, 16.28%, 0, 0, 9, 158.24, 267375, 21716
1715, 0, 1588, 2445, 2396, 643, 16.28%, 0, 0, 9, 158.30, 268176, 21721
1720, 0, 1588, 2445, 2396, 643, 16.28%, 0, 0, 9, 158.26, 268968, 21721
1725, 0, 1588, 2456, 2407, 643, 16.29%, 0, 0, 9, 121.90, 269543, 21728
1731, 0, 1588, 2465, 2416, 643, 16.30%, 0, 0, 9, 112.13, 270103, 21741
1736, 0, 1588, 2466, 2417, 643, 16.30%, 0, 0, 9, 110.06, 270657, 21741
1741, 0, 2447, 2472, 2422, 651, 16.30%, 0, 0, 9, 118.15, 271269, 21745
1746, 0, 2447, 2472, 2422, 651, 16.30%, 0, 0, 9, 97.25, 271732, 21745
1751, 0, 568, 2472, 2421, 650, 16.30%, 0, 0, 9, 139.57, 272446, 21745
1756, 0, 2420, 2473, 2421, 650, 16.30%, 0, 0, 9, 154.81, 273261, 21747
1761, 0, 2420, 2476, 2424, 650, 16.30%, 0, 0, 10, 157.61, 274067, 21749
1766, 0, 2420, 2486, 2434, 650, 16.30%, 0, 0, 10, 154.81, 274854, 21750
1771, 0, 2420, 2494, 2442, 650, 16.31%, 0, 0, 10, 153.93, 275628, 21754
1776, 0, 2418, 2495, 2441, 653, 16.31%, 0, 0, 10, 157.47, 276449, 21755
1781, 0, 2418, 2499, 2445, 653, 16.32%, 0, 0, 10, 158.62, 277250, 21764
1787, 0, 2418, 2499, 2445, 653, 16.32%, 0, 0, 10, 158.99, 278075, 21764
1792, 0, 2418, 2499, 2445, 653, 16.32%, 0, 0, 10, 159.19, 278900, 21764
1797, 0, 2418, 2502, 2448, 653, 16.32%, 0, 0, 10, 159.01, 279707, 21766
1802, 0, 2418, 2503, 2449, 653, 16.32%, 0, 0, 10, 159.06, 280508, 21768
1807, 0, 2418, 2503, 2449, 653, 16.32%, 0, 0, 10, 159.18, 281333, 21768
1812, 0, 2418, 2504, 2450, 653, 16.32%, 0, 0, 10, 158.97, 282158, 21769
1817, 0, 2418, 2504, 2450, 653, 16.32%, 0, 0, 10, 158.97, 282983, 21769
1823, 0, 2418, 2504, 2450, 653, 16.32%, 0, 0, 10, 159.18, 283808, 21769
1828, 0, 2418, 2504, 2450, 653, 16.32%, 0, 0, 10, 159.17, 284633, 21769
1833, 0, 2418, 2504, 2450, 653, 16.32%, 0, 0, 10, 159.12, 285458, 21769
1838, 0, 2418, 2507, 2453, 653, 16.32%, 0, 0, 10, 157.13, 286248, 21773
1843, 0, 1663, 2508, 2453, 658, 16.32%, 0, 0, 10, 158.91, 287049, 21773
1848, 0, 2464, 2510, 2454, 657, 16.32%, 0, 0, 10, 157.53, 287847, 21773
1853, 0, 2464, 2516, 2460, 657, 16.33%, 0, 0, 10, 154.19, 288648, 21785
1858, 0, 2464, 2525, 2469, 657, 16.34%, 0, 0, 10, 153.82, 289428, 21798
1864, 0, 2464, 2531, 2475, 657, 16.34%, 0, 0, 10, 153.30, 290214, 21800
1869, 0, 2464, 2535, 2479, 657, 16.34%, 0, 0, 10, 153.66, 290994, 21800
1874, 0, 2464, 2538, 2482, 657, 16.34%, 0, 0, 10, 154.03, 291792, 21801
1879, 0, 2464, 2542, 2486, 657, 16.34%, 0, 0, 10, 154.08, 292593, 21803
1884, 0, 2464, 2544, 2488, 657, 16.35%, 0, 0, 10, 154.00, 293391, 21809
1889, 0, 2464, 2548, 2492, 657, 16.35%, 0, 0, 10, 153.83, 294174, 21809
1894, 0, 2464, 2553, 2497, 657, 16.35%, 0, 0, 10, 153.90, 294963, 21813
1900, 0, 2464, 2557, 2501, 657, 16.35%, 0, 0, 10, 154.00, 295755, 21814
1905, 0, 2464, 2560, 2504, 657, 16.35%, 0, 0, 10, 153.85, 296526, 21816
1910, 0, 2464, 2567, 2511, 657, 16.36%, 0, 0, 10, 153.50, 297300, 21825
1915, 0, 2464, 2569, 2513, 657, 16.36%, 0, 0, 10, 153.78, 298098, 21827
1920, 0, 2464, 2572, 2516, 657, 16.37%, 0, 0, 10, 153.97, 298875, 21832
1925, 0, 2464, 2578, 2522, 657, 16.37%, 0, 0, 10, 153.91, 299658, 21832
1930, 0, 2464, 2583, 2527, 657, 16.37%, 0, 0, 10, 151.05, 300447, 21833
1935, 0, 2464, 2586, 2530, 657, 16.37%, 0, 0, 10, 153.12, 301218, 21834
1940, 0, 2464, 2588, 2532, 657, 16.37%, 0, 0, 10, 153.61, 302010, 21834
1945, 0, 2527, 2588, 2531, 669, 16.37%, 0, 0, 10, 154.28, 302795, 21834
1950, 0, 458, 2588, 2530, 668, 16.37%, 0, 0, 10, 154.50, 303582, 21834
1956, 0, 458, 2609, 2551, 668, 16.37%, 0, 0, 10, 155.08, 304358, 21837
1961, 0, 458, 2620, 2562, 668, 16.37%, 0, 0, 10, 155.83, 305147, 21841
1966, 0, 458, 2626, 2568, 668, 16.38%, 0, 0, 10, 155.25, 305933, 21844
1971, 0, 458, 2635, 2577, 668, 16.38%, 0, 0, 10, 155.84, 306719, 21845
1976, 0, 458, 2642, 2584, 668, 16.39%, 0, 0, 10, 156.10, 307526, 21862
1981, 0, 458, 2648, 2590, 668, 16.39%, 0, 0, 10, 156.19, 308318, 21865
1986, 0, 458, 2650, 2592, 668, 16.39%, 0, 0, 10, 156.22, 309122, 21868
1991, 0, 458, 2656, 2598, 668, 16.40%, 0, 0, 10, 156.03, 309929, 21878
1996, 0, 458, 2660, 2602, 668, 16.40%, 0, 0, 10, 154.67, 310721, 21880
2002, 0, 458, 2666, 2608, 668, 16.41%, 0, 0, 10, 155.73, 311531, 21889
2007, 0, 458, 2670, 2612, 668, 16.41%, 0, 0, 10, 155.71, 312335, 21892
2012, 0, 458, 2672, 2614, 668, 16.41%, 0, 0, 10, 156.20, 313127, 21895
2017, 0, 458, 2675, 2617, 668, 16.41%, 0, 0, 10, 155.96, 313913, 21895
2022, 0, 458, 2677, 2619, 668, 16.41%, 0, 0, 10, 156.42, 314714, 21895
2027, 0, 458, 2678, 2620, 668, 16.41%, 0, 0, 10, 156.48, 315506, 21896
2032, 0, 458, 2680, 2622, 668, 16.42%, 0, 0, 10, 156.60, 316316, 21900
2037, 0, 458, 2683, 2625, 668, 16.42%, 0, 0, 10, 156.04, 317117, 21907
2042, 0, 2505, 2686, 2627, 685, 16.42%, 0, 0, 10, 151.48, 317890, 21907
2047, 0, 2505, 2688, 2629, 685, 16.42%, 0, 0, 11, 102.18, 318335, 21908
2053, 0, 2505, 2692, 2633, 685, 16.42%, 0, 0, 11, 94.10, 318810, 21908
2058, 0, 2505, 2696, 2637, 685, 16.42%, 0, 0, 11, 92.44, 319270, 21909
2063, 0, 2505, 2696, 2637, 685, 16.42%, 0, 0, 11, 91.71, 319737, 21909
2068, 0, 2505, 2697, 2638, 685, 16.42%, 0, 0, 11, 90.72, 320200, 21910
2073, 0, 2505, 2701, 2642, 685, 16.43%, 0, 0, 11, 90.35, 320667, 21915
2078, 0, 2505, 2702, 2643, 685, 16.43%, 0, 0, 11, 90.05, 321118, 21916
2083, 0, 2505, 2702, 2643, 685, 16.43%, 0, 0, 11, 91.57, 321593, 21916
2088, 0, 2505, 2702, 2643, 685, 16.43%, 0, 0, 11, 90.30, 322057, 21916
2093, 0, 2505, 2703, 2644, 685, 16.43%, 0, 0, 11, 90.73, 322523, 21916
2099, 0, 2505, 2703, 2644, 685, 16.43%, 0, 0, 11, 90.73, 322992, 21916
2104, 0, 2505, 2705, 2646, 685, 16.43%, 0, 0, 11, 92.24, 323468, 21920
2109, 0, 2505, 2706, 2647, 685, 16.43%, 0, 0, 11, 91.64, 323929, 21920
2114, 0, 2505, 2707, 2648, 685, 16.43%, 0, 0, 11, 91.81, 324392, 21920
2119, 0, 2505, 2708, 2649, 685, 16.43%, 0, 0, 11, 94.89, 324875, 21920
2124, 0, 2505, 2709, 2650, 685, 16.43%, 0, 0, 11, 91.37, 325336, 21920
2129, 0, 2505, 2709, 2650, 685, 16.43%, 0, 0, 11, 88.37, 325794, 21920
2134, 0, 589, 2710, 2649, 682, 16.43%, 0, 0, 11, 103.50, 326331, 21920
2139, 0, 589, 2710, 2649, 682, 16.43%, 0, 0, 11, 88.19, 326764, 21920
2144, 0, 589, 2710, 2649, 682, 16.43%, 0, 0, 11, 85.64, 327195, 21920
2150, 0, 2663, 2713, 2651, 681, 16.43%, 0, 0, 11, 128.28, 327845, 21920
2155, 0, 2394, 2720, 2657, 680, 16.43%, 0, 0, 11, 147.79, 328616, 21920
2160, 0, 2394, 2739, 2676, 680, 16.44%, 0, 0, 11, 152.83, 329411, 21934
2165, 0, 2394, 2748, 2685, 680, 16.45%, 0, 0, 11, 153.63, 330188, 21945
2170, 0, 2394, 2755, 2692, 680, 16.45%, 0, 0, 11, 154.74, 330980, 21945
2175, 0, 2394, 2758, 2695, 680, 16.45%, 0, 0, 11, 154.92, 331784, 21945
2180, 0, 2394, 2761, 2698, 680, 16.45%, 0, 0, 11, 154.98, 332585, 21945
2186, 0, 2394, 2764, 2701, 680, 16.45%, 0, 0, 11, 155.02, 333389, 21945
2191, 0, 2394, 2770, 2707, 680, 16.45%, 0, 0, 11, 154.26, 334184, 21947
2196, 0, 2394, 2773, 2710, 680, 16.45%, 0, 0, 11, 154.76, 334979, 21947
2201, 0, 2394, 2775, 2712, 680, 16.45%, 0, 0, 11, 154.98, 335780, 21948
2206, 0, 2394, 2776, 2713, 680, 16.45%, 0, 0, 11, 155.00, 336572, 21948
2211, 0, 2394, 2777, 2714, 680, 16.45%, 0, 0, 11, 154.80, 337361, 21948
2216, 0, 2394, 2778, 2715, 680, 16.45%, 0, 0, 11, 154.97, 338153, 21948
2221, 0, 2394, 2780, 2717, 680, 16.45%, 0, 0, 11, 154.91, 338949, 21949
2227, 0, 2394, 2793, 2730, 680, 16.46%, 0, 0, 11, 150.10, 339722, 21952
2232, 0, 2394, 2802, 2739, 680, 16.46%, 0, 0, 11, 150.53, 340502, 21953
2237, 0, 2394, 2811, 2748, 680, 16.46%, 0, 0, 11, 150.15, 341248, 21956
2242, 0, 2394, 2817, 2754, 680, 16.46%, 0, 0, 11, 151.31, 342033, 21957
2247, 0, 2394, 2830, 2767, 680, 16.46%, 0, 0, 11, 148.83, 342774, 21957
2252, 0, 2394, 2836, 2773, 680, 16.46%, 0, 0, 11, 148.94, 343525, 21959
2257, 0, 2693, 2841, 2777, 687, 16.46%, 0, 0, 12, 156.44, 344345, 21960
2262, 0, 2693, 2845, 2781, 687, 16.46%, 0, 0, 12, 158.27, 345149, 21962
2267, 0, 2693, 2848, 2784, 687, 16.46%, 0, 0, 12, 158.51, 345944, 21962
2272, 0, 2693, 2850, 2786, 687, 16.47%, 0, 0, 12, 158.82, 346748, 21965
2278, 0, 2693, 2851, 2787, 687, 16.47%, 0, 0, 12, 158.85, 347573, 21965
2283, 0, 2693, 2853, 2789, 687, 16.47%, 0, 0, 12, 158.77, 348398, 21965
2288, 0, 2693, 2855, 2791, 687, 16.47%, 0, 0, 12, 158.46, 349223, 21965
2293, 0, 2693, 2856, 2792, 687, 16.47%, 0, 0, 12, 158.61, 350048, 21965
2298, 0, 2693, 2857, 2793, 687, 16.47%, 0, 0, 12, 158.56, 350873, 21966
2303, 0, 2693, 2858, 2794, 687, 16.49%, 0, 0, 12, 158.38, 351665, 21997
2308, 0, 2693, 2859, 2795, 687, 16.49%, 0, 0, 12, 158.45, 352466, 21998
2314, 0, 2693, 2861, 2797, 687, 16.49%, 0, 0, 12, 158.71, 353291, 21998
2319, 0, 2693, 2863, 2799, 687, 16.49%, 0, 0, 12, 158.57, 354096, 21998
2324, 0, 2701, 2863, 2797, 692, 16.49%, 0, 0, 12, 119.83, 354715, 21998
2329, 0, 2701, 2868, 2802, 692, 16.49%, 0, 0, 12, 97.13, 355181, 22000
2334, 0, 2701, 2870, 2804, 692, 16.49%, 0, 0, 12, 92.63, 355651, 22001
2339, 0, 2701, 2874, 2808, 692, 16.49%, 0, 0, 12, 92.09, 356115, 22003
2344, 0, 2701, 2879, 2813, 692, 16.50%, 0, 0, 12, 90.33, 356578, 22005
2349, 0, 2701, 2880, 2814, 692, 16.50%, 0, 0, 12, 91.38, 357054, 22007
2355, 0, 2701, 2880, 2814, 692, 16.50%, 0, 0, 12, 93.98, 357536, 22007
2360, 0, 2701, 2882, 2816, 692, 16.50%, 0, 0, 12, 90.71, 358001, 22008
2365, 0, 2701, 2883, 2817, 692, 16.50%, 0, 0, 12, 91.67, 358477, 22008
2370, 0, 2701, 2885, 2819, 692, 16.50%, 0, 0, 12, 91.05, 358959, 22009
2375, 0, 2701, 2887, 2821, 692, 16.50%, 0, 0, 12, 92.71, 359436, 22010
2380, 0, 2701, 2888, 2822, 692, 16.50%, 0, 0, 12, 92.37, 359913, 22010
2386, 0, 2701, 2889, 2823, 692, 16.50%, 0, 0, 12, 91.21, 360380, 22010
2391, 0, 2701, 2889, 2823, 692, 16.50%, 0, 0, 12, 92.93, 360857, 22010
2396, 0, 2701, 2892, 2826, 692, 16.51%, 0, 0, 12, 91.73, 361323, 22022
2401, 0, 2701, 2893, 2827, 692, 16.51%, 0, 0, 12, 92.46, 361799, 22022
2406, 0, 2701, 2894, 2828, 692, 16.51%, 0, 0, 12, 91.25, 362267, 22022
2411, 0, 2863, 2894, 2827, 699, 16.51%, 0, 0, 12, 107.38, 362795, 22022
2416, 0, 1789, 2895, 2827, 698, 16.51%, 0, 0, 12, 147.25, 363604, 22022
2421, 0, 2850, 2897, 2828, 697, 16.51%, 0, 0, 12, 154.90, 364394, 22022
2427, 0, 2850, 2905, 2836, 697, 16.51%, 0, 0, 13, 156.81, 365209, 22027
2432, 0, 2850, 2910, 2841, 697, 16.51%, 0, 0, 13, 157.43, 366007, 22030
2437, 0, 2861, 2913, 2843, 702, 16.53%, 0, 0, 13, 157.78, 366800, 22047
2442, 0, 2861, 2915, 2845, 702, 16.53%, 0, 0, 13, 159.19, 367628, 22053
2447, 0, 563, 2915, 2844, 703, 16.53%, 0, 0, 13, 152.75, 368392, 22053
2452, 0, 563, 2935, 2864, 703, 16.54%, 0, 0, 13, 148.28, 369131, 22057
2457, 0, 563, 2956, 2885, 703, 16.55%, 0, 0, 13, 148.73, 369887, 22080
2462, 0, 563, 2965, 2894, 703, 16.55%, 0, 0, 13, 150.23, 370665, 22082
2467, 0, 563, 2971, 2900, 703, 16.58%, 0, 0, 13, 151.11, 371442, 22118
2472, 0, 563, 2983, 2912, 703, 16.58%, 0, 0, 13, 150.77, 372201, 22119
2477, 0, 563, 2990, 2919, 703, 16.58%, 0, 0, 13, 151.17, 372966, 22121
2483, 0, 563, 2995, 2924, 703, 16.59%, 0, 0, 13, 151.38, 373758, 22128
2488, 0, 563, 3006, 2935, 703, 16.59%, 0, 0, 13, 150.71, 374541, 22131
2493, 0, 563, 3013, 2942, 703, 16.59%, 0, 0, 13, 151.28, 375303, 22132
2498, 0, 563, 3017, 2946, 703, 16.60%, 0, 0, 13, 151.18, 376071, 22137
2503, 0, 563, 3024, 2953, 703, 16.60%, 0, 0, 13, 150.45, 376824, 22141
2508, 0, 563, 3031, 2960, 703, 16.60%, 0, 0, 13, 150.66, 377610, 22142
2513, 0, 563, 3033, 2962, 703, 16.60%, 0, 0, 13, 151.25, 378384, 22142
2518, 0, 563, 3036, 2965, 703, 16.60%, 0, 0, 13, 149.87, 379137, 22142
2524, 0, 563, 3038, 2967, 703, 16.60%, 0, 0, 13, 150.88, 379917, 22146
2529, 0, 563, 3045, 2974, 703, 16.61%, 0, 0, 13, 149.89, 380677, 22155
2534, 0, 563, 3049, 2978, 703, 16.61%, 0, 0, 13, 151.22, 381462, 22155
2539, 0, 563, 3054, 2983, 703, 16.61%, 0, 0, 13, 151.25, 382230, 22156
2544, 0, 563, 3056, 2985, 703, 16.61%, 0, 0, 13, 151.44, 382986, 22156
2549, 0, 2968, 3058, 2986, 730, 16.61%, 0, 0, 13, 152.07, 383774, 22156
2554, 0, 818, 3058, 2985, 729, 16.61%, 0, 0, 13, 151.43, 384537, 22156
2559, 0, 818, 3064, 2991, 729, 16.61%, 0, 0, 13, 150.33, 385301, 22158
2564, 0, 818, 3076, 3003, 729, 16.61%, 0, 0, 13, 151.38, 386069, 22162
2569, 0, 818, 3080, 3007, 729, 16.61%, 0, 0, 13, 151.42, 386828, 22162
2574, 0, 818, 3087, 3014, 729, 16.62%, 0, 0, 13, 151.78, 387587, 22164
2580, 0, 818, 3091, 3018, 729, 16.62%, 0, 0, 13, 152.01, 388379, 22164
2585, 0, 818, 3095, 3022, 729, 16.62%, 0, 0, 13, 151.64, 389168, 22164
2590, 0, 818, 3100, 3027, 729, 16.62%, 0, 0, 13, 149.82, 389923, 22164
2595, 0, 818, 3102, 3029, 729, 16.62%, 0, 0, 13, 151.53, 390713, 22165
2600, 0, 818, 3106, 3033, 729, 16.62%, 0, 0, 13, 151.70, 391496, 22165
2605, 0, 818, 3113, 3040, 729, 16.62%, 0, 0, 13, 151.81, 392261, 22170
2610, 0, 818, 3113, 3040, 729, 16.62%, 0, 0, 13, 152.04, 393047, 22170
2616, 0, 818, 3114, 3041, 729, 16.62%, 0, 0, 13, 152.04, 393842, 22170
2621, 0, 818, 3115, 3042, 729, 16.62%, 0, 0, 13, 152.12, 394631, 22170
2626, 0, 818, 3116, 3043, 729, 16.62%, 0, 0, 13, 152.52, 395402, 22170
2631, 0, 818, 3116, 3043, 729, 16.62%, 0, 0, 13, 152.21, 396191, 22170
2636, 0, 818, 3118, 3045, 729, 16.62%, 0, 0, 13, 151.91, 396980, 22171
2641, 0, 818, 3120, 3047, 729, 16.62%, 0, 0, 13, 152.19, 397742, 22171
2646, 0, 818, 3121, 3048, 729, 16.62%, 0, 0, 13, 152.73, 398532, 22171
2651, 0, 2947, 3121, 3047, 734, 16.62%, 0, 0, 13, 151.11, 399295, 22171
2657, 0, 2947, 3125, 3051, 734, 16.62%, 0, 0, 13, 150.98, 400066, 22172
2662, 0, 2947, 3125, 3051, 734, 16.62%, 0, 0, 13, 151.51, 400843, 22172
2667, 0, 2947, 3132, 3058, 734, 16.63%, 0, 0, 13, 151.08, 401617, 22182
2672, 0, 2947, 3136, 3062, 734, 16.63%, 0, 0, 13, 151.34, 402400, 22184
2677, 0, 2947, 3140, 3066, 734, 16.63%, 0, 0, 13, 151.33, 403165, 22187
2682, 0, 2947, 3143, 3069, 734, 16.63%, 0, 0, 13, 151.69, 403936, 22188
2687, 0, 2947, 3145, 3071, 734, 16.63%, 0, 0, 13, 151.77, 404698, 22188
2692, 0, 2947, 3146, 3072, 734, 16.63%, 0, 0, 13, 151.78, 405487, 22188
2697, 0, 2947, 3149, 3075, 734, 16.63%, 0, 0, 13, 151.10, 406258, 22189
2703, 0, 2947, 3149, 3075, 734, 16.63%, 0, 0, 13, 151.96, 407047, 22189
2708, 0, 2947, 3151, 3077, 734, 16.63%, 0, 0, 13, 151.71, 407809, 22189
2713, 0, 2947, 3152, 3078, 734, 16.63%, 0, 0, 13, 151.86, 408601, 22189
2718, 0, 2947, 3155, 3081, 734, 16.63%, 0, 0, 13, 150.72, 409363, 22189
2723, 0, 2947, 3158, 3084, 734, 16.64%, 0, 0, 13, 151.29, 410134, 22191
2728, 0, 2947, 3159, 3085, 734, 16.64%, 0, 0, 13, 151.41, 410923, 22191
2733, 0, 2947, 3159, 3085, 734, 16.64%, 0, 0, 13, 151.74, 411706, 22191
2739, 0, 2947, 3159, 3085, 734, 16.64%, 0, 0, 13, 151.79, 412495, 22191
2744, 0, 3141, 3161, 3086, 742, 16.64%, 0, 0, 13, 151.28, 413286, 22202
2749, 0, 2892, 3165, 3089, 741, 16.65%, 0, 0, 13, 152.65, 414061, 22207
2754, 0, 2892, 3172, 3096, 741, 16.65%, 0, 0, 13, 157.03, 414865, 22208
2759, 0, 2892, 3176, 3100, 741, 16.65%, 0, 0, 13, 157.33, 415669, 22209
2764, 0, 2892, 3180, 3104, 741, 16.65%, 0, 0, 13, 158.31, 416470, 22213
2769, 0, 2892, 3182, 3106, 741, 16.65%, 0, 0, 13, 158.37, 417271, 22213
2774, 0, 2892, 3183, 3107, 741, 16.65%, 0, 0, 13, 158.71, 418096, 22213
2779, 0, 2892, 3183, 3107, 741, 16.65%, 0, 0, 13, 157.63, 418888, 22213
2784, 0, 2892, 3185, 3109, 741, 16.65%, 0, 0, 13, 157.80, 419689, 22213
2790, 0, 2892, 3189, 3113, 741, 16.66%, 0, 0, 13, 158.04, 420490, 22230
2795, 0, 2892, 3191, 3115, 741, 16.66%, 0, 0, 13, 157.77, 421294, 22230
2800, 0, 2892, 3194, 3118, 741, 16.67%, 0, 0, 13, 158.31, 422092, 22231
2805, 0, 2892, 3195, 3119, 741, 16.67%, 0, 0, 13, 158.22, 422893, 22231
2810, 0, 2892, 3195, 3119, 741, 16.67%, 0, 0, 13, 158.57, 423718, 22231
2815, 0, 3171, 3195, 3118, 746, 16.67%, 0, 0, 13, 158.85, 424522, 22231
2820, 0, 2115, 3195, 3117, 745, 16.67%, 0, 0, 13, 157.88, 425315, 22231
2825, 0, 2115, 3196, 3118, 745, 16.67%, 0, 0, 13, 157.86, 426109, 22231
2830, 0, 2328, 3196, 3117, 744, 16.67%, 0, 0, 13, 153.93, 426887, 22231
2835, 0, 2328, 3199, 3120, 744, 16.67%, 0, 0, 13, 155.23, 427677, 22231
2840, 0, 1627, 3201, 3121, 743, 16.67%, 0, 0, 13, 157.29, 428472, 22231
2845, 0, 1627, 3204, 3124, 743, 16.67%, 0, 0, 13, 155.07, 429267, 22231
2851, 0, 2704, 3206, 3125, 742, 16.67%, 0, 0, 13, 111.62, 429802, 22241
2856, 0, 2704, 3208, 3127, 742, 16.67%, 0, 0, 13, 99.94, 430302, 22241
2861, 0, 2704, 3210, 3129, 742, 16.68%, 0, 0, 13, 94.95, 430776, 22244
2866, 0, 2704, 3214, 3133, 742, 16.70%, 0, 0, 13, 93.34, 431258, 22271
2871, 0, 2704, 3216, 3135, 742, 16.70%, 0, 0, 13, 96.43, 431760, 22271
2876, 0, 2704, 3217, 3136, 742, 16.70%, 0, 0, 13, 95.10, 432242, 22271
2881, 0, 2704, 3219, 3138, 742, 16.71%, 0, 0, 13, 95.18, 432734, 22284
2887, 0, 2704, 3220, 3139, 742, 16.71%, 0, 0, 13, 96.37, 433228, 22284
2892, 0, 2704, 3221, 3140, 742, 16.71%, 0, 0, 13, 96.75, 433729, 22284
2897, 0, 2704, 3222, 3141, 742, 16.71%, 0, 0, 13, 95.19, 434219, 22286
2902, 0, 2704, 3223, 3142, 742, 16.71%, 0, 0, 13, 94.81, 434697, 22290
2907, 0, 2704, 3224, 3143, 742, 16.71%, 0, 0, 13, 93.86, 435179, 22291
2912, 0, 2704, 3225, 3144, 742, 16.71%, 0, 0, 13, 95.54, 435675, 22294
2917, 0, 2704, 3228, 3147, 742, 16.72%, 0, 0, 13, 97.62, 436176, 22300
2922, 0, 2704, 3231, 3150, 742, 16.73%, 0, 0, 13, 96.06, 436658, 22317
2928, 0, 2704, 3231, 3150, 742, 16.73%, 0, 0, 13, 96.77, 437153, 22317
2933, 0, 3204, 3231, 3149, 755, 16.73%, 0, 0, 13, 105.29, 437668, 22317
2938, 0, 3190, 3231, 3147, 753, 16.73%, 0, 0, 13, 148.84, 438477, 22317
2943, 0, 3190, 3236, 3152, 753, 16.73%, 0, 0, 14, 156.48, 439284, 22318
2948, 0, 3190, 3239, 3155, 753, 16.73%, 0, 0, 14, 157.86, 440076, 22318
2953, 0, 3190, 3240, 3156, 753, 16.73%, 0, 0, 14, 158.36, 440877, 22319
2958, 0, 3190, 3242, 3158, 753, 16.73%, 0, 0, 14, 157.51, 441678, 22322
2963, 0, 3190, 3242, 3158, 753, 16.73%, 0, 0, 14, 158.06, 442500, 22322
2968, 0, 3190, 3243, 3159, 753, 16.73%, 0, 0, 14, 157.92, 443292, 22322
2973, 0, 3190, 3245, 3161, 753, 16.73%, 0, 0, 14, 157.86, 444090, 22322
2978, 0, 3190, 3246, 3162, 753, 16.73%, 0, 0, 14, 157.44, 444882, 22322
2984, 0, 3190, 3246, 3162, 753, 16.73%, 0, 0, 14, 157.97, 445704, 22322
2989, 0, 3190, 3246, 3162, 753, 16.73%, 0, 0, 14, 158.04, 446526, 22322
2994, 0, 3190, 3246, 3162, 753, 16.73%, 0, 0, 14, 158.54, 447351, 22322
2999, 0, 3190, 3246, 3162, 753, 16.73%, 0, 0, 14, 158.39, 448176, 22322
3004, 0, 3243, 3246, 3161, 755, 16.73%, 0, 0, 14, 158.21, 448977, 22322
3009, 0, 915, 3247, 3161, 754, 16.73%, 0, 0, 14, 157.63, 449766, 22322
3014, 0, 2189, 3248, 3161, 753, 16.73%, 0, 0, 14, 158.18, 450588, 22322
3019, 0, 2189, 3249, 3162, 753, 16.74%, 0, 0, 14, 158.45, 451389, 22326
3025, 0, 2189, 3258, 3171, 753, 16.74%, 0, 0, 14, 156.54, 452199, 22329
3030, 0, 2189, 3261, 3174, 753, 16.74%, 0, 0, 14, 156.06, 453000, 22330
3035, 0, 3209, 3262, 3174, 756, 16.74%, 0, 0, 14, 112.78, 453554, 22330
3040, 0, 3209, 3263, 3175, 756, 16.74%, 0, 0, 14, 99.70, 454038, 22330
3045, 0, 3209, 3265, 3177, 756, 16.75%, 0, 0, 14, 97.63, 454528, 22343
3050, 0, 3209, 3265, 3177, 756, 16.75%, 0, 0, 14, 97.12, 455021, 22343
3055, 0, 3209, 3266, 3178, 756, 16.75%, 0, 0, 14, 95.91, 455507, 22343
3060, 0, 3209, 3267, 3179, 756, 16.75%, 0, 0, 14, 97.07, 456000, 22343
3066, 0, 3209, 3268, 3180, 756, 16.75%, 0, 0, 14, 96.05, 456499, 22343
3071, 0, 3209, 3269, 3181, 756, 16.75%, 0, 0, 14, 96.08, 456998, 22343
3076, 0, 3209, 3269, 3181, 756, 16.75%, 0, 0, 14, 97.91, 457497, 22343
3081, 0, 3209, 3270, 3182, 756, 16.75%, 0, 0, 14, 96.80, 457998, 22343
3086, 0, 3209, 3270, 3182, 756, 16.75%, 0, 0, 14, 98.41, 458499, 22343
3091, 0, 3209, 3272, 3184, 756, 16.75%, 0, 0, 14, 96.89, 458998, 22345
3096, 0, 3209, 3272, 3184, 756, 16.75%, 0, 0, 14, 98.78, 459502, 22345
3101, 0, 3209, 3272, 3184, 756, 16.75%, 0, 0, 14, 96.91, 459994, 22345
3107, 0, 3209, 3273, 3185, 756, 16.76%, 0, 0, 14, 96.27, 460493, 22354
3112, 0, 3209, 3274, 3186, 756, 16.76%, 0, 0, 14, 93.62, 460974, 22354
3117, 0, 2472, 3274, 3184, 759, 16.76%, 0, 0, 14, 123.51, 461570, 22354
3122, 0, 2472, 3274, 3184, 759, 16.76%, 0, 0, 14, 152.59, 462378, 22354
3127, 0, 1269, 3274, 3183, 758, 16.76%, 0, 0, 14, 154.70, 463169, 22354
3132, 0, 3188, 3277, 3185, 757, 16.76%, 0, 0, 14, 157.95, 463993, 22354
3137, 0, 3188, 3279, 3187, 757, 16.76%, 0, 0, 14, 158.77, 464818, 22354
3143, 0, 3188, 3282, 3190, 757, 16.76%, 0, 0, 14, 159.02, 465646, 22356
3148, 0, 3188, 3284, 3192, 757, 16.76%, 0, 0, 14, 159.07, 466447, 22356
3153, 0, 3188, 3286, 3194, 757, 16.77%, 0, 0, 14, 158.96, 467248, 22368
3158, 0, 3188, 3286, 3194, 757, 16.77%, 0, 0, 14, 159.05, 468073, 22368
3163, 0, 3188, 3286, 3194, 757, 16.77%, 0, 0, 14, 159.09, 468898, 22368
3168, 0, 3188, 3288, 3196, 757, 16.77%, 0, 0, 14, 158.87, 469693, 22368
3173, 0, 3188, 3291, 3199, 757, 16.77%, 0, 0, 14, 158.87, 470494, 22368
3178, 0, 3188, 3293, 3201, 757, 16.77%, 0, 0, 14, 158.80, 471292, 22368
3183, 0, 3188, 3294, 3202, 757, 16.77%, 0, 0, 14, 158.73, 472093, 22368
3188, 0, 3188, 3294, 3202, 757, 16.77%, 0, 0, 14, 158.98, 472918, 22368
3193, 0, 3188, 3294, 3202, 757, 16.77%, 0, 0, 14, 158.87, 473720, 22368
3198, 0, 479, 3294, 3200, 758, 16.77%, 0, 0, 14, 159.05, 474515, 22368
3204, 0, 3139, 3294, 3199, 757, 16.77%, 0, 0, 14, 151.90, 475295, 22368
3209, 0, 701, 3295, 3199, 756, 16.77%, 0, 0, 14, 157.20, 476092, 22368
3214, 0, 3224, 3296, 3199, 755, 16.77%, 0, 0, 14, 105.73, 476590, 22370
3219, 0, 3224, 3296, 3199, 755, 16.77%, 0, 0, 14, 92.11, 477045, 22370
3224, 0, 3291, 3296, 3198, 755, 16.77%, 0, 0, 14, 124.02, 477646, 22370
3229, 0, 3291, 3296, 3198, 755, 16.77%, 0, 0, 14, 152.47, 478447, 22370
3234, 0, 2664, 3297, 3198, 754, 16.77%, 0, 0, 14, 155.06, 479235, 22370
3239, 0, 3221, 3298, 3198, 755, 16.77%, 0, 0, 14, 114.80, 479819, 22371
3244, 0, 3221, 3298, 3198, 755, 16.77%, 0, 0, 14, 96.12, 480274, 22371
3249, 0, 2654, 3299, 3198, 754, 16.77%, 0, 0, 14, 131.70, 480944, 22371
3254, 0, 3217, 3302, 3200, 753, 16.78%, 0, 0, 14, 151.56, 481734, 22379
3260, 0, 3217, 3304, 3202, 753, 16.78%, 0, 0, 14, 157.59, 482562, 22383
3265, 0, 3217, 3306, 3204, 753, 16.79%, 0, 0, 14, 158.49, 483366, 22395
3270, 0, 3217, 3309, 3207, 753, 16.80%, 0, 0, 14, 158.60, 484182, 22409
3275, 0, 3217, 3313, 3211, 753, 16.80%, 0, 0, 14, 158.62, 484977, 22415
3280, 0, 3217, 3314, 3212, 753, 16.80%, 0, 0, 14, 157.59, 485778, 22415
3285, 0, 3217, 3315, 3213, 753, 16.80%, 0, 0, 14, 158.43, 486603, 22416
3290, 0, 3217, 3316, 3214, 753, 16.81%, 0, 0, 14, 158.78, 487428, 22425
3295, 0, 3217, 3317, 3215, 753, 16.81%, 0, 0, 14, 158.86, 488253, 22425
3301, 0, 3217, 3319, 3217, 753, 16.82%, 0, 0, 14, 158.61, 489054, 22433
3306, 0, 3217, 3320, 3218, 753, 16.82%, 0, 0, 14, 158.80, 489879, 22433
3311, 0, 3217, 3323, 3221, 753, 16.82%, 0, 0, 14, 157.59, 490680, 22440
3316, 0, 3217, 3323, 3221, 753, 16.82%, 0, 0, 14, 158.57, 491475, 22440
3321, 0, 3305, 3326, 3223, 766, 16.82%, 0, 0, 14, 157.99, 492283, 22442
3326, 0, 2399, 3328, 3224, 765, 16.82%, 0, 0, 14, 159.08, 493084, 22442
3331, 0, 2399, 3328, 3224, 765, 16.82%, 0, 0, 14, 159.33, 493912, 22442
3336, 0, 3306, 3329, 3224, 765, 16.82%, 0, 0, 14, 158.86, 494720, 22442
3341, 0, 3306, 3329, 3224, 765, 16.82%, 0, 0, 14, 159.00, 495521, 22442
3346, 0, 3303, 3329, 3223, 764, 16.82%, 0, 0, 14, 158.83, 496319, 22442
3351, 0, 1989, 3330, 3223, 763, 16.82%, 0, 0, 14, 158.87, 497123, 22442
3356, 0, 1989, 3332, 3225, 763, 16.83%, 0, 0, 14, 158.62, 497924, 22444
3361, 0, 2506, 3332, 3224, 762, 16.83%, 0, 0, 14, 159.07, 498719, 22444
3367, 0, 2506, 3334, 3226, 762, 16.83%, 0, 0, 14, 159.04, 499545, 22446
3372, 0, 2506, 3339, 3231, 762, 16.83%, 0, 0, 14, 158.97, 500343, 22457
3377, 0, 3336, 3341, 3232, 762, 16.84%, 0, 0, 14, 158.64, 501147, 22459
3382, 0, 1563, 3341, 3230, 760, 16.84%, 0, 0, 14, 159.73, 501971, 22459
3387, 0, 1563, 3344, 3233, 760, 16.84%, 0, 0, 14, 158.67, 502769, 22463
3392, 0, 1563, 3344, 3233, 760, 16.84%, 0, 0, 14, 158.29, 503561, 22463
3397, 0, 3335, 3344, 3232, 760, 16.84%, 0, 0, 14, 157.95, 504385, 22463
3402, 0, 3335, 3346, 3234, 760, 16.84%, 0, 0, 14, 158.69, 505186, 22465
3407, 0, 3335, 3347, 3235, 760, 16.84%, 0, 0, 14, 158.90, 505987, 22467
3412, 0, 3335, 3348, 3236, 760, 16.84%, 0, 0, 14, 158.92, 506791, 22467
3417, 0, 3335, 3349, 3237, 760, 16.84%, 0, 0, 14, 159.19, 507616, 22467
3423, 0, 3335, 3350, 3238, 760, 16.84%, 0, 0, 14, 159.02, 508441, 22467
3428, 0, 3335, 3352, 3240, 760, 16.84%, 0, 0, 14, 158.88, 509266, 22467
3433, 0, 3335, 3353, 3241, 760, 16.85%, 0, 0, 14, 159.16, 510091, 22478
3438, 0, 3335, 3354, 3242, 760, 16.85%, 0, 0, 14, 159.13, 510916, 22479
3443, 0, 3335, 3357, 3245, 760, 16.86%, 0, 0, 14, 159.24, 511720, 22490
3448, 0, 3335, 3357, 3245, 760, 16.86%, 0, 0, 14, 159.09, 512545, 22490
3454, 0, 3335, 3357, 3245, 760, 16.86%, 0, 0, 14, 158.74, 513370, 22490
3459, 0, 3335, 3357, 3245, 760, 16.86%, 0, 0, 14, 158.98, 514196, 22490
3464, 0, 456, 3357, 3243, 760, 16.86%, 0, 0, 14, 159.27, 514998, 22490
3469, 0, 1367, 3357, 3242, 759, 16.86%, 0, 0, 14, 159.85, 515823, 22490
3474, 0, 2949, 3357, 3241, 758, 16.86%, 0, 0, 14, 156.42, 516611, 22490
3479, 0, 2949, 3357, 3241, 758, 16.86%, 0, 0, 14, 153.27, 517373, 22490
3484, 0, 3040, 3358, 3241, 757, 16.86%, 0, 0, 14, 149.74, 518144, 22490
3489, 0, 3354, 3360, 3242, 757, 16.86%, 0, 0, 14, 154.86, 518927, 22490
3494, 0, 3354, 3363, 3245, 757, 16.86%, 0, 0, 14, 157.16, 519722, 22495
3500, 0, 3354, 3366, 3248, 757, 16.87%, 0, 0, 14, 158.46, 520523, 22505
3505, 0, 3354, 3367, 3249, 757, 16.87%, 0, 0, 14, 158.84, 521348, 22506
3510, 0, 3354, 3367, 3249, 757, 16.87%, 0, 0, 14, 159.02, 522173, 22506
3515, 0, 3354, 3368, 3250, 757, 16.87%, 0, 0, 14, 159.13, 522998, 22506
3520, 0, 3354, 3368, 3250, 757, 16.87%, 0, 0, 14, 159.42, 523823, 22506
3525, 0, 3354, 3370, 3252, 757, 16.87%, 0, 0, 14, 159.30, 524648, 22509
3531, 0, 3354, 3370, 3252, 757, 16.87%, 0, 0, 14, 159.23, 525473, 22509
3536, 0, 3354, 3372, 3254, 757, 16.87%, 0, 0, 14, 159.33, 526277, 22510
3541, 0, 3354, 3374, 3256, 757, 16.88%, 0, 0, 14, 159.43, 527102, 22516
3546, 0, 3354, 3375, 3257, 757, 16.88%, 0, 0, 14, 159.29, 527927, 22517
3551, 0, 3354, 3376, 3258, 757, 16.88%, 0, 0, 14, 159.25, 528724, 22519
3556, 0, 3002, 3376, 3256, 761, 16.88%, 0, 0, 14, 157.12, 529521, 22519
3561, 0, 3002, 3376, 3256, 761, 16.88%, 0, 0, 14, 151.57, 530297, 22519
3566, 0, 3367, 3377, 3256, 761, 16.88%, 0, 0, 14, 157.79, 531123, 22520
3572, 0, 3369, 3381, 3259, 760, 16.88%, 0, 0, 14, 158.65, 531940, 22520
3577, 0, 3369, 3383, 3261, 760, 16.88%, 0, 0, 14, 159.08, 532768, 22521
3582, 0, 3369, 3383, 3261, 760, 16.88%, 0, 0, 14, 159.23, 533593, 22521
3587, 0, 3369, 3388, 3266, 760, 16.89%, 0, 0, 14, 158.76, 534397, 22526
3592, 0, 3369, 3389, 3267, 760, 16.89%, 0, 0, 14, 159.16, 535222, 22527
3597, 0, 3369, 3391, 3269, 760, 16.89%, 0, 0, 14, 158.91, 536047, 22531
3603, 0, 3369, 3393, 3271, 760, 16.89%, 0, 0, 14, 159.38, 536872, 22531
3608, 0, 3369, 3394, 3272, 760, 16.89%, 0, 0, 14, 158.88, 537697, 22531
3613, 0, 3369, 3395, 3273, 760, 16.89%, 0, 0, 14, 159.01, 538522, 22531
3618, 0, 3369, 3396, 3274, 760, 16.89%, 0, 0, 14, 159.37, 539320, 22533
3623, 0, 3369, 3399, 3277, 760, 16.89%, 0, 0, 14, 158.73, 540130, 22535
3628, 0, 3369, 3401, 3279, 760, 16.89%, 0, 0, 14, 157.85, 540916, 22536
3633, 0, 3369, 3401, 3279, 760, 16.89%, 0, 0, 14, 159.08, 541741, 22536
3638, 0, 3399, 3401, 3278, 768, 16.89%, 0, 0, 14, 131.75, 542443, 22536
3644, 0, 2655, 3401, 3277, 767, 16.89%, 0, 0, 14, 144.90, 543181, 22536
3649, 0, 2846, 3401, 3275, 765, 16.89%, 0, 0, 14, 156.80, 544011, 22536
3654, 0, 2846, 3401, 3275, 765, 16.89%, 0, 0, 14, 157.66, 544812, 22536
3659, 0, 2191, 3401, 3274, 764, 16.89%, 0, 0, 14, 154.88, 545603, 22536
3664, 0, 2191, 3403, 3276, 764, 16.89%, 0, 0, 14, 156.99, 546401, 22536
3669, 0, 3400, 3404, 3276, 763, 16.89%, 0, 0, 15, 158.67, 547227, 22536
3674, 0, 3400, 3406, 3278, 763, 16.90%, 0, 0, 15, 159.14, 548055, 22539
3679, 0, 3396, 3408, 3279, 763, 16.90%, 0, 0, 15, 159.06, 548853, 22540
3685, 0, 3396, 3409, 3280, 763, 16.90%, 0, 0, 15, 159.11, 549678, 22541
3690, 0, 3396, 3411, 3282, 763, 16.90%, 0, 0, 15, 159.29, 550482, 22541
3695, 0, 3396, 3412, 3283, 763, 16.90%, 0, 0, 15, 158.95, 551277, 22541
3700, 0, 3396, 3412, 3283, 763, 16.90%, 0, 0, 15, 159.48, 552102, 22541
3705, 0, 3396, 3412, 3283, 763, 16.90%, 0, 0, 15, 159.41, 552927, 22541
3710, 0, 3396, 3413, 3284, 763, 16.90%, 0, 0, 15, 158.81, 553728, 22543
3715, 0, 3396, 3415, 3286, 763, 16.90%, 0, 0, 15, 159.25, 554529, 22544
3720, 0, 3396, 3416, 3287, 763, 16.90%, 0, 0, 15, 159.31, 555327, 22545
3725, 0, 3396, 3416, 3287, 763, 16.90%, 0, 0, 15, 159.50, 556152, 22545
3731, 0, 3396, 3416, 3287, 763, 16.90%, 0, 0, 15, 159.57, 556977, 22545
3736, 0, 3396, 3416, 3287, 763, 16.90%, 0, 0, 15, 159.32, 557802, 22545
3741, 0, 3396, 3416, 3287, 763, 16.90%, 0, 0, 15, 159.38, 558627, 22545
3746, 0, 3396, 3417, 3288, 763, 16.90%, 0, 0, 15, 159.47, 559455, 22545
3751, 0, 3396, 3417, 3288, 763, 16.90%, 0, 0, 15, 159.63, 560280, 22545
3756, 0, 3396, 3418, 3289, 763, 16.90%, 0, 0, 15, 159.36, 561081, 22547
3761, 0, 3396, 3418, 3289, 763, 16.90%, 0, 0, 15, 159.48, 561899, 22547
3767, 0, 3395, 3418, 3288, 767, 16.90%, 0, 0, 15, 159.17, 562714, 22547
3772, 0, 3395, 3423, 3293, 767, 16.91%, 0, 0, 15, 159.36, 563524, 22557
3777, 0, 3395, 3424, 3294, 767, 16.91%, 0, 0, 15, 159.31, 564349, 22558
3782, 0, 3395, 3426, 3296, 767, 16.91%, 0, 0, 15, 159.24, 565174, 22562
3787, 0, 3395, 3428, 3298, 767, 16.92%, 0, 0, 15, 159.15, 565999, 22566
3792, 0, 3395, 3428, 3298, 767, 16.92%, 0, 0, 15, 158.90, 566824, 22566
3798, 0, 3395, 3428, 3298, 767, 16.92%, 0, 0, 15, 159.19, 567649, 22566
3803, 0, 3395, 3428, 3298, 767, 16.92%, 0, 0, 15, 159.40, 568474, 22566
3808, 0, 3395, 3429, 3299, 767, 16.92%, 0, 0, 15, 159.49, 569299, 22566
3813, 0, 3395, 3430, 3300, 767, 16.92%, 0, 0, 15, 159.35, 570124, 22566
3818, 0, 3395, 3430, 3300, 767, 16.92%, 0, 0, 15, 158.86, 570949, 22566
3823, 0, 3395, 3431, 3301, 767, 16.92%, 0, 0, 15, 159.01, 571774, 22568
3828, 0, 3395, 3432, 3302, 767, 16.92%, 0, 0, 15, 159.11, 572575, 22568
3834, 0, 3395, 3433, 3303, 767, 16.92%, 0, 0, 15, 159.09, 573403, 22570
3839, 0, 3395, 3433, 3303, 767, 16.92%, 0, 0, 15, 158.99, 574228, 22570
3844, 0, 3395, 3433, 3303, 767, 16.92%, 0, 0, 15, 159.21, 575053, 22570
3849, 0, 3395, 3434, 3304, 767, 16.92%, 0, 0, 15, 159.01, 575874, 22571
3854, 0, 1988, 3434, 3302, 774, 16.92%, 0, 0, 15, 159.24, 576690, 22571
3860, 0, 1988, 3435, 3303, 774, 16.92%, 0, 0, 15, 159.18, 577514, 22571
3865, 0, 3433, 3435, 3302, 774, 16.92%, 0, 0, 15, 158.82, 578334, 22571
3870, 0, 3435, 3437, 3303, 775, 16.94%, 0, 0, 16, 158.15, 579151, 22603
3875, 0, 2774, 3437, 3302, 774, 16.94%, 0, 0, 16, 155.21, 579941, 22603
3880, 0, 3162, 3438, 3302, 773, 16.94%, 0, 0, 16, 156.45, 580742, 22603
3885, 0, 3173, 3438, 3301, 772, 16.94%, 0, 0, 16, 158.29, 581543, 22603
3890, 0, 3173, 3438, 3301, 772, 16.94%, 0, 0, 16, 158.25, 582344, 22603
3895, 0, 2087, 3439, 3301, 771, 16.94%, 0, 0, 16, 158.28, 583138, 22603
3900, 0, 2087, 3439, 3301, 771, 16.94%, 0, 0, 16, 158.18, 583931, 22603
3905, 0, 1953, 3439, 3300, 770, 16.94%, 0, 0, 16, 158.44, 584726, 22603
3910, 0, 1953, 3439, 3300, 770, 16.94%, 0, 0, 16, 158.47, 585520, 22603
3915, 0, 1703, 3441, 3301, 769, 16.95%, 0, 0, 16, 158.54, 586318, 22605
3920, 0, 1703, 3444, 3304, 769, 16.95%, 0, 0, 16, 158.76, 587116, 22605
3925, 0, 1703, 3444, 3304, 769, 16.95%, 0, 0, 16, 158.84, 587941, 22605
3931, 0, 1703, 3444, 3304, 769, 16.95%, 0, 0, 16, 158.57, 588766, 22605
3936, 0, 1703, 3446, 3306, 769, 16.95%, 0, 0, 16, 158.76, 589564, 22608
3941, 0, 1703, 3447, 3307, 769, 16.95%, 0, 0, 16, 158.79, 590389, 22608
3946, 0, 1703, 3448, 3308, 769, 16.95%, 0, 0, 16, 158.54, 591214, 22608
3951, 0, 1703, 3449, 3309, 769, 16.95%, 0, 0, 16, 158.76, 592015, 22608
3956, 0, 1703, 3449, 3309, 769, 16.95%, 0, 0, 16, 158.80, 592840, 22608
3962, 0, 1703, 3449, 3309, 769, 16.95%, 0, 0, 16, 158.92, 593665, 22608
3967, 0, 1703, 3449, 3309, 769, 16.95%, 0, 0, 16, 158.87, 594490, 22608
3972, 0, 1703, 3449, 3309, 769, 16.95%, 0, 0, 16, 158.86, 595315, 22608
3977, 0, 1703, 3449, 3309, 769, 16.95%, 0, 0, 16, 158.67, 596140, 22608
3982, 0, 1703, 3449, 3309, 769, 16.95%, 0, 0, 16, 158.83, 596965, 22608
3987, 0, 1703, 3451, 3311, 769, 16.95%, 0, 0, 16, 158.83, 597763, 22609
3993, 0, 1703, 3451, 3311, 769, 16.95%, 0, 0, 16, 158.99, 598588, 22609
3998, 0, 3381, 3451, 3310, 771, 16.95%, 0, 0, 16, 158.60, 599412, 22609
4003, 0, 3381, 3451, 3310, 771, 16.95%, 0, 0, 16, 159.22, 600231, 22609
4008, 0, 3451, 3452, 3310, 771, 16.97%, 0, 0, 16, 158.90, 601050, 22631
4013, 0, 2669, 3453, 3310, 770, 16.97%, 0, 0, 16, 157.01, 601842, 22631
4018, 0, 3363, 3453, 3309, 769, 16.97%, 0, 0, 16, 158.62, 602669, 22631
4023, 0, 1007, 3453, 3308, 768, 16.97%, 0, 0, 16, 158.18, 603473, 22631
4028, 0, 2118, 3453, 3307, 767, 16.97%, 0, 0, 16, 154.23, 604255, 22631
4033, 0, 2118, 3455, 3309, 767, 16.97%, 0, 0, 16, 151.63, 605011, 22631
4039, 0, 2118, 3455, 3309, 767, 16.97%, 0, 0, 16, 155.28, 605805, 22631
4044, 0, 3366, 3458, 3311, 768, 16.97%, 0, 0, 16, 157.74, 606626, 22641
4049, 0, 3366, 3459, 3312, 768, 16.97%, 0, 0, 16, 158.58, 607451, 22641
4054, 0, 3366, 3460, 3313, 768, 16.98%, 0, 0, 16, 158.93, 608276, 22644
4059, 0, 3366, 3460, 3313, 768, 16.98%, 0, 0, 16, 159.12, 609101, 22644
4064, 0, 3366, 3462, 3315, 768, 16.98%, 0, 0, 16, 158.80, 609905, 22644
4070, 0, 3366, 3462, 3315, 768, 16.98%, 0, 0, 16, 159.01, 610730, 22644
4075, 0, 3366, 3462, 3315, 768, 16.98%, 0, 0, 16, 159.03, 611555, 22644
4080, 0, 3366, 3462, 3315, 768, 16.98%, 0, 0, 16, 159.20, 612380, 22644
4085, 0, 3366, 3462, 3315, 768, 16.98%, 0, 0, 16, 159.20, 613205, 22644
4090, 0, 3366, 3462, 3315, 768, 16.98%, 0, 0, 16, 159.19, 614030, 22644
4095, 0, 3366, 3463, 3316, 768, 16.98%, 0, 0, 16, 158.82, 614831, 22644
4101, 0, 3366, 3464, 3317, 768, 16.98%, 0, 0, 16, 158.66, 615656, 22644
4106, 0, 3366, 3464, 3317, 768, 16.98%, 0, 0, 16, 158.79, 616461, 22644
4111, 0, 1705, 3465, 3316, 768, 16.98%, 0, 0, 16, 158.64, 617255, 22644
4116, 0, 2498, 3465, 3315, 767, 16.98%, 0, 0, 16, 158.54, 618052, 22644
4121, 0, 2498, 3466, 3316, 767, 16.98%, 0, 0, 16, 158.98, 618855, 22647
4126, 0, 3130, 3466, 3314, 766, 16.98%, 0, 0, 16, 155.81, 619669, 22647
4131, 0, 3130, 3466, 3314, 766, 16.98%, 0, 0, 16, 152.66, 620451, 22647
4136, 0, 2278, 3467, 3314, 765, 16.98%, 0, 0, 16, 157.08, 621247, 22647
4141, 0, 3270, 3467, 3313, 764, 16.98%, 0, 0, 16, 113.58, 621802, 22647
4146, 0, 3270, 3467, 3313, 764, 16.98%, 0, 0, 16, 98.16, 622291, 22647
4152, 0, 3084, 3467, 3312, 763, 16.98%, 0, 0, 16, 139.01, 623049, 22647
4157, 0, 253, 3469, 3313, 762, 16.98%, 0, 0, 16, 152.90, 623842, 22647
4162, 0, 3327, 3470, 3313, 761, 16.98%, 0, 0, 16, 157.95, 624644, 22647
4167, 0, 3327, 3471, 3314, 761, 16.98%, 0, 0, 16, 158.39, 625442, 22647
4172, 0, 3223, 3471, 3313, 760, 16.98%, 0, 0, 16, 107.02, 625950, 22647
4177, 0, 3223, 3471, 3313, 760, 16.98%, 0, 0, 16, 95.49, 626402, 22647
4182, 0, 3159, 3471, 3312, 759, 16.98%, 0, 0, 16, 139.72, 627161, 22647
4187, 0, 3330, 3472, 3312, 758, 16.98%, 0, 0, 16, 152.05, 627967, 22647
4192, 0, 3330, 3480, 3320, 758, 16.98%, 0, 0, 16, 150.84, 628754, 22648
4197, 0, 3330, 3490, 3330, 758, 16.98%, 0, 0, 16, 147.78, 629487, 22648
4203, 0, 3330, 3494, 3334, 758, 16.98%, 0, 0, 16, 146.40, 630229, 22648
4208, 0, 3398, 3496, 3335, 755, 16.98%, 0, 0, 16, 156.01, 631042, 22648
4213, 0, 3398, 3498, 3337, 755, 16.98%, 0, 0, 16, 157.87, 631865, 22649
4218, 0, 3427, 3499, 3337, 755, 16.98%, 0, 0, 16, 158.32, 632659, 22650
4223, 0, 3427, 3501, 3339, 755, 16.99%, 0, 0, 16, 158.58, 633454, 22658
4228, 0, 3499, 3501, 3338, 754, 16.99%, 0, 0, 16, 158.87, 634269, 22658
4233, 0, 1441, 3502, 3338, 753, 16.99%, 0, 0, 16, 159.30, 635074, 22658
4238, 0, 1441, 3507, 3343, 753, 16.99%, 0, 0, 16, 158.42, 635869, 22661
4243, 0, 1441, 3509, 3345, 753, 16.99%, 0, 0, 16, 158.49, 636673, 22661
4248, 0, 1441, 3511, 3347, 753, 16.99%, 0, 0, 16, 158.72, 637474, 22661
4253, 0, 1441, 3514, 3350, 753, 16.99%, 0, 0, 16, 159.13, 638275, 22664
4258, 0, 1441, 3514, 3350, 753, 16.99%, 0, 0, 16, 159.01, 639100, 22664
4264, 0, 1441, 3515, 3351, 753, 16.99%, 0, 0, 16, 158.72, 639925, 22664
4269, 0, 1441, 3517, 3353, 753, 17.00%, 0, 0, 16, 158.99, 640753, 22671
4274, 0, 1441, 3517, 3353, 753, 17.00%, 0, 0, 16, 159.17, 641578, 22671
4279, 0, 1441, 3517, 3353, 753, 17.00%, 0, 0, 16, 158.90, 642403, 22671
4284, 0, 1441, 3517, 3353, 753, 17.00%, 0, 0, 16, 158.63, 643228, 22671
4290, 0, 1441, 3517, 3353, 753, 17.00%, 0, 0, 16, 158.75, 644053, 22671
4295, 0, 1441, 3517, 3353, 753, 17.00%, 0, 0, 16, 158.97, 644878, 22671
4300, 0, 1441, 3517, 3353, 753, 17.00%, 0, 0, 16, 158.90, 645703, 22671
4305, 0, 1441, 3519, 3355, 753, 17.00%, 0, 0, 16, 158.63, 646528, 22672
4310, 0, 1441, 3519, 3355, 753, 17.00%, 0, 0, 16, 158.93, 647353, 22672
4316, 0, 1441, 3520, 3356, 753, 17.00%, 0, 0, 16, 159.17, 648177, 22672
4321, 0, 3419, 3520, 3355, 758, 17.00%, 0, 0, 16, 158.77, 648993, 22672
4326, 0, 2671, 3520, 3354, 757, 17.00%, 0, 0, 16, 157.65, 649805, 22672
4331, 0, 2642, 3520, 3353, 756, 17.00%, 0, 0, 16, 156.37, 650599, 22672
4336, 0, 3371, 3520, 3352, 755, 17.00%, 0, 0, 16, 157.63, 651392, 22672
4341, 0, 3371, 3522, 3354, 755, 17.00%, 0, 0, 16, 158.34, 652201, 22672
4346, 0, 3370, 3522, 3353, 754, 17.00%, 0, 0, 16, 158.84, 652999, 22672
4351, 0, 2236, 3522, 3352, 753, 17.00%, 0, 0, 16, 156.37, 653801, 22672
4356, 0, 2236, 3525, 3355, 753, 17.00%, 0, 0, 16, 157.34, 654591, 22680
4361, 0, 2236, 3529, 3359, 753, 17.04%, 0, 0, 16, 157.02, 655383, 22733
4366, 0, 2236, 3529, 3359, 753, 17.04%, 0, 0, 16, 157.39, 656175, 22733
4372, 0, 2236, 3532, 3362, 753, 17.04%, 0, 0, 16, 156.95, 656982, 22733
4377, 0, 2236, 3533, 3363, 753, 17.04%, 0, 0, 16, 157.49, 657774, 22733
4382, 0, 2236, 3534, 3364, 753, 17.04%, 0, 0, 16, 157.85, 658578, 22733
4387, 0, 2236, 3536, 3366, 753, 17.04%, 0, 0, 16, 157.74, 659370, 22733
4392, 0, 2236, 3538, 3368, 753, 17.04%, 0, 0, 16, 157.88, 660174, 22733
4397, 0, 2236, 3539, 3369, 753, 17.04%, 0, 0, 16, 157.98, 660966, 22734
4402, 0, 2236, 3539, 3369, 753, 17.04%, 0, 0, 16, 157.85, 661758, 22734
4407, 0, 2236, 3540, 3370, 753, 17.04%, 0, 0, 16, 157.83, 662559, 22736
4412, 0, 2236, 3540, 3370, 753, 17.04%, 0, 0, 16, 157.33, 663351, 22736
4417, 0, 2236, 3541, 3371, 753, 17.04%, 0, 0, 16, 157.61, 664143, 22736
4422, 0, 2236, 3542, 3372, 753, 17.04%, 0, 0, 16, 157.64, 664944, 22736
4427, 0, 2236, 3547, 3377, 753, 17.04%, 0, 0, 16, 157.56, 665760, 22736
4432, 0, 2236, 3549, 3379, 753, 17.04%, 0, 0, 16, 157.54, 666555, 22736
4437, 0, 2236, 3550, 3380, 753, 17.05%, 0, 0, 16, 157.28, 667349, 22738
4442, 0, 3228, 3552, 3381, 761, 17.05%, 0, 0, 16, 108.20, 667819, 22741
4447, 0, 3228, 3552, 3381, 761, 17.05%, 0, 0, 16, 98.84, 668297, 22741
4453, 0, 3228, 3552, 3381, 761, 17.05%, 0, 0, 16, 91.98, 668772, 22741
4458, 0, 2304, 3552, 3379, 760, 17.05%, 0, 0, 16, 103.98, 669284, 22741
4463, 0, 2304, 3552, 3379, 760, 17.05%, 0, 0, 16, 143.68, 670083, 22741
4468, 0, 3262, 3552, 3378, 759, 17.05%, 0, 0, 16, 123.66, 670758, 22741
4473, 0, 3262, 3552, 3378, 759, 17.05%, 0, 0, 16, 95.98, 671202, 22741
4478, 0, 1681, 3553, 3378, 758, 17.05%, 0, 0, 16, 126.24, 671814, 22741
4483, 0, 1579, 3553, 3377, 757, 17.05%, 0, 0, 16, 151.96, 672627, 22741
4488, 0, 2283, 3554, 3377, 756, 17.05%, 0, 0, 16, 156.95, 673428, 22741
4493, 0, 2283, 3556, 3379, 756, 17.05%, 0, 0, 16, 158.34, 674230, 22742
4498, 0, 3338, 3556, 3378, 756, 17.05%, 0, 0, 16, 159.02, 675028, 22742
4504, 0, 3343, 3560, 3381, 755, 17.05%, 0, 0, 16, 158.85, 675839, 22743
4509, 0, 3343, 3562, 3383, 755, 17.05%, 0, 0, 16, 158.35, 676631, 22743
4514, 0, 3343, 3564, 3385, 755, 17.05%, 0, 0, 16, 158.38, 677426, 22743
4519, 0, 3343, 3565, 3386, 755, 17.05%, 0, 0, 16, 158.60, 678251, 22743
4524, 0, 3343, 3566, 3387, 755, 17.05%, 0, 0, 16, 158.59, 679049, 22746
4529, 0, 3343, 3567, 3388, 755, 17.05%, 0, 0, 16, 158.35, 679841, 22746
4534, 0, 3343, 3569, 3390, 755, 17.08%, 0, 0, 16, 158.44, 680639, 22785
4539, 0, 3343, 3571, 3392, 755, 17.08%, 0, 0, 16, 158.10, 681431, 22785
4544, 0, 3343, 3572, 3393, 755, 17.08%, 0, 0, 16, 157.89, 682223, 22785
4549, 0, 3343, 3574, 3395, 755, 17.08%, 0, 0, 16, 158.36, 683033, 22785
4554, 0, 3343, 3575, 3396, 755, 17.08%, 0, 0, 16, 158.74, 683858, 22786
4559, 0, 3343, 3578, 3399, 755, 17.08%, 0, 0, 16, 158.21, 684653, 22787
4564, 0, 3343, 3578, 3399, 755, 17.08%, 0, 0, 16, 158.46, 685445, 22787
4569, 0, 3343, 3578, 3399, 755, 17.08%, 0, 0, 16, 158.90, 686270, 22787
4575, 0, 3343, 3579, 3400, 755, 17.08%, 0, 0, 16, 158.68, 687074, 22787
4580, 0, 3343, 3580, 3401, 755, 17.08%, 0, 0, 16, 157.96, 687866, 22787
4585, 0, 3343, 3580, 3401, 755, 17.08%, 0, 0, 16, 157.97, 688657, 22787
4590, 0, 3386, 3583, 3403, 758, 17.08%, 0, 0, 16, 157.78, 689452, 22788
4595, 0, 3386, 3588, 3408, 758, 17.09%, 0, 0, 16, 158.64, 690247, 22803
4600, 0, 3386, 3591, 3411, 758, 17.10%, 0, 0, 16, 158.70, 691048, 22808
4605, 0, 3386, 3594, 3414, 758, 17.10%, 0, 0, 16, 158.75, 691852, 22810
4610, 0, 3386, 3594, 3414, 758, 17.10%, 0, 0, 16, 158.87, 692677, 22810
4615, 0, 3386, 3596, 3416, 758, 17.10%, 0, 0, 16, 158.35, 693481, 22810
4620, 0, 3386, 3598, 3418, 758, 17.10%, 0, 0, 16, 158.13, 694276, 22811
4625, 0, 3386, 3601, 3421, 758, 17.10%, 0, 0, 16, 158.82, 695080, 22813
4630, 0, 3386, 3602, 3422, 758, 17.10%, 0, 0, 16, 158.93, 695905, 22813
4635, 0, 3386, 3603, 3423, 758, 17.10%, 0, 0, 16, 158.77, 696703, 22815
4641, 0, 3386, 3605, 3425, 758, 17.10%, 0, 0, 16, 159.11, 697537, 22816
4646, 0, 3386, 3607, 3427, 758, 17.11%, 0, 0, 16, 158.97, 698341, 22824
4651, 0, 3386, 3608, 3428, 758, 17.11%, 0, 0, 16, 159.04, 699166, 22826
4656, 0, 3386, 3608, 3428, 758, 17.11%, 0, 0, 16, 158.48, 699991, 22826
4661, 0, 3386, 3610, 3430, 758, 17.11%, 0, 0, 16, 158.80, 700792, 22827
4666, 0, 3386, 3610, 3430, 758, 17.11%, 0, 0, 16, 158.52, 701617, 22827
4671, 0, 3386, 3610, 3430, 758, 17.11%, 0, 0, 16, 158.82, 702442, 22827
4677, 0, 3386, 3610, 3430, 758, 17.11%, 0, 0, 16, 159.11, 703253, 22827
4682, 0, 2352, 3610, 3428, 768, 17.11%, 0, 0, 16, 157.01, 704042, 22827
4687, 0, 2352, 3611, 3429, 768, 17.11%, 0, 0, 16, 155.56, 704846, 22827
4692, 0, 3600, 3615, 3432, 769, 17.11%, 0, 0, 16, 155.80, 705638, 22829
4697, 0, 3600, 3618, 3435, 769, 17.12%, 0, 0, 16, 157.94, 706463, 22832
4702, 0, 3600, 3620, 3437, 769, 17.12%, 0, 0, 16, 158.73, 707261, 22833
4707, 0, 3600, 3622, 3439, 769, 17.12%, 0, 0, 16, 158.97, 708077, 22835
4712, 0, 3600, 3623, 3440, 769, 17.12%, 0, 0, 16, 158.81, 708902, 22835
4717, 0, 3600, 3624, 3441, 769, 17.12%, 0, 0, 16, 158.80, 709700, 22835
4723, 0, 3600, 3625, 3442, 769, 17.12%, 0, 0, 16, 159.02, 710525, 22835
4728, 0, 3600, 3626, 3443, 769, 17.12%, 0, 0, 16, 158.81, 711350, 22837
4733, 0, 3600, 3626, 3443, 769, 17.12%, 0, 0, 16, 158.97, 712175, 22837
4738, 0, 3600, 3627, 3444, 769, 17.12%, 0, 0, 16, 158.79, 713000, 22838
4743, 0, 3600, 3627, 3444, 769, 17.12%, 0, 0, 16, 159.00, 713825, 22838
4748, 0, 3600, 3629, 3446, 769, 17.12%, 0, 0, 16, 159.03, 714629, 22839
4754, 0, 3600, 3629, 3446, 769, 17.12%, 0, 0, 16, 158.87, 715454, 22839
4759, 0, 3600, 3629, 3446, 769, 17.12%, 0, 0, 16, 158.93, 716279, 22839
4764, 0, 3600, 3629, 3446, 769, 17.12%, 0, 0, 16, 158.97, 717104, 22839
4769, 0, 3600, 3629, 3446, 769, 17.12%, 0, 0, 16, 158.57, 717929, 22839
4774, 0, 3600, 3630, 3447, 769, 17.12%, 0, 0, 16, 158.49, 718750, 22839
4780, 0, 3614, 3630, 3446, 772, 17.12%, 0, 0, 16, 158.76, 719565, 22839
4785, 0, 3523, 3630, 3444, 770, 17.12%, 0, 0, 16, 158.75, 720393, 22839
4790, 0, 3523, 3630, 3444, 770, 17.12%, 0, 0, 16, 158.40, 721186, 22839
4795, 0, 3314, 3631, 3444, 769, 17.13%, 0, 0, 16, 158.48, 722005, 22845
4800, 0, 3314, 3638, 3451, 769, 17.13%, 0, 0, 16, 158.55, 722800, 22848
4805, 0, 3314, 3644, 3457, 769, 17.13%, 0, 0, 16, 157.94, 723598, 22857
4810, 0, 3314, 3646, 3459, 769, 17.13%, 0, 0, 16, 157.98, 724390, 22857
4815, 0, 3314, 3651, 3464, 769, 17.14%, 0, 0, 16, 157.93, 725191, 22860
4820, 0, 3314, 3652, 3465, 769, 17.14%, 0, 0, 16, 157.79, 725989, 22860
4825, 0, 3314, 3652, 3465, 769, 17.14%, 0, 0, 16, 157.99, 726781, 22860
4830, 0, 3314, 3654, 3467, 769, 17.14%, 0, 0, 16, 158.05, 727579, 22861
4835, 0, 3314, 3658, 3471, 769, 17.14%, 0, 0, 16, 157.18, 728365, 22870
4840, 0, 3314, 3661, 3474, 769, 17.15%, 0, 0, 16, 158.19, 729175, 22872
4846, 0, 3314, 3661, 3474, 769, 17.15%, 0, 0, 16, 158.21, 730000, 22872
4851, 0, 3314, 3662, 3475, 769, 17.15%, 0, 0, 16, 158.54, 730801, 22872
4856, 0, 3314, 3663, 3476, 769, 17.15%, 0, 0, 16, 158.22, 731593, 22872
4861, 0, 3314, 3664, 3477, 769, 17.15%, 0, 0, 16, 157.67, 732402, 22873
4866, 0, 3530, 3664, 3475, 782, 17.15%, 0, 0, 16, 155.70, 733194, 22873
4871, 0, 3530, 3670, 3481, 782, 17.15%, 0, 0, 16, 156.27, 733976, 22875
4876, 0, 3530, 3672, 3483, 782, 17.15%, 0, 0, 16, 156.79, 734768, 22875
4881, 0, 3530, 3673, 3484, 782, 17.15%, 0, 0, 16, 156.81, 735560, 22876
4886, 0, 3530, 3675, 3486, 782, 17.15%, 0, 0, 16, 156.76, 736364, 22878
4891, 0, 3530, 3677, 3488, 782, 17.15%, 0, 0, 16, 156.61, 737156, 22878
4896, 0, 3530, 3678, 3489, 782, 17.16%, 0, 0, 16, 156.62, 737948, 22884
4901, 0, 3530, 3683, 3494, 782, 17.16%, 0, 0, 16, 156.48, 738749, 22884
4906, 0, 3530, 3684, 3495, 782, 17.16%, 0, 0, 16, 156.23, 739547, 22884
4911, 0, 3530, 3685, 3496, 782, 17.16%, 0, 0, 16, 156.54, 740339, 22884
4917, 0, 3530, 3686, 3497, 782, 17.16%, 0, 0, 16, 155.88, 741128, 22886
4922, 0, 3530, 3686, 3497, 782, 17.16%, 0, 0, 16, 156.76, 741920, 22886
4927, 0, 3530, 3686, 3497, 782, 17.16%, 0, 0, 16, 156.65, 742712, 22886
4932, 0, 3530, 3686, 3497, 782, 17.16%, 0, 0, 16, 157.44, 743511, 22886
4937, 0, 3591, 3688, 3498, 786, 17.16%, 0, 0, 16, 158.37, 744316, 22887
4942, 0, 3591, 3689, 3499, 786, 17.16%, 0, 0, 16, 157.93, 745108, 22888
4947, 0, 3591, 3690, 3500, 786, 17.16%, 0, 0, 16, 157.94, 745900, 22889
4952, 0, 3591, 3690, 3500, 786, 17.16%, 0, 0, 16, 158.98, 746725, 22889
4957, 0, 3591, 3690, 3500, 786, 17.16%, 0, 0, 16, 158.53, 747550, 22889
4962, 0, 3591, 3690, 3500, 786, 17.16%, 0, 0, 16, 159.19, 748375, 22889
4968, 0, 3591, 3690, 3500, 786, 17.16%, 0, 0, 16, 159.07, 749200, 22889
4973, 0, 3591, 3691, 3501, 786, 17.16%, 0, 0, 16, 158.69, 750025, 22890
4978, 0, 3591, 3691, 3501, 786, 17.16%, 0, 0, 16, 159.15, 750850, 22890
4983, 0, 3591, 3691, 3501, 786, 17.16%, 0, 0, 16, 159.04, 751675, 22890
4988, 0, 3591, 3693, 3503, 786, 17.17%, 0, 0, 16, 159.08, 752500, 22898
4993, 0, 3591, 3696, 3506, 786, 17.17%, 0, 0, 16, 158.97, 753310, 22902
4999, 0, 3591, 3698, 3508, 786, 17.17%, 0, 0, 16, 159.13, 754135, 22902
5004, 0, 3591, 3700, 3510, 786, 17.17%, 0, 0, 16, 159.12, 754960, 22903
5009, 0, 3591, 3700, 3510, 786, 17.17%, 0, 0, 16, 158.98, 755785, 22903
5014, 0, 3591, 3700, 3510, 786, 17.17%, 0, 0, 16, 159.00, 756610, 22903
5019, 0, 3591, 3701, 3511, 786, 17.17%, 0, 0, 16, 158.67, 757423, 22905
5024, 0, 2417, 3702, 3510, 792, 17.17%, 0, 0, 16, 158.17, 758244, 22905
5030, 0, 3687, 3703, 3510, 792, 17.17%, 0, 0, 16, 157.53, 759052, 22905
5035, 0, 3687, 3704, 3511, 792, 17.17%, 0, 0, 17, 158.67, 759874, 22906
5040, 0, 3700, 3704, 3510, 792, 17.17%, 0, 0, 17, 158.76, 760689, 22906
5045, 0, 3700, 3704, 3510, 792, 17.17%, 0, 0, 17, 159.06, 761507, 22906
5050, 0, 3564, 3706, 3511, 791, 17.17%, 0, 0, 17, 158.98, 762330, 22907
5055, 0, 3564, 3707, 3512, 791, 17.17%, 0, 0, 17, 158.37, 763122, 22907
5060, 0, 3564, 3708, 3513, 791, 17.17%, 0, 0, 17, 158.71, 763947, 22907
5065, 0, 3564, 3709, 3514, 791, 17.17%, 0, 0, 17, 158.59, 764748, 22908
5071, 0, 3564, 3710, 3515, 791, 17.17%, 0, 0, 17, 157.75, 765534, 22908
5076, 0, 3564, 3710, 3515, 791, 17.17%, 0, 0, 17, 158.25, 766326, 22908
5081, 0, 3564, 3711, 3516, 791, 17.17%, 0, 0, 17, 155.50, 767139, 22908
5086, 0, 3564, 3712, 3517, 791, 17.17%, 0, 0, 17, 157.13, 767937, 22908
5091, 0, 3564, 3712, 3517, 791, 17.17%, 0, 0, 17, 158.41, 768762, 22908
5096, 0, 3564, 3713, 3518, 791, 17.17%, 0, 0, 17, 158.52, 769587, 22908
5101, 0, 3564, 3713, 3518, 791, 17.17%, 0, 0, 17, 158.78, 770412, 22908
5107, 0, 3564, 3713, 3518, 791, 17.17%, 0, 0, 17, 158.98, 771237, 22908
5112, 0, 3564, 3715, 3520, 791, 17.17%, 0, 0, 17, 158.55, 772032, 22910
5117, 0, 3564, 3715, 3520, 791, 17.17%, 0, 0, 17, 158.12, 772824, 22910
5122, 0, 3564, 3716, 3521, 791, 17.18%, 0, 0, 17, 158.62, 773649, 22918
5127, 0, 3564, 3717, 3522, 791, 17.18%, 0, 0, 17, 158.15, 774441, 22918
5132, 0, 3564, 3718, 3523, 791, 17.18%, 0, 0, 17, 158.40, 775234, 22918
5137, 0, 3699, 3719, 3523, 793, 17.18%, 0, 0, 17, 158.54, 776030, 22919
5142, 0, 3699, 3720, 3524, 793, 17.18%, 0, 0, 17, 159.08, 776858, 22919
5147, 0, 3699, 3720, 3524, 793, 17.18%, 0, 0, 17, 158.62, 777676, 22919
5152, 0, 1706, 3722, 3524, 794, 17.18%, 0, 0, 17, 158.67, 778475, 22921
5157, 0, 1706, 3723, 3525, 794, 17.18%, 0, 0, 17, 158.38, 779298, 22921
5163, 0, 3718, 3725, 3526, 793, 17.18%, 0, 0, 18, 158.67, 780101, 22922
5168, 0, 3718, 3726, 3527, 793, 17.18%, 0, 0, 18, 158.92, 780926, 22923
5173, 0, 3718, 3726, 3527, 793, 17.18%, 0, 0, 18, 159.01, 781751, 22923
5178, 0, 3718, 3726, 3527, 793, 17.18%, 0, 0, 18, 158.85, 782576, 22923
5183, 0, 3718, 3729, 3530, 793, 17.19%, 0, 0, 18, 158.72, 783401, 22927
5188, 0, 3718, 3729, 3530, 793, 17.19%, 0, 0, 18, 158.70, 784226, 22927
5194, 0, 3718, 3730, 3531, 793, 17.19%, 0, 0, 18, 158.80, 785051, 22928
5199, 0, 3718, 3730, 3531, 793, 17.19%, 0, 0, 18, 158.75, 785876, 22928
5204, 0, 3718, 3730, 3531, 793, 17.19%, 0, 0, 18, 158.93, 786701, 22928
5209, 0, 3718, 3730, 3531, 793, 17.19%, 0, 0, 18, 158.96, 787526, 22928
5214, 0, 3718, 3731, 3532, 793, 17.19%, 0, 0, 18, 158.89, 788351, 22928
5219, 0, 3718, 3732, 3533, 793, 17.19%, 0, 0, 18, 158.98, 789146, 22928
5224, 0, 3718, 3733, 3534, 793, 17.19%, 0, 0, 18, 158.83, 789944, 22929
5230, 0, 3718, 3733, 3534, 793, 17.19%, 0, 0, 18, 158.71, 790769, 22929
5235, 0, 3718, 3733, 3534, 793, 17.19%, 0, 0, 18, 158.98, 791594, 22929
5240, 0, 3718, 3733, 3534, 793, 17.19%, 0, 0, 18, 158.94, 792419, 22929
5245, 0, 3718, 3734, 3535, 793, 17.19%, 0, 0, 18, 159.20, 793234, 22932
5250, 0, 3615, 3734, 3533, 796, 17.19%, 0, 0, 18, 159.08, 794054, 22932
5255, 0, 3615, 3735, 3534, 796, 17.19%, 0, 0, 18, 159.05, 794851, 22932
5261, 0, 3723, 3736, 3534, 795, 17.19%, 0, 0, 19, 158.81, 795674, 22933
5266, 0, 3723, 3736, 3534, 795, 17.19%, 0, 0, 19, 158.73, 796492, 22933
5271, 0, 2384, 3736, 3532, 793, 17.19%, 0, 0, 19, 157.55, 797308, 22933
5276, 0, 2384, 3736, 3532, 793, 17.19%, 0, 0, 19, 154.68, 798097, 22933
5281, 0, 668, 3737, 3532, 792, 17.19%, 0, 0, 19, 157.44, 798889, 22933
5286, 0, 1966, 3737, 3531, 791, 17.19%, 0, 0, 19, 152.67, 799684, 22933
5291, 0, 1966, 3737, 3531, 791, 17.19%, 0, 0, 19, 154.02, 800478, 22933
5296, 0, 3044, 3737, 3530, 790, 17.19%, 0, 0, 19, 151.71, 801239, 22933
5301, 0, 3726, 3739, 3531, 790, 17.19%, 0, 0, 19, 154.39, 802011, 22933
5306, 0, 3726, 3741, 3533, 790, 17.19%, 0, 0, 19, 158.19, 802812, 22933
5312, 0, 3726, 3741, 3533, 790, 17.19%, 0, 0, 19, 158.92, 803637, 22933
5317, 0, 3726, 3742, 3534, 790, 17.19%, 0, 0, 19, 159.13, 804452, 22933
5322, 0, 3414, 3743, 3534, 789, 17.19%, 0, 0, 19, 158.98, 805275, 22933
5327, 0, 3414, 3743, 3534, 789, 17.19%, 0, 0, 19, 159.16, 806089, 22933
5332, 0, 1086, 3745, 3535, 788, 17.19%, 0, 0, 19, 155.19, 806878, 22933
5337, 0, 3621, 3748, 3537, 789, 17.19%, 0, 0, 19, 153.81, 807659, 22936
5342, 0, 3621, 3749, 3538, 789, 17.19%, 0, 0, 19, 157.82, 808459, 22936
5347, 0, 3621, 3750, 3539, 789, 17.19%, 0, 0, 19, 158.72, 809279, 22936
5353, 0, 3436, 3750, 3538, 789, 17.19%, 0, 0, 19, 158.73, 810101, 22936
5358, 0, 2396, 3750, 3537, 788, 17.19%, 0, 0, 19, 158.75, 810912, 22936
5363, 0, 2396, 3751, 3538, 788, 17.19%, 0, 0, 19, 158.87, 811717, 22936
5368, 0, 1680, 3751, 3537, 787, 17.19%, 0, 0, 19, 159.37, 812516, 22936
5373, 0, 1079, 3751, 3536, 786, 17.19%, 0, 0, 19, 158.51, 813313, 22936
5378, 0, 3619, 3753, 3537, 786, 17.20%, 0, 0, 19, 157.93, 814106, 22939
5383, 0, 3619, 3754, 3538, 786, 17.20%, 0, 0, 19, 158.61, 814931, 22939
5388, 0, 3619, 3754, 3538, 786, 17.20%, 0, 0, 19, 158.84, 815756, 22939
5393, 0, 1572, 3754, 3537, 785, 17.20%, 0, 0, 19, 158.73, 816567, 22939
5399, 0, 3688, 3756, 3538, 784, 17.20%, 0, 0, 19, 157.99, 817378, 22939
5404, 0, 3688, 3756, 3538, 784, 17.20%, 0, 0, 19, 158.71, 818200, 22939
5409, 0, 2265, 3756, 3537, 783, 17.20%, 0, 0, 19, 159.00, 819015, 22939
5414, 0, 445, 3756, 3536, 782, 17.20%, 0, 0, 19, 154.89, 819802, 22939
5419, 0, 1044, 3756, 3535, 781, 17.20%, 0, 0, 19, 154.93, 820589, 22939
5424, 0, 3286, 3757, 3535, 780, 17.20%, 0, 0, 19, 157.61, 821382, 22939
5429, 0, 3286, 3758, 3536, 780, 17.20%, 0, 0, 19, 158.15, 822174, 22939
5434, 0, 3286, 3759, 3537, 780, 17.20%, 0, 0, 19, 158.42, 822995, 22939
5439, 0, 3434, 3759, 3536, 779, 17.20%, 0, 0, 19, 158.96, 823813, 22939
5444, 0, 3425, 3759, 3535, 778, 17.20%, 0, 0, 19, 158.72, 824609, 22939
5450, 0, 3425, 3759, 3535, 778, 17.20%, 0, 0, 19, 158.71, 825425, 22939
5455, 0, 3751, 3760, 3535, 777, 17.20%, 0, 0, 19, 158.77, 826223, 22943
5460, 0, 3751, 3769, 3544, 777, 17.22%, 0, 0, 19, 158.51, 827042, 22964
5465, 0, 3751, 3772, 3547, 777, 17.22%, 0, 0, 19, 158.52, 827837, 22966
5470, 0, 3751, 3774, 3549, 777, 17.22%, 0, 0, 19, 158.44, 828632, 22974
5475, 0, 3751, 3775, 3550, 777, 17.22%, 0, 0, 19, 158.42, 829457, 22975
5480, 0, 3751, 3775, 3550, 777, 17.22%, 0, 0, 19, 158.63, 830282, 22975
5485, 0, 3751, 3778, 3553, 777, 17.23%, 0, 0, 19, 158.56, 831107, 22980
5490, 0, 3751, 3779, 3554, 777, 17.23%, 0, 0, 19, 158.56, 831908, 22984
5496, 0, 3751, 3780, 3555, 777, 17.23%, 0, 0, 19, 158.61, 832733, 22985
5501, 0, 3751, 3782, 3557, 777, 17.23%, 0, 0, 19, 158.59, 833546, 22986
5506, 0, 3751, 3783, 3558, 777, 17.23%, 0, 0, 19, 158.69, 834371, 22986
5511, 0, 3751, 3783, 3558, 777, 17.23%, 0, 0, 19, 158.86, 835196, 22986
5516, 0, 3751, 3785, 3560, 777, 17.23%, 0, 0, 19, 158.83, 836000, 22989
5521, 0, 3751, 3786, 3561, 777, 17.23%, 0, 0, 19, 158.84, 836801, 22989
5526, 0, 3751, 3786, 3561, 777, 17.23%, 0, 0, 19, 158.81, 837626, 22989
5532, 0, 3751, 3787, 3562, 777, 17.23%, 0, 0, 19, 158.63, 838451, 22989
5537, 0, 3751, 3787, 3562, 777, 17.23%, 0, 0, 19, 158.78, 839275, 22989
5542, 0, 3656, 3791, 3565, 788, 17.24%, 0, 0, 19, 158.30, 840084, 22993
5547, 0, 3656, 3794, 3568, 788, 17.24%, 0, 0, 19, 158.24, 840879, 22995
5552, 0, 3656, 3794, 3568, 788, 17.24%, 0, 0, 19, 158.34, 841704, 22995
5557, 0, 3656, 3796, 3570, 788, 17.24%, 0, 0, 19, 158.35, 842499, 22995
5562, 0, 3656, 3798, 3572, 788, 17.24%, 0, 0, 19, 158.48, 843294, 22995
5567, 0, 3656, 3798, 3572, 788, 17.24%, 0, 0, 19, 158.09, 844086, 22995
5572, 0, 3656, 3799, 3573, 788, 17.24%, 0, 0, 19, 158.52, 844911, 22995
5578, 0, 3656, 3799, 3573, 788, 17.24%, 0, 0, 19, 158.66, 845736, 22995
5583, 0, 3656, 3800, 3574, 788, 17.24%, 0, 0, 19, 158.67, 846531, 22995
5588, 0, 3656, 3800, 3574, 788, 17.24%, 0, 0, 19, 158.19, 847323, 22995
5593, 0, 3656, 3800, 3574, 788, 17.24%, 0, 0, 19, 158.40, 848148, 22995
5598, 0, 3656, 3800, 3574, 788, 17.24%, 0, 0, 19, 158.34, 848940, 22995
5603, 0, 3656, 3801, 3575, 788, 17.24%, 0, 0, 19, 158.14, 849738, 22995
5608, 0, 3656, 3801, 3575, 788, 17.24%, 0, 0, 19, 158.21, 850530, 22995
5613, 0, 3656, 3803, 3577, 788, 17.24%, 0, 0, 19, 158.47, 851325, 22998
5618, 0, 3656, 3803, 3577, 788, 17.24%, 0, 0, 19, 158.27, 852150, 22998
5623, 0, 3656, 3804, 3578, 788, 17.24%, 0, 0, 19, 156.97, 852969, 23000
5629, 0, 778, 3804, 3576, 791, 17.24%, 0, 0, 19, 158.07, 853783, 23000
5634, 0, 3423, 3804, 3575, 790, 17.24%, 0, 0, 19, 158.92, 854607, 23000
5639, 0, 3423, 3804, 3575, 790, 17.24%, 0, 0, 19, 159.17, 855422, 23000
5644, 0, 2735, 3804, 3574, 789, 17.24%, 0, 0, 19, 156.01, 856205, 23000
5649, 0, 3608, 3805, 3574, 788, 17.24%, 0, 0, 19, 154.96, 856970, 23000
5654, 0, 3608, 3808, 3577, 788, 17.24%, 0, 0, 19, 157.98, 857784, 23000
5659, 0, 3608, 3808, 3577, 788, 17.24%, 0, 0, 19, 158.79, 858609, 23000
5664, 0, 3608, 3809, 3578, 788, 17.24%, 0, 0, 19, 158.95, 859434, 23000
5670, 0, 3608, 3809, 3578, 788, 17.24%, 0, 0, 19, 159.20, 860259, 23000
5675, 0, 3608, 3809, 3578, 788, 17.24%, 0, 0, 19, 158.99, 861084, 23000
5680, 0, 3608, 3809, 3578, 788, 17.24%, 0, 0, 19, 158.93, 861909, 23000
5685, 0, 3608, 3810, 3579, 788, 17.24%, 0, 0, 19, 159.20, 862734, 23001
5690, 0, 3608, 3810, 3579, 788, 17.24%, 0, 0, 19, 159.05, 863559, 23001
5696, 0, 3608, 3810, 3579, 788, 17.24%, 0, 0, 19, 159.06, 864384, 23001
5701, 0, 3608, 3810, 3579, 788, 17.24%, 0, 0, 19, 159.13, 865209, 23001
5706, 0, 3608, 3810, 3579, 788, 17.24%, 0, 0, 19, 159.20, 866034, 23001
5711, 0, 3608, 3810, 3579, 788, 17.24%, 0, 0, 19, 159.06, 866859, 23001
5716, 0, 3608, 3810, 3579, 788, 17.24%, 0, 0, 19, 159.20, 867684, 23001
5721, 0, 3608, 3810, 3579, 788, 17.24%, 0, 0, 19, 159.16, 868509, 23001
5727, 0, 3608, 3810, 3579, 788, 17.24%, 0, 0, 19, 159.00, 869334, 23001
5732, 0, 3608, 3811, 3580, 788, 17.24%, 0, 0, 19, 159.27, 870161, 23001
5737, 0, 3793, 3811, 3579, 785, 17.24%, 0, 0, 19, 158.52, 870972, 23001
5742, 0, 3793, 3813, 3581, 785, 17.25%, 0, 0, 19, 158.83, 871782, 23009
5747, 0, 3793, 3815, 3583, 785, 17.25%, 0, 0, 19, 158.69, 872607, 23014
5752, 0, 3793, 3815, 3583, 785, 17.25%, 0, 0, 19, 158.17, 873399, 23014
5757, 0, 3793, 3816, 3584, 785, 17.25%, 0, 0, 19, 158.39, 874224, 23014
5763, 0, 3793, 3818, 3586, 785, 17.25%, 0, 0, 19, 158.80, 875028, 23014
5768, 0, 3793, 3819, 3587, 785, 17.25%, 0, 0, 19, 158.63, 875823, 23015
5773, 0, 3793, 3819, 3587, 785, 17.25%, 0, 0, 19, 158.39, 876648, 23015
5778, 0, 3793, 3820, 3588, 785, 17.26%, 0, 0, 19, 158.20, 877449, 23018
5783, 0, 3793, 3820, 3588, 785, 17.26%, 0, 0, 19, 158.76, 878274, 23018
5788, 0, 3793, 3823, 3591, 785, 17.26%, 0, 0, 19, 158.61, 879075, 23027
5793, 0, 3793, 3824, 3592, 785, 17.26%, 0, 0, 19, 158.79, 879873, 23027
5798, 0, 3793, 3824, 3592, 785, 17.26%, 0, 0, 19, 158.53, 880698, 23027
5804, 0, 3793, 3824, 3592, 785, 17.26%, 0, 0, 19, 158.62, 881523, 23027
5809, 0, 3793, 3825, 3593, 785, 17.26%, 0, 0, 19, 158.76, 882327, 23028
5814, 0, 3793, 3827, 3595, 785, 17.27%, 0, 0, 19, 158.26, 883131, 23031
5819, 0, 3793, 3828, 3596, 785, 17.27%, 0, 0, 19, 158.57, 883954, 23032
5824, 0, 3812, 3828, 3595, 792, 17.27%, 0, 0, 19, 158.29, 884765, 23032
5829, 0, 3712, 3830, 3596, 791, 17.27%, 0, 0, 19, 158.56, 885588, 23033
5834, 0, 3712, 3834, 3600, 791, 17.27%, 0, 0, 19, 158.52, 886390, 23038
5839, 0, 3460, 3835, 3600, 794, 17.27%, 0, 0, 19, 158.75, 887187, 23043
5844, 0, 3460, 3836, 3601, 794, 17.27%, 0, 0, 19, 159.04, 888012, 23043
5849, 0, 3460, 3840, 3605, 794, 17.28%, 0, 0, 19, 158.92, 888816, 23046
5855, 0, 3460, 3842, 3607, 794, 17.28%, 0, 0, 19, 159.17, 889644, 23048
5860, 0, 3460, 3843, 3608, 794, 17.28%, 0, 0, 19, 158.87, 890442, 23048
5865, 0, 3460, 3843, 3608, 794, 17.28%, 0, 0, 19, 158.73, 891267, 23048
5870, 0, 3460, 3844, 3609, 794, 17.28%, 0, 0, 19, 158.89, 892092, 23049
5875, 0, 3460, 3845, 3610, 794, 17.28%, 0, 0, 19, 159.00, 892887, 23050
5880, 0, 3460, 3847, 3612, 794, 17.28%, 0, 0, 19, 158.96, 893688, 23051
5885, 0, 3460, 3848, 3613, 794, 17.28%, 0, 0, 19, 158.84, 894513, 23051
5890, 0, 3460, 3849, 3614, 794, 17.28%, 0, 0, 19, 158.67, 895311, 23053
5895, 0, 3460, 3850, 3615, 794, 17.28%, 0, 0, 19, 158.98, 896115, 23054
5901, 0, 3460, 3852, 3617, 794, 17.28%, 0, 0, 19, 158.99, 896940, 23055
5906, 0, 3460, 3852, 3617, 794, 17.28%, 0, 0, 19, 158.94, 897765, 23055
5911, 0, 3460, 3854, 3619, 794, 17.28%, 0, 0, 19, 158.93, 898590, 23056
5916, 0, 3460, 3855, 3620, 794, 17.28%, 0, 0, 19, 158.68, 899415, 23056
5921, 0, 3460, 3855, 3620, 794, 17.28%, 0, 0, 19, 159.04, 900235, 23056
5926, 0, 1551, 3855, 3618, 800, 17.28%, 0, 0, 19, 158.55, 901049, 23056
5932, 0, 720, 3855, 3617, 799, 17.28%, 0, 0, 19, 154.97, 901834, 23056
5937, 0, 720, 3855, 3617, 799, 17.28%, 0, 0, 19, 155.36, 902626, 23056
5942, 0, 3853, 3856, 3617, 798, 17.28%, 0, 0, 19, 157.30, 903416, 23056
5947, 0, 3853, 3856, 3617, 798, 17.28%, 0, 0, 19, 158.35, 904230, 23056
5952, 0, 3737, 3856, 3616, 797, 17.28%, 0, 0, 19, 155.19, 905019, 23056
5957, 0, 988, 3856, 3615, 796, 17.28%, 0, 0, 19, 157.21, 905808, 23056
5962, 0, 594, 3858, 3616, 796, 17.28%, 0, 0, 19, 156.39, 906602, 23056
5967, 0, 594, 3858, 3616, 796, 17.28%, 0, 0, 19, 151.85, 907387, 23056
5972, 0, 2085, 3858, 3615, 795, 17.28%, 0, 0, 19, 153.21, 908180, 23056
5977, 0, 2085, 3860, 3617, 795, 17.28%, 0, 0, 19, 153.05, 908971, 23056
5983, 0, 2085, 3862, 3619, 795, 17.29%, 0, 0, 19, 153.66, 909763, 23060
5988, 0, 2085, 3863, 3620, 795, 17.29%, 0, 0, 19, 153.95, 910555, 23061
5993, 0, 2085, 3863, 3620, 795, 17.29%, 0, 0, 19, 153.52, 911344, 23061
5998, 0, 2085, 3864, 3621, 795, 17.29%, 0, 0, 19, 153.72, 912136, 23061
6003, 0, 2085, 3864, 3621, 795, 17.29%, 0, 0, 19, 153.61, 912925, 23061
6008, 0, 2085, 3864, 3621, 795, 17.29%, 0, 0, 19, 153.76, 913717, 23061
6013, 0, 2085, 3864, 3621, 795, 17.29%, 0, 0, 19, 153.82, 914509, 23061
6019, 0, 2085, 3866, 3623, 795, 17.29%, 0, 0, 19, 153.46, 915298, 23064
6024, 0, 2085, 3867, 3624, 795, 17.29%, 0, 0, 19, 152.76, 916063, 23064
6029, 0, 2085, 3867, 3624, 795, 17.29%, 0, 0, 19, 153.54, 916852, 23064
6034, 0, 2085, 3867, 3624, 795, 17.29%, 0, 0, 19, 154.11, 917644, 23064
6039, 0, 2085, 3868, 3625, 795, 17.29%, 0, 0, 19, 154.22, 918433, 23064
6044, 0, 2085, 3868, 3625, 795, 17.29%, 0, 0, 19, 153.81, 919222, 23064
6049, 0, 2085, 3869, 3626, 795, 17.29%, 0, 0, 19, 153.92, 920020, 23065
6054, 0, 2085, 3870, 3627, 795, 17.29%, 0, 0, 19, 153.95, 920791, 23065
6060, 0, 2085, 3870, 3627, 795, 17.29%, 0, 0, 19, 154.43, 921582, 23065
6065, 0, 3609, 3870, 3626, 799, 17.29%, 0, 0, 19, 157.40, 922405, 23065
6070, 0, 3609, 3870, 3626, 799, 17.29%, 0, 0, 19, 158.25, 923217, 23065
6075, 0, 1333, 3870, 3625, 798, 17.29%, 0, 0, 19, 156.52, 924004, 23065
6080, 0, 3321, 3870, 3624, 797, 17.29%, 0, 0, 19, 101.14, 924440, 23065
6085, 0, 2960, 3870, 3623, 796, 17.29%, 0, 0, 19, 96.85, 924915, 23065
6090, 0, 2960, 3870, 3623, 796, 17.29%, 0, 0, 19, 140.75, 925700, 23065
6095, 0, 3317, 3871, 3623, 795, 17.29%, 0, 0, 19, 154.88, 926492, 23066
6100, 0, 3595, 3872, 3623, 795, 17.29%, 0, 0, 19, 157.87, 927296, 23066
6105, 0, 3595, 3875, 3626, 795, 17.29%, 0, 0, 19, 158.75, 928100, 23067
6111, 0, 3595, 3876, 3627, 795, 17.29%, 0, 0, 19, 159.00, 928925, 23067
6116, 0, 3595, 3876, 3627, 795, 17.29%, 0, 0, 19, 158.75, 929750, 23067
6121, 0, 3595, 3877, 3628, 795, 17.29%, 0, 0, 19, 158.84, 930575, 23067
6126, 0, 3595, 3877, 3628, 795, 17.29%, 0, 0, 19, 159.02, 931400, 23067
6131, 0, 3595, 3878, 3629, 795, 17.29%, 0, 0, 19, 156.47, 932189, 23067
6136, 0, 3595, 3879, 3630, 795, 17.29%, 0, 0, 19, 158.43, 932993, 23067
6141, 0, 3595, 3879, 3630, 795, 17.29%, 0, 0, 19, 158.70, 933818, 23067
6147, 0, 3595, 3880, 3631, 795, 17.30%, 0, 0, 19, 158.83, 934643, 23072
6152, 0, 3595, 3880, 3631, 795, 17.30%, 0, 0, 19, 158.94, 935468, 23072
6157, 0, 3595, 3882, 3633, 795, 17.30%, 0, 0, 19, 159.18, 936272, 23072
6162, 0, 3595, 3883, 3634, 795, 17.30%, 0, 0, 19, 158.67, 937076, 23073
6167, 0, 3595, 3884, 3635, 795, 17.30%, 0, 0, 19, 158.81, 937901, 23073
6172, 0, 3595, 3885, 3636, 795, 17.30%, 0, 0, 19, 158.99, 938726, 23073
6178, 0, 3595, 3885, 3636, 795, 17.30%, 0, 0, 19, 158.99, 939551, 23073
6183, 0, 3595, 3886, 3637, 795, 17.30%, 0, 0, 19, 159.00, 940376, 23074
6188, 0, 3882, 3886, 3636, 800, 17.30%, 0, 0, 19, 158.73, 941190, 23074
6193, 0, 495, 3886, 3635, 799, 17.30%, 0, 0, 19, 159.46, 942015, 23074
6198, 0, 2400, 3887, 3635, 798, 17.30%, 0, 0, 19, 159.05, 942841, 23074
6203, 0, 2400, 3895, 3643, 798, 17.30%, 0, 0, 19, 158.62, 943650, 23079
6209, 0, 2400, 3898, 3646, 798, 17.32%, 0, 0, 19, 158.96, 944475, 23104
6214, 0, 3873, 3899, 3646, 802, 17.32%, 0, 0, 19, 158.85, 945270, 23104
6219, 0, 3873, 3901, 3648, 802, 17.32%, 0, 0, 19, 158.58, 946068, 23104
6224, 0, 3873, 3903, 3650, 802, 17.33%, 0, 0, 19, 158.89, 946875, 23113
6229, 0, 3873, 3903, 3650, 802, 17.33%, 0, 0, 19, 158.01, 947667, 23113
6234, 0, 3873, 3903, 3650, 802, 17.33%, 0, 0, 19, 158.58, 948492, 23113
6239, 0, 3873, 3903, 3650, 802, 17.33%, 0, 0, 19, 158.73, 949317, 23113
6244, 0, 3873, 3904, 3651, 802, 17.33%, 0, 0, 19, 158.67, 950142, 23115
6249, 0, 3873, 3906, 3653, 802, 17.33%, 0, 0, 19, 158.67, 950937, 23118
6254, 0, 3873, 3907, 3654, 802, 17.33%, 0, 0, 19, 159.00, 951762, 23118
6260, 0, 3873, 3907, 3654, 802, 17.33%, 0, 0, 19, 158.71, 952587, 23118
6265, 0, 3873, 3907, 3654, 802, 17.33%, 0, 0, 19, 158.99, 953412, 23118
6270, 0, 3873, 3908, 3655, 802, 17.33%, 0, 0, 19, 159.03, 954237, 23118
6275, 0, 3873, 3909, 3656, 802, 17.33%, 0, 0, 19, 158.58, 955062, 23119
6280, 0, 3873, 3909, 3656, 802, 17.33%, 0, 0, 19, 158.36, 955887, 23119
6286, 0, 3873, 3909, 3656, 802, 17.33%, 0, 0, 19, 159.01, 956712, 23119
6291, 0, 3873, 3909, 3656, 802, 17.33%, 0, 0, 19, 158.32, 957504, 23119
6296, 0, 3873, 3910, 3657, 802, 17.33%, 0, 0, 19, 158.59, 958325, 23121
6301, 0, 3909, 3911, 3657, 804, 17.33%, 0, 0, 19, 158.56, 959146, 23123
6306, 0, 1520, 3912, 3657, 803, 17.34%, 0, 0, 19, 106.19, 959624, 23127
6311, 0, 3879, 3914, 3658, 803, 17.34%, 0, 0, 19, 144.81, 960377, 23133
6316, 0, 3879, 3919, 3663, 803, 17.35%, 0, 0, 19, 156.29, 961198, 23140
6321, 0, 3879, 3923, 3667, 803, 17.35%, 0, 0, 19, 158.53, 961999, 23142
6326, 0, 3879, 3925, 3669, 803, 17.36%, 0, 0, 19, 158.87, 962797, 23152
6332, 0, 3879, 3927, 3671, 803, 17.36%, 0, 0, 19, 158.04, 963598, 23155
6337, 0, 3879, 3927, 3671, 803, 17.36%, 0, 0, 19, 158.43, 964423, 23155
6342, 0, 3879, 3927, 3671, 803, 17.36%, 0, 0, 19, 158.93, 965248, 23155
6347, 0, 3879, 3927, 3671, 803, 17.36%, 0, 0, 19, 158.71, 966073, 23155
6352, 0, 3879, 3928, 3672, 803, 17.36%, 0, 0, 19, 158.55, 966871, 23155
6357, 0, 3879, 3928, 3672, 803, 17.36%, 0, 0, 19, 158.81, 967696, 23155
6363, 0, 3879, 3930, 3674, 803, 17.36%, 0, 0, 19, 158.97, 968524, 23159
6368, 0, 3879, 3931, 3675, 803, 17.36%, 0, 0, 19, 158.63, 969349, 23159
6373, 0, 3879, 3932, 3676, 803, 17.36%, 0, 0, 19, 158.58, 970174, 23163
6378, 0, 3879, 3933, 3677, 803, 17.37%, 0, 0, 19, 158.85, 970999, 23165
6383, 0, 3879, 3935, 3679, 803, 17.37%, 0, 0, 19, 158.81, 971803, 23165
6388, 0, 3879, 3935, 3679, 803, 17.37%, 0, 0, 19, 158.93, 972628, 23165
6394, 0, 3879, 3936, 3680, 803, 17.37%, 0, 0, 19, 158.80, 973444, 23165
6399, 0, 1604, 3936, 3678, 808, 17.37%, 0, 0, 19, 158.93, 974261, 23165
6404, 0, 3917, 3938, 3679, 805, 17.37%, 0, 0, 19, 158.33, 975063, 23169
6409, 0, 3917, 3938, 3679, 805, 17.37%, 0, 0, 19, 158.19, 975885, 23169
6414, 0, 3617, 3938, 3678, 804, 17.37%, 0, 0, 19, 159.32, 976699, 23169
6419, 0, 3617, 3938, 3678, 804, 17.37%, 0, 0, 19, 159.51, 977515, 23169
6424, 0, 2439, 3938, 3677, 803, 17.37%, 0, 0, 19, 158.48, 978337, 23169
6430, 0, 351, 3939, 3677, 802, 17.37%, 0, 0, 19, 159.60, 979166, 23169
6435, 0, 1291, 3939, 3676, 801, 17.37%, 0, 0, 19, 158.86, 979991, 23169
6440, 0, 3923, 3940, 3676, 800, 17.37%, 0, 0, 19, 158.03, 980785, 23169
6445, 0, 3923, 3940, 3676, 800, 17.37%, 0, 0, 19, 158.89, 981604, 23169
6450, 0, 1217, 3940, 3675, 799, 17.37%, 0, 0, 19, 158.24, 982421, 23169
6455, 0, 3673, 3940, 3674, 798, 17.37%, 0, 0, 19, 158.14, 983214, 23169
6460, 0, 3673, 3941, 3675, 798, 17.37%, 0, 0, 19, 157.96, 984013, 23170
6465, 0, 3916, 3941, 3674, 798, 17.37%, 0, 0, 19, 158.70, 984838, 23170
6471, 0, 2220, 3941, 3673, 797, 17.37%, 0, 0, 19, 157.13, 985650, 23170
6476, 0, 2220, 3941, 3673, 797, 17.37%, 0, 0, 19, 153.70, 986441, 23170
6481, 0, 330, 3941, 3672, 796, 17.37%, 0, 0, 19, 157.70, 987235, 23170
6486, 0, 3932, 3941, 3671, 795, 17.37%, 0, 0, 19, 159.26, 988063, 23170
6491, 0, 3932, 3943, 3673, 795, 17.37%, 0, 0, 19, 158.69, 988859, 23171
6496, 0, 3924, 3943, 3672, 795, 17.37%, 0, 0, 19, 158.61, 989674, 23171
6501, 0, 3924, 3945, 3674, 795, 17.37%, 0, 0, 19, 158.72, 990499, 23172
6506, 0, 3924, 3948, 3677, 795, 17.37%, 0, 0, 19, 158.95, 991300, 23175
6512, 0, 3924, 3948, 3677, 795, 17.37%, 0, 0, 19, 158.89, 992125, 23175
6517, 0, 3924, 3948, 3677, 795, 17.37%, 0, 0, 19, 159.09, 992950, 23175
6522, 0, 3924, 3949, 3678, 795, 17.37%, 0, 0, 19, 158.86, 993775, 23176
6527, 0, 3924, 3950, 3679, 795, 17.37%, 0, 0, 19, 159.05, 994573, 23176
6532, 0, 3924, 3951, 3680, 795, 17.37%, 0, 0, 19, 158.85, 995398, 23176
6537, 0, 3924, 3951, 3680, 795, 17.37%, 0, 0, 19, 158.79, 996223, 23176
6542, 0, 3924, 3952, 3681, 795, 17.37%, 0, 0, 19, 158.99, 997018, 23177
6548, 0, 3924, 3953, 3682, 795, 17.37%, 0, 0, 19, 159.08, 997843, 23177
6553, 0, 3924, 3953, 3682, 795, 17.37%, 0, 0, 19, 159.00, 998668, 23177
6558, 0, 3924, 3953, 3682, 795, 17.37%, 0, 0, 19, 158.96, 999493, 23177
6563, 0, 3924, 3953, 3682, 795, 17.37%, 0, 0, 19, 159.00, 1000318, 23177
6568, 0, 3924, 3954, 3683, 795, 17.38%, 0, 0, 19, 158.67, 1001122, 23179
6573, 0, 3924, 3954, 3683, 795, 17.38%, 0, 0, 19, 159.06, 1001947, 23179
6579, 0, 3924, 3955, 3684, 795, 17.38%, 0, 0, 19, 159.28, 1002769, 23179
6584, 0, 2404, 3955, 3682, 798, 17.38%, 0, 0, 19, 158.74, 1003583, 23179
6589, 0, 2404, 3956, 3683, 798, 17.38%, 0, 0, 19, 156.00, 1004379, 23179
6594, 0, 2849, 3957, 3683, 797, 17.38%, 0, 0, 19, 158.22, 1005174, 23179
6599, 0, 2849, 3958, 3684, 797, 17.38%, 0, 0, 19, 158.82, 1005977, 23179
6604, 0, 3953, 3961, 3686, 798, 17.38%, 0, 0, 19, 158.91, 1006803, 23181
6609, 0, 3953, 3965, 3690, 798, 17.38%, 0, 0, 19, 158.88, 1007610, 23181
6614, 0, 3953, 3966, 3691, 798, 17.38%, 0, 0, 19, 159.04, 1008435, 23181
6619, 0, 3953, 3967, 3692, 798, 17.38%, 0, 0, 19, 159.13, 1009236, 23183
6624, 0, 3953, 3967, 3692, 798, 17.38%, 0, 0, 19, 158.63, 1010061, 23183
6630, 0, 3953, 3968, 3693, 798, 17.38%, 0, 0, 19, 158.44, 1010886, 23183
6635, 0, 3953, 3970, 3695, 798, 17.38%, 0, 0, 19, 158.77, 1011711, 23183
6640, 0, 3953, 3970, 3695, 798, 17.38%, 0, 0, 19, 158.65, 1012536, 23183
6645, 0, 3953, 3971, 3696, 798, 17.38%, 0, 0, 19, 158.79, 1013361, 23183
6650, 0, 3953, 3971, 3696, 798, 17.38%, 0, 0, 19, 158.24, 1014153, 23183
6655, 0, 3953, 3972, 3697, 798, 17.38%, 0, 0, 19, 158.29, 1014945, 23183
6660, 0, 3953, 3972, 3697, 798, 17.38%, 0, 0, 19, 158.80, 1015770, 23183
6666, 0, 3953, 3974, 3699, 798, 17.38%, 0, 0, 19, 158.93, 1016595, 23186
6671, 0, 3953, 3974, 3699, 798, 17.38%, 0, 0, 19, 158.94, 1017420, 23186
6676, 0, 3953, 3976, 3701, 798, 17.38%, 0, 0, 19, 158.69, 1018245, 23189
6681, 0, 3953, 3977, 3702, 798, 17.38%, 0, 0, 19, 158.82, 1019070, 23189
6686, 0, 3953, 3978, 3703, 798, 17.38%, 0, 0, 19, 158.97, 1019892, 23190
6691, 0, 3636, 3979, 3702, 797, 17.38%, 0, 0, 19, 158.71, 1020686, 23190
6697, 0, 3636, 3983, 3706, 797, 17.39%, 0, 0, 19, 158.52, 1021490, 23192
6702, 0, 3636, 3988, 3711, 797, 17.39%, 0, 0, 19, 158.30, 1022303, 23196
6707, 0, 3636, 3989, 3712, 797, 17.39%, 0, 0, 19, 158.59, 1023128, 23196
6712, 0, 3636, 3992, 3715, 797, 17.39%, 0, 0, 19, 158.29, 1023953, 23196
6717, 0, 3636, 3994, 3717, 797, 17.39%, 0, 0, 19, 158.47, 1024754, 23196
6722, 0, 3636, 3995, 3718, 797, 17.39%, 0, 0, 19, 158.64, 1025579, 23196
6728, 0, 3636, 3996, 3719, 797, 17.39%, 0, 0, 19, 158.78, 1026404, 23196
6733, 0, 3636, 3996, 3719, 797, 17.39%, 0, 0, 19, 158.59, 1027229, 23196
6738, 0, 3636, 3998, 3721, 797, 17.39%, 0, 0, 19, 158.35, 1028033, 23199
6743, 0, 3636, 4000, 3723, 797, 17.39%, 0, 0, 19, 158.40, 1028858, 23199
6748, 0, 3636, 4002, 3725, 797, 17.39%, 0, 0, 19, 158.66, 1029656, 23201
6753, 0, 3636, 4003, 3726, 797, 17.39%, 0, 0, 19, 158.74, 1030454, 23201
6758, 0, 3636, 4003, 3726, 797, 17.39%, 0, 0, 19, 158.70, 1031279, 23201
6763, 0, 3636, 4003, 3726, 797, 17.39%, 0, 0, 19, 158.29, 1032104, 23201
6769, 0, 3636, 4004, 3727, 797, 17.39%, 0, 0, 19, 158.04, 1032896, 23202
6774, 0, 3636, 4005, 3728, 797, 17.39%, 0, 0, 19, 156.45, 1033688, 23203
6779, 0, 3974, 4005, 3727, 804, 17.39%, 0, 0, 19, 157.82, 1034497, 23203
6784, 0, 3974, 4009, 3731, 804, 17.39%, 0, 0, 20, 158.50, 1035321, 23204
6789, 0, 3974, 4009, 3731, 804, 17.39%, 0, 0, 20, 158.53, 1036146, 23204
6794, 0, 3974, 4009, 3731, 804, 17.39%, 0, 0, 20, 158.86, 1036971, 23204
6799, 0, 3974, 4011, 3733, 804, 17.39%, 0, 0, 20, 158.83, 1037775, 23204
6805, 0, 3974, 4011, 3733, 804, 17.39%, 0, 0, 20, 158.78, 1038600, 23204
6810, 0, 3974, 4013, 3735, 804, 17.40%, 0, 0, 20, 158.62, 1039395, 23208
6815, 0, 3974, 4013, 3735, 804, 17.40%, 0, 0, 20, 157.93, 1040220, 23208
6820, 0, 3974, 4014, 3736, 804, 17.40%, 0, 0, 20, 158.65, 1041045, 23208
6825, 0, 3974, 4015, 3737, 804, 17.40%, 0, 0, 20, 158.47, 1041837, 23208
6830, 0, 3974, 4015, 3737, 804, 17.40%, 0, 0, 20, 158.73, 1042662, 23208
6835, 0, 3974, 4015, 3737, 804, 17.40%, 0, 0, 20, 158.95, 1043487, 23208
6841, 0, 3974, 4015, 3737, 804, 17.40%, 0, 0, 20, 159.02, 1044312, 23208
6846, 0, 3974, 4017, 3739, 804, 17.40%, 0, 0, 20, 158.64, 1045107, 23209
6851, 0, 3974, 4017, 3739, 804, 17.40%, 0, 0, 20, 158.83, 1045932, 23209
6856, 0, 3974, 4018, 3740, 804, 17.40%, 0, 0, 20, 158.50, 1046736, 23210
6861, 0, 3974, 4018, 3740, 804, 17.40%, 0, 0, 20, 158.52, 1047561, 23210
6866, 0, 3974, 4018, 3740, 804, 17.40%, 0, 0, 20, 159.12, 1048371, 23210
6871, 0, 3185, 4022, 3742, 806, 17.40%, 0, 0, 20, 158.75, 1049165, 23210
6876, 0, 3185, 4024, 3744, 806, 17.40%, 0, 0, 20, 158.32, 1049966, 23211
6881, 0, 3185, 4024, 3744, 806, 17.40%, 0, 0, 20, 158.19, 1050758, 23211
6886, 0, 3185, 4025, 3745, 806, 17.40%, 0, 0, 20, 158.25, 1051583, 23211
6892, 0, 3185, 4025, 3745, 806, 17.40%, 0, 0, 20, 158.81, 1052408, 23211
6897, 0, 3185, 4027, 3747, 806, 17.40%, 0, 0, 20, 158.54, 1053209, 23211
6902, 0, 3185, 4027, 3747, 806, 17.40%, 0, 0, 20, 158.83, 1054034, 23211
6907, 0, 3185, 4028, 3748, 806, 17.40%, 0, 0, 20, 158.40, 1054826, 23211
6912, 0, 3185, 4030, 3750, 806, 17.40%, 0, 0, 20, 158.48, 1055651, 23212
6917, 0, 3185, 4030, 3750, 806, 17.40%, 0, 0, 20, 158.89, 1056476, 23212
6922, 0, 3185, 4030, 3750, 806, 17.40%, 0, 0, 20, 158.62, 1057301, 23212
6927, 0, 3185, 4033, 3753, 806, 17.40%, 0, 0, 20, 158.75, 1058099, 23212
6932, 0, 3185, 4033, 3753, 806, 17.40%, 0, 0, 20, 158.73, 1058894, 23212
6938, 0, 3920, 4033, 3752, 806, 17.40%, 0, 0, 20, 158.68, 1059691, 23212
6943, 0, 3920, 4034, 3753, 806, 17.40%, 0, 0, 20, 159.24, 1060510, 23212
6948, 0, 2941, 4036, 3754, 805, 17.40%, 0, 0, 20, 156.23, 1061295, 23212
6953, 0, 2941, 4036, 3754, 805, 17.40%, 0, 0, 20, 152.11, 1062074, 23212
6958, 0, 1299, 4036, 3753, 804, 17.40%, 0, 0, 20, 156.46, 1062868, 23212
6963, 0, 3491, 4036, 3752, 803, 17.40%, 0, 0, 20, 150.78, 1063636, 23212
6968, 0, 3491, 4040, 3756, 803, 17.40%, 0, 0, 20, 148.85, 1064393, 23213
6973, 0, 3491, 4049, 3765, 803, 17.40%, 0, 0, 20, 148.47, 1065163, 23215
6978, 0, 3491, 4050, 3766, 803, 17.41%, 0, 0, 20, 146.45, 1065903, 23218
6983, 0, 3491, 4051, 3767, 803, 17.41%, 0, 0, 20, 148.67, 1066657, 23218
6989, 0, 3491, 4053, 3769, 803, 17.41%, 0, 0, 20, 149.09, 1067419, 23218
6994, 0, 3491, 4057, 3773, 803, 17.41%, 0, 0, 20, 148.20, 1068179, 23230
6999, 0, 3491, 4061, 3777, 803, 17.41%, 0, 0, 20, 147.50, 1068931, 23230
7004, 0, 3491, 4065, 3781, 803, 17.42%, 0, 0, 20, 148.59, 1069689, 23232
7009, 0, 3491, 4065, 3781, 803, 17.42%, 0, 0, 20, 149.05, 1070439, 23232
7014, 0, 3491, 4067, 3783, 803, 17.42%, 0, 0, 20, 148.85, 1071189, 23232
7019, 0, 3491, 4069, 3785, 803, 17.42%, 0, 0, 20, 148.99, 1071945, 23233
7024, 0, 3491, 4072, 3788, 803, 17.42%, 0, 0, 20, 149.11, 1072699, 23233
7029, 0, 3491, 4076, 3792, 803, 17.42%, 0, 0, 20, 149.06, 1073451, 23239
7034, 0, 3491, 4078, 3794, 803, 17.42%, 0, 0, 20, 150.63, 1074212, 23239
7039, 0, 3822, 4080, 3795, 809, 17.42%, 0, 0, 20, 154.63, 1075004, 23239
7045, 0, 3822, 4080, 3795, 809, 17.42%, 0, 0, 20, 157.86, 1075820, 23239
7050, 0, 2371, 4080, 3794, 808, 17.42%, 0, 0, 20, 155.20, 1076607, 23239
7055, 0, 2371, 4081, 3795, 808, 17.42%, 0, 0, 20, 155.09, 1077392, 23239
7060, 0, 1659, 4081, 3794, 807, 17.42%, 0, 0, 20, 157.61, 1078183, 23239
7065, 0, 3847, 4082, 3794, 806, 17.42%, 0, 0, 20, 159.27, 1079013, 23239
7070, 0, 3847, 4082, 3794, 806, 17.42%, 0, 0, 20, 159.68, 1079830, 23239
7075, 0, 3905, 4084, 3795, 805, 17.42%, 0, 0, 20, 158.56, 1080646, 23241
7080, 0, 3905, 4085, 3796, 805, 17.43%, 0, 0, 20, 158.50, 1081471, 23247
7085, 0, 3905, 4086, 3797, 805, 17.43%, 0, 0, 20, 158.79, 1082269, 23247
7091, 0, 3905, 4086, 3797, 805, 17.43%, 0, 0, 20, 158.92, 1083094, 23247
7096, 0, 3905, 4087, 3798, 805, 17.43%, 0, 0, 20, 159.18, 1083919, 23247
7101, 0, 3905, 4089, 3800, 805, 17.43%, 0, 0, 20, 159.01, 1084744, 23247
7106, 0, 3905, 4089, 3800, 805, 17.43%, 0, 0, 20, 158.66, 1085569, 23247
7111, 0, 3905, 4089, 3800, 805, 17.43%, 0, 0, 20, 158.51, 1086394, 23247
7116, 0, 3905, 4091, 3802, 805, 17.43%, 0, 0, 20, 159.03, 1087192, 23249
7122, 0, 3905, 4092, 3803, 805, 17.43%, 0, 0, 20, 158.92, 1088017, 23249
7127, 0, 3905, 4092, 3803, 805, 17.43%, 0, 0, 20, 158.87, 1088842, 23249
7132, 0, 3905, 4094, 3805, 805, 17.43%, 0, 0, 20, 158.41, 1089634, 23252
7137, 0, 3905, 4094, 3805, 805, 17.43%, 0, 0, 20, 158.73, 1090459, 23252
7142, 0, 3905, 4095, 3806, 805, 17.43%, 0, 0, 20, 158.90, 1091284, 23253
7147, 0, 3905, 4096, 3807, 805, 17.43%, 0, 0, 20, 158.52, 1092079, 23254
7152, 0, 3905, 4096, 3807, 805, 17.43%, 0, 0, 20, 158.72, 1092904, 23254
7158, 0, 3905, 4096, 3807, 805, 17.43%, 0, 0, 20, 158.55, 1093722, 23254
7163, 0, 3432, 4096, 3806, 807, 17.43%, 0, 0, 20, 158.66, 1094539, 23254
7168, 0, 3432, 4097, 3807, 807, 17.43%, 0, 0, 20, 158.73, 1095334, 23254
7173, 0, 2906, 4097, 3805, 805, 17.43%, 0, 0, 20, 159.45, 1096153, 23254
7178, 0, 2906, 4097, 3805, 805, 17.43%, 0, 0, 20, 159.03, 1096977, 23254
7183, 0, 1209, 4098, 3805, 804, 17.43%, 0, 0, 20, 157.70, 1097782, 23254
7188, 0, 3279, 4099, 3805, 803, 17.43%, 0, 0, 20, 157.72, 1098575, 23254
7193, 0, 3279, 4099, 3805, 803, 17.43%, 0, 0, 20, 158.95, 1099399, 23254
7198, 0, 3748, 4099, 3804, 802, 17.43%, 0, 0, 20, 158.53, 1100209, 23254
7204, 0, 3748, 4103, 3808, 802, 17.43%, 0, 0, 20, 159.04, 1101014, 23254
7209, 0, 3748, 4107, 3812, 802, 17.43%, 0, 0, 20, 158.97, 1101818, 23256
7214, 0, 3748, 4107, 3812, 802, 17.43%, 0, 0, 20, 159.05, 1102638, 23256
7219, 0, 3870, 4108, 3812, 803, 17.44%, 0, 0, 20, 158.90, 1103455, 23258
7224, 0, 3870, 4108, 3812, 803, 17.44%, 0, 0, 20, 159.04, 1104273, 23258
7229, 0, 2291, 4108, 3811, 802, 17.44%, 0, 0, 20, 159.10, 1105089, 23258
7234, 0, 4092, 4108, 3810, 801, 17.44%, 0, 0, 20, 159.19, 1105917, 23258
7239, 0, 4092, 4109, 3811, 801, 17.44%, 0, 0, 20, 159.07, 1106734, 23260
7245, 0, 3691, 4109, 3810, 801, 17.44%, 0, 0, 20, 159.11, 1107555, 23260
7250, 0, 3691, 4111, 3812, 801, 17.44%, 0, 0, 20, 159.08, 1108359, 23263
7255, 0, 1598, 4111, 3810, 801, 17.44%, 0, 0, 20, 159.00, 1109181, 23263
7260, 0, 3015, 4111, 3809, 800, 17.44%, 0, 0, 20, 153.52, 1109949, 23263
7265, 0, 4109, 4112, 3809, 799, 17.44%, 0, 0, 20, 154.54, 1110743, 23265
7270, 0, 4109, 4112, 3809, 799, 17.44%, 0, 0, 20, 158.52, 1111568, 23265
7275, 0, 4109, 4112, 3809, 799, 17.44%, 0, 0, 20, 158.47, 1112386, 23265
7281, 0, 3694, 4112, 3808, 798, 17.44%, 0, 0, 20, 159.20, 1113205, 23265
7286, 0, 3694, 4112, 3808, 798, 17.44%, 0, 0, 20, 159.25, 1114014, 23265
7291, 0, 1873, 4112, 3807, 797, 17.44%, 0, 0, 20, 154.02, 1114805, 23265
7296, 0, 1873, 4120, 3815, 797, 17.45%, 0, 0, 20, 154.30, 1115598, 23284
7301, 0, 1873, 4124, 3819, 797, 17.46%, 0, 0, 20, 155.02, 1116405, 23291
7306, 0, 1873, 4124, 3819, 797, 17.46%, 0, 0, 20, 155.17, 1117197, 23291
7311, 0, 1873, 4125, 3820, 797, 17.46%, 0, 0, 20, 155.33, 1117989, 23292
7316, 0, 1873, 4127, 3822, 797, 17.46%, 0, 0, 20, 155.07, 1118784, 23292
7322, 0, 1873, 4128, 3823, 797, 17.46%, 0, 0, 20, 154.95, 1119576, 23294
7327, 0, 1873, 4129, 3824, 797, 17.46%, 0, 0, 20, 155.00, 1120368, 23294
7332, 0, 1873, 4129, 3824, 797, 17.46%, 0, 0, 20, 155.01, 1121157, 23294
7337, 0, 1873, 4130, 3825, 797, 17.46%, 0, 0, 20, 154.98, 1121961, 23294
7342, 0, 1873, 4130, 3825, 797, 17.46%, 0, 0, 20, 154.69, 1122747, 23294
7347, 0, 1873, 4130, 3825, 797, 17.46%, 0, 0, 20, 155.13, 1123539, 23294
7352, 0, 1873, 4131, 3826, 797, 17.46%, 0, 0, 20, 154.55, 1124328, 23294
7357, 0, 1873, 4133, 3828, 797, 17.46%, 0, 0, 20, 154.87, 1125126, 23294
7363, 0, 1873, 4134, 3829, 797, 17.46%, 0, 0, 20, 154.95, 1125918, 23294
7368, 0, 1873, 4134, 3829, 797, 17.46%, 0, 0, 20, 154.91, 1126710, 23294
7373, 0, 1873, 4135, 3830, 797, 17.46%, 0, 0, 20, 154.89, 1127502, 23294
7378, 0, 1873, 4136, 3831, 797, 17.46%, 0, 0, 20, 152.71, 1128290, 23294
7383, 0, 3655, 4137, 3831, 804, 17.47%, 0, 0, 20, 157.34, 1129087, 23298
7388, 0, 3630, 4137, 3830, 803, 17.47%, 0, 0, 20, 157.97, 1129898, 23298
7393, 0, 3630, 4139, 3832, 803, 17.47%, 0, 0, 20, 158.86, 1130722, 23298
7398, 0, 3630, 4142, 3835, 803, 17.47%, 0, 0, 20, 159.10, 1131535, 23298
7404, 0, 3630, 4142, 3835, 803, 17.47%, 0, 0, 20, 158.91, 1132360, 23298
7409, 0, 3630, 4143, 3836, 803, 17.47%, 0, 0, 20, 158.99, 1133185, 23298
7414, 0, 3630, 4145, 3838, 803, 17.47%, 0, 0, 20, 158.96, 1133980, 23298
7419, 0, 3630, 4146, 3839, 803, 17.47%, 0, 0, 20, 159.05, 1134805, 23298
7424, 0, 3630, 4146, 3839, 803, 17.47%, 0, 0, 20, 159.01, 1135630, 23298
7429, 0, 3630, 4146, 3839, 803, 17.47%, 0, 0, 20, 159.27, 1136455, 23298
7434, 0, 3630, 4147, 3840, 803, 17.47%, 0, 0, 20, 159.16, 1137256, 23298
7440, 0, 3630, 4148, 3841, 803, 17.47%, 0, 0, 20, 158.90, 1138081, 23298
7445, 0, 3630, 4148, 3841, 803, 17.47%, 0, 0, 20, 158.94, 1138906, 23298
7450, 0, 3630, 4148, 3841, 803, 17.47%, 0, 0, 20, 159.29, 1139731, 23298
7455, 0, 3630, 4148, 3841, 803, 17.47%, 0, 0, 20, 159.09, 1140556, 23298
7460, 0, 3630, 4148, 3841, 803, 17.47%, 0, 0, 20, 158.99, 1141381, 23298
7465, 0, 3630, 4148, 3841, 803, 17.47%, 0, 0, 20, 158.97, 1142206, 23298
7471, 0, 3630, 4149, 3842, 803, 17.47%, 0, 0, 20, 158.98, 1143031, 23298
7476, 0, 3417, 4149, 3841, 802, 17.47%, 0, 0, 20, 157.94, 1143840, 23298
7481, 0, 3417, 4149, 3841, 802, 17.47%, 0, 0, 20, 158.86, 1144664, 23298
7486, 0, 2678, 4149, 3840, 801, 17.47%, 0, 0, 20, 158.29, 1145477, 23298
7491, 0, 841, 4149, 3839, 800, 17.47%, 0, 0, 20, 158.74, 1146270, 23298
7496, 0, 1137, 4149, 3838, 799, 17.47%, 0, 0, 20, 158.73, 1147095, 23298
7502, 0, 1382, 4149, 3836, 797, 17.47%, 0, 0, 20, 158.44, 1147921, 23298
7507, 0, 3498, 4150, 3836, 797, 17.47%, 0, 0, 20, 154.36, 1148706, 23300
7512, 0, 3498, 4150, 3836, 797, 17.47%, 0, 0, 20, 157.94, 1149528, 23300
7517, 0, 3729, 4151, 3836, 796, 17.48%, 0, 0, 20, 157.89, 1150318, 23321
7522, 0, 3729, 4152, 3837, 796, 17.48%, 0, 0, 20, 158.46, 1151143, 23321
7527, 0, 2497, 4152, 3836, 795, 17.48%, 0, 0, 20, 158.76, 1151952, 23321
7532, 0, 2497, 4152, 3836, 795, 17.48%, 0, 0, 20, 158.91, 1152750, 23321
7537, 0, 3774, 4152, 3835, 794, 17.48%, 0, 0, 20, 158.24, 1153550, 23321
7542, 0, 1682, 4153, 3835, 793, 17.49%, 0, 0, 20, 158.74, 1154346, 23336
7547, 0, 1682, 4165, 3847, 793, 17.50%, 0, 0, 20, 158.91, 1155174, 23348
7553, 0, 1682, 4168, 3850, 793, 17.50%, 0, 0, 20, 159.15, 1155999, 23350
7558, 0, 1682, 4168, 3850, 793, 17.50%, 0, 0, 20, 159.29, 1156824, 23350
7563, 0, 1682, 4168, 3850, 793, 17.50%, 0, 0, 20, 159.32, 1157649, 23350
7568, 0, 1682, 4169, 3851, 793, 17.50%, 0, 0, 20, 159.32, 1158474, 23350
7573, 0, 1682, 4169, 3851, 793, 17.50%, 0, 0, 20, 159.34, 1159299, 23350
7579, 0, 1682, 4169, 3851, 793, 17.50%, 0, 0, 20, 159.40, 1160124, 23350
7584, 0, 1682, 4169, 3851, 793, 17.50%, 0, 0, 20, 159.40, 1160949, 23350
7589, 0, 1682, 4169, 3851, 793, 17.50%, 0, 0, 20, 159.40, 1161774, 23350
7594, 0, 1682, 4171, 3853, 793, 17.50%, 0, 0, 20, 159.39, 1162599, 23350
7599, 0, 1682, 4171, 3853, 793, 17.50%, 0, 0, 20, 159.45, 1163424, 23350
7604, 0, 1682, 4171, 3853, 793, 17.50%, 0, 0, 20, 159.24, 1164249, 23350
7610, 0, 1682, 4173, 3855, 793, 17.51%, 0, 0, 20, 159.29, 1165074, 23363
7615, 0, 1682, 4173, 3855, 793, 17.51%, 0, 0, 20, 159.44, 1165899, 23363
7620, 0, 1682, 4173, 3855, 793, 17.51%, 0, 0, 20, 159.60, 1166724, 23363
7625, 0, 1682, 4173, 3855, 793, 17.51%, 0, 0, 20, 159.47, 1167552, 23363
7630, 0, 3843, 4174, 3855, 797, 17.51%, 0, 0, 20, 159.06, 1168375, 23363
7635, 0, 3843, 4174, 3855, 797, 17.51%, 0, 0, 20, 159.14, 1169191, 23363
7641, 0, 3558, 4174, 3854, 796, 17.51%, 0, 0, 20, 159.09, 1170009, 23363
7646, 0, 1709, 4174, 3853, 795, 17.51%, 0, 0, 20, 158.61, 1170835, 23363
7651, 0, 930, 4174, 3852, 794, 17.51%, 0, 0, 20, 158.39, 1171632, 23363
7656, 0, 4160, 4175, 3852, 794, 17.51%, 0, 0, 20, 158.86, 1172457, 23363
7661, 0, 734, 4175, 3851, 793, 17.51%, 0, 0, 20, 159.47, 1173286, 23363
7666, 0, 2569, 4175, 3850, 792, 17.51%, 0, 0, 20, 159.44, 1174111, 23363
7671, 0, 2569, 4176, 3851, 792, 17.51%, 0, 0, 20, 154.83, 1174897, 23363
7677, 0, 1765, 4176, 3850, 791, 17.51%, 0, 0, 20, 155.82, 1175687, 23363
7682, 0, 1765, 4176, 3850, 791, 17.51%, 0, 0, 20, 152.57, 1176466, 23363
7687, 0, 3312, 4177, 3850, 790, 17.51%, 0, 0, 20, 156.53, 1177258, 23363
7692, 0, 3312, 4177, 3850, 790, 17.51%, 0, 0, 20, 158.51, 1178063, 23363
7697, 0, 1753, 4177, 3849, 789, 17.51%, 0, 0, 20, 157.88, 1178858, 23363
7702, 0, 1753, 4180, 3852, 789, 17.52%, 0, 0, 20, 157.40, 1179650, 23371
7707, 0, 1753, 4182, 3854, 789, 17.52%, 0, 0, 20, 157.29, 1180445, 23371
7712, 0, 1753, 4182, 3854, 789, 17.52%, 0, 0, 20, 157.27, 1181237, 23371
7717, 0, 1753, 4182, 3854, 789, 17.52%, 0, 0, 20, 156.91, 1182029, 23371
7722, 0, 1753, 4184, 3856, 789, 17.52%, 0, 0, 20, 157.32, 1182836, 23373
7727, 0, 1753, 4185, 3857, 789, 17.52%, 0, 0, 20, 157.11, 1183628, 23373
7732, 0, 1753, 4186, 3858, 789, 17.52%, 0, 0, 20, 157.19, 1184432, 23373
7737, 0, 1753, 4186, 3858, 789, 17.52%, 0, 0, 20, 157.37, 1185224, 23373
7742, 0, 1753, 4187, 3859, 789, 17.52%, 0, 0, 20, 157.20, 1186016, 23373
7747, 0, 1753, 4187, 3859, 789, 17.52%, 0, 0, 20, 156.87, 1186808, 23373
7752, 0, 1753, 4190, 3862, 789, 17.52%, 0, 0, 20, 157.21, 1187609, 23375
7758, 0, 1753, 4191, 3863, 789, 17.52%, 0, 0, 20, 157.17, 1188413, 23375
7763, 0, 1753, 4192, 3864, 789, 17.52%, 0, 0, 20, 156.87, 1189205, 23375
7768, 0, 1753, 4192, 3864, 789, 17.52%, 0, 0, 20, 157.18, 1189997, 23375
7773, 0, 1753, 4194, 3866, 789, 17.52%, 0, 0, 20, 156.80, 1190795, 23375
7778, 0, 1753, 4196, 3868, 789, 17.53%, 0, 0, 20, 156.93, 1191596, 23381
7783, 0, 1753, 4197, 3869, 789, 17.53%, 0, 0, 20, 157.09, 1192385, 23381
7788, 0, 3387, 4197, 3868, 792, 17.53%, 0, 0, 20, 158.55, 1193208, 23381
7793, 0, 3277, 4197, 3867, 791, 17.53%, 0, 0, 20, 159.16, 1194020, 23381
7798, 0, 3277, 4197, 3867, 791, 17.53%, 0, 0, 20, 159.11, 1194845, 23381
7804, 0, 3277, 4198, 3868, 791, 17.53%, 0, 0, 20, 158.98, 1195670, 23381
7809, 0, 3277, 4198, 3868, 791, 17.53%, 0, 0, 20, 158.69, 1196495, 23381
7814, 0, 3277, 4200, 3870, 791, 17.53%, 0, 0, 20, 159.02, 1197320, 23381
7819, 0, 3277, 4201, 3871, 791, 17.53%, 0, 0, 20, 159.01, 1198145, 23381
7824, 0, 3277, 4201, 3871, 791, 17.53%, 0, 0, 20, 158.94, 1198970, 23381
7829, 0, 3277, 4202, 3872, 791, 17.53%, 0, 0, 20, 159.09, 1199795, 23382
7835, 0, 3277, 4202, 3872, 791, 17.53%, 0, 0, 20, 159.21, 1200620, 23382
7840, 0, 3277, 4203, 3873, 791, 17.53%, 0, 0, 20, 158.93, 1201445, 23382
7845, 0, 3277, 4203, 3873, 791, 17.53%, 0, 0, 20, 158.64, 1202238, 23382
7850, 0, 3277, 4203, 3873, 791, 17.53%, 0, 0, 20, 158.56, 1203033, 23382
7855, 0, 3277, 4203, 3873, 791, 17.53%, 0, 0, 20, 158.72, 1203829, 23382
7860, 0, 3277, 4203, 3873, 791, 17.53%, 0, 0, 20, 158.57, 1204624, 23382
7865, 0, 3840, 4203, 3873, 790, 17.53%, 0, 0, 20, 158.80, 1205449, 23382
7870, 0, 3840, 4203, 3873, 790, 17.53%, 0, 0, 20, 159.05, 1206261, 23382
7875, 0, 2551, 4204, 3873, 789, 17.53%, 0, 0, 20, 154.91, 1207050, 23382
7880, 0, 2551, 4208, 3877, 789, 17.53%, 0, 0, 20, 156.45, 1207851, 23382
7886, 0, 2551, 4210, 3879, 789, 17.53%, 0, 0, 20, 156.73, 1208643, 23385
7891, 0, 2551, 4210, 3879, 789, 17.53%, 0, 0, 20, 156.90, 1209435, 23385
7896, 0, 2551, 4212, 3881, 789, 17.53%, 0, 0, 20, 157.03, 1210227, 23386
7901, 0, 2551, 4213, 3882, 789, 17.53%, 0, 0, 20, 156.48, 1211016, 23386
7906, 0, 2551, 4215, 3884, 789, 17.54%, 0, 0, 20, 156.54, 1211817, 23403
7911, 0, 2551, 4218, 3887, 789, 17.55%, 0, 0, 20, 156.49, 1212606, 23407
7916, 0, 2551, 4219, 3888, 789, 17.55%, 0, 0, 20, 156.46, 1213404, 23408
7921, 0, 2551, 4221, 3890, 789, 17.55%, 0, 0, 20, 157.13, 1214196, 23409
7926, 0, 2551, 4222, 3891, 789, 17.55%, 0, 0, 20, 157.22, 1214988, 23409
7931, 0, 2551, 4222, 3891, 789, 17.55%, 0, 0, 20, 157.23, 1215780, 23409
7936, 0, 2551, 4222, 3891, 789, 17.55%, 0, 0, 20, 156.97, 1216572, 23409
7941, 0, 2551, 4223, 3892, 789, 17.55%, 0, 0, 20, 156.95, 1217364, 23413
7946, 0, 2551, 4224, 3893, 789, 17.55%, 0, 0, 20, 156.94, 1218156, 23417
7951, 0, 2551, 4226, 3895, 789, 17.55%, 0, 0, 20, 156.92, 1218954, 23417
7956, 0, 2551, 4226, 3895, 789, 17.55%, 0, 0, 20, 157.18, 1219746, 23417
7961, 0, 3845, 4226, 3894, 798, 17.55%, 0, 0, 20, 157.04, 1220540, 23417
7967, 0, 3845, 4227, 3895, 798, 17.55%, 0, 0, 20, 158.56, 1221364, 23417
7972, 0, 3845, 4227, 3895, 798, 17.55%, 0, 0, 20, 159.02, 1222175, 23417
7977, 0, 3057, 4227, 3894, 797, 17.55%, 0, 0, 20, 157.45, 1222967, 23417
7982, 0, 2466, 4227, 3893, 796, 17.55%, 0, 0, 20, 156.50, 1223759, 23417
7987, 0, 4022, 4227, 3892, 795, 17.55%, 0, 0, 20, 157.61, 1224551, 23417
7992, 0, 4022, 4227, 3892, 795, 17.55%, 0, 0, 20, 158.32, 1225367, 23417
7997, 0, 2002, 4228, 3892, 794, 17.55%, 0, 0, 20, 158.57, 1226186, 23417
8002, 0, 3896, 4228, 3891, 793, 17.55%, 0, 0, 20, 158.81, 1226983, 23417
8007, 0, 3896, 4228, 3891, 793, 17.55%, 0, 0, 20, 158.11, 1227785, 23417
8012, 0, 3455, 4232, 3894, 792, 17.56%, 0, 0, 20, 157.72, 1228579, 23424
8017, 0, 3455, 4235, 3897, 792, 17.56%, 0, 0, 20, 157.68, 1229371, 23429
8022, 0, 3455, 4236, 3898, 792, 17.56%, 0, 0, 20, 157.80, 1230163, 23429
8027, 0, 3455, 4236, 3898, 792, 17.56%, 0, 0, 20, 158.24, 1230955, 23429
8032, 0, 3455, 4237, 3899, 792, 17.57%, 0, 0, 20, 158.05, 1231747, 23431
8037, 0, 3455, 4239, 3901, 792, 17.60%, 0, 0, 20, 157.80, 1232560, 23483
8043, 0, 3455, 4239, 3901, 792, 17.60%, 0, 0, 20, 158.06, 1233382, 23483
8048, 0, 3455, 4239, 3901, 792, 17.60%, 0, 0, 20, 158.02, 1234174, 23483
8053, 0, 3455, 4240, 3902, 792, 17.61%, 0, 0, 20, 157.95, 1234975, 23487
8058, 0, 3455, 4243, 3905, 792, 17.61%, 0, 0, 20, 158.33, 1235779, 23490
8063, 0, 3455, 4244, 3906, 792, 17.61%, 0, 0, 20, 158.39, 1236580, 23492
8068, 0, 3455, 4245, 3907, 792, 17.61%, 0, 0, 20, 157.89, 1237372, 23493
8073, 0, 3455, 4245, 3907, 792, 17.61%, 0, 0, 20, 158.32, 1238197, 23493
8078, 0, 3455, 4245, 3907, 792, 17.61%, 0, 0, 20, 158.51, 1239022, 23493
8083, 0, 3455, 4245, 3907, 792, 17.61%, 0, 0, 20, 158.13, 1239814, 23493
8089, 0, 3455, 4246, 3908, 792, 17.61%, 0, 0, 20, 158.44, 1240651, 23497
8094, 0, 3455, 4246, 3908, 792, 17.61%, 0, 0, 20, 157.37, 1241473, 23497
8099, 0, 3389, 4247, 3908, 801, 17.62%, 0, 0, 20, 157.16, 1242250, 23498
8104, 0, 3389, 4247, 3908, 801, 17.62%, 0, 0, 20, 158.76, 1243063, 23498
8109, 0, 1646, 4247, 3907, 800, 17.62%, 0, 0, 20, 159.35, 1243887, 23498
8114, 0, 2093, 4247, 3906, 799, 17.62%, 0, 0, 20, 152.84, 1244657, 23498
8119, 0, 2093, 4247, 3906, 799, 17.62%, 0, 0, 20, 154.50, 1245457, 23498
8124, 0, 2668, 4248, 3906, 798, 17.62%, 0, 0, 20, 156.10, 1246247, 23498
8130, 0, 2840, 4248, 3904, 797, 17.62%, 0, 0, 20, 158.51, 1247069, 23498
8135, 0, 2840, 4249, 3905, 797, 17.62%, 0, 0, 20, 158.41, 1247868, 23498
8140, 0, 3765, 4249, 3904, 796, 17.62%, 0, 0, 20, 158.20, 1248665, 23498
8145, 0, 3851, 4251, 3905, 797, 17.62%, 0, 0, 20, 158.14, 1249457, 23500
8150, 0, 3851, 4251, 3905, 797, 17.62%, 0, 0, 20, 158.93, 1250274, 23500
8155, 0, 2403, 4251, 3904, 796, 17.62%, 0, 0, 20, 159.57, 1251092, 23500
8160, 0, 4118, 4251, 3903, 795, 17.62%, 0, 0, 20, 157.84, 1251896, 23500
8165, 0, 4118, 4251, 3903, 795, 17.62%, 0, 0, 20, 155.65, 1252687, 23500
8170, 0, 3546, 4251, 3902, 794, 17.62%, 0, 0, 20, 157.16, 1253481, 23500
8175, 0, 3546, 4251, 3902, 794, 17.62%, 0, 0, 20, 158.09, 1254284, 23500
8180, 0, 3849, 4252, 3902, 793, 17.62%, 0, 0, 20, 158.89, 1255081, 23501
8185, 0, 3849, 4254, 3904, 793, 17.62%, 0, 0, 20, 158.94, 1255876, 23505
8190, 0, 3849, 4254, 3904, 793, 17.62%, 0, 0, 20, 159.09, 1256701, 23505
8196, 0, 3849, 4255, 3905, 793, 17.62%, 0, 0, 20, 159.06, 1257526, 23505
8201, 0, 3849, 4255, 3905, 793, 17.62%, 0, 0, 20, 159.00, 1258351, 23505
8206, 0, 3849, 4255, 3905, 793, 17.62%, 0, 0, 20, 158.83, 1259176, 23505
8211, 0, 3849, 4255, 3905, 793, 17.62%, 0, 0, 20, 158.94, 1260001, 23505
8216, 0, 3849, 4255, 3905, 793, 17.62%, 0, 0, 20, 158.66, 1260826, 23505
8222, 0, 3849, 4255, 3905, 793, 17.62%, 0, 0, 20, 158.86, 1261642, 23505
8227, 0, 2901, 4255, 3903, 793, 17.62%, 0, 0, 20, 158.65, 1262463, 23505
8232, 0, 2901, 4257, 3905, 793, 17.62%, 0, 0, 20, 157.97, 1263266, 23508
8237, 0, 2901, 4259, 3907, 793, 17.62%, 0, 0, 20, 158.46, 1264064, 23509
8242, 0, 2901, 4259, 3907, 793, 17.62%, 0, 0, 20, 157.90, 1264856, 23509
8247, 0, 2901, 4259, 3907, 793, 17.62%, 0, 0, 20, 158.36, 1265681, 23509
8252, 0, 2901, 4260, 3908, 793, 17.62%, 0, 0, 20, 158.54, 1266476, 23509
8257, 0, 2901, 4260, 3908, 793, 17.62%, 0, 0, 20, 158.66, 1267301, 23509
8262, 0, 2901, 4260, 3908, 793, 17.62%, 0, 0, 20, 158.26, 1268093, 23509
8267, 0, 2901, 4262, 3910, 793, 17.63%, 0, 0, 20, 156.76, 1268885, 23513
8273, 0, 2901, 4263, 3911, 793, 17.63%, 0, 0, 20, 158.27, 1269710, 23513
8278, 0, 2901, 4263, 3911, 793, 17.63%, 0, 0, 20, 158.57, 1270535, 23513
8283, 0, 2901, 4264, 3912, 793, 17.63%, 0, 0, 20, 158.81, 1271360, 23513
8288, 0, 2901, 4264, 3912, 793, 17.63%, 0, 0, 20, 158.81, 1272185, 23513
8293, 0, 3346, 4264, 3911, 796, 17.63%, 0, 0, 20, 158.51, 1272989, 23513
8298, 0, 3346, 4264, 3911, 796, 17.63%, 0, 0, 20, 158.98, 1273789, 23513
8303, 0, 4238, 4264, 3910, 795, 17.63%, 0, 0, 20, 157.94, 1274585, 23513
8308, 0, 2514, 4264, 3909, 794, 17.63%, 0, 0, 20, 158.19, 1275392, 23513
8313, 0, 2514, 4265, 3910, 794, 17.63%, 0, 0, 20, 156.82, 1276185, 23513
8319, 0, 2514, 4266, 3911, 794, 17.63%, 0, 0, 20, 156.83, 1276981, 23513
8324, 0, 3372, 4266, 3910, 793, 17.63%, 0, 0, 20, 158.47, 1277776, 23513
8329, 0, 3318, 4266, 3909, 792, 17.63%, 0, 0, 20, 159.36, 1278583, 23513
8334, 0, 3677, 4266, 3908, 791, 17.63%, 0, 0, 20, 159.40, 1279390, 23513
8339, 0, 3677, 4268, 3910, 791, 17.63%, 0, 0, 20, 159.30, 1280193, 23523
8344, 0, 3677, 4268, 3910, 791, 17.63%, 0, 0, 20, 159.31, 1281018, 23523
8349, 0, 3948, 4268, 3909, 792, 17.63%, 0, 0, 20, 155.38, 1281807, 23523
8354, 0, 3948, 4268, 3909, 792, 17.63%, 0, 0, 20, 158.30, 1282623, 23523
8359, 0, 3766, 4268, 3908, 791, 17.63%, 0, 0, 20, 159.52, 1283439, 23523
8364, 0, 1778, 4268, 3907, 790, 17.63%, 0, 0, 20, 159.98, 1284267, 23523
8370, 0, 1778, 4269, 3908, 790, 17.63%, 0, 0, 20, 160.02, 1285092, 23523
8375, 0, 3271, 4272, 3910, 789, 17.63%, 0, 0, 20, 116.61, 1285685, 23523
8380, 0, 3271, 4272, 3910, 789, 17.63%, 0, 0, 20, 94.93, 1286131, 23523
8385, 0, 3543, 4272, 3909, 788, 17.63%, 0, 0, 20, 132.05, 1286813, 23523
8390, 0, 3543, 4275, 3912, 788, 17.63%, 0, 0, 20, 151.05, 1287625, 23524
8395, 0, 3543, 4276, 3913, 788, 17.64%, 0, 0, 20, 154.89, 1288417, 23525
8400, 0, 3543, 4278, 3915, 788, 17.64%, 0, 0, 20, 155.70, 1289215, 23532
8405, 0, 3543, 4281, 3918, 788, 17.65%, 0, 0, 20, 155.56, 1290013, 23538
8410, 0, 3543, 4281, 3918, 788, 17.65%, 0, 0, 20, 155.75, 1290805, 23538
8416, 0, 3543, 4281, 3918, 788, 17.65%, 0, 0, 20, 156.01, 1291597, 23538
8421, 0, 3543, 4283, 3920, 788, 17.65%, 0, 0, 20, 155.61, 1292389, 23539
8426, 0, 3543, 4285, 3922, 788, 17.65%, 0, 0, 20, 155.80, 1293178, 23539
8431, 0, 3543, 4286, 3923, 788, 17.65%, 0, 0, 20, 155.78, 1293982, 23539
8436, 0, 3543, 4287, 3924, 788, 17.65%, 0, 0, 20, 155.70, 1294774, 23539
8441, 0, 3543, 4287, 3924, 788, 17.65%, 0, 0, 20, 156.01, 1295566, 23539
8446, 0, 3543, 4288, 3925, 788, 17.65%, 0, 0, 20, 155.91, 1296364, 23539
8451, 0, 3543, 4290, 3927, 788, 17.65%, 0, 0, 20, 157.00, 1297167, 23539
8456, 0, 3625, 4290, 3926, 792, 17.65%, 0, 0, 20, 158.42, 1297990, 23539
8462, 0, 3353, 4290, 3925, 791, 17.65%, 0, 0, 20, 158.72, 1298802, 23539
8467, 0, 3353, 4290, 3925, 791, 17.65%, 0, 0, 20, 158.39, 1299607, 23539
8472, 0, 2368, 4290, 3924, 790, 17.65%, 0, 0, 20, 157.17, 1300401, 23539
8477, 0, 2368, 4292, 3926, 790, 17.65%, 0, 0, 20, 157.28, 1301189, 23539
8482, 0, 4094, 4293, 3926, 790, 17.65%, 0, 0, 20, 158.64, 1301987, 23541
8487, 0, 4094, 4293, 3926, 790, 17.65%, 0, 0, 20, 159.08, 1302801, 23541
8492, 0, 3308, 4294, 3926, 791, 17.65%, 0, 0, 20, 158.70, 1303620, 23543
8497, 0, 678, 4294, 3925, 790, 17.65%, 0, 0, 20, 158.80, 1304421, 23543
8502, 0, 678, 4294, 3925, 790, 17.65%, 0, 0, 20, 159.34, 1305245, 23543
8507, 0, 1072, 4294, 3923, 788, 17.65%, 0, 0, 20, 158.77, 1306071, 23543
8512, 0, 1312, 4294, 3922, 787, 17.65%, 0, 0, 20, 157.85, 1306865, 23543
8518, 0, 4198, 4294, 3921, 786, 17.65%, 0, 0, 20, 158.01, 1307683, 23543
8523, 0, 4198, 4295, 3922, 786, 17.65%, 0, 0, 20, 158.72, 1308506, 23543
8528, 0, 3142, 4295, 3921, 785, 17.65%, 0, 0, 20, 157.82, 1309317, 23543
8533, 0, 3142, 4296, 3922, 785, 17.65%, 0, 0, 20, 156.59, 1310112, 23543
8538, 0, 1577, 4296, 3921, 784, 17.65%, 0, 0, 20, 158.11, 1310905, 23543
8543, 0, 1933, 4296, 3920, 783, 17.65%, 0, 0, 20, 159.22, 1311734, 23543
8548, 0, 1933, 4296, 3920, 783, 17.65%, 0, 0, 20, 159.32, 1312561, 23543
8554, 0, 2814, 4296, 3919, 782, 17.65%, 0, 0, 20, 160.18, 1313388, 23543
8559, 0, 3861, 4296, 3918, 781, 17.65%, 0, 0, 20, 157.27, 1314189, 23543
8564, 0, 3861, 4296, 3918, 781, 17.65%, 0, 0, 20, 151.43, 1314946, 23543
8569, 0, 2857, 4297, 3918, 780, 17.65%, 0, 0, 20, 156.33, 1315751, 23543
8574, 0, 2857, 4317, 3938, 780, 17.67%, 0, 0, 20, 157.50, 1316554, 23570
8579, 0, 2857, 4323, 3944, 780, 17.67%, 0, 0, 20, 158.37, 1317352, 23572
8584, 0, 2857, 4326, 3947, 780, 17.67%, 0, 0, 20, 158.28, 1318171, 23575
8589, 0, 2857, 4329, 3950, 780, 17.67%, 0, 0, 20, 158.55, 1318984, 23575
8594, 0, 2857, 4334, 3955, 780, 17.67%, 0, 0, 20, 158.65, 1319779, 23576
8599, 0, 2857, 4335, 3956, 780, 17.67%, 0, 0, 20, 158.42, 1320604, 23576
8604, 0, 2857, 4337, 3958, 780, 17.67%, 0, 0, 20, 158.59, 1321405, 23576
8609, 0, 2857, 4339, 3960, 780, 17.67%, 0, 0, 20, 158.51, 1322200, 23576
8614, 0, 2857, 4342, 3963, 780, 17.68%, 0, 0, 20, 158.77, 1322995, 23578
8620, 0, 2857, 4344, 3965, 780, 17.68%, 0, 0, 20, 158.80, 1323820, 23578
8625, 0, 2857, 4346, 3967, 780, 17.68%, 0, 0, 20, 158.56, 1324615, 23578
8630, 0, 2857, 4348, 3969, 780, 17.68%, 0, 0, 20, 158.50, 1325440, 23578
8635, 0, 2857, 4349, 3970, 780, 17.68%, 0, 0, 20, 158.39, 1326272, 23578
8640, 0, 3602, 4349, 3969, 794, 17.68%, 0, 0, 20, 158.60, 1327064, 23578
8645, 0, 3602, 4349, 3969, 794, 17.68%, 0, 0, 20, 159.05, 1327880, 23578
8650, 0, 2406, 4351, 3970, 793, 17.68%, 0, 0, 20, 158.78, 1328700, 23581
8656, 0, 2406, 4352, 3971, 793, 17.68%, 0, 0, 20, 158.56, 1329525, 23582
8661, 0, 2406, 4352, 3971, 793, 17.68%, 0, 0, 20, 158.59, 1330350, 23582
8666, 0, 2406, 4352, 3971, 793, 17.68%, 0, 0, 20, 158.09, 1331145, 23582
8671, 0, 3876, 4353, 3971, 796, 17.68%, 0, 0, 20, 158.08, 1331942, 23583
8676, 0, 3876, 4354, 3972, 796, 17.68%, 0, 0, 20, 158.85, 1332763, 23585
8681, 0, 3607, 4356, 3973, 796, 17.68%, 0, 0, 20, 158.60, 1333561, 23586
8686, 0, 3607, 4356, 3973, 796, 17.68%, 0, 0, 20, 159.09, 1334386, 23586
8691, 0, 3607, 4356, 3973, 796, 17.68%, 0, 0, 20, 159.23, 1335202, 23586
8697, 0, 4145, 4356, 3971, 796, 17.68%, 0, 0, 20, 158.56, 1336020, 23586
8702, 0, 4145, 4358, 3973, 796, 17.68%, 0, 0, 20, 157.67, 1336818, 23586
8707, 0, 4354, 4361, 3975, 795, 17.68%, 0, 0, 20, 158.75, 1337642, 23586
8712, 0, 4354, 4363, 3977, 795, 17.68%, 0, 0, 20, 158.99, 1338467, 23589
8717, 0, 4354, 4364, 3978, 795, 17.68%, 0, 0, 20, 159.26, 1339265, 23589
8722, 0, 4354, 4365, 3979, 795, 17.68%, 0, 0, 20, 159.24, 1340066, 23589
8727, 0, 4354, 4365, 3979, 795, 17.68%, 0, 0, 20, 159.23, 1340891, 23589
8732, 0, 4354, 4366, 3980, 795, 17.68%, 0, 0, 20, 159.24, 1341716, 23589
8738, 0, 4354, 4368, 3982, 795, 17.68%, 0, 0, 20, 159.12, 1342517, 23589
8743, 0, 4354, 4369, 3983, 795, 17.68%, 0, 0, 20, 159.04, 1343342, 23589
8748, 0, 4354, 4369, 3983, 795, 17.68%, 0, 0, 20, 159.32, 1344167, 23589
8753, 0, 4354, 4369, 3983, 795, 17.68%, 0, 0, 20, 159.38, 1344992, 23589
8758, 0, 4354, 4369, 3983, 795, 17.68%, 0, 0, 20, 159.24, 1345817, 23589
8763, 0, 4354, 4369, 3983, 795, 17.68%, 0, 0, 20, 159.12, 1346642, 23589
8769, 0, 4354, 4370, 3984, 795, 17.68%, 0, 0, 20, 159.20, 1347467, 23589
8774, 0, 4354, 4370, 3984, 795, 17.68%, 0, 0, 20, 158.55, 1348292, 23589
8779, 0, 4354, 4371, 3985, 795, 17.68%, 0, 0, 20, 158.64, 1349093, 23589
8784, 0, 4354, 4372, 3986, 795, 17.68%, 0, 0, 20, 159.05, 1349918, 23590
8789, 0, 4354, 4372, 3986, 795, 17.68%, 0, 0, 20, 159.15, 1350737, 23590
8794, 0, 4323, 4372, 3984, 795, 17.68%, 0, 0, 20, 158.96, 1351551, 23590
8799, 0, 4323, 4377, 3989, 795, 17.69%, 0, 0, 20, 158.99, 1352348, 23593
8804, 0, 4323, 4380, 3992, 795, 17.69%, 0, 0, 20, 158.84, 1353152, 23594
8810, 0, 4323, 4382, 3994, 795, 17.69%, 0, 0, 20, 158.79, 1353977, 23595
8815, 0, 4323, 4383, 3995, 795, 17.69%, 0, 0, 20, 158.86, 1354775, 23595
8820, 0, 4323, 4390, 4002, 795, 17.69%, 0, 0, 20, 158.63, 1355588, 23597
8825, 0, 4323, 4390, 4002, 795, 17.69%, 0, 0, 20, 158.71, 1356413, 23597
8830, 0, 4323, 4392, 4004, 795, 17.69%, 0, 0, 20, 159.02, 1357211, 23600
8835, 0, 4323, 4392, 4004, 795, 17.69%, 0, 0, 20, 158.83, 1358036, 23600
8840, 0, 4323, 4393, 4005, 795, 17.69%, 0, 0, 20, 158.86, 1358840, 23601
8845, 0, 4323, 4393, 4005, 795, 17.69%, 0, 0, 20, 158.77, 1359665, 23601
8851, 0, 4323, 4394, 4006, 795, 17.69%, 0, 0, 20, 158.86, 1360490, 23601
8856, 0, 4323, 4396, 4008, 795, 17.69%, 0, 0, 20, 158.83, 1361285, 23601
8861, 0, 4391, 4396, 4007, 799, 17.69%, 0, 0, 20, 158.21, 1362089, 23601
8866, 0, 4259, 4396, 4006, 798, 17.69%, 0, 0, 20, 158.65, 1362915, 23601
8871, 0, 4259, 4396, 4006, 798, 17.69%, 0, 0, 20, 158.73, 1363731, 23601
8876, 0, 4228, 4396, 4005, 797, 17.69%, 0, 0, 20, 157.88, 1364551, 23601
8881, 0, 4089, 4396, 4004, 796, 17.69%, 0, 0, 20, 158.02, 1365355, 23601
8886, 0, 4089, 4398, 4006, 796, 17.69%, 0, 0, 20, 158.57, 1366155, 23601
8891, 0, 4089, 4400, 4008, 796, 17.69%, 0, 0, 20, 158.73, 1366959, 23601
8896, 0, 4089, 4401, 4009, 796, 17.69%, 0, 0, 20, 158.55, 1367754, 23601
8902, 0, 4089, 4401, 4009, 796, 17.69%, 0, 0, 20, 158.54, 1368579, 23601
8907, 0, 4089, 4401, 4009, 796, 17.69%, 0, 0, 20, 158.66, 1369404, 23601
8912, 0, 4089, 4401, 4009, 796, 17.69%, 0, 0, 20, 158.65, 1370229, 23601
8917, 0, 4089, 4402, 4010, 796, 17.69%, 0, 0, 20, 158.25, 1371027, 23601
8922, 0, 4089, 4402, 4010, 796, 17.69%, 0, 0, 20, 158.79, 1371852, 23601
8927, 0, 4089, 4402, 4010, 796, 17.69%, 0, 0, 20, 159.00, 1372677, 23601
8933, 0, 4089, 4402, 4010, 796, 17.69%, 0, 0, 20, 158.90, 1373502, 23601
8938, 0, 4089, 4402, 4010, 796, 17.69%, 0, 0, 20, 158.78, 1374327, 23601
8943, 0, 4089, 4403, 4011, 796, 17.69%, 0, 0, 20, 159.12, 1375152, 23601
8948, 0, 4089, 4403, 4011, 796, 17.69%, 0, 0, 20, 159.01, 1375977, 23601
8953, 0, 4089, 4404, 4012, 796, 17.69%, 0, 0, 20, 158.57, 1376778, 23602
8958, 0, 4089, 4404, 4012, 796, 17.69%, 0, 0, 20, 158.93, 1377603, 23602
8963, 0, 4089, 4405, 4013, 796, 17.69%, 0, 0, 20, 159.27, 1378404, 23602
8969, 0, 4089, 4407, 4015, 796, 17.69%, 0, 0, 20, 158.21, 1379217, 23602
8974, 0, 3390, 4407, 4014, 796, 17.69%, 0, 0, 20, 158.76, 1380039, 23602
8979, 0, 3926, 4408, 4014, 795, 17.69%, 0, 0, 20, 158.64, 1380851, 23602
8984, 0, 3926, 4408, 4014, 795, 17.69%, 0, 0, 20, 158.68, 1381672, 23602
8989, 0, 4353, 4410, 4015, 795, 17.69%, 0, 0, 20, 158.49, 1382490, 23603
8994, 0, 4353, 4410, 4015, 795, 17.69%, 0, 0, 20, 158.82, 1383311, 23603
8999, 0, 3124, 4410, 4014, 794, 17.69%, 0, 0, 20, 155.77, 1384094, 23603
9005, 0, 4222, 4410, 4013, 793, 17.69%, 0, 0, 20, 155.17, 1384882, 23603
9010, 0, 4222, 4410, 4013, 793, 17.69%, 0, 0, 20, 156.87, 1385675, 23603
9015, 0, 3951, 4413, 4015, 793, 17.70%, 0, 0, 20, 156.93, 1386453, 23606
9020, 0, 3951, 4413, 4015, 793, 17.70%, 0, 0, 20, 158.40, 1387276, 23606
9025, 0, 4412, 4413, 4014, 793, 17.70%, 0, 0, 20, 158.67, 1388087, 23606
9030, 0, 4320, 4413, 4013, 792, 17.70%, 0, 0, 20, 159.02, 1388916, 23606
9035, 0, 322, 4413, 4012, 791, 17.70%, 0, 0, 20, 115.87, 1389508, 23606
9040, 0, 322, 4416, 4015, 791, 17.70%, 0, 0, 20, 103.10, 1390015, 23607
9045, 0, 322, 4417, 4016, 791, 17.70%, 0, 0, 20, 100.09, 1390521, 23608
9050, 0, 322, 4418, 4017, 791, 17.70%, 0, 0, 20, 98.10, 1391014, 23608
9055, 0, 322, 4421, 4020, 791, 17.70%, 0, 0, 20, 100.67, 1391523, 23610
9061, 0, 322, 4421, 4020, 791, 17.70%, 0, 0, 20, 98.12, 1392022, 23610
9066, 0, 322, 4422, 4021, 791, 17.70%, 0, 0, 20, 99.61, 1392545, 23611
9071, 0, 322, 4423, 4022, 791, 17.70%, 0, 0, 20, 100.74, 1393057, 23612
9076, 0, 322, 4423, 4022, 791, 17.70%, 0, 0, 20, 97.06, 1393555, 23612
9081, 0, 322, 4423, 4022, 791, 17.70%, 0, 0, 20, 97.76, 1394050, 23612
9086, 0, 322, 4423, 4022, 791, 17.70%, 0, 0, 20, 97.63, 1394546, 23612
9091, 0, 322, 4423, 4022, 791, 17.70%, 0, 0, 20, 97.38, 1395044, 23612
9096, 0, 322, 4424, 4023, 791, 17.70%, 0, 0, 20, 99.43, 1395546, 23612
9101, 0, 322, 4425, 4024, 791, 17.70%, 0, 0, 20, 97.88, 1396044, 23612
9107, 0, 322, 4425, 4024, 791, 17.70%, 0, 0, 20, 97.69, 1396544, 23612
9112, 0, 322, 4425, 4024, 791, 17.70%, 0, 0, 20, 97.54, 1397046, 23612
9117, 0, 322, 4426, 4025, 791, 17.70%, 0, 0, 20, 98.64, 1397552, 23613
9122, 0, 322, 4426, 4025, 791, 17.70%, 0, 0, 20, 98.56, 1398050, 23613
9127, 0, 322, 4426, 4025, 791, 17.70%, 0, 0, 20, 97.71, 1398547, 23613
9132, 0, 322, 4426, 4025, 791, 17.70%, 0, 0, 20, 97.16, 1399042, 23613
9137, 0, 3352, 4427, 4025, 796, 17.70%, 0, 0, 20, 114.24, 1399613, 23613
9142, 0, 3352, 4427, 4025, 796, 17.70%, 0, 0, 20, 150.06, 1400424, 23613
9147, 0, 3996, 4430, 4027, 795, 17.70%, 0, 0, 20, 156.69, 1401229, 23616
9153, 0, 3996, 4432, 4029, 795, 17.71%, 0, 0, 20, 158.52, 1402054, 23621
9158, 0, 3996, 4435, 4032, 795, 17.71%, 0, 0, 20, 158.64, 1402849, 23621
9163, 0, 3996, 4436, 4033, 795, 17.71%, 0, 0, 20, 158.48, 1403647, 23624
9168, 0, 3996, 4437, 4034, 795, 17.71%, 0, 0, 20, 158.80, 1404472, 23624
9173, 0, 3996, 4437, 4034, 795, 17.71%, 0, 0, 20, 158.79, 1405297, 23624
9178, 0, 3996, 4437, 4034, 795, 17.71%, 0, 0, 20, 158.70, 1406122, 23624
9183, 0, 3996, 4438, 4035, 795, 17.71%, 0, 0, 20, 158.50, 1406947, 23626
9189, 0, 3996, 4440, 4037, 795, 17.71%, 0, 0, 20, 158.32, 1407772, 23626
9194, 0, 3996, 4441, 4038, 795, 17.71%, 0, 0, 20, 158.66, 1408597, 23627
9199, 0, 3996, 4441, 4038, 795, 17.71%, 0, 0, 20, 158.60, 1409422, 23627
9204, 0, 3996, 4443, 4040, 795, 17.71%, 0, 0, 20, 158.75, 1410223, 23630
9209, 0, 3996, 4444, 4041, 795, 17.72%, 0, 0, 20, 158.48, 1411048, 23631
9214, 0, 3996, 4444, 4041, 795, 17.72%, 0, 0, 20, 158.53, 1411873, 23631
9219, 0, 3996, 4444, 4041, 795, 17.72%, 0, 0, 20, 158.49, 1412665, 23631
9225, 0, 3996, 4444, 4041, 795, 17.72%, 0, 0, 20, 158.47, 1413490, 23631
9230, 0, 3996, 4445, 4042, 795, 17.72%, 0, 0, 20, 158.68, 1414305, 23633
9235, 0, 2503, 4446, 4041, 802, 17.72%, 0, 0, 20, 158.87, 1415125, 23633
9240, 0, 2503, 4449, 4044, 802, 17.72%, 0, 0, 20, 158.78, 1415932, 23633
9245, 0, 2503, 4449, 4044, 802, 17.72%, 0, 0, 20, 159.04, 1416757, 23633
9250, 0, 2503, 4451, 4046, 802, 17.72%, 0, 0, 20, 158.80, 1417561, 23633
9255, 0, 2503, 4451, 4046, 802, 17.72%, 0, 0, 20, 159.17, 1418386, 23633
9260, 0, 2503, 4453, 4048, 802, 17.72%, 0, 0, 20, 158.29, 1419178, 23633
9266, 0, 2503, 4453, 4048, 802, 17.72%, 0, 0, 20, 159.15, 1420003, 23633
9271, 0, 2503, 4453, 4048, 802, 17.72%, 0, 0, 20, 159.02, 1420828, 23633
9276, 0, 2503, 4454, 4049, 802, 17.72%, 0, 0, 20, 159.12, 1421653, 23633
9281, 0, 2503, 4454, 4049, 802, 17.72%, 0, 0, 20, 158.82, 1422478, 23633
9286, 0, 2503, 4454, 4049, 802, 17.72%, 0, 0, 20, 158.98, 1423303, 23633
9291, 0, 2503, 4455, 4050, 802, 17.72%, 0, 0, 20, 158.93, 1424098, 23634
9297, 0, 2503, 4455, 4050, 802, 17.72%, 0, 0, 20, 159.38, 1424926, 23634
9302, 0, 4431, 4456, 4050, 801, 17.72%, 0, 0, 20, 156.95, 1425735, 23634
9307, 0, 4431, 4457, 4051, 801, 17.72%, 0, 0, 20, 157.78, 1426533, 23636
9312, 0, 4431, 4458, 4052, 801, 17.72%, 0, 0, 20, 158.12, 1427325, 23636
9317, 0, 4431, 4459, 4053, 801, 17.72%, 0, 0, 20, 158.34, 1428117, 23636
9322, 0, 4431, 4459, 4053, 801, 17.72%, 0, 0, 20, 158.43, 1428942, 23636
9327, 0, 4431, 4459, 4053, 801, 17.72%, 0, 0, 20, 158.48, 1429767, 23636
9332, 0, 4431, 4460, 4054, 801, 17.72%, 0, 0, 20, 158.09, 1430568, 23637
9337, 0, 4431, 4461, 4055, 801, 17.72%, 0, 0, 20, 158.42, 1431372, 23642
9343, 0, 4431, 4461, 4055, 801, 17.72%, 0, 0, 20, 158.65, 1432197, 23642
9348, 0, 4431, 4461, 4055, 801, 17.72%, 0, 0, 20, 158.12, 1433019, 23642
9353, 0, 4431, 4461, 4055, 801, 17.72%, 0, 0, 20, 158.31, 1433811, 23642
9358, 0, 4431, 4461, 4055, 801, 17.72%, 0, 0, 20, 158.13, 1434603, 23642
9363, 0, 4431, 4461, 4055, 801, 17.72%, 0, 0, 20, 158.51, 1435428, 23642
9368, 0, 4431, 4462, 4056, 801, 17.72%, 0, 0, 20, 158.17, 1436220, 23642
9373, 0, 4431, 4462, 4056, 801, 17.72%, 0, 0, 20, 158.28, 1437012, 23642
9378, 0, 4431, 4462, 4056, 801, 17.72%, 0, 0, 20, 158.29, 1437804, 23642
9383, 0, 4431, 4463, 4057, 801, 17.72%, 0, 0, 20, 158.66, 1438629, 23643
9388, 0, 4460, 4463, 4056, 804, 17.72%, 0, 0, 20, 158.28, 1439438, 23643
9394, 0, 3821, 4463, 4055, 803, 17.72%, 0, 0, 20, 158.68, 1440264, 23643
9399, 0, 4430, 4464, 4055, 803, 17.72%, 0, 0, 20, 158.26, 1441083, 23644
9404, 0, 4430, 4464, 4055, 803, 17.72%, 0, 0, 20, 158.93, 1441904, 23644
9409, 0, 4062, 4464, 4054, 802, 17.72%, 0, 0, 20, 154.28, 1442701, 23644
9414, 0, 4062, 4465, 4055, 802, 17.72%, 0, 0, 20, 149.96, 1443471, 23644
9419, 0, 4062, 4468, 4058, 802, 17.73%, 0, 0, 20, 150.25, 1444231, 23646
9425, 0, 4062, 4469, 4059, 802, 17.73%, 0, 0, 20, 149.97, 1445001, 23646
9430, 0, 4062, 4471, 4061, 802, 17.73%, 0, 0, 20, 150.89, 1445782, 23647
9435, 0, 4062, 4473, 4063, 802, 17.73%, 0, 0, 20, 151.07, 1446544, 23647
9440, 0, 4062, 4474, 4064, 802, 17.73%, 0, 0, 20, 151.16, 1447330, 23648
9445, 0, 4062, 4475, 4065, 802, 17.73%, 0, 0, 20, 151.34, 1448089, 23648
9450, 0, 4062, 4478, 4068, 802, 17.73%, 0, 0, 20, 150.34, 1448851, 23648
9455, 0, 4062, 4479, 4069, 802, 17.73%, 0, 0, 20, 150.97, 1449637, 23649
9460, 0, 4062, 4481, 4071, 802, 17.73%, 0, 0, 20, 149.82, 1450401, 23649
9465, 0, 4062, 4483, 4073, 802, 17.73%, 0, 0, 20, 150.55, 1451158, 23649
9471, 0, 4062, 4484, 4074, 802, 17.73%, 0, 0, 20, 151.08, 1451944, 23649
9476, 0, 4062, 4484, 4074, 802, 17.73%, 0, 0, 20, 151.23, 1452733, 23649
9481, 0, 4062, 4485, 4075, 802, 17.73%, 0, 0, 20, 151.88, 1453501, 23649
9486, 0, 3421, 4485, 4074, 805, 17.73%, 0, 0, 20, 156.84, 1454310, 23649
9491, 0, 3281, 4485, 4073, 804, 17.73%, 0, 0, 20, 158.26, 1455121, 23649
9496, 0, 3281, 4485, 4073, 804, 17.73%, 0, 0, 20, 158.70, 1455942, 23649
9501, 0, 840, 4485, 4072, 803, 17.73%, 0, 0, 20, 159.32, 1456755, 23649
9507, 0, 1673, 4485, 4071, 802, 17.73%, 0, 0, 20, 158.90, 1457583, 23649
9512, 0, 4244, 4485, 4070, 801, 17.73%, 0, 0, 20, 158.59, 1458379, 23649
9517, 0, 4244, 4485, 4070, 801, 17.73%, 0, 0, 20, 158.48, 1459184, 23649
9522, 0, 4278, 4486, 4070, 800, 17.73%, 0, 0, 20, 157.42, 1459987, 23649
9527, 0, 4278, 4487, 4071, 800, 17.73%, 0, 0, 20, 158.30, 1460792, 23649
9532, 0, 3972, 4488, 4071, 799, 17.73%, 0, 0, 20, 158.78, 1461589, 23649
9537, 0, 3972, 4489, 4072, 799, 17.73%, 0, 0, 20, 158.71, 1462408, 23651
9542, 0, 3238, 4489, 4070, 798, 17.73%, 0, 0, 20, 158.91, 1463226, 23651
9547, 0, 3238, 4490, 4071, 798, 17.73%, 0, 0, 20, 159.39, 1464048, 23651
9553, 0, 2806, 4491, 4071, 797, 17.73%, 0, 0, 20, 155.64, 1464830, 23651
9558, 0, 2806, 4493, 4073, 797, 17.73%, 0, 0, 20, 153.76, 1465617, 23651
9563, 0, 2806, 4496, 4076, 797, 17.73%, 0, 0, 20, 153.55, 1466418, 23651
9568, 0, 2806, 4496, 4076, 797, 17.73%, 0, 0, 20, 153.51, 1467210, 23651
9573, 0, 2806, 4501, 4081, 797, 17.73%, 0, 0, 20, 152.82, 1467987, 23652
9578, 0, 2806, 4502, 4082, 797, 17.73%, 0, 0, 20, 153.37, 1468779, 23652
9583, 0, 2806, 4506, 4086, 797, 17.74%, 0, 0, 20, 153.20, 1469553, 23662
9588, 0, 2806, 4508, 4088, 797, 17.74%, 0, 0, 20, 153.51, 1470321, 23662
9594, 0, 2806, 4509, 4089, 797, 17.74%, 0, 0, 20, 153.50, 1471113, 23662
9599, 0, 2806, 4510, 4090, 797, 17.74%, 0, 0, 20, 153.34, 1471881, 23662
9604, 0, 2806, 4512, 4092, 797, 17.74%, 0, 0, 20, 153.37, 1472676, 23662
9609, 0, 2806, 4513, 4093, 797, 17.74%, 0, 0, 20, 152.87, 1473456, 23662
9614, 0, 2806, 4516, 4096, 797, 17.74%, 0, 0, 20, 152.99, 1474242, 23662
9619, 0, 2806, 4516, 4096, 797, 17.74%, 0, 0, 20, 153.11, 1475027, 23662
9624, 0, 3430, 4516, 4095, 797, 17.74%, 0, 0, 20, 155.99, 1475825, 23662
9629, 0, 3430, 4516, 4095, 797, 17.74%, 0, 0, 20, 158.19, 1476641, 23662
9635, 0, 3648, 4517, 4095, 796, 17.74%, 0, 0, 20, 158.42, 1477461, 23662
9640, 0, 3648, 4518, 4096, 796, 17.74%, 0, 0, 20, 158.44, 1478259, 23662
9645, 0, 3648, 4518, 4096, 796, 17.74%, 0, 0, 20, 158.27, 1479078, 23662
9650, 0, 3375, 4518, 4095, 795, 17.74%, 0, 0, 20, 158.54, 1479896, 23662
9655, 0, 3285, 4518, 4094, 794, 17.74%, 0, 0, 20, 158.87, 1480700, 23662
9660, 0, 3285, 4520, 4096, 794, 17.74%, 0, 0, 20, 159.23, 1481524, 23662
9665, 0, 3285, 4520, 4096, 794, 17.74%, 0, 0, 20, 159.15, 1482349, 23662
9670, 0, 3285, 4523, 4099, 794, 17.74%, 0, 0, 20, 156.21, 1483137, 23662
9675, 0, 3690, 4523, 4098, 793, 17.74%, 0, 0, 20, 157.53, 1483924, 23662
9681, 0, 3690, 4523, 4098, 793, 17.74%, 0, 0, 20, 158.63, 1484738, 23662
9686, 0, 1280, 4524, 4098, 792, 17.74%, 0, 0, 20, 157.95, 1485528, 23663
9691, 0, 2567, 4526, 4099, 794, 17.74%, 0, 0, 20, 154.47, 1486310, 23663
9696, 0, 4483, 4527, 4099, 793, 17.74%, 0, 0, 20, 155.83, 1487096, 23663
9701, 0, 4483, 4527, 4099, 793, 17.74%, 0, 0, 20, 152.21, 1487879, 23663
9706, 0, 4483, 4529, 4101, 793, 17.74%, 0, 0, 20, 152.20, 1488659, 23663
9711, 0, 4479, 4530, 4101, 793, 17.74%, 0, 0, 20, 123.82, 1489294, 23663
9716, 0, 4479, 4530, 4101, 793, 17.74%, 0, 0, 20, 99.91, 1489772, 23663
9721, 0, 4479, 4536, 4107, 793, 17.74%, 0, 0, 20, 108.87, 1490295, 23664
9726, 0, 4479, 4540, 4111, 793, 17.74%, 0, 0, 20, 127.49, 1490963, 23664
9732, 0, 4479, 4543, 4114, 793, 17.74%, 0, 0, 20, 133.52, 1491655, 23666
9737, 0, 4479, 4545, 4116, 793, 17.74%, 0, 0, 20, 134.73, 1492345, 23666
9742, 0, 4479, 4546, 4117, 793, 17.74%, 0, 0, 20, 132.03, 1493021, 23666
9747, 0, 4479, 4546, 4117, 793, 17.74%, 0, 0, 20, 135.20, 1493727, 23666
9752, 0, 4479, 4546, 4117, 793, 17.74%, 0, 0, 20, 134.66, 1494429, 23666
9757, 0, 4479, 4547, 4118, 793, 17.74%, 0, 0, 20, 135.13, 1495109, 23666
9762, 0, 4479, 4547, 4118, 793, 17.74%, 0, 0, 20, 136.42, 1495811, 23666
9768, 0, 4479, 4548, 4119, 793, 17.74%, 0, 0, 20, 137.21, 1496523, 23666
9773, 0, 4479, 4550, 4121, 793, 17.74%, 0, 0, 20, 134.17, 1497187, 23666
9778, 0, 4479, 4551, 4122, 793, 17.74%, 0, 0, 20, 135.22, 1497887, 23666
9783, 0, 4479, 4552, 4123, 793, 17.74%, 0, 0, 20, 130.40, 1498551, 23666
9788, 0, 4479, 4554, 4125, 793, 17.74%, 0, 0, 20, 133.76, 1499231, 23666
9793, 0, 4479, 4556, 4127, 793, 17.74%, 0, 0, 20, 136.05, 1499919, 23666
9798, 0, 4479, 4557, 4128, 793, 17.74%, 0, 0, 20, 135.26, 1500621, 23666
9803, 0, 4479, 4557, 4128, 793, 17.74%, 0, 0, 20, 135.64, 1501319, 23666
9808, 0, 4534, 4557, 4127, 793, 17.74%, 0, 0, 20, 111.50, 1501903, 23666
9814, 0, 4534, 4557, 4127, 793, 17.74%, 0, 0, 20, 90.82, 1502346, 23666
9819, 0, 4194, 4557, 4126, 792, 17.74%, 0, 0, 20, 122.58, 1502940, 23666
9824, 0, 4194, 4557, 4126, 792, 17.74%, 0, 0, 20, 148.55, 1503740, 23666
9829, 0, 2462, 4558, 4126, 791, 17.74%, 0, 0, 20, 117.17, 1504347, 23667
9834, 0, 2462, 4558, 4126, 791, 17.74%, 0, 0, 20, 99.80, 1504812, 23667
9839, 0, 2297, 4558, 4125, 790, 17.74%, 0, 0, 20, 142.59, 1505583, 23667
9844, 0, 2297, 4558, 4125, 790, 17.74%, 0, 0, 20, 152.59, 1506361, 23667
9849, 0, 4124, 4558, 4124, 789, 17.74%, 0, 0, 20, 155.87, 1507153, 23667
9854, 0, 4124, 4559, 4125, 789, 17.74%, 0, 0, 20, 156.55, 1507950, 23667
9859, 0, 4055, 4559, 4124, 788, 17.74%, 0, 0, 20, 117.38, 1508533, 23667
9864, 0, 4055, 4559, 4124, 788, 17.74%, 0, 0, 20, 95.87, 1509005, 23667
9870, 0, 4055, 4564, 4129, 788, 17.74%, 0, 0, 20, 104.31, 1509540, 23668
9875, 0, 4055, 4566, 4131, 788, 17.76%, 0, 0, 20, 110.46, 1510118, 23692
9880, 0, 4055, 4569, 4134, 788, 17.76%, 0, 0, 20, 110.76, 1510696, 23693
9885, 0, 4055, 4570, 4135, 788, 17.76%, 0, 0, 20, 113.59, 1511278, 23693
9890, 0, 4055, 4571, 4136, 788, 17.76%, 0, 0, 20, 112.45, 1511844, 23693
9895, 0, 4055, 4572, 4137, 788, 17.76%, 0, 0, 20, 110.60, 1512416, 23693
9900, 0, 4055, 4575, 4140, 788, 17.76%, 0, 0, 20, 113.33, 1512994, 23693
9905, 0, 4055, 4575, 4140, 788, 17.76%, 0, 0, 20, 113.85, 1513580, 23693
9911, 0, 4055, 4577, 4142, 788, 17.76%, 0, 0, 20, 112.44, 1514158, 23693
9916, 0, 4055, 4577, 4142, 788, 17.76%, 0, 0, 20, 114.10, 1514750, 23693
9921, 0, 4055, 4579, 4144, 788, 17.76%, 0, 0, 20, 113.59, 1515322, 23695
9926, 0, 4055, 4579, 4144, 788, 17.76%, 0, 0, 20, 110.82, 1515898, 23695
9931, 0, 4055, 4581, 4146, 788, 17.76%, 0, 0, 20, 112.95, 1516484, 23697
9936, 0, 4055, 4581, 4146, 788, 17.76%, 0, 0, 20, 114.67, 1517084, 23697
9942, 0, 4055, 4581, 4146, 788, 17.76%, 0, 0, 20, 114.03, 1517670, 23697
9947, 0, 4055, 4583, 4148, 788, 17.77%, 0, 0, 20, 111.24, 1518240, 23699
9952, 0, 4055, 4584, 4149, 788, 17.77%, 0, 0, 20, 110.52, 1518814, 23699
9957, 0, 4055, 4585, 4150, 788, 17.77%, 0, 0, 20, 111.12, 1519382, 23699
9962, 0, 4055, 4585, 4150, 788, 17.77%, 0, 0, 20, 114.07, 1519974, 23699
9967, 0, 4055, 4587, 4152, 788, 17.77%, 0, 0, 20, 133.38, 1520660, 23699
9972, 0, 4581, 4587, 4151, 790, 17.77%, 0, 0, 20, 110.65, 1521226, 23699
9977, 0, 4581, 4587, 4151, 790, 17.77%, 0, 0, 20, 94.13, 1521694, 23699
9983, 0, 84, 4587, 4150, 789, 17.77%, 0, 0, 20, 141.75, 1522433, 23699
9988, 0, 466, 4587, 4149, 788, 17.77%, 0, 0, 20, 155.90, 1523247, 23699
9993, 0, 2764, 4588, 4149, 787, 17.77%, 0, 0, 20, 158.90, 1524076, 23699
9998, 0, 1863, 4588, 4148, 786, 17.77%, 0, 0, 20, 156.97, 1524875, 23699
10003, 0, 4410, 4589, 4148, 785, 17.77%, 0, 0, 20, 157.28, 1525671, 23699
10008, 0, 4410, 4589, 4148, 785, 17.77%, 0, 0, 20, 157.20, 1526462, 23699
10013, 0, 4410, 4589, 4148, 785, 17.77%, 0, 0, 20, 157.24, 1527265, 23699
10018, 0, 1601, 4591, 4149, 784, 17.77%, 0, 0, 20, 157.91, 1528061, 23699
10023, 0, 2552, 4591, 4148, 783, 17.77%, 0, 0, 20, 156.20, 1528849, 23699
10028, 0, 2552, 4592, 4149, 783, 17.77%, 0, 0, 20, 154.27, 1529638, 23699
10033, 0, 4591, 4592, 4148, 782, 17.77%, 0, 0, 20, 154.23, 1530422, 23699
10038, 0, 4411, 4592, 4147, 781, 17.77%, 0, 0, 20, 155.02, 1531214, 23699
10044, 0, 4411, 4593, 4148, 781, 17.77%, 0, 0, 20, 156.50, 1532019, 23699
10049, 0, 4411, 4594, 4149, 781, 17.77%, 0, 0, 20, 156.21, 1532814, 23706
10054, 0, 907, 4594, 4148, 780, 17.77%, 0, 0, 20, 155.34, 1533583, 23706
10059, 0, 3258, 4594, 4147, 779, 17.77%, 0, 0, 20, 156.50, 1534373, 23706
10064, 0, 3258, 4594, 4147, 779, 17.77%, 0, 0, 20, 155.41, 1535167, 23706
10069, 0, 1015, 4594, 4146, 778, 17.77%, 0, 0, 20, 155.02, 1535962, 23706
10074, 0, 3310, 4594, 4145, 777, 17.77%, 0, 0, 20, 158.29, 1536789, 23706
10079, 0, 3449, 4594, 4144, 776, 17.77%, 0, 0, 20, 159.09, 1537594, 23706
10084, 0, 4478, 4594, 4143, 775, 17.77%, 0, 0, 20, 156.62, 1538388, 23706
10089, 0, 4478, 4594, 4143, 775, 17.77%, 0, 0, 20, 154.15, 1539178, 23706
10094, 0, 4478, 4597, 4146, 775, 17.77%, 0, 0, 20, 152.94, 1539944, 23706
10100, 0, 4392, 4606, 4154, 775, 17.77%, 0, 0, 20, 157.89, 1540751, 23706
10105, 0, 4392, 4609, 4157, 775, 17.78%, 0, 0, 20, 159.55, 1541555, 23711
10110, 0, 4392, 4609, 4157, 775, 17.78%, 0, 0, 20, 159.99, 1542380, 23711
10115, 0, 4392, 4611, 4159, 775, 17.78%, 0, 0, 20, 159.98, 1543205, 23712
10120, 0, 4392, 4611, 4159, 775, 17.78%, 0, 0, 20, 160.03, 1544030, 23712
10125, 0, 4392, 4613, 4161, 775, 17.78%, 0, 0, 20, 160.06, 1544861, 23713
10130, 0, 4392, 4615, 4163, 775, 17.78%, 0, 0, 20, 160.00, 1545671, 23716
10135, 0, 4392, 4616, 4164, 775, 17.78%, 0, 0, 20, 160.11, 1546499, 23716
10141, 0, 4392, 4616, 4164, 775, 17.78%, 0, 0, 20, 160.21, 1547324, 23716
10146, 0, 4392, 4616, 4164, 775, 17.78%, 0, 0, 20, 160.15, 1548149, 23716
10151, 0, 4392, 4616, 4164, 775, 17.78%, 0, 0, 20, 159.88, 1548974, 23716
10156, 0, 4392, 4616, 4164, 775, 17.78%, 0, 0, 20, 159.83, 1549799, 23716
10161, 0, 4392, 4617, 4165, 775, 17.78%, 0, 0, 20, 159.89, 1550624, 23716
10166, 0, 4392, 4617, 4165, 775, 17.78%, 0, 0, 20, 159.81, 1551449, 23716
10172, 0, 4392, 4617, 4165, 775, 17.78%, 0, 0, 20, 160.00, 1552274, 23716
10177, 0, 4392, 4617, 4165, 775, 17.78%, 0, 0, 20, 159.95, 1553099, 23716
10182, 0, 4392, 4617, 4165, 775, 17.78%, 0, 0, 20, 159.96, 1553912, 23716
10187, 0, 79, 4617, 4163, 779, 17.78%, 0, 0, 20, 159.38, 1554733, 23716
10192, 0, 1175, 4617, 4162, 778, 17.78%, 0, 0, 20, 158.51, 1555526, 23716
10197, 0, 3672, 4617, 4160, 776, 17.78%, 0, 0, 20, 158.35, 1556351, 23716
10202, 0, 3672, 4618, 4161, 776, 17.78%, 0, 0, 20, 156.57, 1557142, 23716
10207, 0, 4524, 4618, 4160, 775, 17.78%, 0, 0, 20, 157.96, 1557943, 23716
10212, 0, 3683, 4618, 4159, 774, 17.78%, 0, 0, 20, 157.19, 1558736, 23716
10217, 0, 3683, 4620, 4161, 774, 17.78%, 0, 0, 20, 156.24, 1559527, 23716
10223, 0, 3683, 4622, 4163, 774, 17.78%, 0, 0, 20, 156.08, 1560319, 23716
10228, 0, 3683, 4622, 4163, 774, 17.78%, 0, 0, 20, 155.98, 1561111, 23716
10233, 0, 3683, 4624, 4165, 774, 17.79%, 0, 0, 20, 156.09, 1561909, 23735
10238, 0, 3683, 4624, 4165, 774, 17.79%, 0, 0, 20, 156.06, 1562701, 23735
10243, 0, 3683, 4625, 4166, 774, 17.79%, 0, 0, 20, 155.98, 1563493, 23735
10248, 0, 3683, 4627, 4168, 774, 17.79%, 0, 0, 20, 155.97, 1564285, 23735
10253, 0, 3683, 4628, 4169, 774, 17.79%, 0, 0, 20, 156.02, 1565077, 23735
10258, 0, 3683, 4628, 4169, 774, 17.79%, 0, 0, 20, 156.04, 1565869, 23735
10263, 0, 3683, 4628, 4169, 774, 17.79%, 0, 0, 20, 156.15, 1566661, 23735
10268, 0, 3683, 4629, 4170, 774, 17.79%, 0, 0, 20, 156.13, 1567456, 23735
10273, 0, 3683, 4629, 4170, 774, 17.79%, 0, 0, 20, 156.06, 1568248, 23735
10278, 0, 3683, 4630, 4171, 774, 17.79%, 0, 0, 20, 157.38, 1569049, 23737
10284, 0, 4385, 4630, 4170, 777, 17.79%, 0, 0, 20, 158.49, 1569875, 23737
10289, 0, 2518, 4630, 4169, 776, 17.79%, 0, 0, 20, 156.30, 1570681, 23737
10294, 0, 2518, 4631, 4170, 776, 17.79%, 0, 0, 20, 154.74, 1571474, 23737
10299, 0, 4380, 4633, 4171, 776, 17.80%, 0, 0, 20, 156.11, 1572278, 23738
10304, 0, 4380, 4635, 4173, 776, 17.81%, 0, 0, 20, 158.02, 1573103, 23754
10310, 0, 4380, 4637, 4175, 776, 17.81%, 0, 0, 20, 158.28, 1573940, 23755
10315, 0, 4380, 4638, 4176, 776, 17.81%, 0, 0, 20, 158.57, 1574765, 23755
10320, 0, 4380, 4639, 4177, 776, 17.81%, 0, 0, 20, 158.69, 1575590, 23755
10325, 0, 4380, 4640, 4178, 776, 17.81%, 0, 0, 20, 158.39, 1576412, 23755
10330, 0, 4380, 4643, 4181, 776, 17.81%, 0, 0, 20, 158.52, 1577222, 23755
10335, 0, 4380, 4643, 4181, 776, 17.81%, 0, 0, 20, 158.49, 1578047, 23755
10341, 0, 4380, 4644, 4182, 776, 17.81%, 0, 0, 20, 158.60, 1578872, 23755
10346, 0, 4380, 4644, 4182, 776, 17.81%, 0, 0, 20, 158.73, 1579697, 23755
10351, 0, 4380, 4645, 4183, 776, 17.81%, 0, 0, 20, 158.77, 1580522, 23755
10356, 0, 4380, 4645, 4183, 776, 17.81%, 0, 0, 20, 158.87, 1581347, 23755
10361, 0, 4380, 4646, 4184, 776, 17.81%, 0, 0, 20, 158.75, 1582172, 23755
10367, 0, 4380, 4646, 4184, 776, 17.81%, 0, 0, 20, 158.80, 1582997, 23755
10372, 0, 4380, 4648, 4186, 776, 17.81%, 0, 0, 20, 158.80, 1583795, 23756
10377, 0, 4380, 4648, 4186, 776, 17.81%, 0, 0, 20, 158.72, 1584620, 23756
10382, 0, 4380, 4648, 4186, 776, 17.81%, 0, 0, 20, 158.77, 1585441, 23756
10387, 0, 4642, 4650, 4187, 779, 17.81%, 0, 0, 20, 158.33, 1586255, 23756
10392, 0, 3975, 4651, 4186, 777, 17.81%, 0, 0, 20, 157.08, 1587042, 23756
10397, 0, 3975, 4654, 4189, 777, 17.81%, 0, 0, 20, 158.32, 1587842, 23756
10402, 0, 3975, 4654, 4189, 777, 17.81%, 0, 0, 20, 158.34, 1588634, 23756
10407, 0, 3975, 4654, 4189, 777, 17.81%, 0, 0, 20, 158.41, 1589459, 23756
10413, 0, 3975, 4654, 4189, 777, 17.81%, 0, 0, 20, 158.86, 1590284, 23756
10418, 0, 3975, 4656, 4191, 777, 17.81%, 0, 0, 20, 151.61, 1591057, 23756
10423, 0, 3975, 4660, 4195, 777, 17.81%, 0, 0, 20, 134.95, 1591713, 23759
10428, 0, 3975, 4663, 4198, 777, 17.81%, 0, 0, 20, 130.50, 1592369, 23759
10433, 0, 4640, 4663, 4197, 778, 17.81%, 0, 0, 20, 147.14, 1593111, 23759
10438, 0, 4640, 4664, 4198, 778, 17.81%, 0, 0, 20, 156.73, 1593924, 23759
10443, 0, 4640, 4669, 4203, 778, 17.81%, 0, 0, 20, 158.17, 1594728, 23759
10448, 0, 4640, 4671, 4205, 778, 17.81%, 0, 0, 20, 158.67, 1595553, 23759
10454, 0, 4250, 4671, 4204, 777, 17.81%, 0, 0, 20, 155.83, 1596344, 23759
10459, 0, 4250, 4671, 4204, 777, 17.81%, 0, 0, 20, 155.59, 1597137, 23759
10464, 0, 4402, 4671, 4203, 776, 17.81%, 0, 0, 20, 158.50, 1597934, 23759
10469, 0, 584, 4671, 4202, 775, 17.81%, 0, 0, 20, 159.02, 1598744, 23759
10474, 0, 688, 4671, 4201, 774, 17.81%, 0, 0, 20, 158.94, 1599569, 23759
10479, 0, 2086, 4671, 4200, 773, 17.81%, 0, 0, 20, 153.74, 1600370, 23759
10484, 0, 2086, 4671, 4200, 773, 17.81%, 0, 0, 20, 151.23, 1601122, 23759
10489, 0, 4359, 4674, 4202, 772, 17.81%, 0, 0, 20, 156.69, 1601941, 23759
10494, 0, 4359, 4681, 4209, 772, 17.81%, 0, 0, 20, 158.24, 1602745, 23759
10500, 0, 4359, 4681, 4209, 772, 17.81%, 0, 0, 20, 158.83, 1603570, 23759
10505, 0, 4359, 4684, 4212, 772, 17.81%, 0, 0, 20, 158.60, 1604395, 23759
10510, 0, 4359, 4684, 4212, 772, 17.81%, 0, 0, 20, 158.67, 1605220, 23759
10515, 0, 4359, 4685, 4213, 772, 17.81%, 0, 0, 20, 158.29, 1606042, 23759
10520, 0, 4359, 4686, 4214, 772, 17.81%, 0, 0, 20, 159.04, 1606867, 23759
10526, 0, 4359, 4686, 4214, 772, 17.81%, 0, 0, 20, 158.84, 1607692, 23759
10531, 0, 4359, 4686, 4214, 772, 17.81%, 0, 0, 20, 159.08, 1608517, 23759
10536, 0, 4359, 4686, 4214, 772, 17.81%, 0, 0, 20, 159.02, 1609342, 23759
10541, 0, 4359, 4686, 4214, 772, 17.81%, 0, 0, 20, 158.76, 1610167, 23759
10546, 0, 4359, 4687, 4215, 772, 17.81%, 0, 0, 20, 158.41, 1610968, 23759
10551, 0, 4359, 4687, 4215, 772, 17.81%, 0, 0, 20, 158.69, 1611793, 23759
10556, 0, 4359, 4687, 4215, 772, 17.81%, 0, 0, 20, 158.21, 1612585, 23759
10561, 0, 4359, 4689, 4217, 772, 17.81%, 0, 0, 20, 158.47, 1613383, 23759
10567, 0, 4359, 4690, 4218, 772, 17.81%, 0, 0, 20, 157.36, 1614196, 23759
10572, 0, 4359, 4690, 4218, 772, 17.81%, 0, 0, 20, 158.01, 1615015, 23759
10577, 0, 4333, 4690, 4217, 772, 17.81%, 0, 0, 20, 158.53, 1615829, 23759
10582, 0, 2345, 4691, 4217, 771, 17.81%, 0, 0, 20, 157.95, 1616631, 23759
10587, 0, 2345, 4691, 4217, 771, 17.81%, 0, 0, 20, 151.68, 1617384, 23759
10592, 0, 3192, 4693, 4218, 770, 17.81%, 0, 0, 20, 154.55, 1618167, 23761
10597, 0, 3192, 4693, 4218, 770, 17.81%, 0, 0, 20, 157.78, 1618969, 23761
10602, 0, 1701, 4693, 4217, 769, 17.81%, 0, 0, 20, 159.27, 1619769, 23761
10607, 0, 4279, 4693, 4216, 768, 17.81%, 0, 0, 20, 158.68, 1620566, 23761
10612, 0, 4279, 4696, 4219, 768, 17.81%, 0, 0, 20, 158.24, 1621364, 23761
10617, 0, 4279, 4696, 4219, 768, 17.81%, 0, 0, 20, 157.75, 1622156, 23761
10622, 0, 4279, 4696, 4219, 768, 17.81%, 0, 0, 20, 158.24, 1622982, 23761
10628, 0, 4614, 4697, 4219, 767, 17.81%, 0, 0, 20, 158.51, 1623789, 23761
10633, 0, 4614, 4698, 4220, 767, 17.81%, 0, 0, 20, 159.79, 1624621, 23761
10638, 0, 1583, 4698, 4219, 766, 17.81%, 0, 0, 20, 159.37, 1625438, 23761
10643, 0, 3894, 4698, 4218, 765, 17.81%, 0, 0, 20, 159.01, 1626263, 23761
10648, 0, 3894, 4699, 4219, 765, 17.81%, 0, 0, 20, 158.59, 1627066, 23761
10653, 0, 4682, 4703, 4222, 764, 17.82%, 0, 0, 20, 158.98, 1627872, 23766
10658, 0, 4682, 4705, 4224, 764, 17.82%, 0, 0, 20, 158.72, 1628697, 23766
10664, 0, 4682, 4705, 4224, 764, 17.82%, 0, 0, 20, 158.76, 1629522, 23766
10669, 0, 4682, 4707, 4226, 764, 17.82%, 0, 0, 20, 158.43, 1630320, 23766
10674, 0, 4682, 4707, 4226, 764, 17.82%, 0, 0, 20, 158.25, 1631112, 23766
10679, 0, 4682, 4708, 4227, 764, 17.82%, 0, 0, 20, 158.42, 1631937, 23767
10684, 0, 4682, 4708, 4227, 764, 17.82%, 0, 0, 20, 159.02, 1632762, 23767
10689, 0, 4682, 4708, 4227, 764, 17.82%, 0, 0, 20, 158.72, 1633587, 23767
10694, 0, 4682, 4708, 4227, 764, 17.82%, 0, 0, 20, 158.46, 1634379, 23767
10699, 0, 4682, 4708, 4227, 764, 17.82%, 0, 0, 20, 158.50, 1635201, 23767
10705, 0, 4682, 4708, 4227, 764, 17.82%, 0, 0, 20, 158.80, 1636026, 23767
10710, 0, 4682, 4709, 4228, 764, 17.82%, 0, 0, 20, 159.02, 1636854, 23768
10715, 0, 4682, 4710, 4229, 764, 17.82%, 0, 0, 20, 158.97, 1637679, 23768
10720, 0, 4682, 4710, 4229, 764, 17.82%, 0, 0, 20, 159.26, 1638504, 23768
10725, 0, 4682, 4711, 4230, 764, 17.82%, 0, 0, 20, 159.10, 1639329, 23768
10731, 0, 4682, 4711, 4230, 764, 17.82%, 0, 0, 20, 158.92, 1640154, 23768
10736, 0, 4682, 4712, 4231, 764, 17.82%, 0, 0, 20, 158.54, 1640970, 23769
10741, 0, 2914, 4712, 4229, 764, 17.82%, 0, 0, 20, 158.57, 1641789, 23769
10746, 0, 2914, 4712, 4229, 764, 17.82%, 0, 0, 20, 159.33, 1642621, 23769
10751, 0, 2925, 4712, 4228, 763, 17.82%, 0, 0, 20, 158.35, 1643417, 23769
10756, 0, 4267, 4712, 4227, 762, 17.82%, 0, 0, 20, 157.79, 1644209, 23769
10761, 0, 4267, 4712, 4227, 762, 17.82%, 0, 0, 20, 157.54, 1645006, 23769
10766, 0, 4444, 4714, 4228, 761, 17.82%, 0, 0, 20, 158.10, 1645806, 23769
10771, 0, 4444, 4716, 4230, 761, 17.82%, 0, 0, 20, 158.59, 1646610, 23771
10776, 0, 4444, 4716, 4230, 761, 17.82%, 0, 0, 20, 158.19, 1647402, 23771
10781, 0, 4444, 4720, 4234, 761, 17.82%, 0, 0, 20, 158.20, 1648203, 23775
10787, 0, 4444, 4721, 4235, 761, 17.82%, 0, 0, 20, 156.84, 1649016, 23775
10792, 0, 4444, 4722, 4236, 761, 17.82%, 0, 0, 20, 158.05, 1649841, 23775
10797, 0, 4444, 4722, 4236, 761, 17.82%, 0, 0, 20, 158.34, 1650663, 23775
10802, 0, 4444, 4723, 4237, 761, 17.82%, 0, 0, 20, 158.35, 1651464, 23777
10807, 0, 4444, 4724, 4238, 761, 17.82%, 0, 0, 20, 158.29, 1652256, 23777
10812, 0, 4444, 4724, 4238, 761, 17.82%, 0, 0, 20, 158.50, 1653081, 23777
10818, 0, 4444, 4724, 4238, 761, 17.82%, 0, 0, 20, 158.24, 1653906, 23777
10823, 0, 4444, 4724, 4238, 761, 17.82%, 0, 0, 20, 158.32, 1654731, 23777
10828, 0, 4444, 4725, 4239, 761, 17.82%, 0, 0, 20, 158.17, 1655532, 23777
10833, 0, 4444, 4725, 4239, 761, 17.82%, 0, 0, 20, 158.62, 1656357, 23777
10838, 0, 4444, 4725, 4239, 761, 17.82%, 0, 0, 20, 158.60, 1657182, 23777
10843, 0, 4444, 4725, 4239, 761, 17.82%, 0, 0, 20, 158.54, 1658007, 23777
10848, 0, 4444, 4727, 4241, 761, 17.84%, 0, 0, 20, 158.30, 1658808, 23792
10854, 0, 3408, 4727, 4239, 765, 17.84%, 0, 0, 20, 158.38, 1659622, 23792
10859, 0, 3408, 4729, 4241, 765, 17.84%, 0, 0, 20, 158.97, 1660423, 23793
10864, 0, 3408, 4730, 4242, 765, 17.84%, 0, 0, 20, 159.20, 1661248, 23793
10869, 0, 3408, 4731, 4243, 765, 17.84%, 0, 0, 20, 159.29, 1662073, 23793
10874, 0, 3408, 4731, 4243, 765, 17.84%, 0, 0, 20, 159.35, 1662898, 23793
10879, 0, 3408, 4732, 4244, 765, 17.84%, 0, 0, 20, 159.15, 1663702, 23794
10884, 0, 3408, 4732, 4244, 765, 17.84%, 0, 0, 20, 159.33, 1664527, 23794
10890, 0, 3408, 4733, 4245, 765, 17.84%, 0, 0, 20, 159.01, 1665352, 23796
10895, 0, 3408, 4733, 4245, 765, 17.84%, 0, 0, 20, 159.18, 1666177, 23796
10900, 0, 3408, 4734, 4246, 765, 17.84%, 0, 0, 20, 159.27, 1667014, 23796
10905, 0, 3408, 4734, 4246, 765, 17.84%, 0, 0, 20, 159.31, 1667839, 23796
10910, 0, 3408, 4734, 4246, 765, 17.84%, 0, 0, 20, 159.39, 1668664, 23796
10916, 0, 3408, 4734, 4246, 765, 17.84%, 0, 0, 20, 159.43, 1669489, 23796
10921, 0, 3408, 4734, 4246, 765, 17.84%, 0, 0, 20, 159.24, 1670314, 23796
10926, 0, 3408, 4734, 4246, 765, 17.84%, 0, 0, 20, 159.25, 1671139, 23796
10931, 0, 3408, 4734, 4246, 765, 17.84%, 0, 0, 20, 158.91, 1671964, 23796
10936, 0, 3408, 4734, 4246, 765, 17.84%, 0, 0, 20, 159.42, 1672787, 23796
10941, 0, 1700, 4734, 4245, 768, 17.84%, 0, 0, 20, 158.68, 1673598, 23796
10946, 0, 3652, 4734, 4244, 767, 17.84%, 0, 0, 20, 158.55, 1674393, 23796
10952, 0, 3652, 4735, 4245, 767, 17.84%, 0, 0, 20, 158.71, 1675220, 23796
10957, 0, 1997, 4736, 4245, 766, 17.84%, 0, 0, 20, 159.05, 1676015, 23796
10962, 0, 4127, 4736, 4244, 765, 17.84%, 0, 0, 20, 158.45, 1676839, 23796
10967, 0, 4127, 4736, 4244, 765, 17.84%, 0, 0, 20, 157.41, 1677632, 23796
10972, 0, 166, 4736, 4243, 764, 17.84%, 0, 0, 20, 158.64, 1678459, 23796
10977, 0, 3140, 4736, 4242, 763, 17.84%, 0, 0, 20, 155.67, 1679248, 23796
10982, 0, 811, 4737, 4242, 762, 17.84%, 0, 0, 20, 158.23, 1680051, 23796
10987, 0, 3527, 4738, 4242, 761, 17.84%, 0, 0, 20, 155.74, 1680851, 23796
10992, 0, 3527, 4738, 4242, 761, 17.84%, 0, 0, 20, 156.77, 1681649, 23796
10998, 0, 2738, 4740, 4243, 761, 17.84%, 0, 0, 20, 155.31, 1682442, 23797
11003, 0, 2738, 4744, 4247, 761, 17.84%, 0, 0, 20, 154.80, 1683243, 23804
11008, 0, 2738, 4745, 4248, 761, 17.84%, 0, 0, 20, 154.87, 1684041, 23804
11013, 0, 2738, 4745, 4248, 761, 17.84%, 0, 0, 20, 154.98, 1684833, 23804
11018, 0, 2738, 4745, 4248, 761, 17.84%, 0, 0, 20, 154.77, 1685625, 23804
11023, 0, 2738, 4745, 4248, 761, 17.84%, 0, 0, 20, 154.78, 1686417, 23804
11028, 0, 2738, 4745, 4248, 761, 17.84%, 0, 0, 20, 154.58, 1687209, 23804
11033, 0, 2738, 4746, 4249, 761, 17.84%, 0, 0, 20, 154.86, 1688001, 23804
11039, 0, 2738, 4746, 4249, 761, 17.84%, 0, 0, 20, 154.94, 1688793, 23804
11044, 0, 2738, 4746, 4249, 761, 17.84%, 0, 0, 20, 155.00, 1689585, 23804
11049, 0, 2738, 4748, 4251, 761, 17.85%, 0, 0, 20, 154.97, 1690383, 23805
11054, 0, 2738, 4748, 4251, 761, 17.85%, 0, 0, 20, 155.03, 1691175, 23805
11059, 0, 2738, 4748, 4251, 761, 17.85%, 0, 0, 20, 154.50, 1691957, 23805
11064, 0, 2172, 4748, 4249, 764, 17.85%, 0, 0, 20, 155.30, 1692736, 23805
11069, 0, 2474, 4748, 4248, 763, 17.85%, 0, 0, 20, 157.40, 1693525, 23805
11074, 0, 2474, 4748, 4248, 763, 17.85%, 0, 0, 20, 158.53, 1694320, 23805
11079, 0, 3912, 4749, 4248, 762, 17.85%, 0, 0, 20, 158.88, 1695122, 23805
11084, 0, 3912, 4749, 4248, 762, 17.85%, 0, 0, 20, 158.57, 1695942, 23805
11089, 0, 3241, 4750, 4248, 761, 17.85%, 0, 0, 20, 158.20, 1696753, 23805
11094, 0, 3241, 4752, 4250, 761, 17.85%, 0, 0, 20, 158.36, 1697554, 23805
11100, 0, 3241, 4752, 4250, 761, 17.85%, 0, 0, 20, 158.58, 1698379, 23805
11105, 0, 3241, 4754, 4252, 761, 17.85%, 0, 0, 20, 157.96, 1699177, 23805
11110, 0, 3241, 4755, 4253, 761, 17.85%, 0, 0, 20, 157.71, 1699999, 23805
11115, 0, 3241, 4755, 4253, 761, 17.85%, 0, 0, 20, 158.30, 1700824, 23805
11120, 0, 3241, 4755, 4253, 761, 17.85%, 0, 0, 20, 158.62, 1701649, 23805
11125, 0, 3241, 4757, 4255, 761, 17.85%, 0, 0, 20, 158.32, 1702441, 23805
11131, 0, 3241, 4757, 4255, 761, 17.85%, 0, 0, 20, 158.54, 1703266, 23805
11136, 0, 3241, 4757, 4255, 761, 17.85%, 0, 0, 20, 158.55, 1704091, 23805
11141, 0, 3241, 4757, 4255, 761, 17.85%, 0, 0, 20, 158.42, 1704883, 23805
11146, 0, 3241, 4757, 4255, 761, 17.85%, 0, 0, 20, 158.52, 1705708, 23805
11151, 0, 3241, 4758, 4256, 761, 17.85%, 0, 0, 20, 158.58, 1706533, 23805
11156, 0, 3241, 4758, 4256, 761, 17.85%, 0, 0, 20, 158.33, 1707325, 23805
11161, 0, 3241, 4758, 4256, 761, 17.85%, 0, 0, 20, 158.48, 1708150, 23805
11167, 0, 3241, 4758, 4256, 761, 17.85%, 0, 0, 20, 158.49, 1708975, 23805
11172, 0, 3241, 4758, 4256, 761, 17.85%, 0, 0, 20, 158.46, 1709795, 23805
11177, 0, 461, 4758, 4254, 759, 17.85%, 0, 0, 20, 156.82, 1710604, 23805
11182, 0, 461, 4758, 4254, 759, 17.85%, 0, 0, 20, 149.76, 1711369, 23805
11187, 0, 2248, 4760, 4255, 758, 17.85%, 0, 0, 20, 153.23, 1712140, 23805
11192, 0, 2248, 4762, 4257, 758, 17.85%, 0, 0, 20, 155.72, 1712940, 23805
11197, 0, 4742, 4764, 4258, 757, 17.85%, 0, 0, 20, 154.17, 1713739, 23806
11203, 0, 4742, 4765, 4259, 757, 17.85%, 0, 0, 20, 155.36, 1714531, 23806
11208, 0, 4742, 4765, 4259, 757, 17.85%, 0, 0, 20, 155.67, 1715323, 23806
11213, 0, 4742, 4765, 4259, 757, 17.85%, 0, 0, 20, 154.90, 1716104, 23806
11218, 0, 2746, 4765, 4258, 757, 17.85%, 0, 0, 20, 154.19, 1716881, 23806
11223, 0, 2837, 4765, 4257, 756, 17.85%, 0, 0, 20, 150.66, 1717649, 23806
11228, 0, 2837, 4765, 4257, 756, 17.85%, 0, 0, 20, 156.91, 1718449, 23806
11233, 0, 3868, 4765, 4256, 755, 17.85%, 0, 0, 20, 156.12, 1719244, 23806
11238, 0, 3868, 4765, 4256, 755, 17.85%, 0, 0, 20, 153.28, 1720021, 23806
11243, 0, 239, 4765, 4255, 754, 17.85%, 0, 0, 20, 156.28, 1720805, 23806
11248, 0, 1999, 4765, 4254, 753, 17.85%, 0, 0, 20, 159.04, 1721632, 23806
11253, 0, 3179, 4765, 4253, 752, 17.85%, 0, 0, 20, 158.73, 1722430, 23806
11258, 0, 4723, 4765, 4252, 751, 17.85%, 0, 0, 20, 159.14, 1723228, 23806
11263, 0, 4723, 4766, 4253, 751, 17.85%, 0, 0, 20, 159.12, 1724052, 23806
11269, 0, 2773, 4767, 4253, 750, 17.85%, 0, 0, 20, 155.28, 1724850, 23806
11274, 0, 2773, 4768, 4254, 750, 17.85%, 0, 0, 20, 154.27, 1725622, 23806
11279, 0, 1334, 4768, 4253, 749, 17.85%, 0, 0, 20, 155.88, 1726410, 23806
11284, 0, 4637, 4769, 4253, 748, 17.85%, 0, 0, 20, 158.43, 1727237, 23808
11289, 0, 4637, 4772, 4256, 748, 17.85%, 0, 0, 20, 158.54, 1728058, 23812
11294, 0, 2745, 4772, 4255, 749, 17.85%, 0, 0, 20, 155.69, 1728841, 23812
11299, 0, 3895, 4772, 4254, 748, 17.85%, 0, 0, 20, 157.84, 1729653, 23812
11304, 0, 3895, 4772, 4254, 748, 17.85%, 0, 0, 20, 154.59, 1730427, 23812
11309, 0, 964, 4772, 4253, 747, 17.85%, 0, 0, 20, 156.02, 1731208, 23812
11314, 0, 4148, 4773, 4253, 746, 17.85%, 0, 0, 20, 158.45, 1732012, 23815
11319, 0, 4148, 4774, 4254, 746, 17.85%, 0, 0, 20, 158.95, 1732813, 23815
11325, 0, 4148, 4774, 4254, 746, 17.85%, 0, 0, 20, 159.00, 1733631, 23815
11330, 0, 1746, 4774, 4252, 745, 17.85%, 0, 0, 20, 159.15, 1734450, 23815
11335, 0, 1746, 4774, 4252, 745, 17.85%, 0, 0, 20, 159.08, 1735275, 23815
11340, 0, 4762, 4775, 4252, 745, 17.85%, 0, 0, 20, 156.75, 1736074, 23816
11345, 0, 3464, 4776, 4252, 744, 17.85%, 0, 0, 20, 155.46, 1736861, 23816
11350, 0, 3464, 4777, 4253, 744, 17.86%, 0, 0, 20, 155.07, 1737646, 23818
11355, 0, 4632, 4777, 4252, 744, 17.86%, 0, 0, 20, 154.56, 1738423, 23818
11360, 0, 4517, 4778, 4252, 743, 17.86%, 0, 0, 20, 157.74, 1739241, 23818
11365, 0, 4268, 4778, 4251, 742, 17.86%, 0, 0, 20, 159.27, 1740052, 23818
11370, 0, 4268, 4781, 4254, 742, 17.86%, 0, 0, 20, 159.81, 1740863, 23818
11376, 0, 4268, 4782, 4255, 742, 17.86%, 0, 0, 20, 159.87, 1741688, 23818
11381, 0, 4268, 4782, 4255, 742, 17.86%, 0, 0, 20, 159.92, 1742513, 23818
11386, 0, 4268, 4782, 4255, 742, 17.86%, 0, 0, 20, 159.92, 1743338, 23818
11391, 0, 4770, 4782, 4254, 741, 17.86%, 0, 0, 20, 158.93, 1744165, 23818
11396, 0, 4770, 4782, 4254, 741, 17.86%, 0, 0, 20, 158.55, 1744986, 23818
11401, 0, 2853, 4782, 4253, 740, 17.86%, 0, 0, 20, 158.77, 1745803, 23818
11407, 0, 2853, 4783, 4254, 740, 17.86%, 0, 0, 20, 158.26, 1746614, 23818
11412, 0, 4771, 4784, 4254, 739, 17.86%, 0, 0, 20, 158.25, 1747407, 23824
11417, 0, 4771, 4786, 4256, 739, 17.86%, 0, 0, 20, 158.22, 1748199, 23824
11422, 0, 4771, 4786, 4256, 739, 17.86%, 0, 0, 20, 158.05, 1748991, 23824
11427, 0, 4771, 4786, 4256, 739, 17.86%, 0, 0, 20, 158.05, 1749783, 23824
11432, 0, 4771, 4786, 4256, 739, 17.86%, 0, 0, 20, 158.16, 1750605, 23824
11437, 0, 4783, 4786, 4255, 740, 17.86%, 0, 0, 20, 157.96, 1751417, 23824
11442, 0, 2571, 4786, 4254, 739, 17.86%, 0, 0, 20, 156.34, 1752210, 23824
11447, 0, 2571, 4789, 4257, 739, 17.86%, 0, 0, 20, 155.80, 1753003, 23828
11452, 0, 2571, 4790, 4258, 739, 17.86%, 0, 0, 20, 155.61, 1753798, 23828
11457, 0, 2571, 4792, 4260, 739, 17.86%, 0, 0, 20, 155.62, 1754596, 23828
11462, 0, 2571, 4793, 4261, 739, 17.86%, 0, 0, 20, 155.23, 1755388, 23828
11468, 0, 2571, 4793, 4261, 739, 17.86%, 0, 0, 20, 155.71, 1756180, 23828
11473, 0, 2571, 4793, 4261, 739, 17.86%, 0, 0, 20, 155.52, 1756972, 23828
11478, 0, 2571, 4793, 4261, 739, 17.86%, 0, 0, 20, 155.70, 1757764, 23828
11483, 0, 2571, 4793, 4261, 739, 17.86%, 0, 0, 20, 155.83, 1758556, 23828
11488, 0, 2571, 4793, 4261, 739, 17.86%, 0, 0, 20, 155.60, 1759345, 23828
11493, 0, 2571, 4793, 4261, 739, 17.86%, 0, 0, 20, 155.75, 1760137, 23828
11498, 0, 2571, 4793, 4261, 739, 17.86%, 0, 0, 20, 155.58, 1760929, 23828
11503, 0, 2571, 4793, 4261, 739, 17.86%, 0, 0, 20, 155.73, 1761721, 23828
11508, 0, 2571, 4793, 4261, 739, 17.86%, 0, 0, 20, 155.65, 1762513, 23828
11513, 0, 2571, 4794, 4262, 739, 17.86%, 0, 0, 20, 155.92, 1763305, 23828
11518, 0, 2571, 4794, 4262, 739, 17.86%, 0, 0, 20, 155.85, 1764097, 23828
11523, 0, 2571, 4794, 4262, 739, 17.86%, 0, 0, 20, 155.72, 1764889, 23828
11529, 0, 2571, 4794, 4262, 739, 17.86%, 0, 0, 20, 156.35, 1765685, 23828
11534, 0, 4785, 4794, 4261, 739, 17.86%, 0, 0, 20, 158.25, 1766507, 23828
11539, 0, 4785, 4794, 4261, 739, 17.86%, 0, 0, 20, 158.65, 1767319, 23828
11544, 0, 3928, 4797, 4263, 738, 17.86%, 0, 0, 20, 158.71, 1768118, 23828
11549, 0, 3928, 4798, 4264, 738, 17.86%, 0, 0, 20, 158.17, 1768913, 23828
11554, 0, 3928, 4798, 4264, 738, 17.86%, 0, 0, 20, 158.56, 1769738, 23828
11559, 0, 3928, 4798, 4264, 738, 17.86%, 0, 0, 20, 158.03, 1770563, 23828
11564, 0, 3928, 4798, 4264, 738, 17.86%, 0, 0, 20, 158.05, 1771355, 23828
11570, 0, 3928, 4798, 4264, 738, 17.86%, 0, 0, 20, 158.68, 1772180, 23828
11575, 0, 3928, 4798, 4264, 738, 17.86%, 0, 0, 20, 158.88, 1773005, 23828
11580, 0, 3928, 4798, 4264, 738, 17.86%, 0, 0, 20, 158.29, 1773797, 23828
11585, 0, 3928, 4798, 4264, 738, 17.86%, 0, 0, 20, 158.20, 1774611, 23828
11590, 0, 4745, 4800, 4265, 737, 17.86%, 0, 0, 20, 159.34, 1775410, 23828
11595, 0, 4745, 4802, 4267, 737, 17.86%, 0, 0, 20, 159.63, 1776211, 23828
11600, 0, 4745, 4803, 4268, 737, 17.86%, 0, 0, 20, 159.69, 1777036, 23828
11605, 0, 4745, 4804, 4269, 737, 17.86%, 0, 0, 20, 159.74, 1777861, 23829
11610, 0, 4745, 4805, 4270, 737, 17.86%, 0, 0, 20, 159.81, 1778689, 23829
11616, 0, 4745, 4805, 4270, 737, 17.86%, 0, 0, 20, 159.60, 1779514, 23829
11621, 0, 4745, 4806, 4271, 737, 17.86%, 0, 0, 20, 159.64, 1780339, 23830
11626, 0, 4745, 4807, 4272, 737, 17.86%, 0, 0, 20, 159.66, 1781140, 23830
11631, 0, 4745, 4809, 4274, 737, 17.86%, 0, 0, 20, 159.71, 1781950, 23830
11636, 0, 4745, 4809, 4274, 737, 17.86%, 0, 0, 20, 159.75, 1782775, 23830
11641, 0, 4745, 4809, 4274, 737, 17.86%, 0, 0, 20, 159.78, 1783600, 23830
11646, 0, 4745, 4809, 4274, 737, 17.86%, 0, 0, 20, 159.84, 1784425, 23830
11651, 0, 4745, 4810, 4275, 737, 17.86%, 0, 0, 20, 159.84, 1785231, 23830
11657, 0, 1560, 4812, 4275, 737, 17.86%, 0, 0, 20, 158.01, 1786050, 23831
11662, 0, 4737, 4812, 4274, 736, 17.86%, 0, 0, 20, 158.22, 1786845, 23831
11667, 0, 4737, 4812, 4274, 736, 17.86%, 0, 0, 20, 157.72, 1787639, 23831
11672, 0, 3426, 4812, 4273, 735, 17.86%, 0, 0, 20, 158.64, 1788446, 23831
11677, 0, 3426, 4813, 4274, 735, 17.87%, 0, 0, 20, 159.02, 1789242, 23832
11682, 0, 21, 4813, 4273, 734, 17.87%, 0, 0, 20, 158.91, 1790060, 23832
11687, 0, 2288, 4813, 4272, 733, 17.87%, 0, 0, 20, 159.07, 1790885, 23832
11692, 0, 1180, 4813, 4271, 732, 17.87%, 0, 0, 20, 155.38, 1791660, 23832
11697, 0, 2634, 4813, 4270, 731, 17.87%, 0, 0, 20, 156.92, 1792453, 23832
11702, 0, 4760, 4814, 4270, 730, 17.87%, 0, 0, 20, 153.93, 1793237, 23832
11707, 0, 4760, 4815, 4271, 730, 17.87%, 0, 0, 20, 156.92, 1794036, 23832
11712, 0, 3838, 4815, 4270, 729, 17.87%, 0, 0, 20, 158.34, 1794840, 23832
11718, 0, 3838, 4815, 4270, 729, 17.87%, 0, 0, 20, 158.92, 1795656, 23832
11723, 0, 4208, 4815, 4268, 727, 17.87%, 0, 0, 20, 159.31, 1796477, 23832
11728, 0, 4208, 4815, 4268, 727, 17.87%, 0, 0, 20, 155.00, 1797267, 23832
11733, 0, 4243, 4815, 4267, 726, 17.87%, 0, 0, 20, 157.54, 1798061, 23832
11738, 0, 4243, 4816, 4268, 726, 17.87%, 0, 0, 20, 158.00, 1798854, 23834
11743, 0, 4243, 4819, 4271, 726, 17.87%, 0, 0, 20, 123.14, 1799440, 23834
11748, 0, 1666, 4819, 4270, 726, 17.87%, 0, 0, 20, 151.82, 1800250, 23834
11753, 0, 4081, 4819, 4269, 725, 17.87%, 0, 0, 20, 155.82, 1801027, 23834
11758, 0, 4081, 4820, 4270, 725, 17.87%, 0, 0, 20, 158.59, 1801843, 23834
11763, 0, 4717, 4820, 4269, 724, 17.87%, 0, 0, 20, 158.72, 1802667, 23834
11769, 0, 4708, 4821, 4269, 724, 17.87%, 0, 0, 20, 157.96, 1803479, 23834
11774, 0, 4708, 4827, 4275, 724, 17.87%, 0, 0, 20, 159.36, 1804283, 23836
11779, 0, 4708, 4830, 4278, 724, 17.87%, 0, 0, 20, 159.74, 1805087, 23836
11784, 0, 4708, 4832, 4280, 724, 17.87%, 0, 0, 20, 159.80, 1805891, 23837
11789, 0, 4708, 4832, 4280, 724, 17.87%, 0, 0, 20, 159.81, 1806716, 23837
11794, 0, 4708, 4833, 4281, 724, 17.87%, 0, 0, 20, 159.78, 1807541, 23838
11799, 0, 4708, 4834, 4282, 724, 17.87%, 0, 0, 20, 159.87, 1808366, 23838
11804, 0, 4708, 4837, 4285, 724, 17.87%, 0, 0, 20, 159.98, 1809173, 23839
11809, 0, 4708, 4839, 4287, 724, 17.87%, 0, 0, 20, 159.99, 1810001, 23840
11815, 0, 4708, 4839, 4287, 724, 17.87%, 0, 0, 20, 160.02, 1810826, 23840
11820, 0, 4708, 4839, 4287, 724, 17.87%, 0, 0, 20, 159.96, 1811651, 23840
11825, 0, 4708, 4839, 4287, 724, 17.87%, 0, 0, 20, 159.92, 1812476, 23840
11830, 0, 4708, 4839, 4287, 724, 17.87%, 0, 0, 20, 159.93, 1813301, 23840
11835, 0, 4708, 4839, 4287, 724, 17.87%, 0, 0, 20, 159.95, 1814126, 23840
11840, 0, 4708, 4839, 4287, 724, 17.87%, 0, 0, 20, 159.93, 1814951, 23840
11846, 0, 4708, 4839, 4287, 724, 17.87%, 0, 0, 20, 160.01, 1815776, 23840
11851, 0, 4708, 4840, 4288, 724, 17.87%, 0, 0, 20, 159.84, 1816601, 23840
11856, 0, 4708, 4840, 4288, 724, 17.87%, 0, 0, 20, 159.87, 1817412, 23840
11861, 0, 4462, 4840, 4286, 729, 17.87%, 0, 0, 20, 158.46, 1818234, 23840
11866, 0, 4462, 4842, 4288, 729, 17.87%, 0, 0, 20, 158.37, 1819026, 23840
11871, 0, 4462, 4842, 4288, 729, 17.87%, 0, 0, 20, 158.23, 1819847, 23840
11876, 0, 1424, 4842, 4287, 729, 17.87%, 0, 0, 20, 158.63, 1820662, 23840
11881, 0, 4558, 4842, 4286, 728, 17.87%, 0, 0, 20, 157.87, 1821454, 23840
11886, 0, 1342, 4842, 4285, 727, 17.87%, 0, 0, 20, 157.27, 1822246, 23840
11891, 0, 2292, 4843, 4285, 725, 17.87%, 0, 0, 20, 158.72, 1823048, 23841
11897, 0, 2292, 4843, 4285, 725, 17.87%, 0, 0, 20, 159.48, 1823875, 23841
11902, 0, 1830, 4844, 4284, 724, 17.87%, 0, 0, 20, 158.57, 1824697, 23842
11907, 0, 1830, 4844, 4284, 724, 17.87%, 0, 0, 20, 159.17, 1825527, 23842
11912, 0, 3832, 4844, 4283, 723, 17.87%, 0, 0, 20, 158.29, 1826326, 23842
11917, 0, 4801, 4845, 4283, 723, 17.88%, 0, 0, 20, 158.67, 1827130, 23846
11922, 0, 4715, 4847, 4284, 722, 17.88%, 0, 0, 20, 159.26, 1827937, 23846
11927, 0, 4715, 4848, 4285, 722, 17.88%, 0, 0, 20, 158.14, 1828729, 23846
11932, 0, 4715, 4848, 4285, 722, 17.88%, 0, 0, 20, 158.70, 1829542, 23846
11937, 0, 553, 4849, 4285, 721, 17.88%, 0, 0, 20, 159.04, 1830352, 23846
11943, 0, 3058, 4849, 4284, 720, 17.88%, 0, 0, 20, 151.65, 1831139, 23846
11948, 0, 3331, 4849, 4283, 719, 17.88%, 0, 0, 20, 154.52, 1831928, 23846
11953, 0, 3331, 4850, 4284, 719, 17.88%, 0, 0, 20, 158.22, 1832754, 23846
11958, 0, 2945, 4850, 4283, 718, 17.88%, 0, 0, 20, 151.36, 1833535, 23846
11963, 0, 3777, 4850, 4282, 717, 17.88%, 0, 0, 20, 155.62, 1834324, 23846
11968, 0, 3777, 4853, 4285, 717, 17.88%, 0, 0, 20, 157.32, 1835122, 23846
11973, 0, 1857, 4853, 4283, 716, 17.88%, 0, 0, 20, 155.79, 1835915, 23846
11978, 0, 2376, 4853, 4282, 715, 17.88%, 0, 0, 20, 156.16, 1836712, 23846
11984, 0, 2376, 4853, 4282, 715, 17.88%, 0, 0, 20, 155.39, 1837503, 23846
11989, 0, 2140, 4853, 4281, 714, 17.88%, 0, 0, 20, 153.24, 1838279, 23846
11994, 0, 2140, 4854, 4282, 714, 17.88%, 0, 0, 20, 148.50, 1839067, 23846
11999, 0, 2140, 4864, 4292, 714, 17.88%, 0, 0, 20, 150.72, 1839859, 23857
12004, 0, 2140, 4867, 4295, 714, 17.88%, 0, 0, 20, 151.99, 1840630, 23857
12009, 0, 2140, 4871, 4299, 714, 17.88%, 0, 0, 20, 151.89, 1841407, 23857
12015, 0, 2140, 4872, 4300, 714, 17.88%, 0, 0, 20, 152.63, 1842199, 23857
12020, 0, 2140, 4874, 4302, 714, 17.89%, 0, 0, 20, 152.53, 1842988, 23858
12025, 0, 2140, 4876, 4304, 714, 17.89%, 0, 0, 20, 152.48, 1843756, 23858
12030, 0, 2140, 4879, 4307, 714, 17.89%, 0, 0, 20, 152.52, 1844548, 23858
12035, 0, 2140, 4883, 4311, 714, 17.89%, 0, 0, 20, 152.26, 1845322, 23858
12040, 0, 2140, 4883, 4311, 714, 17.89%, 0, 0, 20, 152.78, 1846111, 23858
12045, 0, 2140, 4886, 4314, 714, 17.89%, 0, 0, 20, 152.53, 1846879, 23858
12050, 0, 2140, 4889, 4317, 714, 17.89%, 0, 0, 20, 151.62, 1847662, 23858
12056, 0, 2140, 4891, 4319, 714, 17.89%, 0, 0, 20, 152.39, 1848448, 23858
12061, 0, 2140, 4893, 4321, 714, 17.89%, 0, 0, 20, 152.52, 1849240, 23859
12066, 0, 2140, 4893, 4321, 714, 17.89%, 0, 0, 20, 152.79, 1850032, 23859
12071, 0, 2140, 4896, 4324, 714, 17.89%, 0, 0, 20, 152.86, 1850815, 23862
12076, 0, 2140, 4898, 4326, 714, 17.89%, 0, 0, 20, 153.12, 1851613, 23871
12081, 0, 2140, 4898, 4326, 714, 17.89%, 0, 0, 20, 154.46, 1852405, 23871
12086, 0, 4863, 4899, 4326, 720, 17.90%, 0, 0, 20, 150.95, 1853161, 23872
12092, 0, 4798, 4899, 4325, 719, 17.90%, 0, 0, 20, 154.96, 1853956, 23872
12097, 0, 1695, 4899, 4324, 718, 17.90%, 0, 0, 20, 158.50, 1854763, 23872
12102, 0, 4277, 4899, 4323, 717, 17.90%, 0, 0, 20, 158.61, 1855590, 23872
12107, 0, 4277, 4901, 4325, 717, 17.90%, 0, 0, 20, 158.19, 1856395, 23876
12112, 0, 4277, 4901, 4325, 717, 17.90%, 0, 0, 20, 158.19, 1857188, 23876
12117, 0, 4376, 4901, 4324, 717, 17.90%, 0, 0, 20, 158.65, 1857987, 23876
12122, 0, 4376, 4901, 4324, 717, 17.90%, 0, 0, 20, 159.88, 1858812, 23876
12127, 0, 38, 4901, 4323, 716, 17.90%, 0, 0, 20, 160.16, 1859641, 23876
12133, 0, 4446, 4903, 4324, 715, 17.90%, 0, 0, 20, 159.91, 1860470, 23876
12138, 0, 4446, 4903, 4324, 715, 17.90%, 0, 0, 20, 159.67, 1861296, 23876
12143, 0, 4311, 4903, 4323, 715, 17.90%, 0, 0, 20, 158.89, 1862098, 23876
12148, 0, 4311, 4904, 4324, 715, 17.90%, 0, 0, 20, 158.59, 1862904, 23876
12153, 0, 3888, 4904, 4323, 714, 17.90%, 0, 0, 20, 159.37, 1863727, 23876
12158, 0, 1071, 4904, 4322, 713, 17.90%, 0, 0, 20, 157.05, 1864528, 23876
12163, 0, 4200, 4904, 4321, 712, 17.90%, 0, 0, 20, 157.13, 1865321, 23876
12168, 0, 4200, 4904, 4321, 712, 17.90%, 0, 0, 20, 158.58, 1866138, 23876
12173, 0, 4719, 4905, 4321, 711, 17.90%, 0, 0, 20, 159.42, 1866963, 23876
12179, 0, 4719, 4905, 4321, 711, 17.90%, 0, 0, 20, 158.97, 1867781, 23876
12184, 0, 3248, 4905, 4320, 710, 17.90%, 0, 0, 20, 158.59, 1868597, 23876
12189, 0, 3248, 4905, 4320, 710, 17.90%, 0, 0, 20, 157.06, 1869393, 23876
12194, 0, 4377, 4906, 4320, 710, 17.90%, 0, 0, 20, 158.54, 1870194, 23877
12199, 0, 2670, 4906, 4319, 709, 17.90%, 0, 0, 20, 158.99, 1871005, 23877
12204, 0, 3697, 4906, 4318, 708, 17.90%, 0, 0, 20, 157.31, 1871797, 23877
12209, 0, 3697, 4906, 4318, 708, 17.90%, 0, 0, 20, 158.68, 1872619, 23877
12214, 0, 1676, 4906, 4317, 707, 17.90%, 0, 0, 20, 158.99, 1873432, 23877
12219, 0, 3787, 4906, 4316, 706, 17.90%, 0, 0, 20, 158.76, 1874226, 23877
12224, 0, 3787, 4906, 4316, 706, 17.90%, 0, 0, 20, 158.67, 1875043, 23877
12230, 0, 2699, 4906, 4315, 705, 17.90%, 0, 0, 20, 115.95, 1875652, 23877
12235, 0, 2699, 4906, 4315, 705, 17.90%, 0, 0, 20, 98.80, 1876144, 23877
12240, 0, 4677, 4906, 4314, 704, 17.90%, 0, 0, 20, 141.35, 1876877, 23877
12245, 0, 3278, 4906, 4313, 703, 17.90%, 0, 0, 20, 155.70, 1877685, 23877
12250, 0, 3278, 4907, 4314, 703, 17.90%, 0, 0, 20, 158.49, 1878484, 23877
12255, 0, 468, 4907, 4313, 702, 17.90%, 0, 0, 20, 159.23, 1879298, 23877
12260, 0, 3454, 4907, 4312, 701, 17.90%, 0, 0, 20, 156.31, 1880084, 23877
12265, 0, 3454, 4907, 4312, 701, 17.90%, 0, 0, 20, 152.21, 1880849, 23877
12270, 0, 4305, 4908, 4312, 701, 17.90%, 0, 0, 20, 155.30, 1881639, 23877
12275, 0, 4305, 4909, 4313, 701, 17.90%, 0, 0, 20, 157.76, 1882445, 23878
12280, 0, 4335, 4909, 4312, 701, 17.90%, 0, 0, 20, 158.29, 1883241, 23878
12285, 0, 2048, 4910, 4312, 700, 17.90%, 0, 0, 20, 158.86, 1884044, 23879
12291, 0, 4609, 4910, 4311, 700, 17.90%, 0, 0, 20, 158.64, 1884870, 23879
12296, 0, 4609, 4910, 4311, 700, 17.90%, 0, 0, 20, 159.74, 1885693, 23879
12301, 0, 2155, 4910, 4310, 699, 17.90%, 0, 0, 20, 154.06, 1886486, 23879
12306, 0, 2155, 4910, 4310, 699, 17.90%, 0, 0, 20, 151.66, 1887239, 23879
12311, 0, 2541, 4910, 4309, 698, 17.90%, 0, 0, 20, 155.37, 1888034, 23879
12316, 0, 2541, 4911, 4310, 698, 17.90%, 0, 0, 20, 156.90, 1888826, 23881
12321, 0, 4646, 4913, 4311, 698, 17.90%, 0, 0, 20, 158.15, 1889626, 23881
12326, 0, 4646, 4913, 4311, 698, 17.90%, 0, 0, 20, 158.64, 1890451, 23881
12331, 0, 4646, 4914, 4312, 698, 17.90%, 0, 0, 20, 158.65, 1891252, 23882
12337, 0, 4646, 4915, 4313, 698, 17.90%, 0, 0, 20, 159.01, 1892077, 23882
12342, 0, 4646, 4916, 4314, 698, 17.90%, 0, 0, 20, 158.81, 1892902, 23882
12347, 0, 4646, 4917, 4315, 698, 17.90%, 0, 0, 20, 158.78, 1893727, 23882
12352, 0, 4646, 4917, 4315, 698, 17.90%, 0, 0, 20, 158.71, 1894552, 23882
12357, 0, 4646, 4917, 4315, 698, 17.90%, 0, 0, 20, 158.74, 1895377, 23882
12363, 0, 4646, 4918, 4316, 698, 17.90%, 0, 0, 20, 158.79, 1896202, 23882
12368, 0, 4646, 4919, 4317, 698, 17.90%, 0, 0, 20, 158.74, 1897003, 23882
12373, 0, 4646, 4919, 4317, 698, 17.90%, 0, 0, 20, 158.92, 1897828, 23882
12378, 0, 4646, 4919, 4317, 698, 17.90%, 0, 0, 20, 158.99, 1898653, 23882
12383, 0, 4646, 4919, 4317, 698, 17.90%, 0, 0, 20, 158.66, 1899478, 23882
12388, 0, 4646, 4920, 4318, 698, 17.90%, 0, 0, 20, 158.89, 1900303, 23883
12393, 0, 4646, 4922, 4320, 698, 17.90%, 0, 0, 20, 158.82, 1901101, 23884
12398, 0, 4646, 4924, 4322, 698, 17.90%, 0, 0, 20, 158.87, 1901896, 23884
12404, 0, 4646, 4924, 4322, 698, 17.90%, 0, 0, 20, 158.98, 1902711, 23884
12409, 0, 640, 4924, 4320, 699, 17.90%, 0, 0, 20, 159.30, 1903530, 23884
12414, 0, 640, 4924, 4320, 699, 17.90%, 0, 0, 20, 159.51, 1904355, 23884
12419, 0, 4769, 4925, 4320, 698, 17.90%, 0, 0, 20, 159.11, 1905179, 23884
12424, 0, 4769, 4927, 4322, 698, 17.91%, 0, 0, 20, 158.77, 1906004, 23885
12429, 0, 4769, 4927, 4322, 698, 17.91%, 0, 0, 20, 158.75, 1906829, 23885
12435, 0, 4769, 4929, 4324, 698, 17.91%, 0, 0, 20, 158.56, 1907630, 23885
12440, 0, 4769, 4929, 4324, 698, 17.91%, 0, 0, 20, 158.72, 1908455, 23885
12445, 0, 4769, 4930, 4325, 698, 17.91%, 0, 0, 20, 158.69, 1909253, 23886
12450, 0, 4769, 4930, 4325, 698, 17.91%, 0, 0, 20, 158.74, 1910078, 23886
12455, 0, 4769, 4931, 4326, 698, 17.91%, 0, 0, 20, 158.56, 1910879, 23886
12460, 0, 4769, 4931, 4326, 698, 17.91%, 0, 0, 20, 158.65, 1911704, 23886
12465, 0, 4769, 4933, 4328, 698, 17.91%, 0, 0, 20, 158.61, 1912508, 23886
12470, 0, 4769, 4933, 4328, 698, 17.91%, 0, 0, 20, 158.59, 1913333, 23886
12476, 0, 4769, 4933, 4328, 698, 17.91%, 0, 0, 20, 158.62, 1914158, 23886
12481, 0, 4769, 4933, 4328, 698, 17.91%, 0, 0, 20, 158.77, 1914983, 23886
12486, 0, 4769, 4933, 4328, 698, 17.91%, 0, 0, 20, 158.87, 1915808, 23886
12491, 0, 4769, 4933, 4328, 698, 17.91%, 0, 0, 20, 158.78, 1916633, 23886
12496, 0, 4769, 4933, 4328, 698, 17.91%, 0, 0, 20, 158.82, 1917458, 23886
12502, 0, 4769, 4933, 4328, 698, 17.91%, 0, 0, 20, 158.84, 1918277, 23886
12507, 0, 4918, 4933, 4327, 700, 17.91%, 0, 0, 20, 158.59, 1919093, 23886
12512, 0, 4918, 4934, 4328, 700, 17.91%, 0, 0, 20, 158.80, 1919915, 23886
12517, 0, 602, 4934, 4327, 699, 17.91%, 0, 0, 20, 159.11, 1920727, 23886
12522, 0, 4031, 4935, 4327, 698, 17.91%, 0, 0, 20, 159.27, 1921531, 23886
12527, 0, 4031, 4935, 4327, 698, 17.91%, 0, 0, 20, 158.52, 1922349, 23886
12532, 0, 3885, 4935, 4326, 697, 17.91%, 0, 0, 20, 159.38, 1923167, 23886
12537, 0, 3885, 4935, 4326, 697, 17.91%, 0, 0, 20, 159.75, 1923983, 23886
12543, 0, 4384, 4937, 4327, 696, 17.91%, 0, 0, 20, 159.05, 1924800, 23886
12548, 0, 4384, 4939, 4329, 696, 17.91%, 0, 0, 20, 158.73, 1925625, 23888
12553, 0, 4384, 4939, 4329, 696, 17.91%, 0, 0, 20, 158.50, 1926450, 23888
12558, 0, 4384, 4939, 4329, 696, 17.91%, 0, 0, 20, 158.57, 1927275, 23888
12563, 0, 4384, 4940, 4330, 696, 17.91%, 0, 0, 20, 158.60, 1928070, 23891
12568, 0, 4921, 4941, 4330, 696, 17.91%, 0, 0, 20, 158.60, 1928890, 23891
12573, 0, 4921, 4943, 4332, 696, 17.91%, 0, 0, 20, 156.92, 1929676, 23892
12579, 0, 4921, 4945, 4334, 696, 17.91%, 0, 0, 20, 158.48, 1930501, 23893
12584, 0, 4921, 4945, 4334, 696, 17.91%, 0, 0, 20, 158.87, 1931326, 23893
12589, 0, 4921, 4945, 4334, 696, 17.91%, 0, 0, 20, 158.85, 1932151, 23893
12594, 0, 4921, 4946, 4335, 696, 17.91%, 0, 0, 20, 158.97, 1932979, 23893
12599, 0, 4921, 4946, 4335, 696, 17.91%, 0, 0, 20, 159.05, 1933804, 23893
12605, 0, 4921, 4946, 4335, 696, 17.91%, 0, 0, 20, 159.09, 1934629, 23893
12610, 0, 4921, 4946, 4335, 696, 17.91%, 0, 0, 20, 159.01, 1935454, 23893
12615, 0, 4921, 4946, 4335, 696, 17.91%, 0, 0, 20, 159.07, 1936279, 23893
12620, 0, 4921, 4946, 4335, 696, 17.91%, 0, 0, 20, 159.08, 1937104, 23893
12625, 0, 4921, 4946, 4335, 696, 17.91%, 0, 0, 20, 158.97, 1937929, 23893
12631, 0, 4921, 4946, 4335, 696, 17.91%, 0, 0, 20, 158.90, 1938754, 23893
12636, 0, 4921, 4946, 4335, 696, 17.91%, 0, 0, 20, 159.14, 1939579, 23893
12641, 0, 4921, 4946, 4335, 696, 17.91%, 0, 0, 20, 159.09, 1940404, 23893
12646, 0, 4921, 4946, 4335, 696, 17.91%, 0, 0, 20, 159.21, 1941229, 23893
12651, 0, 4921, 4947, 4336, 696, 17.91%, 0, 0, 20, 159.01, 1942049, 23893
12656, 0, 1354, 4947, 4334, 696, 17.91%, 0, 0, 20, 159.28, 1942868, 23893
12661, 0, 3855, 4947, 4333, 695, 17.91%, 0, 0, 20, 157.70, 1943662, 23893
12666, 0, 3516, 4947, 4332, 694, 17.91%, 0, 0, 20, 158.00, 1944456, 23893
12672, 0, 2279, 4947, 4331, 693, 17.91%, 0, 0, 20, 158.56, 1945283, 23893
12677, 0, 1287, 4948, 4331, 692, 17.91%, 0, 0, 20, 155.19, 1946084, 23893
12682, 0, 4900, 4949, 4331, 691, 17.91%, 0, 0, 20, 156.25, 1946876, 23893
12687, 0, 4900, 4949, 4331, 691, 17.91%, 0, 0, 20, 157.32, 1947675, 23893
12692, 0, 4946, 4963, 4344, 691, 17.91%, 0, 0, 20, 157.71, 1948477, 23894
12697, 0, 4946, 4979, 4360, 691, 17.91%, 0, 0, 20, 158.30, 1949296, 23894
12702, 0, 4946, 4987, 4368, 691, 17.91%, 0, 0, 20, 158.51, 1950112, 23894
12707, 0, 4946, 4993, 4374, 691, 17.91%, 0, 0, 20, 158.70, 1950913, 23894
12712, 0, 4946, 4995, 4376, 691, 17.91%, 0, 0, 20, 158.28, 1951711, 23894
12718, 0, 4946, 4995, 4376, 691, 17.91%, 0, 0, 20, 158.84, 1952536, 23894
12723, 0, 4946, 4998, 4379, 691, 17.91%, 0, 0, 20, 158.82, 1953334, 23894
12728, 0, 4946, 5000, 4381, 691, 17.91%, 0, 0, 20, 158.82, 1954159, 23894
12733, 0, 4946, 5001, 4382, 691, 17.91%, 0, 0, 20, 158.81, 1954984, 23894
12738, 0, 4946, 5004, 4385, 691, 17.91%, 0, 0, 20, 158.78, 1955779, 23894
12743, 0, 4946, 5006, 4387, 691, 17.91%, 0, 0, 20, 158.85, 1956604, 23895
12748, 0, 4946, 5007, 4388, 691, 17.91%, 0, 0, 20, 158.88, 1957402, 23895
12753, 0, 4946, 5007, 4388, 691, 17.91%, 0, 0, 20, 158.98, 1958227, 23895
12759, 0, 4946, 5007, 4388, 691, 17.91%, 0, 0, 20, 158.96, 1959052, 23895
12764, 0, 4946, 5007, 4388, 691, 17.91%, 0, 0, 20, 158.85, 1959877, 23895
12769, 0, 4946, 5009, 4390, 691, 17.91%, 0, 0, 20, 158.93, 1960693, 23895
12774, 0, 4946, 5009, 4390, 691, 17.91%, 0, 0, 20, 158.95, 1961518, 23895
12779, 0, 4946, 5010, 4391, 691, 17.91%, 0, 0, 20, 158.98, 1962330, 23895
12784, 0, 4991, 5011, 4390, 691, 17.91%, 0, 0, 20, 158.76, 1963153, 23896
12790, 0, 4991, 5012, 4391, 691, 17.91%, 0, 0, 20, 158.91, 1963978, 23896
12795, 0, 4991, 5012, 4391, 691, 17.91%, 0, 0, 20, 158.88, 1964799, 23896
12800, 0, 5004, 5013, 4391, 691, 17.91%, 0, 0, 20, 158.23, 1965615, 23896
12805, 0, 5004, 5014, 4392, 691, 17.91%, 0, 0, 20, 158.69, 1966419, 23896
12810, 0, 5004, 5015, 4393, 691, 17.91%, 0, 0, 20, 158.60, 1967213, 23896
12815, 0, 5015, 5016, 4393, 692, 17.91%, 0, 0, 20, 158.31, 1968029, 23896
12820, 0, 2879, 5016, 4392, 691, 17.91%, 0, 0, 20, 111.74, 1968548, 23896
12825, 0, 1414, 5016, 4391, 690, 17.91%, 0, 0, 20, 101.26, 1969044, 23896
12831, 0, 4858, 5016, 4390, 689, 17.91%, 0, 0, 20, 143.70, 1969852, 23896
12836, 0, 4858, 5017, 4391, 689, 17.91%, 0, 0, 20, 147.98, 1970616, 23896
12841, 0, 4858, 5019, 4393, 689, 17.91%, 0, 0, 20, 151.96, 1971386, 23896
12846, 0, 4858, 5019, 4393, 689, 17.91%, 0, 0, 20, 154.36, 1972175, 23896
12851, 0, 4586, 5019, 4392, 688, 17.91%, 0, 0, 20, 153.03, 1972956, 23896
12856, 0, 4586, 5020, 4393, 688, 17.91%, 0, 0, 20, 152.16, 1973721, 23896
12861, 0, 4782, 5021, 4393, 687, 17.91%, 0, 0, 20, 155.86, 1974527, 23896
12866, 0, 4782, 5023, 4395, 687, 17.91%, 0, 0, 20, 157.55, 1975325, 23896
12871, 0, 4782, 5023, 4395, 687, 17.91%, 0, 0, 20, 157.91, 1976117, 23896
12876, 0, 4782, 5023, 4395, 687, 17.91%, 0, 0, 20, 158.09, 1976912, 23896
12881, 0, 4961, 5024, 4395, 687, 17.91%, 0, 0, 20, 158.03, 1977709, 23896
12886, 0, 4961, 5024, 4395, 687, 17.91%, 0, 0, 20, 158.59, 1978525, 23896
12892, 0, 3277, 5025, 4395, 686, 17.91%, 0, 0, 20, 158.57, 1979345, 23896
12897, 0, 3277, 5026, 4396, 686, 17.92%, 0, 0, 20, 158.71, 1980170, 23898
12902, 0, 3277, 5027, 4397, 686, 17.92%, 0, 0, 20, 158.64, 1980968, 23898
12907, 0, 3277, 5027, 4397, 686, 17.92%, 0, 0, 20, 158.46, 1981793, 23898
12912, 0, 3277, 5027, 4397, 686, 17.92%, 0, 0, 20, 158.41, 1982618, 23898
12918, 0, 3277, 5027, 4397, 686, 17.92%, 0, 0, 20, 158.71, 1983443, 23898
12923, 0, 3277, 5028, 4398, 686, 17.92%, 0, 0, 20, 157.33, 1984256, 23898
12928, 0, 3277, 5028, 4398, 686, 17.92%, 0, 0, 20, 158.25, 1985048, 23898
12933, 0, 3277, 5028, 4398, 686, 17.92%, 0, 0, 20, 158.52, 1985873, 23898
12938, 0, 3277, 5028, 4398, 686, 17.92%, 0, 0, 20, 158.54, 1986667, 23898
12943, 0, 3277, 5028, 4398, 686, 17.92%, 0, 0, 20, 158.35, 1987462, 23898
12948, 0, 3277, 5028, 4398, 686, 17.92%, 0, 0, 20, 158.58, 1988258, 23898
12953, 0, 3277, 5028, 4398, 686, 17.92%, 0, 0, 20, 157.96, 1989053, 23898
12958, 0, 3771, 5028, 4397, 687, 17.92%, 0, 0, 20, 158.15, 1989846, 23898
12963, 0, 3771, 5028, 4397, 687, 17.92%, 0, 0, 20, 158.51, 1990669, 23898
12968, 0, 3574, 5029, 4397, 686, 17.92%, 0, 0, 20, 158.62, 1991476, 23898
12973, 0, 5011, 5029, 4396, 686, 17.92%, 0, 0, 20, 158.64, 1992271, 23898
12978, 0, 5011, 5032, 4399, 686, 17.92%, 0, 0, 20, 159.01, 1993096, 23899
12984, 0, 5011, 5033, 4400, 686, 17.92%, 0, 0, 20, 159.05, 1993921, 23899
12989, 0, 5011, 5036, 4403, 686, 17.92%, 0, 0, 20, 158.96, 1994722, 23899
12994, 0, 5011, 5037, 4404, 686, 17.92%, 0, 0, 20, 159.01, 1995520, 23899
12999, 0, 5011, 5038, 4405, 686, 17.92%, 0, 0, 20, 159.14, 1996348, 23899
13004, 0, 5011, 5039, 4406, 686, 17.92%, 0, 0, 20, 159.12, 1997146, 23899
13009, 0, 5011, 5040, 4407, 686, 17.92%, 0, 0, 20, 159.04, 1997971, 23899
13014, 0, 5011, 5042, 4409, 686, 17.92%, 0, 0, 20, 158.73, 1998766, 23899
13019, 0, 5011, 5042, 4409, 686, 17.92%, 0, 0, 20, 158.55, 1999591, 23899
13025, 0, 5011, 5042, 4409, 686, 17.92%, 0, 0, 20, 158.94, 2000416, 23899
13030, 0, 5011, 5044, 4411, 686, 17.92%, 0, 0, 20, 159.02, 2001241, 23899
13035, 0, 5011, 5044, 4411, 686, 17.92%, 0, 0, 20, 159.07, 2002066, 23899
13040, 0, 5011, 5045, 4412, 686, 17.92%, 0, 0, 20, 159.00, 2002891, 23899
13045, 0, 5011, 5046, 4413, 686, 17.92%, 0, 0, 20, 159.02, 2003716, 23899
13050, 0, 5011, 5047, 4414, 686, 17.92%, 0, 0, 20, 158.87, 2004514, 23899
13055, 0, 5011, 5048, 4415, 686, 17.92%, 0, 0, 20, 158.67, 2005333, 23900
13061, 0, 2763, 5048, 4413, 688, 17.92%, 0, 0, 20, 156.94, 2006149, 23900
13066, 0, 2763, 5049, 4414, 688, 17.92%, 0, 0, 20, 154.73, 2006931, 23900
13071, 0, 2663, 5050, 4414, 687, 17.92%, 0, 0, 20, 155.74, 2007714, 23900
13076, 0, 2663, 5050, 4414, 687, 17.92%, 0, 0, 20, 157.19, 2008506, 23900
13081, 0, 3235, 5050, 4414, 687, 17.92%, 0, 0, 20, 154.29, 2009285, 23900
13086, 0, 3235, 5050, 4414, 687, 17.92%, 0, 0, 20, 157.68, 2010100, 23900
13091, 0, 5029, 5050, 4413, 686, 17.92%, 0, 0, 20, 158.83, 2010923, 23900
13096, 0, 1395, 5050, 4412, 685, 17.92%, 0, 0, 20, 159.21, 2011733, 23900
13101, 0, 3857, 5050, 4411, 684, 17.92%, 0, 0, 20, 157.80, 2012527, 23900
13106, 0, 5027, 5050, 4410, 683, 17.92%, 0, 0, 20, 119.73, 2013144, 23900
13112, 0, 5027, 5050, 4410, 683, 17.92%, 0, 0, 20, 100.40, 2013613, 23900
13117, 0, 4150, 5050, 4409, 682, 17.92%, 0, 0, 20, 90.75, 2014072, 23900
13122, 0, 4150, 5060, 4419, 682, 17.92%, 0, 0, 20, 88.46, 2014522, 23908
13127, 0, 4150, 5064, 4423, 682, 17.93%, 0, 0, 20, 87.85, 2014969, 23915
13132, 0, 4150, 5068, 4427, 682, 17.93%, 0, 0, 20, 87.39, 2015407, 23917
13137, 0, 4150, 5068, 4427, 682, 17.93%, 0, 0, 20, 87.35, 2015859, 23917
13142, 0, 4150, 5071, 4430, 682, 17.93%, 0, 0, 20, 87.88, 2016301, 23918
13147, 0, 4150, 5076, 4435, 682, 17.93%, 0, 0, 20, 89.22, 2016753, 23919
13152, 0, 4150, 5076, 4435, 682, 17.93%, 0, 0, 20, 88.65, 2017211, 23919
13157, 0, 4150, 5078, 4437, 682, 17.93%, 0, 0, 20, 88.35, 2017655, 23920
13163, 0, 4150, 5078, 4437, 682, 17.93%, 0, 0, 20, 87.52, 2018108, 23920
13168, 0, 4150, 5079, 4438, 682, 17.93%, 0, 0, 20, 88.07, 2018565, 23921
13173, 0, 4150, 5080, 4439, 682, 17.93%, 0, 0, 20, 88.70, 2019024, 23921
13178, 0, 4150, 5080, 4439, 682, 17.93%, 0, 0, 20, 88.10, 2019478, 23921
13183, 0, 4150, 5081, 4440, 682, 17.93%, 0, 0, 20, 88.25, 2019924, 23921
13188, 0, 4150, 5082, 4441, 682, 17.93%, 0, 0, 20, 88.57, 2020382, 23921
13194, 0, 4150, 5082, 4441, 682, 17.93%, 0, 0, 20, 87.26, 2020833, 23921
13199, 0, 4150, 5082, 4441, 682, 17.93%, 0, 0, 20, 88.00, 2021289, 23921
13204, 0, 4150, 5082, 4441, 682, 17.93%, 0, 0, 20, 87.91, 2021744, 23921
13209, 0, 4150, 5083, 4442, 682, 17.93%, 0, 0, 20, 87.86, 2022194, 23921
13214, 0, 4150, 5086, 4445, 682, 17.93%, 0, 0, 20, 87.08, 2022633, 23922
13219, 0, 4150, 5086, 4445, 682, 17.93%, 0, 0, 20, 87.19, 2023085, 23922
13224, 0, 4150, 5089, 4448, 682, 17.93%, 0, 0, 20, 86.96, 2023527, 23922
13229, 0, 4150, 5089, 4448, 682, 17.93%, 0, 0, 20, 87.39, 2023983, 23922
13235, 0, 4150, 5089, 4448, 682, 17.93%, 0, 0, 20, 86.92, 2024437, 23922
13240, 0, 5072, 5089, 4447, 696, 17.93%, 0, 0, 20, 106.58, 2024960, 23922
13245, 0, 2267, 5091, 4448, 695, 17.93%, 0, 0, 20, 148.51, 2025766, 23924
13250, 0, 5007, 5095, 4451, 695, 17.93%, 0, 0, 20, 156.85, 2026565, 23924
13255, 0, 5007, 5095, 4451, 695, 17.93%, 0, 0, 20, 158.99, 2027390, 23924
13260, 0, 5007, 5095, 4451, 695, 17.93%, 0, 0, 20, 159.27, 2028215, 23924
13265, 0, 5007, 5095, 4451, 695, 17.93%, 0, 0, 20, 159.30, 2029040, 23924
13271, 0, 5007, 5095, 4451, 695, 17.93%, 0, 0, 20, 159.47, 2029855, 23924
13276, 0, 5002, 5096, 4451, 695, 17.93%, 0, 0, 20, 158.92, 2030672, 23924
13281, 0, 5002, 5096, 4451, 695, 17.93%, 0, 0, 20, 158.75, 2031484, 23924
13286, 0, 3937, 5096, 4450, 694, 17.93%, 0, 0, 20, 159.25, 2032311, 23924
13291, 0, 323, 5097, 4450, 693, 17.93%, 0, 0, 20, 159.34, 2033134, 23924
13296, 0, 4948, 5097, 4449, 692, 17.93%, 0, 0, 20, 156.99, 2033925, 23924
13301, 0, 2201, 5097, 4448, 691, 17.93%, 0, 0, 20, 158.00, 2034732, 23924
13306, 0, 2201, 5097, 4448, 691, 17.93%, 0, 0, 20, 157.98, 2035523, 23924
13311, 0, 5079, 5097, 4447, 690, 17.93%, 0, 0, 20, 129.01, 2036200, 23924
13316, 0, 5079, 5099, 4449, 690, 17.93%, 0, 0, 20, 96.80, 2036639, 23924
13321, 0, 5079, 5101, 4451, 690, 17.93%, 0, 0, 20, 88.51, 2037070, 23924
13326, 0, 5079, 5101, 4451, 690, 17.93%, 0, 0, 20, 87.21, 2037505, 23924
13332, 0, 5079, 5102, 4452, 690, 17.93%, 0, 0, 20, 87.11, 2037947, 23924
13337, 0, 5079, 5102, 4452, 690, 17.93%, 0, 0, 20, 87.36, 2038400, 23924
13342, 0, 5079, 5102, 4452, 690, 17.93%, 0, 0, 20, 87.73, 2038856, 23924
13347, 0, 5079, 5102, 4452, 690, 17.93%, 0, 0, 20, 87.22, 2039307, 23924
13352, 0, 5079, 5102, 4452, 690, 17.93%, 0, 0, 20, 87.05, 2039760, 23924
13357, 0, 5079, 5102, 4452, 690, 17.93%, 0, 0, 20, 87.75, 2040215, 23924
13363, 0, 5079, 5102, 4452, 690, 17.93%, 0, 0, 20, 87.56, 2040668, 23924
13368, 0, 5079, 5102, 4452, 690, 17.93%, 0, 0, 20, 87.48, 2041122, 23924
13373, 0, 5079, 5102, 4452, 690, 17.93%, 0, 0, 20, 87.01, 2041574, 23924
13378, 0, 5079, 5103, 4453, 690, 17.93%, 0, 0, 20, 87.18, 2042013, 23924
13383, 0, 5079, 5103, 4453, 690, 17.93%, 0, 0, 20, 87.10, 2042449, 23924
13388, 0, 5079, 5103, 4453, 690, 17.93%, 0, 0, 20, 86.95, 2042900, 23924
13394, 0, 5079, 5103, 4453, 690, 17.93%, 0, 0, 20, 86.68, 2043351, 23924
13399, 0, 5079, 5103, 4453, 690, 17.93%, 0, 0, 20, 87.25, 2043788, 23924
13404, 0, 5079, 5103, 4453, 690, 17.93%, 0, 0, 20, 87.19, 2044239, 23924
13409, 0, 5079, 5103, 4453, 690, 17.93%, 0, 0, 20, 87.33, 2044690, 23924
13414, 0, 5079, 5103, 4453, 690, 17.93%, 0, 0, 20, 87.60, 2045146, 23924
13419, 0, 5079, 5104, 4454, 690, 17.93%, 0, 0, 20, 87.39, 2045600, 23924
13424, 0, 5079, 5104, 4454, 690, 17.93%, 0, 0, 20, 87.54, 2046055, 23924
13429, 0, 5094, 5104, 4453, 690, 17.93%, 0, 0, 20, 89.33, 2046497, 23924
13435, 0, 5094, 5106, 4455, 690, 17.93%, 0, 0, 20, 145.43, 2047306, 23924
13440, 0, 5094, 5107, 4456, 690, 17.93%, 0, 0, 20, 156.19, 2048136, 23924
13445, 0, 5094, 5110, 4459, 690, 17.93%, 0, 0, 20, 158.52, 2048961, 23924
13450, 0, 5094, 5110, 4459, 690, 17.93%, 0, 0, 20, 159.27, 2049786, 23924
13455, 0, 5094, 5110, 4459, 690, 17.93%, 0, 0, 20, 159.53, 2050611, 23924
13460, 0, 5094, 5110, 4459, 690, 17.93%, 0, 0, 20, 159.48, 2051436, 23924
13466, 0, 5094, 5111, 4460, 690, 17.93%, 0, 0, 20, 159.39, 2052261, 23924
13471, 0, 5094, 5111, 4460, 690, 17.93%, 0, 0, 20, 159.45, 2053086, 23924
13476, 0, 5094, 5113, 4462, 690, 17.93%, 0, 0, 20, 159.16, 2053911, 23924
13481, 0, 5094, 5113, 4462, 690, 17.93%, 0, 0, 20, 159.32, 2054736, 23924
13486, 0, 5094, 5113, 4462, 690, 17.93%, 0, 0, 20, 159.36, 2055561, 23924
13492, 0, 5094, 5114, 4463, 690, 17.94%, 0, 0, 20, 159.34, 2056386, 23925
13497, 0, 5094, 5114, 4463, 690, 17.94%, 0, 0, 20, 159.35, 2057211, 23925
13502, 0, 5094, 5114, 4463, 690, 17.94%, 0, 0, 20, 159.34, 2058036, 23925
13507, 0, 5094, 5114, 4463, 690, 17.94%, 0, 0, 20, 159.38, 2058861, 23925
13512, 0, 5094, 5114, 4463, 690, 17.94%, 0, 0, 20, 159.40, 2059684, 23925
13517, 0, 5106, 5114, 4462, 693, 17.94%, 0, 0, 20, 158.97, 2060495, 23925
13522, 0, 3539, 5114, 4461, 692, 17.94%, 0, 0, 20, 157.34, 2061289, 23925
13527, 0, 3299, 5114, 4460, 691, 17.94%, 0, 0, 20, 157.72, 2062093, 23925
13533, 0, 3299, 5114, 4460, 691, 17.94%, 0, 0, 20, 158.36, 2062919, 23925
13538, 0, 4995, 5122, 4467, 690, 17.94%, 0, 0, 20, 158.27, 2063731, 23925
13543, 0, 4995, 5125, 4470, 690, 17.94%, 0, 0, 20, 158.59, 2064556, 23926
13548, 0, 4995, 5127, 4472, 690, 17.94%, 0, 0, 20, 158.66, 2065351, 23927
13553, 0, 4995, 5128, 4473, 690, 17.94%, 0, 0, 20, 158.54, 2066176, 23927
13558, 0, 4995, 5129, 4474, 690, 17.94%, 0, 0, 20, 158.41, 2067001, 23927
13564, 0, 4995, 5130, 4475, 690, 17.94%, 0, 0, 20, 158.68, 2067826, 23927
13569, 0, 4995, 5131, 4476, 690, 17.94%, 0, 0, 20, 158.48, 2068651, 23927
13574, 0, 4995, 5132, 4477, 690, 17.94%, 0, 0, 20, 158.36, 2069443, 23927
13579, 0, 4995, 5134, 4479, 690, 17.94%, 0, 0, 20, 158.57, 2070268, 23927
13584, 0, 4995, 5134, 4479, 690, 17.94%, 0, 0, 20, 158.43, 2071093, 23927
13589, 0, 4995, 5134, 4479, 690, 17.94%, 0, 0, 20, 158.53, 2071918, 23927
13595, 0, 4995, 5134, 4479, 690, 17.94%, 0, 0, 20, 158.69, 2072743, 23927
13600, 0, 4995, 5134, 4479, 690, 17.94%, 0, 0, 20, 158.67, 2073568, 23927
13605, 0, 4995, 5136, 4481, 690, 17.94%, 0, 0, 20, 157.57, 2074369, 23927
13610, 0, 4995, 5138, 4483, 690, 17.94%, 0, 0, 20, 158.44, 2075194, 23927
13615, 0, 4995, 5138, 4483, 690, 17.94%, 0, 0, 20, 158.69, 2076019, 23927
13621, 0, 4995, 5138, 4483, 690, 17.94%, 0, 0, 20, 158.77, 2076834, 23927
13626, 0, 3773, 5138, 4481, 691, 17.94%, 0, 0, 20, 157.94, 2077652, 23927
13631, 0, 5097, 5138, 4480, 690, 17.94%, 0, 0, 20, 148.85, 2078418, 23927
13636, 0, 5097, 5139, 4481, 690, 17.94%, 0, 0, 20, 100.71, 2078862, 23927
13641, 0, 5097, 5142, 4484, 690, 17.94%, 0, 0, 20, 91.30, 2079321, 23927
13646, 0, 5097, 5144, 4486, 690, 17.94%, 0, 0, 20, 89.90, 2079785, 23927
13651, 0, 5097, 5145, 4487, 690, 17.94%, 0, 0, 20, 89.70, 2080248, 23927
13656, 0, 5097, 5146, 4488, 690, 17.94%, 0, 0, 20, 87.95, 2080689, 23927
13662, 0, 5049, 5146, 4487, 689, 17.94%, 0, 0, 20, 122.98, 2081304, 23927
13667, 0, 2419, 5146, 4486, 688, 17.94%, 0, 0, 20, 151.24, 2082107, 23927
13672, 0, 3722, 5146, 4485, 687, 17.94%, 0, 0, 20, 157.16, 2082914, 23927
13677, 0, 3676, 5146, 4484, 686, 17.94%, 0, 0, 20, 157.73, 2083711, 23927
13682, 0, 3676, 5147, 4485, 686, 17.94%, 0, 0, 20, 157.24, 2084503, 23927
13687, 0, 5124, 5147, 4484, 685, 17.94%, 0, 0, 20, 157.49, 2085307, 23927
13692, 0, 5124, 5148, 4485, 685, 17.94%, 0, 0, 20, 158.42, 2086105, 23927
13697, 0, 5124, 5149, 4486, 685, 17.94%, 0, 0, 20, 158.74, 2086919, 23928
13702, 0, 5074, 5150, 4485, 684, 17.94%, 0, 0, 20, 158.62, 2087742, 23928
13707, 0, 5074, 5154, 4489, 684, 17.94%, 0, 0, 20, 158.40, 2088549, 23928
13712, 0, 5074, 5157, 4492, 684, 17.94%, 0, 0, 20, 158.69, 2089356, 23928
13718, 0, 5074, 5160, 4495, 684, 17.94%, 0, 0, 20, 157.22, 2090148, 23928
13723, 0, 5074, 5160, 4495, 684, 17.94%, 0, 0, 20, 158.17, 2090940, 23928
13728, 0, 5074, 5162, 4497, 684, 17.94%, 0, 0, 20, 158.05, 2091744, 23928
13733, 0, 5074, 5162, 4497, 684, 17.94%, 0, 0, 20, 158.61, 2092569, 23928
13738, 0, 5074, 5164, 4499, 684, 17.94%, 0, 0, 20, 158.04, 2093361, 23928
13743, 0, 5074, 5164, 4499, 684, 17.94%, 0, 0, 20, 157.69, 2094153, 23928
13748, 0, 5074, 5164, 4499, 684, 17.94%, 0, 0, 20, 157.98, 2094942, 23928
13753, 0, 5074, 5166, 4501, 684, 17.94%, 0, 0, 20, 157.26, 2095731, 23928
13758, 0, 5074, 5166, 4501, 684, 17.94%, 0, 0, 20, 157.96, 2096523, 23928
13763, 0, 5074, 5166, 4501, 684, 17.94%, 0, 0, 20, 158.12, 2097315, 23928
13768, 0, 5074, 5166, 4501, 684, 17.94%, 0, 0, 20, 158.13, 2098107, 23928
13773, 0, 5074, 5166, 4501, 684, 17.94%, 0, 0, 20, 158.03, 2098899, 23928
13778, 0, 5074, 5166, 4501, 684, 17.94%, 0, 0, 20, 158.22, 2099691, 23928
13783, 0, 5074, 5166, 4501, 684, 17.94%, 0, 0, 20, 158.29, 2100483, 23928
13788, 0, 5074, 5166, 4501, 684, 17.94%, 0, 0, 20, 158.14, 2101293, 23928
13793, 0, 5125, 5166, 4500, 684, 17.94%, 0, 0, 20, 157.49, 2102081, 23928
13798, 0, 5111, 5168, 4501, 683, 17.94%, 0, 0, 20, 157.18, 2102897, 23928
13803, 0, 5111, 5169, 4502, 683, 17.94%, 0, 0, 21, 158.59, 2103723, 23928
13809, 0, 5111, 5169, 4502, 683, 17.94%, 0, 0, 21, 158.49, 2104534, 23928
13814, 0, 903, 5169, 4501, 682, 17.94%, 0, 0, 21, 156.50, 2105319, 23928
13819, 0, 3692, 5171, 4502, 681, 17.94%, 0, 0, 21, 158.42, 2106121, 23930
13824, 0, 3692, 5173, 4504, 681, 17.94%, 0, 0, 21, 158.87, 2106919, 23934
13829, 0, 3692, 5174, 4505, 681, 17.94%, 0, 0, 21, 158.75, 2107723, 23936
13834, 0, 3692, 5174, 4505, 681, 17.94%, 0, 0, 21, 158.71, 2108548, 23936
13839, 0, 3692, 5174, 4505, 681, 17.94%, 0, 0, 21, 158.82, 2109373, 23936
13844, 0, 3692, 5174, 4505, 681, 17.94%, 0, 0, 21, 158.82, 2110198, 23936
13849, 0, 3692, 5174, 4505, 681, 17.94%, 0, 0, 21, 158.82, 2111023, 23936
13855, 0, 3692, 5174, 4505, 681, 17.94%, 0, 0, 21, 158.68, 2111848, 23936
13860, 0, 3692, 5174, 4505, 681, 17.94%, 0, 0, 21, 158.66, 2112673, 23936
13865, 0, 3692, 5174, 4505, 681, 17.94%, 0, 0, 21, 158.80, 2113498, 23936
13870, 0, 3692, 5174, 4505, 681, 17.94%, 0, 0, 21, 158.93, 2114323, 23936
13875, 0, 3692, 5174, 4505, 681, 17.94%, 0, 0, 21, 158.88, 2115148, 23936
13881, 0, 3692, 5174, 4505, 681, 17.94%, 0, 0, 21, 158.90, 2115973, 23936
13886, 0, 3692, 5174, 4505, 681, 17.94%, 0, 0, 21, 158.86, 2116798, 23936
13891, 0, 3692, 5174, 4505, 681, 17.94%, 0, 0, 21, 158.85, 2117623, 23936
13896, 0, 3692, 5174, 4505, 681, 17.94%, 0, 0, 21, 158.89, 2118448, 23936
13901, 0, 3692, 5175, 4506, 681, 17.94%, 0, 0, 21, 158.29, 2119258, 23936
13907, 0, 5105, 5178, 4508, 684, 17.94%, 0, 0, 21, 158.56, 2120080, 23937
13912, 0, 5105, 5178, 4508, 684, 17.94%, 0, 0, 21, 158.84, 2120905, 23937
13917, 0, 5105, 5179, 4509, 684, 17.94%, 0, 0, 21, 158.66, 2121730, 23937
13922, 0, 5105, 5180, 4510, 684, 17.94%, 0, 0, 21, 158.54, 2122555, 23937
13927, 0, 5105, 5180, 4510, 684, 17.94%, 0, 0, 21, 158.59, 2123380, 23937
13933, 0, 5105, 5180, 4510, 684, 17.94%, 0, 0, 21, 158.69, 2124205, 23937
13938, 0, 5105, 5180, 4510, 684, 17.94%, 0, 0, 21, 158.69, 2125030, 23937
13943, 0, 5105, 5180, 4510, 684, 17.94%, 0, 0, 21, 158.40, 2125855, 23937
13948, 0, 5105, 5180, 4510, 684, 17.94%, 0, 0, 21, 158.16, 2126647, 23937
13953, 0, 5105, 5180, 4510, 684, 17.94%, 0, 0, 21, 158.42, 2127472, 23937
13958, 0, 5105, 5180, 4510, 684, 17.94%, 0, 0, 21, 158.64, 2128297, 23937
13963, 0, 5105, 5180, 4510, 684, 17.94%, 0, 0, 21, 158.38, 2129089, 23937
13969, 0, 5105, 5180, 4510, 684, 17.94%, 0, 0, 21, 158.55, 2129914, 23937
13974, 0, 5105, 5180, 4510, 684, 17.94%, 0, 0, 21, 158.67, 2130739, 23937
13979, 0, 5105, 5180, 4510, 684, 17.94%, 0, 0, 21, 158.68, 2131564, 23937
13984, 0, 5105, 5180, 4510, 684, 17.94%, 0, 0, 21, 158.69, 2132388, 23937
13989, 0, 5113, 5181, 4510, 685, 17.94%, 0, 0, 21, 154.11, 2133167, 23937
13994, 0, 5113, 5183, 4512, 685, 17.94%, 0, 0, 21, 157.56, 2133960, 23937
14000, 0, 5113, 5183, 4512, 685, 17.94%, 0, 0, 21, 158.41, 2134785, 23937
14005, 0, 5113, 5184, 4513, 685, 17.94%, 0, 0, 21, 158.57, 2135602, 23937
14010, 0, 3001, 5184, 4511, 684, 17.94%, 0, 0, 21, 154.08, 2136403, 23937
14015, 0, 4003, 5184, 4510, 683, 17.94%, 0, 0, 21, 154.73, 2137200, 23937
14020, 0, 4003, 5185, 4511, 683, 17.94%, 0, 0, 21, 156.92, 2137988, 23937
14025, 0, 4003, 5185, 4511, 683, 17.94%, 0, 0, 21, 157.62, 2138799, 23937
14030, 0, 4815, 5186, 4511, 682, 17.94%, 0, 0, 21, 156.48, 2139590, 23937
14035, 0, 4815, 5188, 4513, 682, 17.95%, 0, 0, 21, 156.81, 2140400, 23940
14041, 0, 5010, 5189, 4513, 683, 17.95%, 0, 0, 21, 157.31, 2141195, 23941
14046, 0, 5010, 5189, 4513, 683, 17.95%, 0, 0, 21, 157.93, 2142008, 23941
14051, 0, 3239, 5189, 4512, 682, 17.95%, 0, 0, 21, 157.25, 2142825, 23941
14056, 0, 3715, 5189, 4511, 681, 17.95%, 0, 0, 21, 157.46, 2143638, 23941
14061, 0, 3148, 5189, 4510, 680, 17.95%, 0, 0, 21, 154.60, 2144448, 23941
14066, 0, 3148, 5189, 4510, 680, 17.95%, 0, 0, 21, 151.66, 2145215, 23941
14072, 0, 2354, 5189, 4509, 679, 17.95%, 0, 0, 21, 150.60, 2145998, 23941
14077, 0, 4748, 5190, 4509, 678, 17.95%, 0, 0, 21, 153.49, 2146773, 23941
14082, 0, 4748, 5192, 4511, 678, 17.95%, 0, 0, 21, 157.00, 2147572, 23941
14087, 0, 4748, 5192, 4511, 678, 17.95%, 0, 0, 21, 157.60, 2148364, 23941
14092, 0, 4748, 5192, 4511, 678, 17.95%, 0, 0, 21, 157.93, 2149179, 23941
14097, 0, 4707, 5195, 4513, 677, 17.95%, 0, 0, 21, 157.82, 2149983, 23941
14102, 0, 4707, 5195, 4513, 677, 17.95%, 0, 0, 21, 157.23, 2150772, 23941
14107, 0, 4707, 5196, 4514, 677, 17.95%, 0, 0, 21, 157.60, 2151567, 23941
14112, 0, 4707, 5196, 4514, 677, 17.95%, 0, 0, 21, 157.87, 2152359, 23941
14117, 0, 4707, 5196, 4514, 677, 17.95%, 0, 0, 21, 157.77, 2153151, 23941
14122, 0, 4707, 5196, 4514, 677, 17.95%, 0, 0, 21, 157.30, 2153940, 23941
14127, 0, 4707, 5196, 4514, 677, 17.95%, 0, 0, 21, 157.95, 2154732, 23941
14132, 0, 4707, 5196, 4514, 677, 17.95%, 0, 0, 21, 157.95, 2155524, 23941
14137, 0, 4707, 5197, 4515, 677, 17.95%, 0, 0, 21, 157.68, 2156313, 23941
14142, 0, 4707, 5198, 4516, 677, 17.95%, 0, 0, 21, 157.08, 2157105, 23941
14147, 0, 4707, 5198, 4516, 677, 17.95%, 0, 0, 21, 157.94, 2157897, 23941
14152, 0, 4707, 5199, 4517, 677, 17.95%, 0, 0, 21, 157.97, 2158689, 23941
14157, 0, 4707, 5199, 4517, 677, 17.95%, 0, 0, 21, 157.80, 2159481, 23941
14162, 0, 4707, 5199, 4517, 677, 17.95%, 0, 0, 21, 157.55, 2160273, 23941
14167, 0, 4707, 5199, 4517, 677, 17.95%, 0, 0, 21, 158.04, 2161065, 23941
14172, 0, 4707, 5199, 4517, 677, 17.95%, 0, 0, 21, 157.70, 2161854, 23941
14177, 0, 4707, 5200, 4518, 677, 17.95%, 0, 0, 21, 157.30, 2162643, 23941
14182, 0, 5109, 5200, 4517, 676, 17.95%, 0, 0, 21, 157.40, 2163455, 23941
14188, 0, 5109, 5200, 4517, 676, 17.95%, 0, 0, 21, 158.28, 2164274, 23941
14193, 0, 5001, 5201, 4517, 675, 17.95%, 0, 0, 21, 157.81, 2165068, 23941
14198, 0, 5001, 5202, 4518, 675, 17.95%, 0, 0, 21, 157.40, 2165865, 23941
14203, 0, 1150, 5202, 4517, 674, 17.95%, 0, 0, 21, 156.73, 2166651, 23941
14208, 0, 4454, 5203, 4517, 673, 17.95%, 0, 0, 21, 157.85, 2167445, 23941
14213, 0, 4454, 5203, 4517, 673, 17.95%, 0, 0, 21, 157.88, 2168245, 23941
14218, 0, 3277, 5203, 4516, 672, 17.95%, 0, 0, 21, 157.71, 2169038, 23941
14223, 0, 3277, 5204, 4517, 672, 17.95%, 0, 0, 21, 157.84, 2169842, 23941
14228, 0, 3277, 5204, 4517, 672, 17.95%, 0, 0, 21, 157.91, 2170634, 23941
14233, 0, 3277, 5204, 4517, 672, 17.95%, 0, 0, 21, 157.90, 2171426, 23941
14238, 0, 3277, 5204, 4517, 672, 17.95%, 0, 0, 21, 157.71, 2172219, 23941
14243, 0, 3277, 5204, 4517, 672, 17.95%, 0, 0, 21, 157.81, 2173014, 23941
14248, 0, 3277, 5204, 4517, 672, 17.95%, 0, 0, 21, 157.70, 2173810, 23941
14253, 0, 3277, 5204, 4517, 672, 17.95%, 0, 0, 21, 157.30, 2174605, 23941
14258, 0, 5203, 5204, 4517, 674, 17.95%, 0, 0, 21, 156.81, 2175398, 23941
14263, 0, 2463, 5204, 4516, 673, 17.95%, 0, 0, 21, 153.69, 2176191, 23941
14268, 0, 5037, 5205, 4516, 673, 17.95%, 0, 0, 21, 155.30, 2176977, 23943
14274, 0, 5037, 5205, 4516, 673, 17.95%, 0, 0, 21, 157.43, 2177798, 23943
14279, 0, 2340, 5205, 4515, 672, 17.95%, 0, 0, 21, 158.53, 2178614, 23943
14284, 0, 2340, 5205, 4515, 672, 17.95%, 0, 0, 21, 158.51, 2179438, 23943
14289, 0, 4820, 5205, 4514, 671, 17.95%, 0, 0, 21, 157.27, 2180230, 23943
14294, 0, 4820, 5205, 4514, 671, 17.95%, 0, 0, 21, 157.56, 2181042, 23943
14299, 0, 1249, 5205, 4513, 670, 17.95%, 0, 0, 21, 154.98, 2181827, 23943
14304, 0, 4924, 5206, 4512, 668, 17.95%, 0, 0, 21, 155.50, 2182638, 23943
14309, 0, 4924, 5206, 4512, 668, 17.95%, 0, 0, 21, 157.88, 2183431, 23943
14315, 0, 4924, 5206, 4512, 668, 17.95%, 0, 0, 21, 157.98, 2184244, 23943
14320, 0, 1554, 5208, 4513, 667, 17.95%, 0, 0, 21, 156.74, 2185052, 23943
14325, 0, 5041, 5208, 4512, 666, 17.95%, 0, 0, 21, 156.06, 2185843, 23943
14330, 0, 5041, 5208, 4512, 666, 17.95%, 0, 0, 21, 157.59, 2186664, 23943
14335, 0, 2980, 5208, 4511, 665, 17.95%, 0, 0, 21, 153.47, 2187459, 23943
14340, 0, 5131, 5208, 4510, 664, 17.95%, 0, 0, 21, 152.83, 2188245, 23943
14345, 0, 5131, 5212, 4514, 664, 17.95%, 0, 0, 21, 153.39, 2189018, 23943
14351, 0, 5131, 5212, 4514, 664, 17.95%, 0, 0, 21, 153.68, 2189810, 23943
14356, 0, 5131, 5213, 4515, 664, 17.95%, 0, 0, 21, 153.73, 2190608, 23943
14361, 0, 5131, 5214, 4516, 664, 17.95%, 0, 0, 21, 153.74, 2191403, 23944
14366, 0, 5131, 5214, 4516, 664, 17.95%, 0, 0, 21, 153.80, 2192195, 23944
14371, 0, 5131, 5215, 4517, 664, 17.95%, 0, 0, 21, 153.78, 2192987, 23944
14376, 0, 5131, 5216, 4518, 664, 17.95%, 0, 0, 21, 153.61, 2193782, 23946
14381, 0, 5131, 5216, 4518, 664, 17.95%, 0, 0, 21, 153.47, 2194568, 23946
14387, 0, 5131, 5217, 4519, 664, 17.95%, 0, 0, 21, 153.54, 2195360, 23946
14392, 0, 5131, 5217, 4519, 664, 17.95%, 0, 0, 21, 153.66, 2196152, 23946
14397, 0, 5131, 5219, 4521, 664, 17.95%, 0, 0, 21, 153.64, 2196950, 23947
14402, 0, 5131, 5220, 4522, 664, 17.95%, 0, 0, 21, 153.63, 2197742, 23947
14407, 0, 5131, 5220, 4522, 664, 17.95%, 0, 0, 21, 153.70, 2198534, 23947
14412, 0, 5131, 5220, 4522, 664, 17.95%, 0, 0, 21, 153.75, 2199326, 23947
14417, 0, 5131, 5222, 4524, 664, 17.95%, 0, 0, 21, 153.59, 2200094, 23948
14423, 0, 5131, 5222, 4524, 664, 17.95%, 0, 0, 21, 153.59, 2200886, 23948
14428, 0, 5131, 5224, 4526, 664, 17.95%, 0, 0, 21, 153.73, 2201669, 23948
14433, 0, 5036, 5224, 4524, 667, 17.95%, 0, 0, 21, 153.41, 2202442, 23948
14438, 0, 5036, 5225, 4525, 667, 17.95%, 0, 0, 21, 153.86, 2203233, 23948
14443, 0, 5036, 5227, 4527, 667, 17.95%, 0, 0, 21, 153.93, 2204025, 23948
14448, 0, 5036, 5227, 4527, 667, 17.95%, 0, 0, 21, 153.91, 2204817, 23948
14453, 0, 5036, 5227, 4527, 667, 17.95%, 0, 0, 21, 153.88, 2205609, 23948
14458, 0, 5036, 5227, 4527, 667, 17.95%, 0, 0, 21, 153.16, 2206386, 23948
14463, 0, 3573, 5228, 4527, 666, 17.95%, 0, 0, 21, 155.65, 2207167, 23948
14468, 0, 4936, 5228, 4526, 665, 17.95%, 0, 0, 21, 157.32, 2207963, 23948
14473, 0, 4936, 5229, 4527, 665, 17.95%, 0, 0, 21, 157.36, 2208752, 23948
14478, 0, 3277, 5229, 4526, 664, 17.95%, 0, 0, 21, 157.56, 2209541, 23948
14484, 0, 3277, 5229, 4526, 664, 17.95%, 0, 0, 21, 157.56, 2210333, 23948
14489, 0, 3277, 5229, 4526, 664, 17.95%, 0, 0, 21, 157.48, 2211126, 23948
14494, 0, 3277, 5229, 4526, 664, 17.95%, 0, 0, 21, 158.12, 2211922, 23948
14499, 0, 3277, 5229, 4526, 664, 17.95%, 0, 0, 21, 158.59, 2212717, 23948
14504, 0, 3277, 5229, 4526, 664, 17.95%, 0, 0, 21, 157.81, 2213513, 23948
14509, 0, 4897, 5229, 4526, 664, 17.95%, 0, 0, 21, 156.08, 2214299, 23948
14514, 0, 4897, 5229, 4526, 664, 17.95%, 0, 0, 21, 150.15, 2215046, 23948
14519, 0, 4897, 5230, 4527, 664, 17.95%, 0, 0, 21, 153.72, 2215816, 23950
14524, 0, 5229, 5230, 4526, 663, 17.95%, 0, 0, 21, 105.95, 2216313, 23950
14529, 0, 5229, 5230, 4526, 663, 17.95%, 0, 0, 21, 90.71, 2216768, 23950
14534, 0, 5028, 5231, 4525, 661, 17.95%, 0, 0, 21, 141.74, 2217533, 23950
14539, 0, 5028, 5233, 4527, 661, 17.95%, 0, 0, 21, 154.12, 2218354, 23950
14544, 0, 5216, 5234, 4527, 659, 17.95%, 0, 0, 21, 155.16, 2219151, 23950
14550, 0, 5216, 5239, 4532, 659, 17.95%, 0, 0, 21, 153.96, 2219952, 23950
14555, 0, 5216, 5239, 4532, 659, 17.95%, 0, 0, 21, 153.75, 2220744, 23950
14560, 0, 5216, 5239, 4532, 659, 17.95%, 0, 0, 21, 153.78, 2221536, 23950
14565, 0, 5216, 5242, 4535, 659, 17.95%, 0, 0, 21, 153.72, 2222328, 23950
14570, 0, 5216, 5243, 4536, 659, 17.95%, 0, 0, 21, 153.74, 2223120, 23950
14575, 0, 5216, 5246, 4539, 659, 17.96%, 0, 0, 21, 153.69, 2223891, 23952
14580, 0, 5216, 5246, 4539, 659, 17.96%, 0, 0, 21, 153.53, 2224680, 23952
14586, 0, 5216, 5246, 4539, 659, 17.96%, 0, 0, 21, 153.75, 2225472, 23952
14591, 0, 5216, 5247, 4540, 659, 17.96%, 0, 0, 21, 153.85, 2226264, 23952
14596, 0, 5216, 5247, 4540, 659, 17.96%, 0, 0, 21, 153.80, 2227056, 23952
14601, 0, 5216, 5248, 4541, 659, 17.96%, 0, 0, 21, 153.80, 2227848, 23952
14606, 0, 5216, 5249, 4542, 659, 17.96%, 0, 0, 21, 153.58, 2228643, 23952
14611, 0, 5216, 5251, 4544, 659, 17.96%, 0, 0, 21, 152.82, 2229408, 23953
14616, 0, 5216, 5251, 4544, 659, 17.96%, 0, 0, 21, 153.56, 2230200, 23953
14622, 0, 5216, 5251, 4544, 659, 17.96%, 0, 0, 21, 153.71, 2230992, 23953
14627, 0, 5216, 5252, 4545, 659, 17.96%, 0, 0, 21, 153.81, 2231763, 23953
14632, 0, 5216, 5253, 4546, 659, 17.96%, 0, 0, 21, 145.10, 2232525, 23954
14637, 0, 3133, 5254, 4545, 662, 17.96%, 0, 0, 21, 150.92, 2233320, 23954
14642, 0, 3133, 5254, 4545, 662, 17.96%, 0, 0, 21, 150.81, 2234095, 23954
14647, 0, 2856, 5255, 4544, 660, 17.96%, 0, 0, 21, 156.71, 2234887, 23954
14652, 0, 2856, 5255, 4544, 660, 17.96%, 0, 0, 21, 157.61, 2235689, 23954
14657, 0, 4241, 5256, 4544, 659, 17.96%, 0, 0, 21, 157.71, 2236484, 23954
14662, 0, 4241, 5256, 4544, 659, 17.96%, 0, 0, 21, 157.78, 2237285, 23954
14667, 0, 3277, 5256, 4542, 657, 17.96%, 0, 0, 21, 157.79, 2238085, 23954
14672, 0, 3277, 5256, 4542, 657, 17.96%, 0, 0, 21, 157.63, 2238877, 23954
14677, 0, 3277, 5256, 4542, 657, 17.96%, 0, 0, 21, 157.52, 2239669, 23954
14682, 0, 3277, 5256, 4542, 657, 17.96%, 0, 0, 21, 157.47, 2240463, 23954
14688, 0, 3277, 5256, 4542, 657, 17.96%, 0, 0, 21, 157.37, 2241258, 23954
14693, 0, 3277, 5256, 4542, 657, 17.96%, 0, 0, 21, 157.66, 2242054, 23954
14698, 0, 3277, 5256, 4542, 657, 17.96%, 0, 0, 21, 157.59, 2242849, 23954
14703, 0, 4008, 5256, 4542, 657, 17.96%, 0, 0, 21, 157.79, 2243644, 23954
14708, 0, 4008, 5258, 4544, 657, 17.96%, 0, 0, 21, 157.64, 2244451, 23954
14713, 0, 4008, 5258, 4544, 657, 17.96%, 0, 0, 21, 157.29, 2245240, 23954
14718, 0, 1542, 5258, 4543, 656, 17.96%, 0, 0, 21, 158.00, 2246051, 23954
14723, 0, 3897, 5258, 4542, 655, 17.96%, 0, 0, 21, 158.23, 2246848, 23954
14728, 0, 3897, 5258, 4542, 655, 17.96%, 0, 0, 21, 157.58, 2247641, 23954
14733, 0, 3565, 5258, 4541, 654, 17.96%, 0, 0, 21, 157.74, 2248447, 23954
14738, 0, 5208, 5260, 4542, 653, 17.96%, 0, 0, 21, 156.75, 2249232, 23954
14743, 0, 5208, 5260, 4542, 653, 17.96%, 0, 0, 21, 154.21, 2250011, 23954
14748, 0, 4161, 5260, 4541, 652, 17.96%, 0, 0, 21, 155.37, 2250789, 23954
14753, 0, 5204, 5260, 4540, 651, 17.96%, 0, 0, 21, 155.84, 2251582, 23954
14758, 0, 5204, 5261, 4541, 651, 17.96%, 0, 0, 21, 155.50, 2252368, 23955
14763, 0, 4214, 5261, 4539, 650, 17.96%, 0, 0, 21, 156.99, 2253159, 23955
14769, 0, 4214, 5262, 4540, 650, 17.96%, 0, 0, 21, 153.94, 2253949, 23955
14774, 0, 4214, 5264, 4542, 650, 17.96%, 0, 0, 21, 155.61, 2254756, 23955
14779, 0, 4214, 5266, 4544, 650, 17.96%, 0, 0, 21, 155.70, 2255548, 23958
14784, 0, 4214, 5271, 4549, 650, 17.96%, 0, 0, 21, 154.45, 2256343, 23958
14789, 0, 4214, 5272, 4550, 650, 17.97%, 0, 0, 21, 155.57, 2257135, 23968
14794, 0, 4214, 5274, 4552, 650, 17.97%, 0, 0, 21, 155.80, 2257927, 23968
14799, 0, 4214, 5274, 4552, 650, 17.97%, 0, 0, 21, 155.72, 2258719, 23968
14804, 0, 4214, 5274, 4552, 650, 17.97%, 0, 0, 21, 155.96, 2259511, 23968
14809, 0, 4214, 5274, 4552, 650, 17.97%, 0, 0, 21, 155.84, 2260303, 23968
14815, 0, 4214, 5274, 4552, 650, 17.97%, 0, 0, 21, 155.93, 2261095, 23968
14820, 0, 4214, 5276, 4554, 650, 17.97%, 0, 0, 21, 155.61, 2261887, 23968
14825, 0, 4214, 5276, 4554, 650, 17.97%, 0, 0, 21, 155.86, 2262679, 23968
14830, 0, 4214, 5276, 4554, 650, 17.97%, 0, 0, 21, 155.90, 2263471, 23968
14835, 0, 4214, 5278, 4556, 650, 17.97%, 0, 0, 21, 155.91, 2264266, 23972
14840, 0, 4214, 5279, 4557, 650, 17.97%, 0, 0, 21, 155.60, 2265064, 23972
14845, 0, 4214, 5279, 4557, 650, 17.97%, 0, 0, 21, 156.00, 2265856, 23972
14850, 0, 4214, 5279, 4557, 650, 17.97%, 0, 0, 21, 155.96, 2266648, 23972
14855, 0, 4774, 5279, 4556, 653, 17.97%, 0, 0, 21, 156.71, 2267436, 23972
14860, 0, 5279, 5280, 4556, 653, 17.97%, 0, 0, 21, 157.34, 2268235, 23972
14865, 0, 5097, 5280, 4555, 652, 17.97%, 0, 0, 21, 106.49, 2268757, 23972
14871, 0, 5097, 5280, 4555, 652, 17.97%, 0, 0, 21, 91.19, 2269206, 23972
14876, 0, 5097, 5280, 4555, 652, 17.97%, 0, 0, 21, 88.62, 2269656, 23972
14881, 0, 5097, 5281, 4556, 652, 17.97%, 0, 0, 21, 87.03, 2270103, 23972
14886, 0, 5097, 5281, 4556, 652, 17.97%, 0, 0, 21, 86.30, 2270553, 23972
14891, 0, 5097, 5281, 4556, 652, 17.97%, 0, 0, 21, 87.26, 2271003, 23972
14896, 0, 5097, 5281, 4556, 652, 17.97%, 0, 0, 21, 86.77, 2271456, 23972
14901, 0, 5097, 5281, 4556, 652, 17.97%, 0, 0, 21, 85.87, 2271888, 23972
14906, 0, 5097, 5281, 4556, 652, 17.97%, 0, 0, 21, 85.84, 2272319, 23972
14912, 0, 5186, 5281, 4556, 652, 17.97%, 0, 0, 21, 128.05, 2272960, 23972
14917, 0, 948, 5281, 4555, 651, 17.97%, 0, 0, 21, 151.30, 2273772, 23972
14922, 0, 1662, 5281, 4554, 650, 17.97%, 0, 0, 21, 155.62, 2274566, 23972
14927, 0, 2542, 5281, 4553, 649, 17.97%, 0, 0, 21, 154.91, 2275355, 23972
14932, 0, 2542, 5282, 4554, 649, 17.97%, 0, 0, 21, 153.56, 2276151, 23972
14937, 0, 3618, 5282, 4553, 648, 17.97%, 0, 0, 21, 156.74, 2276946, 23972
14942, 0, 3618, 5286, 4557, 648, 17.97%, 0, 0, 21, 157.49, 2277765, 23973
14948, 0, 3618, 5288, 4559, 648, 17.97%, 0, 0, 21, 157.80, 2278575, 23975
14953, 0, 3618, 5288, 4559, 648, 17.97%, 0, 0, 21, 158.03, 2279367, 23975
14958, 0, 3618, 5290, 4561, 648, 17.97%, 0, 0, 21, 157.05, 2280174, 23975
14963, 0, 3618, 5292, 4563, 648, 17.97%, 0, 0, 21, 157.73, 2280966, 23975
14968, 0, 3618, 5292, 4563, 648, 17.97%, 0, 0, 21, 158.02, 2281791, 23975
14973, 0, 3618, 5292, 4563, 648, 17.97%, 0, 0, 21, 158.08, 2282583, 23975
14978, 0, 3618, 5293, 4564, 648, 17.97%, 0, 0, 21, 158.10, 2283384, 23975
14983, 0, 3618, 5293, 4564, 648, 17.97%, 0, 0, 21, 158.12, 2284176, 23975
14988, 0, 3618, 5293, 4564, 648, 17.97%, 0, 0, 21, 158.16, 2284968, 23975
14993, 0, 3618, 5293, 4564, 648, 17.97%, 0, 0, 21, 157.77, 2285760, 23975
14998, 0, 3618, 5293, 4564, 648, 17.97%, 0, 0, 21, 158.14, 2286552, 23975
15003, 0, 3618, 5293, 4564, 648, 17.97%, 0, 0, 21, 157.75, 2287344, 23975
15008, 0, 3618, 5293, 4564, 648, 17.97%, 0, 0, 21, 158.25, 2288136, 23975
15013, 0, 3618, 5293, 4564, 648, 17.97%, 0, 0, 21, 158.09, 2288928, 23975
15018, 0, 3618, 5293, 4564, 648, 17.97%, 0, 0, 21, 157.84, 2289720, 23975
15023, 0, 3618, 5293, 4564, 648, 17.97%, 0, 0, 21, 158.07, 2290530, 23975
15028, 0, 338, 5293, 4563, 649, 17.97%, 0, 0, 21, 158.54, 2291354, 23975
15033, 0, 4907, 5293, 4562, 648, 17.97%, 0, 0, 21, 154.24, 2292128, 23975
15039, 0, 4907, 5293, 4562, 648, 17.97%, 0, 0, 21, 151.45, 2292887, 23975
15044, 0, 633, 5293, 4561, 647, 17.97%, 0, 0, 21, 156.25, 2293694, 23975
15049, 0, 5213, 5294, 4561, 647, 17.97%, 0, 0, 21, 156.35, 2294481, 23977
15054, 0, 5213, 5295, 4562, 647, 17.98%, 0, 0, 21, 154.26, 2295272, 23978
15059, 0, 5213, 5295, 4562, 647, 17.98%, 0, 0, 21, 153.84, 2296048, 23978
15064, 0, 5243, 5296, 4562, 647, 17.98%, 0, 0, 22, 153.76, 2296833, 23978
15069, 0, 5243, 5297, 4563, 647, 17.98%, 0, 0, 22, 153.95, 2297625, 23978
15074, 0, 5243, 5299, 4565, 647, 17.98%, 0, 0, 22, 154.06, 2298396, 23979
15079, 0, 5243, 5301, 4567, 647, 17.98%, 0, 0, 22, 154.10, 2299167, 23979
15084, 0, 5243, 5301, 4567, 647, 17.98%, 0, 0, 22, 153.01, 2299956, 23979
15089, 0, 5243, 5302, 4568, 647, 17.98%, 0, 0, 22, 152.06, 2300742, 23979
15095, 0, 5243, 5304, 4570, 647, 17.98%, 0, 0, 22, 152.38, 2301525, 23980
15100, 0, 5243, 5305, 4571, 647, 17.98%, 0, 0, 22, 153.24, 2302293, 23981
15105, 0, 5243, 5307, 4573, 647, 17.98%, 0, 0, 22, 152.91, 2303085, 23982
15110, 0, 5243, 5307, 4573, 647, 17.98%, 0, 0, 22, 153.80, 2303877, 23982
15115, 0, 5243, 5308, 4574, 647, 17.98%, 0, 0, 22, 153.94, 2304669, 23982
15120, 0, 5243, 5309, 4575, 647, 17.98%, 0, 0, 22, 153.69, 2305455, 23983
15125, 0, 5243, 5309, 4575, 647, 17.98%, 0, 0, 22, 153.97, 2306247, 23983
15130, 0, 5243, 5309, 4575, 647, 17.98%, 0, 0, 22, 154.02, 2307039, 23983
15136, 0, 5243, 5310, 4576, 647, 17.98%, 0, 0, 22, 154.11, 2307834, 23983
15141, 0, 5243, 5310, 4576, 647, 17.98%, 0, 0, 22, 154.06, 2308626, 23983
15146, 0, 5243, 5310, 4576, 647, 17.98%, 0, 0, 22, 153.76, 2309413, 23983
15151, 0, 5301, 5310, 4575, 652, 17.98%, 0, 0, 22, 154.30, 2310185, 23983
15156, 0, 4732, 5311, 4575, 651, 17.98%, 0, 0, 22, 157.59, 2311009, 23983
15161, 0, 4732, 5311, 4575, 651, 17.98%, 0, 0, 22, 157.79, 2311823, 23983
15166, 0, 1536, 5311, 4574, 650, 17.98%, 0, 0, 22, 158.36, 2312643, 23983
15171, 0, 2089, 5311, 4573, 649, 17.98%, 0, 0, 22, 158.30, 2313437, 23983
15176, 0, 2089, 5311, 4573, 649, 17.98%, 0, 0, 22, 158.16, 2314229, 23983
15181, 0, 3277, 5311, 4572, 648, 17.98%, 0, 0, 22, 157.92, 2315025, 23983
15187, 0, 3277, 5311, 4572, 648, 17.98%, 0, 0, 22, 157.60, 2315817, 23983
15192, 0, 3277, 5311, 4572, 648, 17.98%, 0, 0, 22, 157.20, 2316610, 23983
15197, 0, 3277, 5311, 4572, 648, 17.98%, 0, 0, 22, 157.71, 2317406, 23983
15202, 0, 3277, 5311, 4572, 648, 17.98%, 0, 0, 22, 157.59, 2318201, 23983
15207, 0, 3277, 5311, 4572, 648, 17.98%, 0, 0, 22, 157.53, 2318997, 23983
15212, 0, 1541, 5311, 4572, 648, 17.98%, 0, 0, 22, 157.88, 2319792, 23983
15217, 0, 3196, 5311, 4571, 647, 17.98%, 0, 0, 22, 157.85, 2320586, 23983
15222, 0, 3196, 5315, 4575, 647, 17.98%, 0, 0, 22, 157.13, 2321388, 23983
15227, 0, 3196, 5315, 4575, 647, 17.98%, 0, 0, 22, 157.52, 2322180, 23983
15232, 0, 3196, 5316, 4576, 647, 17.98%, 0, 0, 22, 157.09, 2322972, 23983
15237, 0, 3196, 5318, 4578, 647, 17.98%, 0, 0, 22, 157.37, 2323770, 23983
15242, 0, 3196, 5318, 4578, 647, 17.98%, 0, 0, 22, 157.27, 2324562, 23983
15247, 0, 3196, 5319, 4579, 647, 17.98%, 0, 0, 22, 157.16, 2325354, 23983
15252, 0, 3196, 5319, 4579, 647, 17.98%, 0, 0, 22, 157.04, 2326143, 23983
15257, 0, 3196, 5319, 4579, 647, 17.98%, 0, 0, 22, 157.05, 2326935, 23983
15262, 0, 3196, 5320, 4580, 647, 17.98%, 0, 0, 22, 157.25, 2327727, 23990
15267, 0, 3196, 5320, 4580, 647, 17.98%, 0, 0, 22, 157.41, 2328519, 23990
15272, 0, 3196, 5320, 4580, 647, 17.98%, 0, 0, 22, 157.45, 2329311, 23990
15277, 0, 3196, 5320, 4580, 647, 17.98%, 0, 0, 22, 157.31, 2330103, 23990
15282, 0, 3196, 5320, 4580, 647, 17.98%, 0, 0, 22, 156.90, 2330895, 23990
15287, 0, 3196, 5320, 4580, 647, 17.98%, 0, 0, 22, 157.45, 2331687, 23990
15292, 0, 3196, 5320, 4580, 647, 17.98%, 0, 0, 22, 157.52, 2332479, 23990
15297, 0, 3196, 5320, 4580, 647, 17.98%, 0, 0, 22, 157.58, 2333271, 23990
15302, 0, 3196, 5321, 4581, 647, 17.98%, 0, 0, 22, 150.40, 2334031, 23990
15308, 0, 5297, 5323, 4582, 646, 17.98%, 0, 0, 23, 152.85, 2334821, 23990
15313, 0, 5297, 5323, 4582, 646, 17.98%, 0, 0, 23, 153.50, 2335613, 23990
15318, 0, 5297, 5323, 4582, 646, 17.98%, 0, 0, 23, 153.59, 2336391, 23990
15323, 0, 5051, 5323, 4581, 645, 17.98%, 0, 0, 23, 112.20, 2336957, 23990
15328, 0, 5051, 5323, 4581, 645, 17.98%, 0, 0, 23, 91.68, 2337408, 23990
15333, 0, 5319, 5323, 4580, 644, 17.98%, 0, 0, 23, 108.49, 2337932, 23990
15338, 0, 5319, 5327, 4584, 644, 17.99%, 0, 0, 23, 147.08, 2338722, 23993
15344, 0, 5319, 5329, 4586, 644, 17.99%, 0, 0, 23, 154.34, 2339538, 23995
15349, 0, 5319, 5329, 4586, 644, 17.99%, 0, 0, 23, 156.81, 2340330, 23995
15354, 0, 5319, 5331, 4588, 644, 17.99%, 0, 0, 23, 157.20, 2341137, 23997
15359, 0, 5319, 5331, 4588, 644, 17.99%, 0, 0, 23, 157.30, 2341929, 23997
15364, 0, 5319, 5332, 4589, 644, 17.99%, 0, 0, 23, 157.53, 2342721, 23997
15369, 0, 5319, 5333, 4590, 644, 17.99%, 0, 0, 23, 157.36, 2343513, 23999
15374, 0, 5319, 5334, 4591, 644, 17.99%, 0, 0, 23, 157.37, 2344308, 24003
15379, 0, 5319, 5336, 4593, 644, 17.99%, 0, 0, 23, 157.46, 2345100, 24003
15384, 0, 5319, 5336, 4593, 644, 17.99%, 0, 0, 23, 157.33, 2345892, 24003
15389, 0, 5319, 5336, 4593, 644, 17.99%, 0, 0, 23, 157.52, 2346684, 24003
15394, 0, 5319, 5338, 4595, 644, 17.99%, 0, 0, 23, 157.46, 2347485, 24003
15399, 0, 5319, 5339, 4596, 644, 17.99%, 0, 0, 23, 157.46, 2348289, 24003
15404, 0, 5302, 5340, 4596, 650, 17.99%, 0, 0, 23, 155.01, 2349080, 24003
15409, 0, 5302, 5345, 4601, 650, 17.99%, 0, 0, 23, 154.00, 2349863, 24003
15414, 0, 5302, 5345, 4601, 650, 17.99%, 0, 0, 23, 154.32, 2350655, 24003
15420, 0, 5302, 5345, 4601, 650, 17.99%, 0, 0, 23, 154.59, 2351447, 24003
15425, 0, 5302, 5345, 4601, 650, 17.99%, 0, 0, 23, 154.35, 2352239, 24003
15430, 0, 5302, 5345, 4601, 650, 17.99%, 0, 0, 23, 154.46, 2353028, 24003
15435, 0, 5302, 5345, 4601, 650, 17.99%, 0, 0, 23, 154.32, 2353817, 24003
15440, 0, 5302, 5346, 4602, 650, 17.99%, 0, 0, 23, 154.30, 2354603, 24003
15445, 0, 5302, 5346, 4602, 650, 17.99%, 0, 0, 23, 154.36, 2355395, 24003
15450, 0, 5302, 5346, 4602, 650, 17.99%, 0, 0, 23, 154.60, 2356187, 24003
15455, 0, 5302, 5347, 4603, 650, 17.99%, 0, 0, 23, 154.62, 2356979, 24003
15461, 0, 5302, 5347, 4603, 650, 17.99%, 0, 0, 23, 154.55, 2357771, 24003
15466, 0, 5302, 5347, 4603, 650, 17.99%, 0, 0, 23, 154.50, 2358563, 24003
15471, 0, 5302, 5347, 4603, 650, 17.99%, 0, 0, 23, 154.67, 2359352, 24003
15476, 0, 5302, 5347, 4603, 650, 17.99%, 0, 0, 23, 154.51, 2360144, 24003
15481, 0, 5302, 5347, 4603, 650, 17.99%, 0, 0, 23, 154.55, 2360936, 24003
15486, 0, 5302, 5347, 4603, 650, 17.99%, 0, 0, 23, 154.29, 2361717, 24003
15491, 0, 4171, 5347, 4601, 649, 17.99%, 0, 0, 23, 154.14, 2362488, 24003
15496, 0, 4171, 5348, 4602, 649, 17.99%, 0, 0, 23, 157.43, 2363282, 24003
15501, 0, 1913, 5348, 4601, 648, 17.99%, 0, 0, 23, 157.77, 2364076, 24003
15506, 0, 1913, 5348, 4601, 648, 17.99%, 0, 0, 23, 157.89, 2364871, 24003
15511, 0, 1016, 5348, 4600, 647, 17.99%, 0, 0, 23, 156.48, 2365664, 24003
15516, 0, 4898, 5348, 4599, 646, 17.99%, 0, 0, 23, 158.49, 2366491, 24003
15521, 0, 4949, 5348, 4598, 645, 17.99%, 0, 0, 23, 157.41, 2367284, 24003
15527, 0, 4067, 5348, 4597, 644, 17.99%, 0, 0, 23, 158.39, 2368091, 24003
15532, 0, 4067, 5348, 4597, 644, 17.99%, 0, 0, 23, 159.51, 2368915, 24003
15537, 0, 1154, 5348, 4596, 643, 17.99%, 0, 0, 23, 159.09, 2369722, 24003
15542, 0, 5324, 5348, 4595, 642, 17.99%, 0, 0, 23, 157.71, 2370516, 24003
15547, 0, 5324, 5349, 4596, 642, 18.00%, 0, 0, 23, 153.69, 2371299, 24005
15552, 0, 493, 5351, 4597, 644, 18.00%, 0, 0, 23, 156.14, 2372097, 24007
15557, 0, 1104, 5351, 4596, 643, 18.00%, 0, 0, 23, 155.70, 2372889, 24007
15562, 0, 5055, 5353, 4597, 642, 18.00%, 0, 0, 23, 157.20, 2373679, 24007
15567, 0, 5055, 5355, 4599, 642, 18.00%, 0, 0, 23, 157.52, 2374480, 24007
15572, 0, 5055, 5358, 4602, 642, 18.00%, 0, 0, 23, 157.54, 2375278, 24007
15577, 0, 5055, 5360, 4604, 642, 18.00%, 0, 0, 23, 158.11, 2376079, 24007
15582, 0, 5055, 5363, 4607, 642, 18.00%, 0, 0, 23, 156.65, 2376865, 24007
15587, 0, 5055, 5365, 4609, 642, 18.00%, 0, 0, 23, 157.84, 2377657, 24007
15592, 0, 5055, 5365, 4609, 642, 18.00%, 0, 0, 23, 157.70, 2378446, 24007
15597, 0, 5055, 5367, 4611, 642, 18.00%, 0, 0, 23, 156.45, 2379238, 24009
15602, 0, 5055, 5367, 4611, 642, 18.00%, 0, 0, 23, 156.85, 2380024, 24009
15607, 0, 5055, 5368, 4612, 642, 18.00%, 0, 0, 23, 157.76, 2380816, 24009
15612, 0, 5055, 5368, 4612, 642, 18.00%, 0, 0, 23, 157.87, 2381605, 24009
15618, 0, 5055, 5368, 4612, 642, 18.00%, 0, 0, 23, 157.78, 2382394, 24009
15623, 0, 5055, 5370, 4614, 642, 18.00%, 0, 0, 23, 158.04, 2383186, 24009
15628, 0, 5055, 5370, 4614, 642, 18.00%, 0, 0, 23, 157.72, 2383975, 24009
15633, 0, 5055, 5370, 4614, 642, 18.00%, 0, 0, 23, 157.36, 2384767, 24009
15638, 0, 5055, 5370, 4614, 642, 18.00%, 0, 0, 23, 158.16, 2385559, 24009
15643, 0, 5055, 5370, 4614, 642, 18.00%, 0, 0, 23, 158.29, 2386351, 24009
15648, 0, 5055, 5370, 4614, 642, 18.00%, 0, 0, 23, 158.60, 2387163, 24009
15653, 0, 5249, 5370, 4613, 644, 18.00%, 0, 0, 23, 154.99, 2387948, 24009
15658, 0, 5249, 5372, 4615, 644, 18.00%, 0, 0, 23, 152.82, 2388711, 24009
15663, 0, 653, 5372, 4614, 643, 18.00%, 0, 0, 23, 148.16, 2389475, 24009
15668, 0, 1684, 5372, 4613, 642, 18.00%, 0, 0, 23, 153.50, 2390267, 24009
15673, 0, 2682, 5372, 4612, 641, 18.00%, 0, 0, 23, 155.37, 2391061, 24009
15678, 0, 2250, 5372, 4611, 640, 18.00%, 0, 0, 23, 156.71, 2391853, 24009
15683, 0, 1524, 5372, 4610, 639, 18.00%, 0, 0, 23, 157.49, 2392650, 24009
15689, 0, 3598, 5372, 4609, 638, 18.00%, 0, 0, 23, 158.19, 2393472, 24009
15694, 0, 3598, 5374, 4611, 638, 18.00%, 0, 0, 23, 158.85, 2394276, 24009
15699, 0, 3598, 5374, 4611, 638, 18.00%, 0, 0, 23, 158.72, 2395101, 24009
15704, 0, 355, 5374, 4610, 637, 18.00%, 0, 0, 23, 158.40, 2395912, 24009
15709, 0, 4752, 5374, 4609, 636, 18.00%, 0, 0, 23, 158.99, 2396737, 24009
15714, 0, 4752, 5374, 4609, 636, 18.00%, 0, 0, 23, 158.92, 2397550, 24009
15719, 0, 2443, 5374, 4607, 634, 18.00%, 0, 0, 23, 158.80, 2398373, 24009
15724, 0, 5308, 5377, 4609, 633, 18.00%, 0, 0, 23, 156.99, 2399161, 24011
15730, 0, 5308, 5377, 4609, 633, 18.00%, 0, 0, 23, 144.90, 2399908, 24011
15735, 0, 3542, 5377, 4608, 632, 18.00%, 0, 0, 23, 151.53, 2400695, 24011
15740, 0, 3542, 5379, 4610, 632, 18.00%, 0, 0, 23, 154.35, 2401487, 24011
15745, 0, 3542, 5379, 4610, 632, 18.00%, 0, 0, 23, 155.43, 2402279, 24011
15750, 0, 1339, 5379, 4609, 631, 18.00%, 0, 0, 23, 157.58, 2403083, 24011
15755, 0, 4258, 5379, 4608, 630, 18.00%, 0, 0, 23, 158.06, 2403875, 24011
15760, 0, 4258, 5380, 4609, 630, 18.00%, 0, 0, 23, 158.12, 2404678, 24011
15765, 0, 535, 5380, 4608, 629, 18.00%, 0, 0, 23, 157.38, 2405488, 24011
15770, 0, 3784, 5380, 4607, 628, 18.00%, 0, 0, 23, 157.46, 2406280, 24011
15775, 0, 3784, 5381, 4608, 628, 18.00%, 0, 0, 23, 157.09, 2407086, 24011
15781, 0, 1258, 5382, 4608, 627, 18.00%, 0, 0, 23, 157.06, 2407888, 24011
15786, 0, 3333, 5382, 4607, 626, 18.00%, 0, 0, 23, 158.01, 2408683, 24011
15791, 0, 4627, 5382, 4606, 625, 18.00%, 0, 0, 23, 156.99, 2409488, 24011
15796, 0, 4627, 5382, 4606, 625, 18.00%, 0, 0, 23, 156.63, 2410290, 24011
15801, 0, 1689, 5383, 4605, 623, 18.00%, 0, 0, 23, 158.00, 2411082, 24011
15806, 0, 1689, 5383, 4605, 623, 18.00%, 0, 0, 23, 158.28, 2411877, 24011
15811, 0, 5360, 5383, 4603, 621, 18.00%, 0, 0, 23, 158.62, 2412700, 24011
15816, 0, 5360, 5384, 4604, 621, 18.00%, 0, 0, 23, 158.33, 2413491, 24011
15821, 0, 5306, 5384, 4603, 620, 18.00%, 0, 0, 23, 157.08, 2414301, 24011
15826, 0, 5306, 5386, 4605, 620, 18.00%, 0, 0, 23, 155.59, 2415092, 24011
15831, 0, 5306, 5387, 4606, 620, 18.00%, 0, 0, 23, 155.36, 2415884, 24011
15836, 0, 5306, 5387, 4606, 620, 18.00%, 0, 0, 23, 155.25, 2416676, 24011
15842, 0, 5306, 5387, 4606, 620, 18.00%, 0, 0, 23, 155.35, 2417468, 24011
15847, 0, 5306, 5388, 4607, 620, 18.00%, 0, 0, 23, 154.03, 2418245, 24012
15852, 0, 824, 5388, 4605, 620, 18.00%, 0, 0, 23, 156.49, 2419028, 24012
15857, 0, 3786, 5388, 4604, 619, 18.00%, 0, 0, 23, 157.86, 2419822, 24012
15862, 0, 2342, 5388, 4603, 618, 18.00%, 0, 0, 23, 156.03, 2420616, 24012
15867, 0, 2342, 5388, 4603, 618, 18.00%, 0, 0, 23, 154.44, 2421406, 24012
15872, 0, 194, 5388, 4602, 617, 18.00%, 0, 0, 23, 116.19, 2422002, 24012
15877, 0, 194, 5388, 4602, 617, 18.00%, 0, 0, 23, 92.24, 2422435, 24012
15882, 0, 194, 5389, 4603, 617, 18.00%, 0, 0, 23, 87.72, 2422870, 24012
15887, 0, 812, 5389, 4602, 616, 18.00%, 0, 0, 23, 135.48, 2423561, 24012
15892, 0, 4463, 5389, 4600, 614, 18.00%, 0, 0, 23, 153.49, 2424369, 24012
15897, 0, 4463, 5389, 4600, 614, 18.00%, 0, 0, 23, 156.55, 2425160, 24012
15902, 0, 5171, 5389, 4599, 613, 18.00%, 0, 0, 23, 158.09, 2425974, 24012
15907, 0, 5171, 5390, 4600, 613, 18.00%, 0, 0, 23, 158.71, 2426798, 24012
15913, 0, 718, 5390, 4599, 614, 18.00%, 0, 0, 23, 158.37, 2427608, 24012
15918, 0, 2946, 5390, 4598, 613, 18.00%, 0, 0, 23, 153.91, 2428409, 24012
15923, 0, 5252, 5390, 4597, 612, 18.00%, 0, 0, 23, 153.27, 2429195, 24012
15928, 0, 5252, 5390, 4597, 612, 18.00%, 0, 0, 23, 157.20, 2430014, 24012
15933, 0, 4111, 5390, 4596, 611, 18.00%, 0, 0, 23, 153.93, 2430812, 24012
15938, 0, 5271, 5390, 4595, 610, 18.00%, 0, 0, 23, 153.85, 2431579, 24012
15943, 0, 5271, 5390, 4595, 610, 18.00%, 0, 0, 23, 155.17, 2432370, 24012
15949, 0, 5304, 5391, 4595, 609, 18.00%, 0, 0, 23, 155.40, 2433166, 24013
15954, 0, 5304, 5391, 4595, 609, 18.00%, 0, 0, 23, 154.60, 2433950, 24013
15959, 0, 215, 5392, 4595, 608, 18.00%, 0, 0, 23, 155.47, 2434733, 24013
15964, 0, 3678, 5392, 4594, 607, 18.00%, 0, 0, 23, 156.75, 2435522, 24013
15969, 0, 3678, 5394, 4596, 607, 18.00%, 0, 0, 23, 157.29, 2436322, 24014
15974, 0, 3678, 5395, 4597, 607, 18.00%, 0, 0, 23, 157.44, 2437114, 24014
15979, 0, 3678, 5396, 4598, 607, 18.00%, 0, 0, 23, 157.25, 2437915, 24014
15984, 0, 3678, 5396, 4598, 607, 18.00%, 0, 0, 23, 157.14, 2438707, 24014
15989, 0, 3678, 5396, 4598, 607, 18.00%, 0, 0, 23, 157.23, 2439499, 24014
15994, 0, 3678, 5396, 4598, 607, 18.00%, 0, 0, 23, 157.31, 2440291, 24014
15999, 0, 5245, 5397, 4598, 608, 18.00%, 0, 0, 23, 154.91, 2441081, 24014
16004, 0, 5245, 5397, 4598, 608, 18.00%, 0, 0, 23, 154.95, 2441866, 24014
16009, 0, 4692, 5397, 4597, 607, 18.00%, 0, 0, 23, 156.11, 2442648, 24014
16014, 0, 4692, 5397, 4597, 607, 18.00%, 0, 0, 23, 157.08, 2443437, 24014
16019, 0, 429, 5397, 4596, 606, 18.00%, 0, 0, 23, 156.80, 2444216, 24014
16024, 0, 5390, 5400, 4598, 605, 18.00%, 0, 0, 23, 156.79, 2445016, 24015
16029, 0, 5390, 5402, 4600, 605, 18.00%, 0, 0, 23, 157.05, 2445820, 24015
16034, 0, 5390, 5405, 4603, 605, 18.02%, 0, 0, 23, 156.96, 2446618, 24036
16040, 0, 5390, 5406, 4604, 605, 18.02%, 0, 0, 23, 156.93, 2447410, 24036
16045, 0, 5390, 5406, 4604, 605, 18.02%, 0, 0, 23, 157.09, 2448202, 24036
16050, 0, 5390, 5407, 4605, 605, 18.02%, 0, 0, 23, 156.91, 2448994, 24037
16055, 0, 5390, 5408, 4606, 605, 18.02%, 0, 0, 23, 157.06, 2449786, 24040
16060, 0, 5390, 5408, 4606, 605, 18.02%, 0, 0, 23, 157.17, 2450578, 24040
16065, 0, 5390, 5408, 4606, 605, 18.02%, 0, 0, 23, 157.25, 2451370, 24040
16070, 0, 5390, 5409, 4607, 605, 18.02%, 0, 0, 23, 157.21, 2452162, 24040
16075, 0, 5390, 5409, 4607, 605, 18.02%, 0, 0, 23, 157.12, 2452954, 24040
16080, 0, 5390, 5410, 4608, 605, 18.02%, 0, 0, 23, 157.06, 2453746, 24040
16085, 0, 5390, 5410, 4608, 605, 18.02%, 0, 0, 23, 157.10, 2454541, 24040
16090, 0, 223, 5411, 4607, 608, 18.02%, 0, 0, 23, 157.53, 2455334, 24040
16095, 0, 3191, 5411, 4606, 607, 18.02%, 0, 0, 23, 158.64, 2456160, 24040
16100, 0, 5149, 5411, 4605, 606, 18.02%, 0, 0, 23, 158.56, 2456964, 24040
16105, 0, 5149, 5412, 4606, 606, 18.02%, 0, 0, 23, 157.00, 2457754, 24040
16110, 0, 5149, 5413, 4607, 606, 18.02%, 0, 0, 23, 157.08, 2458546, 24040
16115, 0, 5149, 5413, 4607, 606, 18.02%, 0, 0, 23, 158.03, 2459359, 24040
16120, 0, 3755, 5413, 4605, 605, 18.02%, 0, 0, 23, 158.10, 2460150, 24040
16125, 0, 4421, 5414, 4605, 604, 18.02%, 0, 0, 23, 158.83, 2460948, 24040
16131, 0, 5393, 5414, 4604, 603, 18.02%, 0, 0, 23, 157.86, 2461770, 24040
16136, 0, 5379, 5414, 4603, 602, 18.02%, 0, 0, 23, 157.76, 2462577, 24040
16141, 0, 5379, 5414, 4603, 602, 18.02%, 0, 0, 23, 158.24, 2463400, 24040
16146, 0, 2627, 5414, 4602, 601, 18.02%, 0, 0, 23, 156.84, 2464213, 24040
16151, 0, 5369, 5415, 4602, 600, 18.02%, 0, 0, 23, 157.57, 2465013, 24040
16156, 0, 5369, 5415, 4602, 600, 18.02%, 0, 0, 23, 158.59, 2465830, 24040
16161, 0, 2216, 5415, 4601, 599, 18.02%, 0, 0, 23, 156.61, 2466616, 24040
16167, 0, 2216, 5415, 4601, 599, 18.02%, 0, 0, 23, 156.10, 2467409, 24040
16172, 0, 1213, 5415, 4600, 598, 18.02%, 0, 0, 23, 156.02, 2468203, 24040
16177, 0, 2843, 5415, 4599, 597, 18.02%, 0, 0, 23, 157.54, 2468999, 24040
16182, 0, 3275, 5415, 4598, 596, 18.02%, 0, 0, 23, 157.83, 2469805, 24040
16187, 0, 3275, 5415, 4598, 596, 18.02%, 0, 0, 23, 157.34, 2470621, 24040
16192, 0, 5402, 5421, 4603, 593, 18.02%, 0, 0, 23, 155.93, 2471434, 24041
16197, 0, 5402, 5424, 4606, 593, 18.02%, 0, 0, 23, 156.25, 2472238, 24041
16202, 0, 5402, 5425, 4607, 593, 18.02%, 0, 0, 23, 156.36, 2473030, 24041
16207, 0, 5402, 5426, 4608, 593, 18.03%, 0, 0, 23, 156.43, 2473822, 24047
16213, 0, 5402, 5428, 4610, 593, 18.04%, 0, 0, 23, 156.40, 2474629, 24059
16218, 0, 5402, 5429, 4611, 593, 18.04%, 0, 0, 23, 156.35, 2475421, 24059
16223, 0, 5402, 5429, 4611, 593, 18.04%, 0, 0, 23, 156.34, 2476213, 24059
16228, 0, 5402, 5430, 4612, 593, 18.04%, 0, 0, 23, 156.37, 2477008, 24059
16233, 0, 5402, 5430, 4612, 593, 18.04%, 0, 0, 23, 156.47, 2477800, 24059
16238, 0, 5402, 5431, 4613, 593, 18.04%, 0, 0, 23, 156.43, 2478592, 24059
16243, 0, 5402, 5431, 4613, 593, 18.04%, 0, 0, 23, 156.46, 2479384, 24059
16248, 0, 5402, 5431, 4613, 593, 18.04%, 0, 0, 23, 156.44, 2480176, 24059
16253, 0, 5402, 5431, 4613, 593, 18.04%, 0, 0, 23, 156.32, 2480968, 24059
16258, 0, 4836, 5431, 4611, 596, 18.04%, 0, 0, 23, 157.00, 2481768, 24059
16263, 0, 4836, 5431, 4611, 596, 18.04%, 0, 0, 23, 158.86, 2482591, 24059
16269, 0, 4351, 5431, 4610, 595, 18.04%, 0, 0, 23, 158.60, 2483404, 24059
16274, 0, 4351, 5432, 4611, 595, 18.04%, 0, 0, 23, 157.69, 2484204, 24059
16279, 0, 5260, 5432, 4609, 593, 18.04%, 0, 0, 23, 158.34, 2485000, 24059
16284, 0, 5260, 5434, 4611, 593, 18.04%, 0, 0, 23, 157.90, 2485804, 24060
16289, 0, 5418, 5434, 4610, 594, 18.04%, 0, 0, 23, 156.43, 2486593, 24060
16294, 0, 5418, 5434, 4610, 594, 18.04%, 0, 0, 23, 155.98, 2487389, 24060
16299, 0, 2151, 5434, 4609, 593, 18.04%, 0, 0, 23, 152.49, 2488153, 24060
16304, 0, 2151, 5434, 4609, 593, 18.04%, 0, 0, 23, 154.39, 2488933, 24060
16309, 0, 5350, 5434, 4608, 592, 18.04%, 0, 0, 23, 155.33, 2489723, 24060
16314, 0, 4977, 5435, 4608, 591, 18.04%, 0, 0, 23, 153.35, 2490498, 24060
16319, 0, 4977, 5435, 4608, 591, 18.04%, 0, 0, 23, 156.58, 2491317, 24060
16325, 0, 3459, 5436, 4608, 590, 18.04%, 0, 0, 23, 157.76, 2492136, 24060
16330, 0, 3459, 5436, 4608, 590, 18.04%, 0, 0, 23, 158.05, 2492955, 24060
16335, 0, 5155, 5437, 4608, 589, 18.04%, 0, 0, 23, 156.98, 2493773, 24060
16340, 0, 5155, 5442, 4613, 589, 18.04%, 0, 0, 23, 154.65, 2494556, 24060
16345, 0, 5155, 5449, 4620, 589, 18.04%, 0, 0, 23, 154.95, 2495339, 24060
16350, 0, 5155, 5451, 4622, 589, 18.04%, 0, 0, 23, 155.26, 2496116, 24060
16355, 0, 5155, 5453, 4624, 589, 18.04%, 0, 0, 23, 155.01, 2496917, 24060
16360, 0, 5155, 5454, 4625, 589, 18.04%, 0, 0, 23, 154.80, 2497694, 24060
16365, 0, 5155, 5456, 4627, 589, 18.04%, 0, 0, 23, 155.40, 2498480, 24060
16370, 0, 5155, 5456, 4627, 589, 18.04%, 0, 0, 23, 154.93, 2499254, 24060
16375, 0, 5155, 5456, 4627, 589, 18.04%, 0, 0, 23, 155.27, 2500031, 24060
16380, 0, 5155, 5457, 4628, 589, 18.04%, 0, 0, 23, 155.00, 2500808, 24060
16385, 0, 5155, 5457, 4628, 589, 18.04%, 0, 0, 23, 156.23, 2501597, 24060
16391, 0, 5155, 5459, 4630, 589, 18.04%, 0, 0, 23, 155.49, 2502395, 24060
16396, 0, 5155, 5460, 4631, 589, 18.04%, 0, 0, 23, 154.82, 2503178, 24061
16401, 0, 5155, 5461, 4632, 589, 18.04%, 0, 0, 23, 154.55, 2503982, 24061
16406, 0, 5155, 5462, 4633, 589, 18.04%, 0, 0, 23, 155.58, 2504771, 24061
16411, 0, 5155, 5462, 4633, 589, 18.04%, 0, 0, 23, 155.29, 2505551, 24061
16416, 0, 5155, 5462, 4633, 589, 18.04%, 0, 0, 23, 154.75, 2506331, 24061
16421, 0, 5155, 5463, 4634, 589, 18.04%, 0, 0, 23, 156.24, 2507116, 24061
16426, 0, 426, 5463, 4632, 594, 18.04%, 0, 0, 23, 156.83, 2507928, 24061
16431, 0, 2603, 5463, 4631, 593, 18.04%, 0, 0, 23, 156.46, 2508720, 24061
16436, 0, 5426, 5465, 4632, 594, 18.04%, 0, 0, 23, 154.51, 2509502, 24071
16441, 0, 5426, 5470, 4637, 594, 18.05%, 0, 0, 23, 155.92, 2510309, 24074
16447, 0, 5426, 5475, 4642, 594, 18.05%, 0, 0, 23, 156.22, 2511113, 24081
16452, 0, 5426, 5479, 4646, 594, 18.05%, 0, 0, 23, 156.29, 2511917, 24083
16457, 0, 5426, 5480, 4647, 594, 18.05%, 0, 0, 23, 156.61, 2512709, 24083
16462, 0, 5426, 5482, 4649, 594, 18.05%, 0, 0, 23, 156.70, 2513519, 24083
16467, 0, 5426, 5482, 4649, 594, 18.05%, 0, 0, 23, 156.53, 2514311, 24083
16472, 0, 5426, 5483, 4650, 594, 18.06%, 0, 0, 23, 156.74, 2515112, 24088
16477, 0, 5426, 5484, 4651, 594, 18.06%, 0, 0, 23, 156.84, 2515904, 24089
16482, 0, 5426, 5485, 4652, 594, 18.06%, 0, 0, 23, 156.86, 2516696, 24089
16487, 0, 5426, 5485, 4652, 594, 18.06%, 0, 0, 23, 156.94, 2517488, 24089
16492, 0, 5426, 5486, 4653, 594, 18.06%, 0, 0, 23, 156.93, 2518280, 24089
16497, 0, 5426, 5487, 4654, 594, 18.06%, 0, 0, 23, 156.79, 2519072, 24089
16502, 0, 5426, 5488, 4655, 594, 18.06%, 0, 0, 23, 156.45, 2519867, 24089
16507, 0, 73, 5488, 4653, 599, 18.06%, 0, 0, 23, 155.22, 2520630, 24089
16512, 0, 2440, 5488, 4652, 598, 18.06%, 0, 0, 23, 157.25, 2521422, 24089
16518, 0, 1225, 5488, 4651, 597, 18.06%, 0, 0, 23, 156.55, 2522210, 24089
16523, 0, 3940, 5488, 4650, 596, 18.06%, 0, 0, 23, 156.98, 2523004, 24089
16528, 0, 3940, 5489, 4651, 596, 18.06%, 0, 0, 23, 156.60, 2523795, 24089
16533, 0, 4838, 5490, 4651, 595, 18.06%, 0, 0, 23, 158.48, 2524597, 24089
16538, 0, 4838, 5491, 4652, 595, 18.06%, 0, 0, 23, 159.13, 2525423, 24089
16543, 0, 4261, 5491, 4651, 594, 18.06%, 0, 0, 23, 158.83, 2526237, 24089
16548, 0, 4261, 5492, 4652, 594, 18.06%, 0, 0, 23, 158.25, 2527029, 24089
16553, 0, 4261, 5492, 4652, 594, 18.06%, 0, 0, 23, 158.01, 2527843, 24089
16558, 0, 5485, 5494, 4653, 593, 18.06%, 0, 0, 23, 156.63, 2528640, 24089
16563, 0, 5485, 5495, 4654, 593, 18.06%, 0, 0, 23, 156.04, 2529432, 24089
16568, 0, 5485, 5496, 4655, 593, 18.06%, 0, 0, 23, 155.94, 2530224, 24089
16573, 0, 5485, 5497, 4656, 593, 18.06%, 0, 0, 23, 155.97, 2531016, 24091
16579, 0, 5485, 5498, 4657, 593, 18.06%, 0, 0, 23, 155.98, 2531814, 24092
16584, 0, 5485, 5500, 4659, 593, 18.06%, 0, 0, 23, 155.81, 2532606, 24092
16589, 0, 5485, 5500, 4659, 593, 18.06%, 0, 0, 23, 155.91, 2533398, 24092
16594, 0, 5485, 5501, 4660, 593, 18.06%, 0, 0, 23, 156.09, 2534190, 24092
16599, 0, 5485, 5502, 4661, 593, 18.06%, 0, 0, 23, 156.10, 2534982, 24092
16604, 0, 5485, 5503, 4662, 593, 18.06%, 0, 0, 23, 156.14, 2535783, 24094
16609, 0, 5485, 5503, 4662, 593, 18.06%, 0, 0, 23, 156.07, 2536575, 24094
16614, 0, 5485, 5504, 4663, 593, 18.06%, 0, 0, 23, 156.01, 2537376, 24095
16619, 0, 5485, 5504, 4663, 593, 18.06%, 0, 0, 23, 156.00, 2538170, 24095
16624, 0, 5479, 5504, 4662, 595, 18.06%, 0, 0, 23, 152.73, 2538928, 24095
16630, 0, 5479, 5506, 4664, 595, 18.06%, 0, 0, 23, 155.43, 2539731, 24095
16635, 0, 4371, 5506, 4663, 594, 18.06%, 0, 0, 23, 157.19, 2540525, 24095
16640, 0, 4371, 5508, 4665, 594, 18.06%, 0, 0, 23, 157.93, 2541344, 24095
16645, 0, 5425, 5509, 4665, 593, 18.06%, 0, 0, 23, 156.45, 2542135, 24095
16650, 0, 4266, 5509, 4664, 592, 18.06%, 0, 0, 23, 156.74, 2542931, 24095
16655, 0, 4266, 5509, 4664, 592, 18.06%, 0, 0, 23, 156.30, 2543727, 24095
16660, 0, 3624, 5509, 4663, 591, 18.06%, 0, 0, 23, 158.34, 2544549, 24095
16665, 0, 3831, 5509, 4662, 590, 18.06%, 0, 0, 23, 158.72, 2545360, 24095
16670, 0, 3831, 5511, 4664, 590, 18.07%, 0, 0, 23, 158.12, 2546153, 24103
16675, 0, 3831, 5511, 4664, 590, 18.07%, 0, 0, 23, 157.77, 2546946, 24103
16680, 0, 5481, 5511, 4663, 590, 18.07%, 0, 0, 23, 156.59, 2547746, 24103
16686, 0, 5511, 5512, 4663, 590, 18.07%, 0, 0, 23, 151.76, 2548512, 24103
16691, 0, 1825, 5512, 4662, 589, 18.07%, 0, 0, 23, 155.12, 2549300, 24103
16696, 0, 3183, 5512, 4661, 588, 18.07%, 0, 0, 23, 156.59, 2550087, 24103
16701, 0, 4910, 5512, 4660, 587, 18.07%, 0, 0, 23, 156.37, 2550887, 24103
16706, 0, 4910, 5513, 4661, 587, 18.07%, 0, 0, 23, 156.25, 2551677, 24103
16711, 0, 5496, 5513, 4660, 587, 18.07%, 0, 0, 23, 155.99, 2552470, 24103
16716, 0, 5513, 5514, 4660, 587, 18.07%, 0, 0, 23, 155.57, 2553251, 24105
16721, 0, 257, 5514, 4659, 586, 18.07%, 0, 0, 23, 157.49, 2554042, 24105
16726, 0, 2249, 5514, 4658, 585, 18.07%, 0, 0, 23, 156.51, 2554832, 24105
16731, 0, 1593, 5514, 4657, 584, 18.07%, 0, 0, 23, 156.33, 2555625, 24105
16736, 0, 1593, 5514, 4657, 584, 18.07%, 0, 0, 23, 157.19, 2556417, 24105
16741, 0, 4635, 5514, 4655, 582, 18.07%, 0, 0, 23, 157.00, 2557198, 24105
16746, 0, 4635, 5514, 4655, 582, 18.07%, 0, 0, 23, 157.70, 2558016, 24105
16751, 0, 2599, 5514, 4654, 581, 18.07%, 0, 0, 23, 156.10, 2558801, 24105
16756, 0, 5376, 5514, 4653, 580, 18.07%, 0, 0, 23, 156.90, 2559593, 24105
16761, 0, 2423, 5514, 4652, 579, 18.07%, 0, 0, 23, 156.93, 2560379, 24105
16766, 0, 2413, 5515, 4652, 578, 18.07%, 0, 0, 23, 157.40, 2561181, 24105
16771, 0, 2413, 5515, 4652, 578, 18.07%, 0, 0, 23, 158.71, 2561978, 24105
16777, 0, 3813, 5517, 4653, 577, 18.07%, 0, 0, 23, 157.90, 2562786, 24105
16782, 0, 3813, 5519, 4655, 577, 18.07%, 0, 0, 23, 157.48, 2563578, 24105
16787, 0, 3813, 5520, 4656, 577, 18.07%, 0, 0, 23, 157.48, 2564370, 24105
16792, 0, 3813, 5521, 4657, 577, 18.07%, 0, 0, 23, 157.63, 2565165, 24105
16797, 0, 3813, 5521, 4657, 577, 18.07%, 0, 0, 23, 157.33, 2565957, 24105
16802, 0, 3813, 5521, 4657, 577, 18.07%, 0, 0, 23, 157.15, 2566749, 24105
16807, 0, 3813, 5522, 4658, 577, 18.07%, 0, 0, 23, 157.65, 2567544, 24105
16812, 0, 3813, 5523, 4659, 577, 18.07%, 0, 0, 23, 157.48, 2568336, 24106
16817, 0, 3813, 5524, 4660, 577, 18.07%, 0, 0, 23, 157.71, 2569128, 24107
16822, 0, 3813, 5524, 4660, 577, 18.07%, 0, 0, 23, 157.19, 2569920, 24107
16827, 0, 3813, 5524, 4660, 577, 18.07%, 0, 0, 23, 157.42, 2570712, 24107
16832, 0, 3813, 5524, 4660, 577, 18.07%, 0, 0, 23, 157.54, 2571504, 24107
16837, 0, 3813, 5524, 4660, 577, 18.07%, 0, 0, 23, 157.50, 2572296, 24107
16842, 0, 3813, 5524, 4660, 577, 18.07%, 0, 0, 23, 157.58, 2573088, 24107
16847, 0, 3813, 5524, 4660, 577, 18.07%, 0, 0, 23, 157.68, 2573880, 24107
16852, 0, 3813, 5524, 4660, 577, 18.07%, 0, 0, 23, 157.68, 2574672, 24107
16857, 0, 3813, 5524, 4660, 577, 18.07%, 0, 0, 23, 157.49, 2575490, 24107
16862, 0, 5523, 5524, 4659, 578, 18.07%, 0, 0, 23, 157.31, 2576303, 24107
16867, 0, 4786, 5524, 4658, 577, 18.07%, 0, 0, 23, 156.23, 2577092, 24107
16872, 0, 5285, 5524, 4657, 576, 18.07%, 0, 0, 23, 157.33, 2577882, 24107
16878, 0, 5285, 5524, 4657, 576, 18.07%, 0, 0, 23, 158.12, 2578700, 24107
16883, 0, 2904, 5525, 4657, 575, 18.07%, 0, 0, 23, 158.13, 2579520, 24107
16888, 0, 2904, 5525, 4657, 575, 18.07%, 0, 0, 23, 157.54, 2580313, 24107
16893, 0, 1219, 5525, 4655, 573, 18.07%, 0, 0, 23, 157.44, 2581107, 24107
16898, 0, 5172, 5525, 4654, 572, 18.07%, 0, 0, 23, 156.37, 2581898, 24107
16903, 0, 5172, 5525, 4654, 572, 18.07%, 0, 0, 23, 158.24, 2582719, 24107
16908, 0, 3277, 5525, 4653, 571, 18.07%, 0, 0, 23, 158.06, 2583535, 24107
16913, 0, 3277, 5525, 4653, 571, 18.07%, 0, 0, 23, 157.66, 2584327, 24107
16918, 0, 3277, 5525, 4653, 571, 18.07%, 0, 0, 23, 157.65, 2585119, 24107
16923, 0, 3277, 5525, 4653, 571, 18.07%, 0, 0, 23, 157.85, 2585914, 24107
16928, 0, 3277, 5525, 4653, 571, 18.07%, 0, 0, 23, 157.83, 2586710, 24107
16934, 0, 3277, 5525, 4653, 571, 18.07%, 0, 0, 23, 157.77, 2587505, 24107
16939, 0, 3277, 5525, 4653, 571, 18.07%, 0, 0, 23, 157.44, 2588301, 24107
16944, 0, 875, 5525, 4653, 571, 18.07%, 0, 0, 23, 158.14, 2589094, 24107
16949, 0, 3820, 5525, 4652, 570, 18.07%, 0, 0, 23, 156.51, 2589882, 24107
16954, 0, 5474, 5526, 4652, 569, 18.07%, 0, 0, 23, 156.08, 2590697, 24107
16959, 0, 5474, 5526, 4652, 569, 18.07%, 0, 0, 23, 156.10, 2591494, 24107
16964, 0, 4270, 5527, 4651, 567, 18.07%, 0, 0, 23, 156.96, 2592286, 24107
16969, 0, 3960, 5527, 4650, 566, 18.07%, 0, 0, 23, 158.17, 2593081, 24107
16974, 0, 3960, 5528, 4651, 566, 18.07%, 0, 0, 23, 157.43, 2593897, 24107
16979, 0, 3525, 5528, 4650, 565, 18.07%, 0, 0, 23, 156.83, 2594715, 24107
16985, 0, 3525, 5534, 4656, 565, 18.07%, 0, 0, 23, 155.39, 2595517, 24110
16990, 0, 3525, 5535, 4657, 565, 18.07%, 0, 0, 23, 155.35, 2596318, 24111
16995, 0, 3525, 5536, 4658, 565, 18.07%, 0, 0, 23, 155.38, 2597110, 24111
17000, 0, 3525, 5537, 4659, 565, 18.07%, 0, 0, 23, 155.63, 2597902, 24111
17005, 0, 3525, 5540, 4662, 565, 18.07%, 0, 0, 23, 155.31, 2598700, 24111
17010, 0, 3525, 5542, 4664, 565, 18.07%, 0, 0, 23, 155.39, 2599495, 24111
17015, 0, 3525, 5543, 4665, 565, 18.07%, 0, 0, 23, 155.37, 2600299, 24111
17021, 0, 3525, 5545, 4667, 565, 18.07%, 0, 0, 23, 155.55, 2601103, 24111
17026, 0, 3525, 5545, 4667, 565, 18.07%, 0, 0, 23, 155.37, 2601895, 24111
17031, 0, 3525, 5545, 4667, 565, 18.07%, 0, 0, 23, 155.12, 2602687, 24111
17036, 0, 3525, 5546, 4668, 565, 18.07%, 0, 0, 23, 155.26, 2603485, 24111
17041, 0, 3525, 5546, 4668, 565, 18.07%, 0, 0, 23, 155.22, 2604277, 24111
17046, 0, 3525, 5546, 4668, 565, 18.07%, 0, 0, 23, 156.28, 2605078, 24111
17051, 0, 5503, 5550, 4671, 572, 18.07%, 0, 0, 23, 156.17, 2605880, 24111
17056, 0, 5503, 5552, 4673, 572, 18.07%, 0, 0, 23, 156.50, 2606672, 24111
17061, 0, 5503, 5554, 4675, 572, 18.07%, 0, 0, 23, 156.58, 2607464, 24111
17066, 0, 5503, 5556, 4677, 572, 18.07%, 0, 0, 23, 156.60, 2608256, 24111
17071, 0, 5503, 5556, 4677, 572, 18.07%, 0, 0, 23, 156.81, 2609048, 24111
17077, 0, 5503, 5556, 4677, 572, 18.07%, 0, 0, 23, 156.77, 2609840, 24111
17082, 0, 5503, 5557, 4678, 572, 18.07%, 0, 0, 23, 156.69, 2610635, 24111
17087, 0, 5503, 5557, 4678, 572, 18.07%, 0, 0, 23, 156.66, 2611427, 24111
17092, 0, 5503, 5557, 4678, 572, 18.07%, 0, 0, 23, 156.66, 2612219, 24111
17097, 0, 5503, 5557, 4678, 572, 18.07%, 0, 0, 23, 156.72, 2613011, 24111
17102, 0, 5503, 5557, 4678, 572, 18.07%, 0, 0, 23, 156.82, 2613803, 24111
17107, 0, 5503, 5557, 4678, 572, 18.07%, 0, 0, 23, 156.73, 2614595, 24111
17112, 0, 5503, 5557, 4678, 572, 18.07%, 0, 0, 23, 156.51, 2615392, 24111
17117, 0, 5537, 5557, 4676, 571, 18.07%, 0, 0, 23, 155.57, 2616182, 24111
17122, 0, 5537, 5557, 4676, 571, 18.07%, 0, 0, 23, 155.73, 2616977, 24111
17127, 0, 2438, 5557, 4675, 570, 18.07%, 0, 0, 23, 157.30, 2617776, 24111
17132, 0, 4015, 5557, 4674, 569, 18.07%, 0, 0, 23, 157.97, 2618573, 24111
17137, 0, 4015, 5558, 4675, 569, 18.07%, 0, 0, 23, 157.54, 2619363, 24111
17143, 0, 5021, 5558, 4674, 568, 18.07%, 0, 0, 23, 157.55, 2620183, 24111
17148, 0, 3517, 5558, 4673, 567, 18.07%, 0, 0, 23, 157.30, 2620994, 24111
17153, 0, 3307, 5558, 4672, 566, 18.07%, 0, 0, 23, 158.16, 2621789, 24111
17158, 0, 3307, 5559, 4673, 566, 18.07%, 0, 0, 23, 158.00, 2622586, 24111
17163, 0, 5502, 5559, 4672, 566, 18.07%, 0, 0, 23, 156.37, 2623386, 24111
17168, 0, 4760, 5559, 4671, 565, 18.07%, 0, 0, 23, 152.79, 2624151, 24111
17173, 0, 4760, 5561, 4673, 565, 18.07%, 0, 0, 23, 156.33, 2624943, 24111
17178, 0, 4760, 5561, 4673, 565, 18.07%, 0, 0, 23, 157.17, 2625735, 24111
17183, 0, 4760, 5561, 4673, 565, 18.07%, 0, 0, 23, 157.56, 2626527, 24111
17188, 0, 4760, 5561, 4673, 565, 18.07%, 0, 0, 23, 157.58, 2627319, 24111
17193, 0, 4760, 5562, 4674, 565, 18.07%, 0, 0, 23, 157.58, 2628111, 24111
17198, 0, 4760, 5562, 4674, 565, 18.07%, 0, 0, 23, 157.31, 2628903, 24111
17203, 0, 4760, 5564, 4676, 565, 18.07%, 0, 0, 23, 157.21, 2629698, 24111
17208, 0, 4760, 5564, 4676, 565, 18.07%, 0, 0, 23, 157.58, 2630490, 24111
17213, 0, 4760, 5564, 4676, 565, 18.07%, 0, 0, 23, 157.51, 2631282, 24111
17218, 0, 4760, 5565, 4677, 565, 18.07%, 0, 0, 23, 157.46, 2632074, 24111
17223, 0, 4760, 5565, 4677, 565, 18.07%, 0, 0, 23, 157.44, 2632866, 24111
17228, 0, 4760, 5565, 4677, 565, 18.07%, 0, 0, 23, 157.48, 2633658, 24111
17233, 0, 4760, 5566, 4678, 565, 18.07%, 0, 0, 23, 157.48, 2634462, 24111
17238, 0, 4760, 5566, 4678, 565, 18.07%, 0, 0, 23, 157.35, 2635254, 24111
17243, 0, 4760, 5567, 4679, 565, 18.07%, 0, 0, 23, 157.36, 2636048, 24111
17249, 0, 4760, 5567, 4679, 565, 18.07%, 0, 0, 23, 144.30, 2636730, 24111
17254, 0, 4760, 5567, 4679, 565, 18.07%, 0, 0, 23, 155.06, 2637550, 24111
17259, 0, 5497, 5567, 4679, 568, 18.07%, 0, 0, 23, 155.31, 2638340, 24111
17264, 0, 2681, 5567, 4678, 567, 18.07%, 0, 0, 23, 155.94, 2639141, 24111
17269, 0, 5482, 5568, 4678, 567, 18.07%, 0, 0, 23, 155.61, 2639928, 24111
17274, 0, 5482, 5568, 4678, 567, 18.07%, 0, 0, 23, 155.33, 2640711, 24111
17279, 0, 5188, 5568, 4677, 566, 18.07%, 0, 0, 23, 156.14, 2641494, 24111
17284, 0, 5188, 5571, 4680, 566, 18.08%, 0, 0, 23, 157.09, 2642286, 24114
17289, 0, 5188, 5571, 4680, 566, 18.08%, 0, 0, 23, 157.56, 2643078, 24114
17294, 0, 5188, 5571, 4680, 566, 18.08%, 0, 0, 23, 157.42, 2643870, 24114
17299, 0, 5570, 5571, 4679, 567, 18.08%, 0, 0, 23, 156.18, 2644674, 24114
17304, 0, 2620, 5571, 4678, 566, 18.08%, 0, 0, 23, 155.61, 2645461, 24114
17309, 0, 1730, 5571, 4677, 565, 18.08%, 0, 0, 23, 156.83, 2646253, 24114
17314, 0, 796, 5571, 4676, 564, 18.08%, 0, 0, 23, 154.43, 2647035, 24114
17320, 0, 796, 5572, 4677, 564, 18.08%, 0, 0, 23, 149.37, 2647798, 24114
17325, 0, 5400, 5572, 4676, 563, 18.08%, 0, 0, 23, 154.81, 2648586, 24114
17330, 0, 3776, 5572, 4675, 562, 18.08%, 0, 0, 23, 156.89, 2649393, 24114
17335, 0, 3776, 5573, 4676, 562, 18.08%, 0, 0, 23, 156.88, 2650186, 24114
17340, 0, 86, 5574, 4676, 560, 18.08%, 0, 0, 23, 157.80, 2650976, 24114
17345, 0, 2059, 5574, 4675, 559, 18.08%, 0, 0, 23, 152.67, 2651744, 24114
17350, 0, 2059, 5575, 4676, 559, 18.08%, 0, 0, 23, 151.69, 2652505, 24114
17355, 0, 5217, 5576, 4676, 557, 18.08%, 0, 0, 23, 153.69, 2653296, 24114
17360, 0, 5217, 5576, 4676, 557, 18.08%, 0, 0, 23, 153.97, 2654082, 24114
17365, 0, 5329, 5576, 4675, 556, 18.08%, 0, 0, 23, 156.09, 2654893, 24114
17370, 0, 2287, 5576, 4674, 555, 18.08%, 0, 0, 23, 157.57, 2655697, 24114
17375, 0, 2287, 5577, 4675, 555, 18.08%, 0, 0, 23, 157.38, 2656486, 24114
17380, 0, 4292, 5577, 4674, 554, 18.08%, 0, 0, 23, 157.64, 2657280, 24114
17386, 0, 4084, 5577, 4673, 553, 18.08%, 0, 0, 23, 157.60, 2658091, 24114
17391, 0, 4084, 5580, 4676, 553, 18.08%, 0, 0, 23, 157.39, 2658889, 24114
17396, 0, 4084, 5582, 4678, 553, 18.08%, 0, 0, 23, 158.04, 2659693, 24114
17401, 0, 4084, 5582, 4678, 553, 18.08%, 0, 0, 23, 158.16, 2660485, 24114
17406, 0, 4084, 5582, 4678, 553, 18.08%, 0, 0, 23, 157.94, 2661277, 24114
17411, 0, 4084, 5582, 4678, 553, 18.08%, 0, 0, 23, 157.91, 2662069, 24114
17416, 0, 4084, 5583, 4679, 553, 18.08%, 0, 0, 23, 157.95, 2662867, 24114
17421, 0, 4084, 5583, 4679, 553, 18.08%, 0, 0, 23, 157.88, 2663659, 24114
17426, 0, 4084, 5583, 4679, 553, 18.08%, 0, 0, 23, 157.98, 2664451, 24114
17431, 0, 4084, 5584, 4680, 553, 18.08%, 0, 0, 23, 158.05, 2665246, 24115
17436, 0, 4084, 5585, 4681, 553, 18.08%, 0, 0, 23, 157.91, 2666038, 24115
17441, 0, 4084, 5585, 4681, 553, 18.08%, 0, 0, 23, 158.13, 2666830, 24115
17446, 0, 4084, 5585, 4681, 553, 18.08%, 0, 0, 23, 158.21, 2667622, 24115
17451, 0, 4084, 5587, 4683, 553, 18.08%, 0, 0, 23, 157.78, 2668414, 24116
17456, 0, 4084, 5587, 4683, 553, 18.08%, 0, 0, 23, 157.97, 2669206, 24116
17461, 0, 4084, 5587, 4683, 553, 18.08%, 0, 0, 23, 158.20, 2669998, 24116
17466, 0, 4084, 5587, 4683, 553, 18.08%, 0, 0, 23, 158.34, 2670790, 24116
17471, 0, 4084, 5587, 4683, 553, 18.08%, 0, 0, 23, 157.85, 2671608, 24116
17476, 0, 5563, 5587, 4681, 552, 18.08%, 0, 0, 23, 157.60, 2672424, 24116
17481, 0, 5563, 5588, 4682, 552, 18.08%, 0, 0, 23, 157.55, 2673230, 24116
17487, 0, 249, 5589, 4682, 551, 18.08%, 0, 0, 23, 155.10, 2674022, 24116
17492, 0, 4239, 5589, 4681, 550, 18.08%, 0, 0, 23, 154.94, 2674802, 24116
17497, 0, 4239, 5590, 4682, 550, 18.08%, 0, 0, 23, 155.81, 2675595, 24117
17502, 0, 5294, 5590, 4681, 549, 18.08%, 0, 0, 23, 153.11, 2676370, 24117
17507, 0, 5294, 5591, 4682, 549, 18.08%, 0, 0, 23, 153.74, 2677158, 24117
17512, 0, 4182, 5593, 4683, 548, 18.08%, 0, 0, 23, 154.23, 2677936, 24117
17517, 0, 4182, 5595, 4685, 548, 18.08%, 0, 0, 23, 155.96, 2678728, 24119
17522, 0, 4182, 5596, 4686, 548, 18.08%, 0, 0, 23, 156.21, 2679520, 24120
17527, 0, 4182, 5596, 4686, 548, 18.08%, 0, 0, 23, 156.71, 2680314, 24120
17532, 0, 5596, 5597, 4686, 549, 18.08%, 0, 0, 23, 157.50, 2681112, 24121
17537, 0, 5558, 5597, 4685, 548, 18.08%, 0, 0, 23, 157.85, 2681903, 24121
17542, 0, 4417, 5597, 4684, 547, 18.08%, 0, 0, 23, 156.89, 2682711, 24121
17547, 0, 4417, 5597, 4684, 547, 18.08%, 0, 0, 23, 102.78, 2683151, 24121
17553, 0, 2614, 5597, 4683, 546, 18.08%, 0, 0, 23, 142.17, 2683914, 24121
17558, 0, 2604, 5597, 4682, 545, 18.08%, 0, 0, 23, 152.97, 2684721, 24121
17563, 0, 3803, 5597, 4681, 544, 18.08%, 0, 0, 23, 156.79, 2685511, 24121
17568, 0, 3803, 5600, 4684, 544, 18.08%, 0, 0, 23, 157.28, 2686303, 24122
17573, 0, 68, 5600, 4683, 544, 18.08%, 0, 0, 23, 157.46, 2687092, 24122
17578, 0, 4619, 5600, 4682, 543, 18.08%, 0, 0, 23, 157.32, 2687881, 24122
17583, 0, 5544, 5600, 4681, 542, 18.08%, 0, 0, 23, 156.67, 2688682, 24122
17588, 0, 5544, 5602, 4683, 542, 18.08%, 0, 0, 23, 156.29, 2689484, 24122
17593, 0, 5544, 5603, 4684, 542, 18.08%, 0, 0, 23, 156.44, 2690276, 24122
17598, 0, 5544, 5604, 4685, 542, 18.08%, 0, 0, 23, 156.47, 2691068, 24122
17603, 0, 5544, 5604, 4685, 542, 18.08%, 0, 0, 23, 155.90, 2691860, 24122
17608, 0, 5544, 5605, 4686, 542, 18.08%, 0, 0, 23, 156.29, 2692652, 24122
17613, 0, 5544, 5605, 4686, 542, 18.08%, 0, 0, 23, 156.43, 2693444, 24122
17618, 0, 5544, 5605, 4686, 542, 18.08%, 0, 0, 23, 156.32, 2694236, 24122
17624, 0, 5544, 5606, 4687, 542, 18.08%, 0, 0, 23, 154.56, 2695016, 24122
17629, 0, 5544, 5607, 4688, 542, 18.08%, 0, 0, 23, 156.10, 2695814, 24122
17634, 0, 5544, 5609, 4690, 542, 18.09%, 0, 0, 23, 155.46, 2696603, 24128
17639, 0, 5544, 5609, 4690, 542, 18.09%, 0, 0, 23, 156.18, 2697395, 24128
17644, 0, 5544, 5610, 4691, 542, 18.09%, 0, 0, 23, 156.33, 2698187, 24128
17649, 0, 5544, 5611, 4692, 542, 18.09%, 0, 0, 23, 156.79, 2698996, 24128
17654, 0, 5239, 5611, 4691, 543, 18.09%, 0, 0, 23, 152.02, 2699752, 24128
17659, 0, 5239, 5611, 4691, 543, 18.09%, 0, 0, 23, 152.60, 2700526, 24128
17664, 0, 4119, 5611, 4690, 542, 18.09%, 0, 0, 23, 155.78, 2701316, 24128
17669, 0, 5205, 5611, 4689, 541, 18.09%, 0, 0, 23, 156.48, 2702105, 24128
17674, 0, 5391, 5611, 4688, 540, 18.09%, 0, 0, 23, 157.18, 2702901, 24128
17679, 0, 5391, 5612, 4689, 540, 18.09%, 0, 0, 24, 157.25, 2703706, 24129
17685, 0, 5391, 5615, 4692, 540, 18.09%, 0, 0, 24, 156.83, 2704510, 24131
17690, 0, 5391, 5619, 4696, 540, 18.09%, 0, 0, 24, 156.83, 2705317, 24135
17695, 0, 5391, 5620, 4697, 540, 18.09%, 0, 0, 24, 156.82, 2706109, 24135
17700, 0, 5391, 5622, 4699, 540, 18.09%, 0, 0, 24, 156.77, 2706907, 24137
17705, 0, 5391, 5625, 4702, 540, 18.10%, 0, 0, 24, 156.87, 2707720, 24142
17710, 0, 5391, 5626, 4703, 540, 18.10%, 0, 0, 24, 157.25, 2708512, 24142
17715, 0, 5391, 5628, 4705, 540, 18.10%, 0, 0, 24, 157.29, 2709304, 24142
17720, 0, 5391, 5628, 4705, 540, 18.10%, 0, 0, 24, 156.90, 2710096, 24142
17725, 0, 5391, 5628, 4705, 540, 18.10%, 0, 0, 24, 157.08, 2710888, 24142
17730, 0, 5391, 5628, 4705, 540, 18.10%, 0, 0, 24, 156.93, 2711680, 24142
17735, 0, 5391, 5628, 4705, 540, 18.10%, 0, 0, 24, 156.85, 2712472, 24142
17740, 0, 5391, 5628, 4705, 540, 18.10%, 0, 0, 24, 157.11, 2713264, 24142
17745, 0, 5391, 5630, 4707, 540, 18.10%, 0, 0, 24, 156.82, 2714062, 24142
17750, 0, 5391, 5631, 4708, 540, 18.10%, 0, 0, 24, 156.93, 2714854, 24144
17756, 0, 5391, 5632, 4709, 540, 18.10%, 0, 0, 24, 156.78, 2715646, 24144
17761, 0, 5391, 5632, 4709, 540, 18.10%, 0, 0, 24, 156.96, 2716437, 24144
17766, 0, 5574, 5632, 4708, 542, 18.10%, 0, 0, 24, 155.61, 2717241, 24144
17771, 0, 5574, 5633, 4709, 542, 18.10%, 0, 0, 24, 153.35, 2718012, 24144
17776, 0, 4747, 5633, 4708, 541, 18.10%, 0, 0, 24, 154.18, 2718789, 24144
17781, 0, 4372, 5633, 4707, 540, 18.10%, 0, 0, 24, 156.03, 2719599, 24144
17786, 0, 4372, 5634, 4708, 540, 18.10%, 0, 0, 24, 157.58, 2720391, 24144
17791, 0, 3829, 5636, 4709, 539, 18.10%, 0, 0, 24, 157.56, 2721209, 24144
17796, 0, 3829, 5636, 4709, 539, 18.10%, 0, 0, 24, 157.60, 2722001, 24144
17801, 0, 5636, 5637, 4709, 539, 18.10%, 0, 0, 24, 156.80, 2722797, 24144
17806, 0, 2076, 5637, 4708, 538, 18.10%, 0, 0, 24, 153.45, 2723572, 24144
17812, 0, 2076, 5637, 4708, 538, 18.10%, 0, 0, 24, 153.82, 2724349, 24144
17817, 0, 3808, 5637, 4707, 537, 18.10%, 0, 0, 24, 157.52, 2725172, 24144
17822, 0, 4408, 5637, 4706, 536, 18.10%, 0, 0, 24, 158.13, 2725983, 24144
17827, 0, 4408, 5638, 4707, 536, 18.10%, 0, 0, 24, 157.90, 2726784, 24144
17832, 0, 4408, 5638, 4707, 536, 18.10%, 0, 0, 24, 157.76, 2727595, 24144
17837, 0, 1352, 5638, 4706, 535, 18.10%, 0, 0, 24, 156.75, 2728387, 24144
17842, 0, 5619, 5638, 4704, 533, 18.10%, 0, 0, 24, 158.77, 2729212, 24144
17847, 0, 5619, 5639, 4705, 533, 18.10%, 0, 0, 25, 156.27, 2730003, 24144
17852, 0, 5619, 5639, 4705, 533, 18.10%, 0, 0, 25, 156.01, 2730789, 24144
17857, 0, 2779, 5639, 4704, 532, 18.10%, 0, 0, 25, 154.60, 2731569, 24144
17863, 0, 2779, 5640, 4705, 532, 18.10%, 0, 0, 25, 150.89, 2732355, 24144
17868, 0, 3936, 5640, 4704, 531, 18.10%, 0, 0, 25, 156.91, 2733182, 24144
17873, 0, 3371, 5641, 4704, 530, 18.10%, 0, 0, 25, 157.66, 2733982, 24144
17878, 0, 3371, 5641, 4704, 530, 18.10%, 0, 0, 25, 157.89, 2734774, 24144
17883, 0, 3371, 5641, 4704, 530, 18.10%, 0, 0, 25, 157.77, 2735566, 24144
17888, 0, 3371, 5642, 4705, 530, 18.10%, 0, 0, 25, 157.86, 2736358, 24145
17893, 0, 3371, 5642, 4705, 530, 18.10%, 0, 0, 25, 157.88, 2737150, 24145
17898, 0, 3371, 5642, 4705, 530, 18.10%, 0, 0, 25, 157.93, 2737942, 24145
17903, 0, 3371, 5643, 4706, 530, 18.10%, 0, 0, 25, 156.44, 2738728, 24145
17908, 0, 3371, 5643, 4706, 530, 18.10%, 0, 0, 25, 157.52, 2739520, 24145
17913, 0, 3371, 5643, 4706, 530, 18.10%, 0, 0, 25, 157.69, 2740312, 24145
17918, 0, 3371, 5643, 4706, 530, 18.10%, 0, 0, 25, 157.89, 2741104, 24145
17923, 0, 3371, 5643, 4706, 530, 18.10%, 0, 0, 25, 157.93, 2741896, 24145
17928, 0, 3371, 5643, 4706, 530, 18.10%, 0, 0, 25, 157.90, 2742688, 24145
17933, 0, 3371, 5643, 4706, 530, 18.10%, 0, 0, 25, 157.73, 2743480, 24145
17938, 0, 3371, 5644, 4707, 530, 18.10%, 0, 0, 25, 157.68, 2744272, 24145
17943, 0, 3371, 5644, 4707, 530, 18.10%, 0, 0, 25, 157.88, 2745068, 24145
17948, 0, 3371, 5645, 4708, 530, 18.10%, 0, 0, 25, 157.82, 2745864, 24145
17953, 0, 3371, 5645, 4708, 530, 18.10%, 0, 0, 25, 157.26, 2746658, 24145
17958, 0, 4564, 5645, 4708, 530, 18.10%, 0, 0, 25, 154.94, 2747450, 24145
17963, 0, 4564, 5646, 4709, 530, 18.10%, 0, 0, 25, 153.80, 2748221, 24145
17968, 0, 4564, 5647, 4710, 530, 18.10%, 0, 0, 25, 153.65, 2748992, 24145
17974, 0, 5646, 5647, 4709, 533, 18.10%, 0, 0, 25, 153.20, 2749790, 24145
17979, 0, 5646, 5647, 4709, 533, 18.10%, 0, 0, 25, 153.94, 2750582, 24145
17984, 0, 5364, 5650, 4711, 532, 18.10%, 0, 0, 25, 156.92, 2751390, 24146
17989, 0, 5364, 5650, 4711, 532, 18.10%, 0, 0, 25, 156.78, 2752179, 24146
17994, 0, 5364, 5650, 4711, 532, 18.10%, 0, 0, 25, 156.90, 2752995, 24146
17999, 0, 5364, 5650, 4711, 532, 18.10%, 0, 0, 25, 157.77, 2753787, 24146
18004, 0, 5364, 5650, 4711, 532, 18.10%, 0, 0, 25, 158.05, 2754602, 24146
18009, 0, 5220, 5652, 4712, 531, 18.10%, 0, 0, 25, 155.25, 2755382, 24146
18015, 0, 5220, 5654, 4714, 531, 18.10%, 0, 0, 25, 154.93, 2756186, 24146
18020, 0, 5220, 5656, 4716, 531, 18.10%, 0, 0, 25, 153.26, 2756963, 24146
18025, 0, 5220, 5657, 4717, 531, 18.10%, 0, 0, 25, 154.22, 2757764, 24146
18030, 0, 5220, 5657, 4717, 531, 18.10%, 0, 0, 25, 154.55, 2758556, 24146
18035, 0, 5220, 5658, 4718, 531, 18.10%, 0, 0, 25, 154.93, 2759354, 24146
18040, 0, 5220, 5658, 4718, 531, 18.10%, 0, 0, 25, 154.89, 2760143, 24146
18045, 0, 5220, 5659, 4719, 531, 18.10%, 0, 0, 25, 154.96, 2760935, 24146
18050, 0, 5220, 5660, 4720, 531, 18.10%, 0, 0, 25, 154.95, 2761727, 24146
18056, 0, 5220, 5660, 4720, 531, 18.10%, 0, 0, 25, 155.04, 2762519, 24146
18061, 0, 5220, 5660, 4720, 531, 18.10%, 0, 0, 25, 154.70, 2763311, 24146
18066, 0, 5220, 5660, 4720, 531, 18.10%, 0, 0, 25, 154.63, 2764103, 24146
18071, 0, 5220, 5661, 4721, 531, 18.10%, 0, 0, 25, 154.66, 2764895, 24146
18076, 0, 5220, 5661, 4721, 531, 18.10%, 0, 0, 25, 155.07, 2765687, 24146
18081, 0, 5220, 5663, 4723, 531, 18.10%, 0, 0, 25, 154.81, 2766476, 24146
18086, 0, 5220, 5664, 4724, 531, 18.10%, 0, 0, 25, 154.69, 2767277, 24146
18091, 0, 5220, 5664, 4724, 531, 18.10%, 0, 0, 25, 155.00, 2768069, 24146
18097, 0, 5220, 5666, 4726, 531, 18.10%, 0, 0, 25, 152.22, 2768834, 24146
18102, 0, 4756, 5667, 4725, 533, 18.10%, 0, 0, 25, 155.76, 2769626, 24146
18107, 0, 4756, 5667, 4725, 533, 18.10%, 0, 0, 25, 157.04, 2770445, 24146
18112, 0, 5651, 5668, 4725, 533, 18.10%, 0, 0, 25, 155.23, 2771224, 24146
18117, 0, 5651, 5671, 4728, 533, 18.10%, 0, 0, 25, 151.69, 2771986, 24146
18122, 0, 5651, 5672, 4729, 533, 18.10%, 0, 0, 25, 153.04, 2772775, 24146
18127, 0, 5651, 5674, 4731, 533, 18.10%, 0, 0, 25, 153.34, 2773564, 24146
18132, 0, 5651, 5674, 4731, 533, 18.10%, 0, 0, 25, 153.39, 2774353, 24146
18137, 0, 5651, 5674, 4731, 533, 18.10%, 0, 0, 25, 153.77, 2775145, 24146
18143, 0, 5651, 5676, 4733, 533, 18.10%, 0, 0, 25, 153.62, 2775946, 24146
18148, 0, 5651, 5676, 4733, 533, 18.10%, 0, 0, 25, 153.34, 2776729, 24146
18153, 0, 5651, 5676, 4733, 533, 18.10%, 0, 0, 25, 153.72, 2777521, 24146
18158, 0, 5651, 5677, 4734, 533, 18.10%, 0, 0, 25, 153.88, 2778313, 24146
18163, 0, 5651, 5677, 4734, 533, 18.10%, 0, 0, 25, 153.64, 2779102, 24146
18168, 0, 5651, 5677, 4734, 533, 18.10%, 0, 0, 25, 153.79, 2779894, 24146
18173, 0, 5651, 5677, 4734, 533, 18.10%, 0, 0, 25, 153.54, 2780680, 24146
18178, 0, 5651, 5678, 4735, 533, 18.10%, 0, 0, 25, 153.58, 2781448, 24149
18184, 0, 5651, 5678, 4735, 533, 18.10%, 0, 0, 25, 153.75, 2782240, 24149
18189, 0, 5651, 5678, 4735, 533, 18.10%, 0, 0, 25, 153.74, 2783032, 24149
18194, 0, 5651, 5681, 4738, 533, 18.10%, 0, 0, 25, 153.50, 2783806, 24149
18199, 0, 5651, 5681, 4738, 533, 18.10%, 0, 0, 25, 154.19, 2784587, 24149
18204, 0, 5682, 5683, 4739, 538, 18.10%, 0, 0, 25, 118.40, 2785169, 24149
18209, 0, 4882, 5683, 4738, 537, 18.10%, 0, 0, 25, 113.93, 2785682, 24149
18214, 0, 4882, 5683, 4738, 537, 18.10%, 0, 0, 25, 139.53, 2786437, 24149
18219, 0, 3319, 5683, 4737, 536, 18.10%, 0, 0, 25, 153.20, 2787243, 24149
18224, 0, 3319, 5685, 4739, 536, 18.10%, 0, 0, 25, 156.84, 2788038, 24149
18229, 0, 3319, 5686, 4740, 536, 18.10%, 0, 0, 25, 157.67, 2788830, 24150
18234, 0, 3319, 5687, 4741, 536, 18.10%, 0, 0, 25, 157.77, 2789622, 24150
18239, 0, 3319, 5687, 4741, 536, 18.10%, 0, 0, 25, 157.89, 2790414, 24150
18244, 0, 3319, 5688, 4742, 536, 18.10%, 0, 0, 25, 157.68, 2791206, 24150
18249, 0, 3319, 5688, 4742, 536, 18.10%, 0, 0, 25, 157.85, 2791998, 24150
18254, 0, 3319, 5688, 4742, 536, 18.10%, 0, 0, 25, 157.69, 2792790, 24150
18259, 0, 3319, 5688, 4742, 536, 18.10%, 0, 0, 25, 157.84, 2793582, 24150
18264, 0, 3319, 5688, 4742, 536, 18.10%, 0, 0, 25, 157.76, 2794374, 24150
18269, 0, 3319, 5688, 4742, 536, 18.10%, 0, 0, 25, 157.78, 2795166, 24150
18274, 0, 3319, 5688, 4742, 536, 18.10%, 0, 0, 25, 157.78, 2795958, 24150
18279, 0, 3319, 5688, 4742, 536, 18.10%, 0, 0, 25, 157.77, 2796750, 24150
18285, 0, 3227, 5689, 4742, 535, 18.10%, 0, 0, 25, 157.03, 2797552, 24150
18290, 0, 3227, 5689, 4742, 535, 18.10%, 0, 0, 25, 157.80, 2798354, 24150
18295, 0, 5672, 5693, 4745, 534, 18.10%, 0, 0, 25, 154.85, 2799146, 24151
18300, 0, 5672, 5698, 4750, 534, 18.10%, 0, 0, 25, 153.86, 2799938, 24151
18305, 0, 5672, 5701, 4753, 534, 18.10%, 0, 0, 25, 152.66, 2800718, 24151
18310, 0, 5672, 5703, 4755, 534, 18.10%, 0, 0, 25, 152.42, 2801477, 24151
18315, 0, 5672, 5703, 4755, 534, 18.10%, 0, 0, 25, 153.17, 2802263, 24151
18320, 0, 5672, 5703, 4755, 534, 18.10%, 0, 0, 25, 153.33, 2803046, 24151
18325, 0, 5672, 5704, 4756, 534, 18.11%, 0, 0, 25, 149.97, 2803811, 24155
18330, 0, 5672, 5704, 4756, 534, 18.11%, 0, 0, 25, 152.90, 2804594, 24155
18336, 0, 5672, 5705, 4757, 534, 18.11%, 0, 0, 25, 153.48, 2805377, 24155
18341, 0, 5672, 5706, 4758, 534, 18.11%, 0, 0, 25, 153.39, 2806166, 24155
18346, 0, 5672, 5709, 4761, 534, 18.11%, 0, 0, 25, 153.85, 2806967, 24155
18351, 0, 5672, 5709, 4761, 534, 18.11%, 0, 0, 25, 153.47, 2807750, 24155
18356, 0, 5672, 5709, 4761, 534, 18.11%, 0, 0, 25, 153.31, 2808530, 24155
18361, 0, 5672, 5712, 4764, 534, 18.11%, 0, 0, 25, 153.68, 2809325, 24155
18366, 0, 5672, 5712, 4764, 534, 18.11%, 0, 0, 25, 152.98, 2810108, 24155
18372, 0, 5672, 5714, 4766, 534, 18.11%, 0, 0, 25, 153.30, 2810894, 24155
18377, 0, 5672, 5716, 4768, 534, 18.11%, 0, 0, 25, 153.31, 2811665, 24155
18382, 0, 5672, 5716, 4768, 534, 18.11%, 0, 0, 25, 147.21, 2812413, 24155
18387, 0, 5672, 5720, 4772, 534, 18.11%, 0, 0, 25, 151.54, 2813208, 24155
18392, 0, 5672, 5721, 4773, 534, 18.11%, 0, 0, 25, 152.54, 2813982, 24155
18397, 0, 5152, 5721, 4771, 538, 18.11%, 0, 0, 25, 154.90, 2814762, 24155
18402, 0, 5152, 5721, 4771, 538, 18.11%, 0, 0, 25, 157.26, 2815578, 24155
18407, 0, 4988, 5722, 4771, 537, 18.11%, 0, 0, 25, 157.98, 2816400, 24155
18412, 0, 4988, 5722, 4771, 537, 18.11%, 0, 0, 25, 157.86, 2817217, 24155
18418, 0, 349, 5722, 4770, 536, 18.11%, 0, 0, 25, 158.58, 2818033, 24155
18423, 0, 1286, 5722, 4769, 535, 18.11%, 0, 0, 25, 157.96, 2818826, 24155
18428, 0, 5200, 5723, 4769, 534, 18.11%, 0, 0, 25, 158.42, 2819628, 24155
18433, 0, 5200, 5723, 4769, 534, 18.11%, 0, 0, 25, 150.28, 2820412, 24155
18438, 0, 5649, 5724, 4769, 533, 18.11%, 0, 0, 25, 156.62, 2821207, 24155
18443, 0, 5649, 5725, 4770, 533, 18.11%, 0, 0, 25, 157.44, 2822008, 24157
18448, 0, 5649, 5728, 4773, 533, 18.11%, 0, 0, 25, 157.61, 2822800, 24158
18453, 0, 5649, 5728, 4773, 533, 18.11%, 0, 0, 25, 157.73, 2823592, 24158
18458, 0, 5649, 5729, 4774, 533, 18.11%, 0, 0, 25, 157.55, 2824384, 24158
18463, 0, 5649, 5729, 4774, 533, 18.11%, 0, 0, 25, 157.65, 2825176, 24158
18468, 0, 5649, 5729, 4774, 533, 18.11%, 0, 0, 25, 157.87, 2825968, 24158
18473, 0, 5649, 5729, 4774, 533, 18.11%, 0, 0, 25, 157.81, 2826760, 24158
18478, 0, 5649, 5729, 4774, 533, 18.11%, 0, 0, 25, 157.90, 2827552, 24158
18483, 0, 5649, 5729, 4774, 533, 18.11%, 0, 0, 25, 158.05, 2828344, 24158
18488, 0, 5649, 5730, 4775, 533, 18.11%, 0, 0, 25, 158.01, 2829136, 24158
18493, 0, 5649, 5730, 4775, 533, 18.11%, 0, 0, 25, 158.00, 2829928, 24158
18498, 0, 5649, 5731, 4776, 533, 18.11%, 0, 0, 25, 157.49, 2830720, 24158
18503, 0, 5649, 5731, 4776, 533, 18.11%, 0, 0, 25, 157.46, 2831512, 24158
18508, 0, 5649, 5731, 4776, 533, 18.11%, 0, 0, 25, 157.85, 2832304, 24158
18513, 0, 5649, 5731, 4776, 533, 18.11%, 0, 0, 25, 158.13, 2833096, 24158
18518, 0, 5649, 5731, 4776, 533, 18.11%, 0, 0, 25, 157.98, 2833886, 24158
18523, 0, 5697, 5731, 4775, 535, 18.11%, 0, 0, 25, 156.29, 2834694, 24158
18529, 0, 5697, 5735, 4779, 535, 18.11%, 0, 0, 25, 154.64, 2835480, 24158
18534, 0, 5697, 5738, 4782, 535, 18.11%, 0, 0, 25, 154.74, 2836284, 24158
18539, 0, 5697, 5738, 4782, 535, 18.11%, 0, 0, 25, 154.39, 2837073, 24158
18544, 0, 5697, 5738, 4782, 535, 18.11%, 0, 0, 25, 154.62, 2837865, 24158
18549, 0, 5697, 5739, 4783, 535, 18.11%, 0, 0, 25, 154.45, 2838657, 24158
18554, 0, 5697, 5740, 4784, 535, 18.11%, 0, 0, 25, 154.12, 2839455, 24158
18559, 0, 5697, 5741, 4785, 535, 18.11%, 0, 0, 25, 154.19, 2840247, 24158
18564, 0, 5697, 5741, 4785, 535, 18.11%, 0, 0, 25, 154.40, 2841030, 24158
18570, 0, 5697, 5743, 4787, 535, 18.11%, 0, 0, 25, 154.52, 2841834, 24158
18575, 0, 5697, 5744, 4788, 535, 18.11%, 0, 0, 25, 154.77, 2842626, 24158
18580, 0, 5697, 5744, 4788, 535, 18.11%, 0, 0, 25, 154.54, 2843415, 24158
18585, 0, 5697, 5744, 4788, 535, 18.11%, 0, 0, 25, 154.23, 2844204, 24158
18590, 0, 5697, 5744, 4788, 535, 18.11%, 0, 0, 25, 154.42, 2844996, 24158
18595, 0, 5697, 5745, 4789, 535, 18.11%, 0, 0, 25, 153.78, 2845782, 24158
18600, 0, 5697, 5745, 4789, 535, 18.11%, 0, 0, 25, 153.52, 2846568, 24158
18606, 0, 5697, 5747, 4791, 535, 18.11%, 0, 0, 25, 154.11, 2847366, 24160
18611, 0, 5697, 5747, 4791, 535, 18.11%, 0, 0, 25, 154.24, 2848142, 24160
18616, 0, 4441, 5748, 4790, 538, 18.11%, 0, 0, 25, 154.26, 2848921, 24160
18621, 0, 4441, 5748, 4790, 538, 18.11%, 0, 0, 25, 157.10, 2849711, 24160
18626, 0, 5735, 5749, 4790, 538, 18.11%, 0, 0, 25, 155.39, 2850499, 24160
18631, 0, 5735, 5750, 4791, 538, 18.11%, 0, 0, 25, 154.72, 2851291, 24160
18636, 0, 5735, 5751, 4792, 538, 18.11%, 0, 0, 25, 154.35, 2852066, 24160
18641, 0, 2366, 5751, 4791, 537, 18.11%, 0, 0, 25, 154.79, 2852855, 24160
18646, 0, 2366, 5752, 4792, 537, 18.11%, 0, 0, 25, 155.60, 2853646, 24161
18651, 0, 5732, 5752, 4791, 536, 18.11%, 0, 0, 25, 154.11, 2854430, 24161
18656, 0, 5732, 5752, 4791, 536, 18.11%, 0, 0, 25, 153.71, 2855203, 24161
18661, 0, 4939, 5754, 4792, 535, 18.11%, 0, 0, 25, 156.48, 2855994, 24161
18666, 0, 4939, 5755, 4793, 535, 18.11%, 0, 0, 25, 157.28, 2856795, 24161
18671, 0, 4939, 5755, 4793, 535, 18.11%, 0, 0, 25, 157.53, 2857587, 24161
18676, 0, 4939, 5755, 4793, 535, 18.11%, 0, 0, 25, 157.62, 2858379, 24161
18681, 0, 4939, 5755, 4793, 535, 18.11%, 0, 0, 25, 151.57, 2859173, 24161
18687, 0, 5733, 5756, 4793, 534, 18.11%, 0, 0, 25, 153.54, 2859951, 24161
18692, 0, 5733, 5756, 4793, 534, 18.11%, 0, 0, 25, 148.98, 2860699, 24161
18697, 0, 4451, 5759, 4795, 533, 18.11%, 0, 0, 25, 154.76, 2861489, 24161
18702, 0, 5739, 5761, 4796, 532, 18.11%, 0, 0, 25, 156.19, 2862287, 24161
18707, 0, 5739, 5761, 4796, 532, 18.11%, 0, 0, 25, 154.55, 2863065, 24161
18712, 0, 4149, 5761, 4795, 531, 18.11%, 0, 0, 25, 154.66, 2863842, 24161
18717, 0, 1128, 5761, 4794, 530, 18.11%, 0, 0, 25, 156.28, 2864635, 24161
18722, 0, 2625, 5761, 4793, 529, 18.11%, 0, 0, 25, 155.87, 2865429, 24161
18727, 0, 5456, 5761, 4792, 528, 18.11%, 0, 0, 25, 155.01, 2866214, 24161
18732, 0, 5456, 5762, 4793, 528, 18.11%, 0, 0, 25, 154.50, 2866996, 24161
18737, 0, 1909, 5762, 4792, 527, 18.11%, 0, 0, 25, 155.79, 2867800, 24161
18742, 0, 1909, 5762, 4792, 527, 18.11%, 0, 0, 25, 157.82, 2868592, 24161
18747, 0, 5562, 5762, 4791, 526, 18.11%, 0, 0, 25, 157.80, 2869385, 24161
18752, 0, 5562, 5763, 4792, 526, 18.11%, 0, 0, 25, 154.38, 2870172, 24161
18757, 0, 4520, 5763, 4791, 525, 18.11%, 0, 0, 25, 150.49, 2870945, 24161
18762, 0, 4520, 5763, 4791, 525, 18.11%, 0, 0, 25, 153.28, 2871715, 24161
18768, 0, 4167, 5763, 4790, 524, 18.11%, 0, 0, 25, 156.30, 2872526, 24161
18773, 0, 1151, 5764, 4790, 523, 18.11%, 0, 0, 25, 156.71, 2873318, 24161
18778, 0, 4727, 5764, 4789, 522, 18.11%, 0, 0, 25, 157.44, 2874111, 24161
18783, 0, 4727, 5764, 4789, 522, 18.11%, 0, 0, 25, 158.36, 2874929, 24161
18788, 0, 1834, 5764, 4788, 521, 18.11%, 0, 0, 25, 157.25, 2875743, 24161
18793, 0, 697, 5764, 4787, 520, 18.11%, 0, 0, 25, 158.34, 2876538, 24161
18798, 0, 5395, 5765, 4787, 519, 18.11%, 0, 0, 25, 157.01, 2877330, 24161
18803, 0, 5395, 5765, 4787, 519, 18.11%, 0, 0, 25, 149.58, 2878101, 24161
18808, 0, 5587, 5766, 4787, 518, 18.11%, 0, 0, 25, 156.25, 2878897, 24161
18813, 0, 5713, 5767, 4787, 518, 18.11%, 0, 0, 25, 156.63, 2879699, 24161
18818, 0, 5713, 5769, 4789, 518, 18.11%, 0, 0, 25, 154.91, 2880488, 24161
18824, 0, 5713, 5770, 4790, 518, 18.11%, 0, 0, 25, 154.58, 2881280, 24161
18829, 0, 5713, 5771, 4791, 518, 18.11%, 0, 0, 25, 155.08, 2882081, 24161
18834, 0, 5713, 5771, 4791, 518, 18.11%, 0, 0, 25, 154.62, 2882870, 24161
18839, 0, 5713, 5773, 4793, 518, 18.11%, 0, 0, 25, 153.95, 2883656, 24161
18844, 0, 5713, 5773, 4793, 518, 18.11%, 0, 0, 25, 154.43, 2884442, 24161
18849, 0, 5713, 5773, 4793, 518, 18.11%, 0, 0, 25, 154.54, 2885234, 24161
18854, 0, 5713, 5773, 4793, 518, 18.11%, 0, 0, 25, 154.39, 2886023, 24161
18859, 0, 5713, 5773, 4793, 518, 18.11%, 0, 0, 25, 154.48, 2886812, 24161
18864, 0, 5713, 5774, 4794, 518, 18.11%, 0, 0, 25, 153.45, 2887583, 24161
18870, 0, 5713, 5775, 4795, 518, 18.11%, 0, 0, 25, 154.61, 2888378, 24161
18875, 0, 5713, 5775, 4795, 518, 18.11%, 0, 0, 25, 154.39, 2889167, 24161
18880, 0, 5713, 5775, 4795, 518, 18.11%, 0, 0, 25, 154.60, 2889959, 24161
18885, 0, 5713, 5775, 4795, 518, 18.11%, 0, 0, 25, 154.73, 2890748, 24161
18890, 0, 5713, 5777, 4797, 518, 18.11%, 0, 0, 25, 154.62, 2891540, 24161
18895, 0, 5713, 5777, 4797, 518, 18.11%, 0, 0, 25, 154.74, 2892326, 24161
18900, 0, 5713, 5778, 4798, 518, 18.11%, 0, 0, 25, 153.55, 2893117, 24161
18905, 0, 316, 5778, 4796, 519, 18.11%, 0, 0, 25, 154.47, 2893893, 24161
18910, 0, 5313, 5778, 4795, 518, 18.11%, 0, 0, 25, 156.88, 2894716, 24161
18916, 0, 3062, 5778, 4794, 517, 18.11%, 0, 0, 25, 154.56, 2895502, 24161
18921, 0, 3062, 5778, 4794, 517, 18.11%, 0, 0, 25, 148.07, 2896261, 24161
18926, 0, 5023, 5778, 4793, 516, 18.11%, 0, 0, 25, 154.16, 2897056, 24161
18931, 0, 5023, 5778, 4793, 516, 18.11%, 0, 0, 25, 156.43, 2897872, 24161
18936, 0, 2043, 5778, 4792, 515, 18.11%, 0, 0, 25, 157.68, 2898693, 24161
18941, 0, 5179, 5778, 4791, 514, 18.11%, 0, 0, 25, 158.57, 2899488, 24161
18946, 0, 5748, 5778, 4790, 513, 18.11%, 0, 0, 25, 158.69, 2900299, 24161
18951, 0, 5748, 5779, 4791, 513, 18.11%, 0, 0, 25, 157.52, 2901091, 24161
18957, 0, 5748, 5779, 4791, 513, 18.11%, 0, 0, 25, 157.65, 2901904, 24161
18962, 0, 5771, 5779, 4790, 512, 18.11%, 0, 0, 25, 154.64, 2902687, 24161
18967, 0, 5160, 5779, 4789, 511, 18.11%, 0, 0, 25, 149.80, 2903444, 24161
18972, 0, 5160, 5779, 4789, 511, 18.11%, 0, 0, 25, 155.76, 2904233, 24161
18977, 0, 4726, 5779, 4788, 510, 18.11%, 0, 0, 25, 157.58, 2905047, 24161
18982, 0, 4726, 5782, 4791, 510, 18.11%, 0, 0, 25, 157.84, 2905845, 24162
18987, 0, 4726, 5782, 4791, 510, 18.11%, 0, 0, 25, 157.93, 2906637, 24162
18992, 0, 4726, 5783, 4792, 510, 18.11%, 0, 0, 25, 157.77, 2907429, 24162
18997, 0, 4726, 5784, 4793, 510, 18.11%, 0, 0, 25, 157.93, 2908221, 24162
19002, 0, 4726, 5785, 4794, 510, 18.11%, 0, 0, 25, 157.62, 2909013, 24162
19007, 0, 4726, 5785, 4794, 510, 18.11%, 0, 0, 25, 157.69, 2909805, 24162
19012, 0, 4726, 5786, 4795, 510, 18.11%, 0, 0, 25, 157.63, 2910609, 24162
19017, 0, 4726, 5786, 4795, 510, 18.11%, 0, 0, 25, 157.93, 2911401, 24162
19022, 0, 4726, 5786, 4795, 510, 18.11%, 0, 0, 25, 157.52, 2912193, 24162
19027, 0, 4726, 5786, 4795, 510, 18.11%, 0, 0, 25, 157.92, 2912985, 24162
19032, 0, 4726, 5787, 4796, 510, 18.11%, 0, 0, 25, 158.02, 2913777, 24162
19037, 0, 4726, 5787, 4796, 510, 18.11%, 0, 0, 25, 158.10, 2914569, 24162
19042, 0, 4726, 5788, 4797, 510, 18.11%, 0, 0, 25, 158.00, 2915361, 24162
19047, 0, 4726, 5788, 4797, 510, 18.11%, 0, 0, 25, 157.79, 2916150, 24162
19052, 0, 4726, 5789, 4798, 510, 18.12%, 0, 0, 25, 157.70, 2916942, 24165
19057, 0, 4726, 5789, 4798, 510, 18.12%, 0, 0, 25, 157.92, 2917734, 24165
19063, 0, 4726, 5790, 4799, 510, 18.12%, 0, 0, 25, 157.75, 2918553, 24166
19068, 0, 3513, 5790, 4797, 508, 18.12%, 0, 0, 25, 158.31, 2919375, 24166
19073, 0, 2649, 5791, 4797, 507, 18.12%, 0, 0, 25, 155.93, 2920175, 24166
19078, 0, 5704, 5792, 4797, 506, 18.12%, 0, 0, 25, 154.22, 2920960, 24166
19083, 0, 5704, 5792, 4797, 506, 18.12%, 0, 0, 25, 154.19, 2921742, 24166
19088, 0, 4725, 5792, 4796, 505, 18.12%, 0, 0, 25, 155.97, 2922521, 24166
19093, 0, 4725, 5792, 4796, 505, 18.12%, 0, 0, 25, 157.28, 2923338, 24166
19099, 0, 2397, 5792, 4795, 504, 18.12%, 0, 0, 25, 157.71, 2924156, 24166
19104, 0, 4108, 5792, 4794, 503, 18.12%, 0, 0, 25, 156.36, 2924945, 24166
19109, 0, 4108, 5792, 4794, 503, 18.12%, 0, 0, 25, 157.40, 2925763, 24166
19114, 0, 4473, 5792, 4793, 502, 18.12%, 0, 0, 25, 151.74, 2926545, 24166
19119, 0, 4473, 5792, 4793, 502, 18.12%, 0, 0, 25, 148.78, 2927299, 24166
19124, 0, 4473, 5794, 4795, 502, 18.12%, 0, 0, 25, 149.44, 2928063, 24167
19129, 0, 5675, 5794, 4794, 502, 18.12%, 0, 0, 25, 151.30, 2928837, 24167
19134, 0, 5675, 5794, 4794, 502, 18.12%, 0, 0, 25, 153.55, 2929621, 24167
19139, 0, 2280, 5795, 4794, 501, 18.12%, 0, 0, 25, 155.06, 2930397, 24167
19144, 0, 5265, 5795, 4793, 500, 18.12%, 0, 0, 25, 156.26, 2931192, 24167
19150, 0, 5265, 5797, 4795, 500, 18.12%, 0, 0, 25, 153.51, 2931985, 24167
19155, 0, 5265, 5800, 4798, 500, 18.12%, 0, 0, 25, 154.39, 2932780, 24167
19160, 0, 5265, 5803, 4801, 500, 18.12%, 0, 0, 25, 154.54, 2933572, 24167
19165, 0, 5265, 5803, 4801, 500, 18.12%, 0, 0, 25, 154.82, 2934364, 24167
19170, 0, 5265, 5805, 4803, 500, 18.12%, 0, 0, 25, 154.82, 2935156, 24173
19175, 0, 5265, 5806, 4804, 500, 18.12%, 0, 0, 25, 154.77, 2935954, 24173
19180, 0, 5265, 5806, 4804, 500, 18.12%, 0, 0, 25, 154.89, 2936746, 24173
19185, 0, 5265, 5806, 4804, 500, 18.12%, 0, 0, 25, 154.81, 2937532, 24173
19191, 0, 5265, 5806, 4804, 500, 18.12%, 0, 0, 25, 154.83, 2938324, 24173
19196, 0, 5265, 5806, 4804, 500, 18.12%, 0, 0, 25, 154.74, 2939116, 24173
19201, 0, 5265, 5806, 4804, 500, 18.12%, 0, 0, 25, 154.96, 2939908, 24173
19206, 0, 5265, 5806, 4804, 500, 18.12%, 0, 0, 25, 154.78, 2940700, 24173
19211, 0, 5265, 5806, 4804, 500, 18.12%, 0, 0, 25, 154.76, 2941489, 24173
19216, 0, 5777, 5806, 4803, 500, 18.12%, 0, 0, 25, 154.29, 2942281, 24173
19221, 0, 5777, 5807, 4804, 500, 18.12%, 0, 0, 25, 154.32, 2943072, 24173
19226, 0, 5777, 5807, 4804, 500, 18.12%, 0, 0, 25, 147.42, 2943825, 24173
19231, 0, 5671, 5808, 4804, 500, 18.12%, 0, 0, 25, 151.49, 2944578, 24173
19237, 0, 4629, 5808, 4803, 499, 18.12%, 0, 0, 25, 154.36, 2945379, 24173
19242, 0, 4629, 5809, 4804, 499, 18.12%, 0, 0, 25, 157.01, 2946172, 24173
19247, 0, 4629, 5809, 4804, 499, 18.12%, 0, 0, 25, 157.70, 2946972, 24173
19252, 0, 2103, 5809, 4803, 498, 18.12%, 0, 0, 25, 150.94, 2947732, 24173
19257, 0, 2103, 5809, 4803, 498, 18.12%, 0, 0, 25, 152.68, 2948517, 24173
19262, 0, 4252, 5810, 4803, 497, 18.12%, 0, 0, 25, 156.95, 2949308, 24175
19267, 0, 4252, 5811, 4804, 497, 18.12%, 0, 0, 25, 157.79, 2950100, 24175
19272, 0, 4252, 5811, 4804, 497, 18.12%, 0, 0, 25, 158.07, 2950919, 24175
19277, 0, 3865, 5811, 4802, 497, 18.12%, 0, 0, 25, 156.17, 2951733, 24175
19282, 0, 3865, 5811, 4802, 497, 18.12%, 0, 0, 25, 153.01, 2952524, 24175
19288, 0, 878, 5811, 4801, 496, 18.12%, 0, 0, 25, 155.83, 2953315, 24175
19293, 0, 4313, 5811, 4800, 495, 18.12%, 0, 0, 25, 157.30, 2954108, 24175
19298, 0, 2554, 5811, 4799, 494, 18.12%, 0, 0, 25, 157.74, 2954912, 24175
19303, 0, 2554, 5811, 4799, 494, 18.12%, 0, 0, 25, 153.75, 2955703, 24175
19308, 0, 5005, 5811, 4798, 494, 18.12%, 0, 0, 25, 155.27, 2956477, 24175
19313, 0, 5005, 5811, 4798, 494, 18.12%, 0, 0, 25, 157.55, 2957293, 24175
19318, 0, 4032, 5811, 4797, 493, 18.12%, 0, 0, 25, 157.26, 2958081, 24175
19323, 0, 4032, 5812, 4798, 493, 18.12%, 0, 0, 25, 157.35, 2958896, 24175
19328, 0, 2431, 5812, 4797, 492, 18.12%, 0, 0, 25, 157.69, 2959718, 24175
19333, 0, 4230, 5812, 4796, 491, 18.12%, 0, 0, 25, 157.06, 2960509, 24175
19339, 0, 2912, 5812, 4795, 490, 18.12%, 0, 0, 25, 157.67, 2961316, 24175
19344, 0, 2912, 5812, 4795, 490, 18.12%, 0, 0, 25, 157.71, 2962109, 24175
19349, 0, 5765, 5812, 4794, 489, 18.12%, 0, 0, 25, 157.68, 2962916, 24175
19354, 0, 5765, 5813, 4795, 489, 18.12%, 0, 0, 25, 157.96, 2963712, 24175
19359, 0, 5804, 5813, 4794, 488, 18.12%, 0, 0, 25, 155.34, 2964510, 24175
19364, 0, 5804, 5813, 4794, 488, 18.12%, 0, 0, 25, 153.18, 2965297, 24175
19369, 0, 5622, 5813, 4793, 487, 18.12%, 0, 0, 25, 155.26, 2966098, 24175
19374, 0, 5622, 5816, 4796, 487, 18.12%, 0, 0, 25, 155.61, 2966900, 24175
19379, 0, 5622, 5816, 4796, 487, 18.12%, 0, 0, 25, 155.43, 2967689, 24175
19385, 0, 5622, 5817, 4797, 487, 18.12%, 0, 0, 25, 155.72, 2968481, 24175
19390, 0, 5622, 5819, 4799, 487, 18.12%, 0, 0, 25, 155.61, 2969261, 24175
19395, 0, 5622, 5822, 4802, 487, 18.12%, 0, 0, 25, 155.71, 2970044, 24177
19400, 0, 5622, 5822, 4802, 487, 18.12%, 0, 0, 25, 155.99, 2970836, 24177
19405, 0, 5622, 5823, 4803, 487, 18.12%, 0, 0, 25, 156.01, 2971628, 24177
19410, 0, 5622, 5823, 4803, 487, 18.12%, 0, 0, 25, 155.89, 2972420, 24177
19415, 0, 5622, 5824, 4804, 487, 18.12%, 0, 0, 25, 155.96, 2973212, 24177
19420, 0, 5622, 5826, 4806, 487, 18.12%, 0, 0, 25, 156.09, 2974013, 24177
19425, 0, 5622, 5826, 4806, 487, 18.12%, 0, 0, 25, 155.81, 2974805, 24177
19430, 0, 5622, 5828, 4808, 487, 18.12%, 0, 0, 25, 155.90, 2975597, 24177
19435, 0, 5622, 5829, 4809, 487, 18.12%, 0, 0, 25, 155.81, 2976389, 24177
19440, 0, 5622, 5831, 4811, 487, 18.12%, 0, 0, 25, 155.60, 2977181, 24177
19445, 0, 5622, 5831, 4811, 487, 18.12%, 0, 0, 25, 155.94, 2977973, 24177
19450, 0, 5622, 5831, 4811, 487, 18.12%, 0, 0, 25, 156.00, 2978765, 24177
19456, 0, 5622, 5831, 4811, 487, 18.12%, 0, 0, 25, 156.46, 2979552, 24177
19461, 0, 5128, 5831, 4810, 486, 18.12%, 0, 0, 25, 157.13, 2980365, 24177
19466, 0, 5128, 5831, 4810, 486, 18.12%, 0, 0, 25, 157.25, 2981182, 24177
19471, 0, 1241, 5831, 4809, 485, 18.12%, 0, 0, 25, 158.29, 2982000, 24177
19476, 0, 4722, 5831, 4808, 484, 18.12%, 0, 0, 25, 158.00, 2982794, 24177
19481, 0, 4722, 5831, 4808, 484, 18.12%, 0, 0, 25, 158.04, 2983606, 24177
19486, 0, 2016, 5831, 4807, 483, 18.12%, 0, 0, 25, 159.03, 2984433, 24177
19491, 0, 1611, 5831, 4806, 482, 18.12%, 0, 0, 25, 158.55, 2985232, 24177
19496, 0, 3910, 5831, 4805, 481, 18.12%, 0, 0, 25, 158.25, 2986026, 24177
19502, 0, 5487, 5831, 4804, 480, 18.12%, 0, 0, 25, 157.39, 2986833, 24177
19507, 0, 5487, 5832, 4805, 480, 18.12%, 0, 0, 25, 155.62, 2987621, 24177
19512, 0, 4586, 5833, 4805, 480, 18.12%, 0, 0, 25, 153.33, 2988412, 24177
19517, 0, 4586, 5833, 4805, 480, 18.12%, 0, 0, 25, 152.28, 2989204, 24177
19522, 0, 4586, 5833, 4805, 480, 18.12%, 0, 0, 25, 151.85, 2989990, 24177
19527, 0, 4586, 5833, 4805, 480, 18.12%, 0, 0, 25, 152.26, 2990776, 24177
19533, 0, 4586, 5834, 4806, 480, 18.12%, 0, 0, 25, 153.45, 2991567, 24177
19538, 0, 4586, 5834, 4806, 480, 18.12%, 0, 0, 25, 153.35, 2992351, 24177
19543, 0, 4586, 5834, 4806, 480, 18.12%, 0, 0, 25, 152.68, 2993133, 24177
19548, 0, 2812, 5834, 4806, 480, 18.12%, 0, 0, 25, 151.62, 2993918, 24177
19553, 0, 2812, 5834, 4806, 480, 18.12%, 0, 0, 25, 152.88, 2994693, 24177
19558, 0, 5825, 5834, 4805, 479, 18.12%, 0, 0, 25, 155.02, 2995483, 24177
19563, 0, 5825, 5842, 4813, 479, 18.13%, 0, 0, 26, 155.49, 2996284, 24178
19568, 0, 5825, 5844, 4815, 479, 18.13%, 0, 0, 26, 155.85, 2997079, 24181
19573, 0, 5825, 5846, 4817, 479, 18.13%, 0, 0, 26, 156.13, 2997871, 24181
19579, 0, 5825, 5850, 4821, 479, 18.13%, 0, 0, 26, 156.14, 2998681, 24184
19584, 0, 5825, 5850, 4821, 479, 18.13%, 0, 0, 26, 156.19, 2999473, 24184
19589, 0, 5825, 5852, 4823, 479, 18.13%, 0, 0, 26, 155.93, 3000271, 24184
19594, 0, 5825, 5853, 4824, 479, 18.13%, 0, 0, 26, 155.66, 3001063, 24184
19599, 0, 5825, 5856, 4827, 479, 18.13%, 0, 0, 26, 156.15, 3001855, 24184
19604, 0, 5825, 5857, 4828, 479, 18.13%, 0, 0, 26, 156.29, 3002647, 24184
19609, 0, 5825, 5858, 4829, 479, 18.13%, 0, 0, 26, 155.86, 3003451, 24184
19614, 0, 5825, 5858, 4829, 479, 18.13%, 0, 0, 26, 156.11, 3004243, 24184
19619, 0, 5825, 5858, 4829, 479, 18.13%, 0, 0, 26, 155.90, 3005035, 24184
19624, 0, 5825, 5860, 4831, 479, 18.13%, 0, 0, 26, 155.73, 3005836, 24186
19630, 0, 5825, 5861, 4832, 479, 18.13%, 0, 0, 26, 155.95, 3006628, 24186
19635, 0, 5825, 5861, 4832, 479, 18.13%, 0, 0, 26, 156.08, 3007420, 24186
19640, 0, 5825, 5861, 4832, 479, 18.13%, 0, 0, 26, 156.16, 3008212, 24186
19645, 0, 5825, 5861, 4832, 479, 18.13%, 0, 0, 26, 156.67, 3009024, 24186
19650, 0, 1319, 5861, 4831, 483, 18.13%, 0, 0, 26, 155.09, 3009810, 24186
19655, 0, 5089, 5861, 4830, 482, 18.13%, 0, 0, 26, 157.11, 3010605, 24186
19660, 0, 5677, 5862, 4830, 481, 18.13%, 0, 0, 26, 155.55, 3011415, 24186
19665, 0, 5677, 5863, 4831, 481, 18.13%, 0, 0, 26, 154.27, 3012213, 24187
19670, 0, 5677, 5863, 4831, 481, 18.13%, 0, 0, 26, 154.12, 3013001, 24187
19676, 0, 4809, 5863, 4830, 481, 18.13%, 0, 0, 26, 155.05, 3013777, 24187
19681, 0, 4809, 5864, 4831, 481, 18.13%, 0, 0, 26, 158.03, 3014573, 24188
19686, 0, 2452, 5865, 4830, 480, 18.13%, 0, 0, 26, 147.41, 3015340, 24188
19691, 0, 2452, 5865, 4830, 480, 18.13%, 0, 0, 26, 101.40, 3015797, 24188
19696, 0, 2452, 5866, 4831, 480, 18.13%, 0, 0, 26, 122.80, 3016413, 24188
19701, 0, 5723, 5868, 4832, 479, 18.13%, 0, 0, 26, 150.46, 3017217, 24188
19706, 0, 5723, 5871, 4835, 479, 18.13%, 0, 0, 26, 155.30, 3018006, 24188
19711, 0, 5723, 5871, 4835, 479, 18.13%, 0, 0, 26, 157.08, 3018795, 24188
19716, 0, 5723, 5871, 4835, 479, 18.13%, 0, 0, 26, 158.03, 3019587, 24188
19721, 0, 5723, 5871, 4835, 479, 18.13%, 0, 0, 26, 158.08, 3020379, 24188
19726, 0, 5723, 5872, 4836, 479, 18.13%, 0, 0, 26, 157.91, 3021171, 24188
19731, 0, 5723, 5872, 4836, 479, 18.13%, 0, 0, 26, 158.06, 3021963, 24188
19736, 0, 5723, 5873, 4837, 479, 18.13%, 0, 0, 26, 157.93, 3022764, 24188
19741, 0, 5723, 5873, 4837, 479, 18.13%, 0, 0, 26, 158.15, 3023556, 24188
19746, 0, 5723, 5873, 4837, 479, 18.13%, 0, 0, 26, 157.93, 3024378, 24188
19751, 0, 5723, 5873, 4837, 479, 18.13%, 0, 0, 26, 157.58, 3025170, 24188
19756, 0, 5723, 5873, 4837, 479, 18.13%, 0, 0, 26, 157.77, 3025962, 24188
19761, 0, 5723, 5873, 4837, 479, 18.13%, 0, 0, 26, 157.70, 3026754, 24188
19766, 0, 5723, 5873, 4837, 479, 18.13%, 0, 0, 26, 158.29, 3027546, 24188
19771, 0, 5723, 5873, 4837, 479, 18.13%, 0, 0, 26, 157.62, 3028338, 24188
19776, 0, 5723, 5873, 4837, 479, 18.13%, 0, 0, 26, 157.77, 3029130, 24188
19782, 0, 5723, 5873, 4837, 479, 18.13%, 0, 0, 26, 157.60, 3029949, 24188
19787, 0, 4808, 5873, 4836, 479, 18.13%, 0, 0, 26, 158.07, 3030765, 24188
19792, 0, 3541, 5873, 4835, 478, 18.13%, 0, 0, 26, 158.12, 3031572, 24188
19797, 0, 3541, 5874, 4836, 478, 18.13%, 0, 0, 26, 156.41, 3032367, 24188
19802, 0, 3289, 5874, 4835, 477, 18.13%, 0, 0, 26, 155.13, 3033159, 24188
19807, 0, 3289, 5874, 4835, 477, 18.13%, 0, 0, 26, 157.15, 3033949, 24188
19812, 0, 4811, 5874, 4834, 476, 18.13%, 0, 0, 26, 156.76, 3034763, 24188
19817, 0, 4309, 5874, 4833, 475, 18.13%, 0, 0, 26, 155.48, 3035547, 24188
19822, 0, 4309, 5874, 4833, 475, 18.13%, 0, 0, 26, 157.51, 3036348, 24188
19827, 0, 1875, 5874, 4832, 474, 18.13%, 0, 0, 26, 157.87, 3037147, 24188
19833, 0, 1875, 5874, 4832, 474, 18.13%, 0, 0, 26, 157.71, 3037940, 24188
19838, 0, 3094, 5874, 4831, 473, 18.13%, 0, 0, 26, 149.97, 3038712, 24188
19843, 0, 5695, 5874, 4830, 472, 18.13%, 0, 0, 26, 152.14, 3039474, 24188
19848, 0, 5695, 5876, 4832, 472, 18.13%, 0, 0, 26, 153.17, 3040272, 24188
19853, 0, 5695, 5876, 4832, 472, 18.13%, 0, 0, 26, 153.53, 3041059, 24188
19858, 0, 5875, 5876, 4831, 472, 18.13%, 0, 0, 26, 153.47, 3041860, 24188
19863, 0, 5463, 5876, 4830, 471, 18.13%, 0, 0, 26, 155.04, 3042653, 24188
19868, 0, 1900, 5876, 4829, 470, 18.13%, 0, 0, 26, 157.65, 3043445, 24188
19873, 0, 1900, 5876, 4829, 470, 18.13%, 0, 0, 26, 152.51, 3044220, 24188
19878, 0, 5569, 5876, 4828, 469, 18.13%, 0, 0, 26, 155.53, 3045013, 24188
19884, 0, 525, 5876, 4827, 468, 18.13%, 0, 0, 26, 157.40, 3045818, 24188
19889, 0, 2622, 5876, 4826, 467, 18.13%, 0, 0, 26, 156.75, 3046610, 24188
19894, 0, 3824, 5877, 4826, 466, 18.13%, 0, 0, 26, 157.13, 3047413, 24188
19899, 0, 3824, 5879, 4828, 466, 18.13%, 0, 0, 26, 157.49, 3048210, 24188
19904, 0, 3824, 5880, 4829, 466, 18.13%, 0, 0, 26, 156.27, 3049013, 24188
19909, 0, 4247, 5882, 4830, 465, 18.13%, 0, 0, 26, 155.44, 3049815, 24188
19914, 0, 5108, 5882, 4829, 464, 18.13%, 0, 0, 26, 157.51, 3050606, 24188
19919, 0, 5108, 5882, 4829, 464, 18.13%, 0, 0, 26, 158.55, 3051419, 24188
19924, 0, 1708, 5882, 4828, 463, 18.13%, 0, 0, 26, 158.45, 3052244, 24188
19930, 0, 5162, 5882, 4827, 462, 18.13%, 0, 0, 26, 157.70, 3053037, 24188
19935, 0, 4106, 5882, 4826, 461, 18.13%, 0, 0, 26, 158.12, 3053850, 24188
19940, 0, 4106, 5883, 4827, 461, 18.13%, 0, 0, 26, 158.38, 3054648, 24188
19945, 0, 5882, 5883, 4826, 461, 18.13%, 0, 0, 26, 157.73, 3055457, 24188
19950, 0, 1782, 5883, 4825, 460, 18.13%, 0, 0, 26, 158.57, 3056284, 24188
19955, 0, 2401, 5883, 4824, 459, 18.13%, 0, 0, 26, 158.28, 3057080, 24188
19960, 0, 5187, 5883, 4823, 458, 18.13%, 0, 0, 26, 157.77, 3057887, 24188
19965, 0, 5187, 5883, 4823, 458, 18.13%, 0, 0, 26, 156.74, 3058679, 24188
19970, 0, 5187, 5883, 4823, 458, 18.13%, 0, 0, 26, 157.10, 3059484, 24188
19975, 0, 5512, 5883, 4822, 457, 18.13%, 0, 0, 26, 156.44, 3060280, 24188
19981, 0, 5641, 5884, 4822, 456, 18.13%, 0, 0, 26, 157.26, 3061091, 24188
19986, 0, 5641, 5884, 4822, 456, 18.13%, 0, 0, 26, 158.06, 3061910, 24188
19991, 0, 817, 5885, 4822, 455, 18.13%, 0, 0, 26, 158.45, 3062725, 24188
19996, 0, 5568, 5885, 4821, 454, 18.13%, 0, 0, 26, 156.13, 3063514, 24188
20001, 0, 5568, 5885, 4821, 454, 18.13%, 0, 0, 26, 152.80, 3064283, 24188
20006, 0, 1621, 5885, 4820, 453, 18.13%, 0, 0, 26, 156.71, 3065079, 24188
20011, 0, 5630, 5886, 4820, 452, 18.13%, 0, 0, 26, 155.94, 3065873, 24188
20016, 0, 5630, 5886, 4820, 452, 18.13%, 0, 0, 26, 155.47, 3066657, 24188
20021, 0, 5630, 5893, 4827, 452, 18.13%, 0, 0, 26, 157.26, 3067447, 24189
20026, 0, 5630, 5897, 4831, 452, 18.13%, 0, 0, 26, 157.83, 3068251, 24190
20031, 0, 5895, 5898, 4831, 454, 18.13%, 0, 0, 26, 157.52, 3069045, 24190
20036, 0, 2657, 5898, 4830, 453, 18.13%, 0, 0, 26, 155.92, 3069836, 24190
20042, 0, 5693, 5899, 4830, 452, 18.13%, 0, 0, 26, 154.65, 3070621, 24190
20047, 0, 4229, 5899, 4829, 451, 18.13%, 0, 0, 26, 151.78, 3071399, 24190
20052, 0, 4229, 5899, 4829, 451, 18.13%, 0, 0, 26, 156.03, 3072193, 24190
20057, 0, 2029, 5899, 4828, 450, 18.13%, 0, 0, 26, 153.28, 3072963, 24190
20062, 0, 5862, 5900, 4828, 449, 18.13%, 0, 0, 26, 155.84, 3073757, 24190
20067, 0, 5862, 5900, 4828, 449, 18.13%, 0, 0, 26, 155.33, 3074545, 24190
20072, 0, 5862, 5901, 4829, 449, 18.13%, 0, 0, 26, 151.24, 3075299, 24190
20077, 0, 3197, 5901, 4828, 448, 18.13%, 0, 0, 26, 156.63, 3076118, 24190
20082, 0, 3065, 5901, 4827, 447, 18.13%, 0, 0, 26, 156.83, 3076910, 24190
20087, 0, 5043, 5902, 4827, 447, 18.13%, 0, 0, 26, 157.39, 3077699, 24190
20092, 0, 5043, 5902, 4827, 447, 18.13%, 0, 0, 26, 157.96, 3078515, 24190
20098, 0, 2150, 5902, 4826, 446, 18.13%, 0, 0, 26, 151.37, 3079299, 24190
20103, 0, 2150, 5902, 4826, 446, 18.13%, 0, 0, 26, 152.70, 3080088, 24190
20108, 0, 1058, 5902, 4825, 445, 18.13%, 0, 0, 26, 156.12, 3080880, 24190
20113, 0, 4787, 5902, 4824, 444, 18.13%, 0, 0, 26, 155.64, 3081672, 24190
20118, 0, 2049, 5902, 4823, 443, 18.13%, 0, 0, 26, 157.27, 3082467, 24190
20123, 0, 1396, 5902, 4822, 442, 18.13%, 0, 0, 26, 158.88, 3083294, 24190
20128, 0, 2470, 5902, 4821, 441, 18.13%, 0, 0, 26, 155.20, 3084087, 24190
20134, 0, 2470, 5903, 4822, 441, 18.13%, 0, 0, 26, 155.20, 3084890, 24190
20139, 0, 4011, 5903, 4821, 441, 18.13%, 0, 0, 26, 158.08, 3085682, 24190
20144, 0, 4011, 5903, 4821, 441, 18.13%, 0, 0, 26, 159.12, 3086494, 24190
20149, 0, 5687, 5903, 4820, 440, 18.13%, 0, 0, 26, 158.11, 3087315, 24190
20154, 0, 4456, 5903, 4819, 439, 18.13%, 0, 0, 26, 157.90, 3088128, 24190
20159, 0, 4456, 5904, 4820, 439, 18.13%, 0, 0, 26, 157.64, 3088955, 24190
20164, 0, 4641, 5904, 4819, 439, 18.13%, 0, 0, 26, 157.58, 3089774, 24190
20170, 0, 4641, 5904, 4819, 439, 18.13%, 0, 0, 26, 157.80, 3090588, 24190
20175, 0, 3213, 5904, 4818, 438, 18.13%, 0, 0, 26, 108.31, 3091087, 24190
20180, 0, 3213, 5904, 4818, 438, 18.13%, 0, 0, 26, 92.53, 3091534, 24190
20185, 0, 4352, 5905, 4818, 437, 18.13%, 0, 0, 26, 142.81, 3092315, 24190
20190, 0, 4157, 5905, 4817, 436, 18.13%, 0, 0, 26, 154.83, 3093110, 24190
20195, 0, 40, 5905, 4816, 435, 18.13%, 0, 0, 26, 143.08, 3093852, 24190
20200, 0, 40, 5905, 4816, 435, 18.13%, 0, 0, 26, 98.12, 3094286, 24190
20205, 0, 40, 5905, 4816, 435, 18.13%, 0, 0, 26, 88.34, 3094718, 24190
20210, 0, 4938, 5905, 4815, 434, 18.13%, 0, 0, 26, 129.44, 3095366, 24190
20215, 0, 4938, 5906, 4816, 434, 18.14%, 0, 0, 26, 152.23, 3096169, 24193
20220, 0, 4804, 5906, 4815, 434, 18.14%, 0, 0, 26, 156.91, 3096984, 24193
20225, 0, 5661, 5906, 4814, 433, 18.14%, 0, 0, 26, 158.27, 3097788, 24193
20230, 0, 5661, 5906, 4814, 433, 18.14%, 0, 0, 26, 154.92, 3098572, 24193
20235, 0, 2592, 5907, 4814, 432, 18.14%, 0, 0, 26, 154.70, 3099349, 24193
20241, 0, 5901, 5907, 4813, 431, 18.14%, 0, 0, 26, 156.20, 3100143, 24193
20246, 0, 5323, 5907, 4812, 430, 18.14%, 0, 0, 26, 157.28, 3100936, 24193
20251, 0, 5323, 5907, 4812, 430, 18.14%, 0, 0, 26, 157.29, 3101735, 24193
20256, 0, 5383, 5907, 4811, 429, 18.14%, 0, 0, 26, 157.93, 3102528, 24193
20261, 0, 5823, 5907, 4810, 428, 18.14%, 0, 0, 26, 157.97, 3103340, 24193
20266, 0, 5823, 5907, 4810, 428, 18.14%, 0, 0, 26, 157.27, 3104133, 24193
20271, 0, 299, 5907, 4809, 427, 18.14%, 0, 0, 26, 158.02, 3104944, 24193
20276, 0, 4245, 5907, 4808, 426, 18.14%, 0, 0, 26, 157.99, 3105736, 24193
20281, 0, 4245, 5907, 4808, 426, 18.14%, 0, 0, 26, 157.50, 3106534, 24193
20286, 0, 4623, 5907, 4806, 424, 18.14%, 0, 0, 26, 158.26, 3107328, 24193
20291, 0, 4623, 5912, 4811, 424, 18.15%, 0, 0, 26, 157.98, 3108129, 24208
20296, 0, 4623, 5912, 4811, 424, 18.15%, 0, 0, 26, 157.98, 3108921, 24208
20301, 0, 4623, 5912, 4811, 424, 18.15%, 0, 0, 26, 158.04, 3109713, 24208
20306, 0, 4623, 5913, 4812, 424, 18.15%, 0, 0, 26, 157.88, 3110505, 24211
20311, 0, 4623, 5913, 4812, 424, 18.15%, 0, 0, 26, 157.99, 3111297, 24211
20316, 0, 4623, 5914, 4813, 424, 18.15%, 0, 0, 26, 157.93, 3112089, 24213
20321, 0, 4623, 5914, 4813, 424, 18.15%, 0, 0, 26, 157.99, 3112881, 24213
20326, 0, 4623, 5914, 4813, 424, 18.15%, 0, 0, 26, 158.02, 3113673, 24213
20331, 0, 4623, 5914, 4813, 424, 18.15%, 0, 0, 26, 158.04, 3114465, 24213
20336, 0, 4623, 5914, 4813, 424, 18.15%, 0, 0, 26, 157.99, 3115257, 24213
20341, 0, 4623, 5914, 4813, 424, 18.15%, 0, 0, 26, 158.02, 3116049, 24213
20346, 0, 4623, 5914, 4813, 424, 18.15%, 0, 0, 26, 157.94, 3116841, 24213
20351, 0, 4623, 5915, 4814, 424, 18.15%, 0, 0, 26, 154.42, 3117629, 24215
20356, 0, 5170, 5916, 4814, 427, 18.15%, 0, 0, 26, 157.45, 3118435, 24215
20362, 0, 5170, 5916, 4814, 427, 18.15%, 0, 0, 26, 158.36, 3119255, 24215
20367, 0, 5599, 5917, 4814, 426, 18.15%, 0, 0, 26, 158.33, 3120070, 24215
20372, 0, 5599, 5921, 4818, 426, 18.15%, 0, 0, 26, 157.91, 3120862, 24217
20377, 0, 5599, 5922, 4819, 426, 18.16%, 0, 0, 26, 157.87, 3121654, 24218
20382, 0, 5599, 5922, 4819, 426, 18.16%, 0, 0, 26, 157.41, 3122446, 24218
20387, 0, 5599, 5923, 4820, 426, 18.16%, 0, 0, 26, 157.80, 3123247, 24218
20392, 0, 5599, 5923, 4820, 426, 18.16%, 0, 0, 26, 157.85, 3124039, 24218
20397, 0, 5599, 5923, 4820, 426, 18.16%, 0, 0, 26, 157.96, 3124831, 24218
20402, 0, 5599, 5924, 4821, 426, 18.16%, 0, 0, 26, 157.76, 3125623, 24219
20407, 0, 5599, 5925, 4822, 426, 18.16%, 0, 0, 26, 158.00, 3126415, 24220
20412, 0, 5599, 5925, 4822, 426, 18.16%, 0, 0, 26, 157.78, 3127207, 24220
20417, 0, 5599, 5926, 4823, 426, 18.16%, 0, 0, 26, 157.44, 3127999, 24220
20422, 0, 5599, 5926, 4823, 426, 18.16%, 0, 0, 26, 157.78, 3128791, 24220
20427, 0, 5599, 5926, 4823, 426, 18.16%, 0, 0, 26, 157.73, 3129583, 24220
20432, 0, 5599, 5926, 4823, 426, 18.16%, 0, 0, 26, 157.56, 3130375, 24220
20437, 0, 5599, 5926, 4823, 426, 18.16%, 0, 0, 26, 157.73, 3131167, 24220
20442, 0, 5599, 5926, 4823, 426, 18.16%, 0, 0, 26, 157.87, 3131959, 24220
20447, 0, 5599, 5927, 4824, 426, 18.16%, 0, 0, 26, 157.76, 3132751, 24220
20452, 0, 5599, 5927, 4824, 426, 18.16%, 0, 0, 26, 157.66, 3133563, 24220
20457, 0, 5173, 5929, 4825, 429, 18.16%, 0, 0, 26, 158.16, 3134358, 24220
20462, 0, 5173, 5931, 4827, 429, 18.16%, 0, 0, 26, 158.73, 3135159, 24223
20467, 0, 5173, 5931, 4827, 429, 18.16%, 0, 0, 26, 158.35, 3135951, 24223
20473, 0, 5173, 5931, 4827, 429, 18.16%, 0, 0, 26, 158.66, 3136776, 24223
20478, 0, 5173, 5931, 4827, 429, 18.16%, 0, 0, 26, 158.65, 3137601, 24223
20483, 0, 5173, 5931, 4827, 429, 18.16%, 0, 0, 26, 158.72, 3138426, 24223
20488, 0, 5173, 5932, 4828, 429, 18.16%, 0, 0, 26, 158.80, 3139251, 24225
20493, 0, 5173, 5932, 4828, 429, 18.16%, 0, 0, 26, 158.61, 3140076, 24225
20499, 0, 5173, 5932, 4828, 429, 18.16%, 0, 0, 26, 158.76, 3140901, 24225
20504, 0, 5173, 5932, 4828, 429, 18.16%, 0, 0, 26, 158.77, 3141726, 24225
20509, 0, 5173, 5932, 4828, 429, 18.16%, 0, 0, 26, 158.69, 3142551, 24225
20514, 0, 5173, 5932, 4828, 429, 18.16%, 0, 0, 26, 158.84, 3143376, 24225
20519, 0, 5173, 5932, 4828, 429, 18.16%, 0, 0, 26, 158.83, 3144201, 24225
20525, 0, 5173, 5933, 4829, 429, 18.16%, 0, 0, 26, 158.72, 3145026, 24225
20530, 0, 5173, 5933, 4829, 429, 18.16%, 0, 0, 26, 158.72, 3145851, 24225
20535, 0, 5173, 5933, 4829, 429, 18.16%, 0, 0, 26, 158.86, 3146676, 24225
20540, 0, 5173, 5933, 4829, 429, 18.16%, 0, 0, 26, 158.74, 3147487, 24225
20545, 0, 744, 5934, 4828, 430, 18.16%, 0, 0, 26, 159.29, 3148308, 24226
20550, 0, 1006, 5934, 4827, 429, 18.16%, 0, 0, 26, 157.67, 3149099, 24226
20555, 0, 3657, 5934, 4826, 428, 18.16%, 0, 0, 26, 158.01, 3149891, 24226
20560, 0, 3657, 5935, 4827, 428, 18.16%, 0, 0, 26, 158.12, 3150706, 24226
20566, 0, 5598, 5935, 4826, 427, 18.16%, 0, 0, 26, 158.53, 3151527, 24226
20571, 0, 5064, 5936, 4826, 426, 18.16%, 0, 0, 26, 145.88, 3152275, 24226
20576, 0, 5064, 5939, 4829, 426, 18.16%, 0, 0, 26, 99.98, 3152707, 24226
20581, 0, 5064, 5941, 4831, 426, 18.16%, 0, 0, 26, 90.10, 3153147, 24226
20586, 0, 5064, 5942, 4832, 426, 18.16%, 0, 0, 26, 87.27, 3153580, 24226
20591, 0, 5064, 5942, 4832, 426, 18.16%, 0, 0, 26, 86.84, 3154025, 24226
20596, 0, 5064, 5942, 4832, 426, 18.16%, 0, 0, 26, 86.95, 3154470, 24226
20601, 0, 5064, 5942, 4832, 426, 18.16%, 0, 0, 26, 86.69, 3154915, 24226
20606, 0, 5064, 5943, 4833, 426, 18.16%, 0, 0, 26, 87.40, 3155357, 24226
20611, 0, 5064, 5943, 4833, 426, 18.16%, 0, 0, 26, 87.23, 3155806, 24226
20616, 0, 5064, 5943, 4833, 426, 18.16%, 0, 0, 26, 86.71, 3156248, 24226
20622, 0, 5064, 5943, 4833, 426, 18.16%, 0, 0, 26, 87.35, 3156695, 24226
20627, 0, 5064, 5943, 4833, 426, 18.16%, 0, 0, 26, 86.73, 3157138, 24226
20632, 0, 5064, 5943, 4833, 426, 18.16%, 0, 0, 26, 86.86, 3157582, 24226
20637, 0, 5064, 5943, 4833, 426, 18.16%, 0, 0, 26, 86.82, 3158025, 24226
20642, 0, 5064, 5943, 4833, 426, 18.16%, 0, 0, 26, 86.92, 3158468, 24226
20647, 0, 5064, 5943, 4833, 426, 18.16%, 0, 0, 26, 87.03, 3158913, 24226
20652, 0, 5064, 5944, 4834, 426, 18.16%, 0, 0, 26, 87.05, 3159358, 24226
20657, 0, 5064, 5944, 4834, 426, 18.16%, 0, 0, 26, 86.94, 3159806, 24226
20662, 0, 5064, 5944, 4834, 426, 18.16%, 0, 0, 26, 87.10, 3160251, 24226
20668, 0, 5064, 5944, 4834, 426, 18.16%, 0, 0, 26, 87.13, 3160694, 24226
20673, 0, 5064, 5944, 4834, 426, 18.16%, 0, 0, 26, 87.11, 3161140, 24226
20678, 0, 5064, 5944, 4834, 426, 18.16%, 0, 0, 26, 86.91, 3161584, 24226
20683, 0, 5064, 5944, 4834, 426, 18.16%, 0, 0, 26, 86.70, 3162028, 24226
20688, 0, 5064, 5944, 4834, 426, 18.16%, 0, 0, 26, 87.38, 3162473, 24226
20693, 0, 5930, 5944, 4833, 426, 18.16%, 0, 0, 26, 125.85, 3163088, 24226
20698, 0, 5930, 5944, 4833, 426, 18.16%, 0, 0, 26, 152.03, 3163891, 24226
20703, 0, 1702, 5944, 4832, 425, 18.16%, 0, 0, 26, 152.76, 3164699, 24226
20708, 0, 1085, 5944, 4831, 424, 18.16%, 0, 0, 26, 154.14, 3165490, 24226
20714, 0, 5833, 5947, 4832, 423, 18.16%, 0, 0, 26, 151.59, 3166271, 24226
20719, 0, 5833, 5949, 4834, 423, 18.16%, 0, 0, 26, 152.66, 3167051, 24226
20724, 0, 5833, 5950, 4835, 423, 18.16%, 0, 0, 26, 153.08, 3167837, 24226
20729, 0, 5833, 5950, 4835, 423, 18.16%, 0, 0, 26, 152.06, 3168599, 24226
20734, 0, 5833, 5950, 4835, 423, 18.16%, 0, 0, 26, 152.12, 3169379, 24226
20739, 0, 5833, 5950, 4835, 423, 18.16%, 0, 0, 26, 152.96, 3170162, 24226
20744, 0, 5833, 5950, 4835, 423, 18.16%, 0, 0, 26, 153.15, 3170945, 24226
20749, 0, 5833, 5950, 4835, 423, 18.16%, 0, 0, 26, 153.41, 3171728, 24226
20754, 0, 5833, 5950, 4835, 423, 18.16%, 0, 0, 26, 152.98, 3172502, 24226
20759, 0, 5833, 5950, 4835, 423, 18.16%, 0, 0, 26, 153.03, 3173276, 24226
20765, 0, 5833, 5950, 4835, 423, 18.16%, 0, 0, 26, 152.83, 3174053, 24226
20770, 0, 5833, 5950, 4835, 423, 18.16%, 0, 0, 26, 152.21, 3174821, 24226
20775, 0, 5833, 5950, 4835, 423, 18.16%, 0, 0, 26, 152.88, 3175598, 24226
20780, 0, 5948, 5950, 4834, 422, 18.16%, 0, 0, 26, 152.63, 3176390, 24226
20785, 0, 5913, 5950, 4833, 421, 18.16%, 0, 0, 26, 156.15, 3177180, 24226
20790, 0, 5366, 5950, 4832, 420, 18.16%, 0, 0, 26, 145.26, 3177943, 24226
20795, 0, 5366, 5950, 4832, 420, 18.16%, 0, 0, 26, 120.73, 3178487, 24226
20800, 0, 597, 5950, 4831, 419, 18.16%, 0, 0, 26, 122.99, 3179086, 24226
20805, 0, 5175, 5950, 4830, 418, 18.16%, 0, 0, 26, 151.84, 3179890, 24226
20810, 0, 5175, 5950, 4830, 418, 18.16%, 0, 0, 26, 157.34, 3180708, 24226
20816, 0, 5924, 5950, 4829, 417, 18.16%, 0, 0, 26, 158.08, 3181527, 24226
20821, 0, 5924, 5952, 4831, 417, 18.16%, 0, 0, 26, 158.03, 3182323, 24228
20826, 0, 5929, 5952, 4830, 417, 18.16%, 0, 0, 26, 158.48, 3183144, 24228
20831, 0, 3518, 5952, 4829, 416, 18.16%, 0, 0, 26, 158.77, 3183955, 24228
20836, 0, 5864, 5953, 4829, 416, 18.16%, 0, 0, 26, 158.58, 3184779, 24228
20841, 0, 5864, 5955, 4831, 416, 18.16%, 0, 0, 26, 158.44, 3185583, 24228
20846, 0, 5864, 5956, 4832, 416, 18.16%, 0, 0, 26, 158.87, 3186408, 24228
20852, 0, 5864, 5957, 4833, 416, 18.16%, 0, 0, 26, 158.97, 3187233, 24228
20857, 0, 5864, 5958, 4834, 416, 18.16%, 0, 0, 26, 159.02, 3188058, 24228
20862, 0, 5864, 5958, 4834, 416, 18.16%, 0, 0, 26, 158.89, 3188883, 24228
20867, 0, 5864, 5959, 4835, 416, 18.16%, 0, 0, 26, 159.06, 3189708, 24228
20872, 0, 5864, 5959, 4835, 416, 18.16%, 0, 0, 26, 159.08, 3190533, 24228
20877, 0, 5864, 5959, 4835, 416, 18.16%, 0, 0, 26, 159.12, 3191358, 24228
20883, 0, 5864, 5960, 4836, 416, 18.16%, 0, 0, 26, 159.08, 3192183, 24228
20888, 0, 5864, 5960, 4836, 416, 18.16%, 0, 0, 26, 158.97, 3193008, 24228
20893, 0, 5864, 5960, 4836, 416, 18.16%, 0, 0, 26, 159.10, 3193833, 24228
20898, 0, 5864, 5961, 4837, 416, 18.17%, 0, 0, 26, 159.06, 3194630, 24233
20903, 0, 5944, 5961, 4835, 419, 18.17%, 0, 0, 26, 158.06, 3195426, 24233
20908, 0, 5944, 5961, 4835, 419, 18.17%, 0, 0, 26, 157.02, 3196218, 24233
20913, 0, 5567, 5961, 4835, 419, 18.17%, 0, 0, 26, 157.57, 3197010, 24233
20918, 0, 5046, 5963, 4836, 419, 18.17%, 0, 0, 26, 157.46, 3197807, 24234
20923, 0, 5046, 5963, 4836, 419, 18.17%, 0, 0, 26, 157.72, 3198626, 24234
20929, 0, 5627, 5963, 4835, 418, 18.17%, 0, 0, 26, 157.81, 3199441, 24234
20934, 0, 5627, 5963, 4835, 418, 18.17%, 0, 0, 26, 157.60, 3200229, 24234
20939, 0, 4895, 5963, 4834, 417, 18.17%, 0, 0, 26, 153.87, 3201029, 24234
20944, 0, 4895, 5964, 4835, 417, 18.17%, 0, 0, 26, 149.67, 3201782, 24234
20949, 0, 4895, 5968, 4839, 417, 18.17%, 0, 0, 26, 148.37, 3202552, 24234
20954, 0, 4895, 5968, 4839, 417, 18.17%, 0, 0, 26, 150.85, 3203327, 24234
20959, 0, 4895, 5972, 4843, 417, 18.17%, 0, 0, 26, 150.87, 3204107, 24238
20964, 0, 4895, 5973, 4844, 417, 18.17%, 0, 0, 26, 151.01, 3204893, 24238
20970, 0, 4895, 5976, 4847, 417, 18.17%, 0, 0, 26, 150.83, 3205667, 24238
20975, 0, 4895, 5979, 4850, 417, 18.17%, 0, 0, 26, 150.64, 3206441, 24239
20980, 0, 4895, 5980, 4851, 417, 18.17%, 0, 0, 26, 150.89, 3207215, 24239
20985, 0, 4895, 5982, 4853, 417, 18.18%, 0, 0, 26, 151.23, 3207980, 24245
20990, 0, 4895, 5983, 4854, 417, 18.18%, 0, 0, 26, 150.72, 3208751, 24245
20995, 0, 4895, 5983, 4854, 417, 18.18%, 0, 0, 26, 151.36, 3209537, 24245
21000, 0, 4895, 5983, 4854, 417, 18.18%, 0, 0, 26, 151.06, 3210311, 24245
21006, 0, 4895, 5983, 4854, 417, 18.18%, 0, 0, 26, 151.27, 3211097, 24245
21011, 0, 4895, 5983, 4854, 417, 18.18%, 0, 0, 26, 151.12, 3211877, 24245
21016, 0, 4895, 5983, 4854, 417, 18.18%, 0, 0, 26, 151.19, 3212657, 24245
21021, 0, 4895, 5984, 4855, 417, 18.18%, 0, 0, 26, 151.00, 3213416, 24246
21026, 0, 4895, 5984, 4855, 417, 18.18%, 0, 0, 26, 151.12, 3214193, 24246
21031, 0, 4895, 5985, 4856, 417, 18.18%, 0, 0, 26, 153.35, 3214985, 24246
21036, 0, 5970, 5985, 4855, 423, 18.18%, 0, 0, 26, 150.94, 3215746, 24246
21041, 0, 2301, 5985, 4854, 422, 18.18%, 0, 0, 26, 149.95, 3216517, 24246
21046, 0, 2301, 5985, 4854, 422, 18.18%, 0, 0, 26, 152.47, 3217279, 24246
21052, 0, 4217, 5985, 4853, 421, 18.18%, 0, 0, 26, 153.70, 3218074, 24246
21057, 0, 1309, 5985, 4852, 420, 18.18%, 0, 0, 26, 153.26, 3218851, 24246
21062, 0, 5916, 5985, 4851, 419, 18.18%, 0, 0, 26, 156.21, 3219643, 24246
21067, 0, 5916, 5986, 4852, 419, 18.18%, 0, 0, 26, 157.56, 3220436, 24247
21072, 0, 5916, 5987, 4853, 419, 18.18%, 0, 0, 26, 157.81, 3221253, 24247
21077, 0, 5946, 5988, 4852, 417, 18.18%, 0, 0, 26, 154.25, 3222034, 24247
21082, 0, 5946, 5988, 4852, 417, 18.18%, 0, 0, 26, 152.62, 3222798, 24247
21087, 0, 5975, 5988, 4851, 417, 18.18%, 0, 0, 26, 150.23, 3223574, 24247
21092, 0, 5975, 5988, 4851, 417, 18.18%, 0, 0, 26, 151.48, 3224358, 24247
21098, 0, 5978, 5989, 4851, 416, 18.18%, 0, 0, 26, 151.65, 3225146, 24247
21103, 0, 5978, 5989, 4851, 416, 18.18%, 0, 0, 26, 149.87, 3225919, 24247
21108, 0, 4387, 5989, 4850, 415, 18.18%, 0, 0, 26, 155.49, 3226721, 24247
21113, 0, 4387, 5989, 4850, 415, 18.18%, 0, 0, 26, 157.83, 3227541, 24247
21118, 0, 4425, 5990, 4850, 414, 18.18%, 0, 0, 26, 158.46, 3228356, 24247
21123, 0, 4154, 5991, 4850, 413, 18.18%, 0, 0, 26, 158.29, 3229179, 24251
21128, 0, 5958, 5991, 4849, 413, 18.18%, 0, 0, 26, 158.18, 3229973, 24251
21133, 0, 5958, 5995, 4853, 413, 18.18%, 0, 0, 26, 158.78, 3230774, 24252
21138, 0, 5958, 5997, 4855, 413, 18.18%, 0, 0, 26, 158.94, 3231572, 24254
21144, 0, 5958, 5997, 4855, 413, 18.18%, 0, 0, 26, 159.04, 3232397, 24254
21149, 0, 5958, 5998, 4856, 413, 18.18%, 0, 0, 26, 158.61, 3233222, 24254
21154, 0, 5958, 5999, 4857, 413, 18.18%, 0, 0, 26, 158.62, 3234020, 24254
21159, 0, 5958, 5999, 4857, 413, 18.18%, 0, 0, 26, 158.71, 3234845, 24254
21164, 0, 5958, 5999, 4857, 413, 18.18%, 0, 0, 26, 158.92, 3235670, 24254
21169, 0, 5958, 5999, 4857, 413, 18.18%, 0, 0, 26, 158.98, 3236495, 24254
21175, 0, 5958, 5999, 4857, 413, 18.18%, 0, 0, 26, 159.14, 3237320, 24254
21180, 0, 5958, 5999, 4857, 413, 18.18%, 0, 0, 26, 159.15, 3238145, 24254
21185, 0, 5958, 6000, 4858, 413, 18.18%, 0, 0, 26, 159.16, 3238970, 24254
21190, 0, 5958, 6000, 4858, 413, 18.18%, 0, 0, 26, 159.18, 3239799, 24254
21195, 0, 4839, 6000, 4856, 413, 18.18%, 0, 0, 26, 159.09, 3240600, 24254
21200, 0, 4839, 6000, 4856, 413, 18.18%, 0, 0, 26, 158.80, 3241420, 24254
21206, 0, 963, 6000, 4855, 412, 18.18%, 0, 0, 26, 156.75, 3242236, 24254
21211, 0, 5667, 6000, 4854, 411, 18.18%, 0, 0, 26, 155.16, 3243027, 24254
21216, 0, 5667, 6002, 4856, 411, 18.18%, 0, 0, 26, 154.21, 3243806, 24254
21221, 0, 2884, 6002, 4855, 410, 18.18%, 0, 0, 26, 115.56, 3244393, 24254
21226, 0, 2884, 6006, 4859, 410, 18.18%, 0, 0, 26, 97.87, 3244865, 24254
21231, 0, 2884, 6007, 4860, 410, 18.18%, 0, 0, 26, 93.29, 3245339, 24254
21236, 0, 2884, 6008, 4861, 410, 18.18%, 0, 0, 26, 93.92, 3245820, 24254
21241, 0, 2884, 6009, 4862, 410, 18.18%, 0, 0, 26, 93.50, 3246296, 24254
21246, 0, 2884, 6009, 4862, 410, 18.18%, 0, 0, 26, 94.73, 3246775, 24254
21252, 0, 2884, 6009, 4862, 410, 18.18%, 0, 0, 26, 92.81, 3247252, 24254
21257, 0, 2884, 6009, 4862, 410, 18.18%, 0, 0, 26, 94.28, 3247736, 24254
21262, 0, 2884, 6011, 4864, 410, 18.18%, 0, 0, 26, 93.93, 3248222, 24254
21267, 0, 2884, 6011, 4864, 410, 18.18%, 0, 0, 26, 93.83, 3248706, 24254
21272, 0, 2884, 6011, 4864, 410, 18.18%, 0, 0, 26, 92.38, 3249176, 24254
21277, 0, 2884, 6011, 4864, 410, 18.18%, 0, 0, 26, 92.97, 3249651, 24254
21282, 0, 2884, 6011, 4864, 410, 18.18%, 0, 0, 26, 94.25, 3250133, 24254
21287, 0, 2884, 6012, 4865, 410, 18.18%, 0, 0, 26, 93.41, 3250605, 24254
21292, 0, 2884, 6012, 4865, 410, 18.18%, 0, 0, 26, 93.98, 3251084, 24254
21297, 0, 2884, 6012, 4865, 410, 18.18%, 0, 0, 26, 92.82, 3251550, 24254
21303, 0, 2884, 6012, 4865, 410, 18.18%, 0, 0, 26, 90.01, 3252016, 24254
21308, 0, 5953, 6012, 4864, 410, 18.18%, 0, 0, 26, 140.59, 3252760, 24254
21313, 0, 5586, 6013, 4864, 409, 18.18%, 0, 0, 26, 154.69, 3253562, 24254
21318, 0, 5586, 6013, 4864, 409, 18.18%, 0, 0, 26, 157.52, 3254384, 24254
21323, 0, 3441, 6013, 4863, 408, 18.18%, 0, 0, 26, 157.64, 3255196, 24254
21328, 0, 4428, 6013, 4862, 407, 18.18%, 0, 0, 26, 158.11, 3255990, 24254
21333, 0, 4428, 6015, 4864, 407, 18.18%, 0, 0, 26, 157.51, 3256785, 24254
21338, 0, 4428, 6016, 4865, 407, 18.18%, 0, 0, 26, 157.55, 3257589, 24255
21343, 0, 4428, 6016, 4865, 407, 18.18%, 0, 0, 26, 157.87, 3258381, 24255
21348, 0, 4428, 6016, 4865, 407, 18.18%, 0, 0, 26, 157.68, 3259173, 24255
21353, 0, 4428, 6016, 4865, 407, 18.18%, 0, 0, 26, 157.96, 3259984, 24255
21359, 0, 5931, 6019, 4867, 407, 18.19%, 0, 0, 26, 158.37, 3260807, 24258
21364, 0, 5931, 6019, 4867, 407, 18.19%, 0, 0, 26, 158.45, 3261632, 24258
21369, 0, 5931, 6020, 4868, 407, 18.19%, 0, 0, 26, 158.80, 3262457, 24258
21374, 0, 5931, 6020, 4868, 407, 18.19%, 0, 0, 26, 158.90, 3263282, 24258
21379, 0, 5931, 6020, 4868, 407, 18.19%, 0, 0, 26, 158.76, 3264107, 24258
21385, 0, 5931, 6020, 4868, 407, 18.19%, 0, 0, 26, 158.79, 3264932, 24258
21390, 0, 5931, 6020, 4868, 407, 18.19%, 0, 0, 26, 158.77, 3265757, 24258
21395, 0, 5931, 6020, 4868, 407, 18.19%, 0, 0, 26, 158.92, 3266582, 24258
21400, 0, 5931, 6020, 4868, 407, 18.19%, 0, 0, 26, 158.80, 3267395, 24258
21405, 0, 5161, 6020, 4866, 407, 18.19%, 0, 0, 26, 157.95, 3268186, 24258
21410, 0, 5161, 6020, 4866, 407, 18.19%, 0, 0, 26, 157.68, 3268999, 24258
21415, 0, 5990, 6021, 4866, 406, 18.19%, 0, 0, 26, 157.73, 3269820, 24258
21420, 0, 5903, 6021, 4865, 405, 18.19%, 0, 0, 26, 157.48, 3270614, 24258
21426, 0, 357, 6021, 4864, 404, 18.19%, 0, 0, 26, 157.24, 3271424, 24258
21431, 0, 5231, 6021, 4863, 403, 18.19%, 0, 0, 26, 158.11, 3272217, 24258
21436, 0, 4658, 6021, 4862, 402, 18.19%, 0, 0, 26, 152.38, 3273000, 24258
21441, 0, 4658, 6021, 4862, 402, 18.19%, 0, 0, 26, 107.56, 3273493, 24258
21446, 0, 4658, 6022, 4863, 402, 18.19%, 0, 0, 26, 137.83, 3274234, 24258
21451, 0, 2015, 6022, 4862, 401, 18.19%, 0, 0, 26, 154.54, 3275040, 24258
21456, 0, 5589, 6023, 4862, 400, 18.19%, 0, 0, 26, 156.63, 3275849, 24258
21461, 0, 5589, 6024, 4863, 400, 18.19%, 0, 0, 26, 156.79, 3276641, 24263
21466, 0, 5589, 6024, 4863, 400, 18.19%, 0, 0, 26, 157.43, 3277446, 24263
21472, 0, 6019, 6025, 4863, 401, 18.19%, 0, 0, 26, 158.07, 3278269, 24264
21477, 0, 6024, 6026, 4863, 401, 18.19%, 0, 0, 26, 157.78, 3279082, 24268
21482, 0, 2369, 6026, 4862, 400, 18.19%, 0, 0, 26, 154.80, 3279874, 24268
21487, 0, 2369, 6026, 4862, 400, 18.19%, 0, 0, 26, 154.93, 3280665, 24268
21492, 0, 5779, 6027, 4862, 399, 18.19%, 0, 0, 26, 156.80, 3281458, 24268
21497, 0, 5779, 6027, 4862, 399, 18.19%, 0, 0, 26, 157.56, 3282273, 24268
21502, 0, 6025, 6027, 4861, 399, 18.19%, 0, 0, 26, 158.59, 3283093, 24268
21508, 0, 6025, 6028, 4862, 399, 18.19%, 0, 0, 26, 158.57, 3283919, 24268
21513, 0, 6025, 6031, 4865, 399, 18.19%, 0, 0, 26, 158.71, 3284723, 24271
21518, 0, 2198, 6031, 4863, 400, 18.19%, 0, 0, 26, 156.38, 3285514, 24271
21523, 0, 2198, 6031, 4863, 400, 18.19%, 0, 0, 26, 155.92, 3286303, 24271
21528, 0, 5006, 6031, 4862, 400, 18.19%, 0, 0, 26, 157.43, 3287101, 24271
21533, 0, 85, 6031, 4861, 399, 18.19%, 0, 0, 26, 157.23, 3287911, 24271
21538, 0, 85, 6031, 4861, 399, 18.19%, 0, 0, 26, 158.29, 3288737, 24271
21543, 0, 6030, 6033, 4861, 398, 18.20%, 0, 0, 26, 157.43, 3289536, 24272
21549, 0, 6030, 6034, 4862, 398, 18.20%, 0, 0, 26, 158.65, 3290362, 24272
21554, 0, 6030, 6036, 4864, 398, 18.20%, 0, 0, 26, 158.89, 3291159, 24275
21559, 0, 6029, 6041, 4868, 399, 18.20%, 0, 0, 26, 158.47, 3291990, 24276
21564, 0, 6029, 6041, 4868, 399, 18.20%, 0, 0, 26, 158.68, 3292815, 24276
21569, 0, 6029, 6041, 4868, 399, 18.20%, 0, 0, 26, 158.70, 3293640, 24276
21574, 0, 6029, 6041, 4868, 399, 18.20%, 0, 0, 26, 158.48, 3294465, 24276
21580, 0, 6029, 6042, 4869, 399, 18.20%, 0, 0, 26, 158.73, 3295290, 24276
21585, 0, 6029, 6042, 4869, 399, 18.20%, 0, 0, 26, 158.71, 3296115, 24276
21590, 0, 6029, 6042, 4869, 399, 18.20%, 0, 0, 26, 158.88, 3296940, 24276
21595, 0, 6029, 6042, 4869, 399, 18.20%, 0, 0, 26, 158.76, 3297765, 24276
21600, 0, 6029, 6042, 4869, 399, 18.20%, 0, 0, 26, 158.60, 3298590, 24276
21606, 0, 6029, 6043, 4870, 399, 18.20%, 0, 0, 26, 158.75, 3299415, 24277
21611, 0, 6029, 6043, 4870, 399, 18.20%, 0, 0, 26, 158.19, 3300207, 24277
21616, 0, 6029, 6043, 4870, 399, 18.20%, 0, 0, 26, 158.62, 3301032, 24277
21621, 0, 6029, 6043, 4870, 399, 18.20%, 0, 0, 26, 158.66, 3301857, 24277
21626, 0, 6029, 6043, 4870, 399, 18.20%, 0, 0, 26, 158.79, 3302682, 24277
21631, 0, 6029, 6043, 4870, 399, 18.20%, 0, 0, 26, 158.60, 3303507, 24277
21637, 0, 6029, 6043, 4870, 399, 18.20%, 0, 0, 26, 158.72, 3304332, 24277
21642, 0, 6029, 6043, 4870, 399, 18.20%, 0, 0, 26, 158.66, 3305145, 24277
21647, 0, 1483, 6043, 4868, 399, 18.20%, 0, 0, 26, 159.07, 3305968, 24277
21652, 0, 5236, 6043, 4867, 398, 18.20%, 0, 0, 26, 156.69, 3306761, 24277
21657, 0, 5236, 6043, 4867, 398, 18.20%, 0, 0, 26, 154.35, 3307537, 24277
21660, 0, 1349, 6043, 4866, 397, 18.20%, 0, 0, 26, 0.00, 3307926, 24277
