# relative_time, cycles_done, cur_item, corpus_count, pending_total, pending_favs, map_size, saved_crashes, saved_hangs, max_depth, execs_per_sec, total_execs, edges_found
61, 0, 68, 789, 641, 0, 11.78%, 0, 0, 7, 8138.94, 498555, 617
66, 0, 42, 793, 643, 0, 11.78%, 0, 0, 7, 8161.30, 540053, 617
71, 0, 139, 797, 641, 0, 11.88%, 0, 0, 7, 8162.87, 581088, 622
76, 0, 176, 818, 652, 0, 12.17%, 0, 0, 7, 8091.00, 622287, 637
82, 1, 804, 831, 657, 0, 12.36%, 0, 0, 7, 8063.34, 663456, 647
87, 1, 710, 843, 656, 0, 12.41%, 0, 0, 7, 8084.44, 704745, 650
92, 1, 158, 847, 651, 0, 12.41%, 0, 0, 7, 8112.22, 746048, 650
97, 1, 345, 851, 643, 0, 12.41%, 0, 0, 7, 8060.33, 786766, 650
102, 1, 11, 860, 639, 0, 12.41%, 0, 0, 7, 8100.46, 827933, 650
107, 1, 535, 869, 635, 0, 12.41%, 0, 0, 7, 8125.69, 868925, 650
112, 1, 465, 870, 624, 0, 12.41%, 0, 0, 7, 8135.21, 910305, 650
117, 1, 176, 873, 613, 0, 12.41%, 0, 0, 7, 8127.31, 951716, 650
122, 1, 150, 876, 603, 0, 12.41%, 0, 0, 7, 8133.01, 992918, 650
127, 1, 396, 883, 598, 0, 12.41%, 0, 0, 7, 8124.87, 1033988, 650
132, 2, 149, 883, 588, 0, 12.41%, 0, 0, 7, 8102.71, 1074808, 650
137, 2, 42, 884, 579, 0, 12.41%, 0, 0, 7, 8150.81, 1116219, 650
142, 2, 458, 885, 568, 0, 12.41%, 0, 0, 7, 8130.31, 1157002, 650
147, 2, 588, 892, 562, 0, 12.41%, 0, 0, 7, 8098.80, 1198111, 650
153, 2, 50, 897, 554, 0, 12.41%, 0, 0, 7, 8117.15, 1238971, 650
158, 2, 96, 898, 541, 0, 12.41%, 0, 0, 7, 8113.78, 1280037, 650
163, 2, 13, 899, 530, 0, 12.41%, 0, 0, 7, 8118.67, 1320983, 650
168, 2, 298, 900, 515, 0, 12.41%, 0, 0, 7, 8137.91, 1362361, 650
173, 2, 530, 900, 510, 0, 12.41%, 0, 0, 7, 8108.34, 1403561, 650
178, 3, 120, 902, 500, 0, 12.41%, 0, 0, 7, 8124.11, 1444511, 650
183, 3, 192, 906, 496, 0, 12.41%, 0, 0, 7, 8078.54, 1485447, 650
188, 3, 828, 907, 489, 0, 12.41%, 0, 0, 7, 8113.57, 1526563, 650
193, 3, 448, 907, 479, 0, 12.41%, 0, 0, 7, 8106.56, 1567873, 650
198, 3, 566, 909, 471, 0, 12.41%, 0, 0, 7, 8091.05, 1608934, 650
203, 3, 274, 910, 460, 0, 12.41%, 0, 0, 7, 8119.55, 1650123, 650
208, 3, 366, 914, 458, 0, 12.41%, 0, 0, 7, 8123.04, 1691141, 650
213, 3, 795, 915, 451, 0, 12.41%, 0, 0, 7, 8108.53, 1731897, 650
218, 3, 274, 920, 448, 0, 12.41%, 0, 0, 8, 8076.27, 1773295, 650
223, 4, 474, 922, 442, 0, 12.41%, 0, 0, 9, 8109.26, 1814357, 650
229, 4, 424, 923, 435, 0, 12.41%, 0, 0, 9, 8144.92, 1855617, 650
234, 4, 396, 925, 429, 0, 12.41%, 0, 0, 10, 8109.74, 1896584, 650
239, 4, 721, 925, 420, 0, 12.41%, 0, 0, 10, 8096.19, 1937353, 650
244, 4, 828, 928, 417, 0, 12.41%, 0, 0, 10, 8114.21, 1978345, 650
249, 4, 42, 928, 408, 0, 12.41%, 0, 0, 10, 8107.59, 2019249, 650
254, 4, 914, 928, 403, 0, 12.41%, 0, 0, 10, 8111.31, 2060435, 650
259, 4, 42, 930, 395, 0, 12.41%, 0, 0, 10, 8120.57, 2101312, 650
264, 4, 298, 931, 387, 0, 12.41%, 0, 0, 10, 8106.74, 2142313, 650
269, 4, 812, 933, 385, 0, 12.41%, 0, 0, 10, 8130.95, 2183399, 650
274, 5, 274, 933, 381, 0, 12.41%, 0, 0, 10, 8111.27, 2224402, 650
279, 5, 13, 935, 381, 0, 12.41%, 0, 0, 10, 8078.01, 2265418, 650
284, 5, 366, 935, 377, 0, 12.41%, 0, 0, 10, 8083.08, 2306204, 650
289, 5, 68, 935, 369, 0, 12.41%, 0, 0, 10, 8074.30, 2346748, 650
294, 5, 812, 936, 364, 0, 12.41%, 0, 0, 10, 8104.39, 2387713, 650
299, 5, 267, 937, 362, 0, 12.41%, 0, 0, 10, 8098.66, 2428481, 650
304, 5, 180, 939, 362, 0, 12.41%, 0, 0, 10, 8122.16, 2469676, 650
309, 5, 176, 939, 359, 0, 12.41%, 0, 0, 10, 8098.45, 2510588, 650
314, 5, 804, 941, 353, 0, 12.41%, 0, 0, 10, 8077.88, 2551553, 650
320, 6, 468, 941, 350, 0, 12.41%, 0, 0, 10, 8069.39, 2592591, 650
325, 6, 50, 941, 343, 0, 12.41%, 0, 0, 10, 8079.42, 2633284, 650
330, 6, 456, 942, 340, 0, 12.41%, 0, 0, 10, 8097.78, 2674231, 650
335, 6, 452, 942, 335, 0, 12.41%, 0, 0, 10, 8104.08, 2715257, 650
340, 6, 305, 946, 332, 0, 12.41%, 0, 0, 10, 8099.83, 2756290, 650
345, 6, 126, 946, 325, 0, 12.41%, 0, 0, 10, 8102.20, 2797517, 650
350, 6, 13, 946, 316, 0, 12.41%, 0, 0, 10, 8096.67, 2838489, 650
355, 6, 546, 947, 307, 0, 12.41%, 0, 0, 10, 8090.88, 2879352, 650
360, 6, 466, 948, 306, 0, 12.41%, 0, 0, 10, 8094.40, 2920136, 650
365, 6, 802, 949, 302, 0, 12.41%, 0, 0, 10, 8110.38, 2961278, 650
370, 7, 42, 949, 298, 0, 12.41%, 0, 0, 10, 8111.12, 3002107, 650
375, 7, 815, 951, 294, 0, 12.41%, 0, 0, 10, 8120.86, 3043319, 650
380, 7, 50, 951, 287, 0, 12.41%, 0, 0, 10, 8087.22, 3084070, 650
385, 7, 452, 952, 287, 0, 12.41%, 0, 0, 10, 8125.86, 3125428, 650
390, 7, 424, 953, 286, 0, 12.41%, 0, 0, 10, 8130.28, 3166437, 650
395, 7, 634, 953, 279, 0, 12.41%, 0, 0, 10, 8105.92, 3207520, 650
400, 7, 126, 953, 272, 0, 12.41%, 0, 0, 10, 8109.81, 3248382, 650
406, 7, 599, 954, 268, 0, 12.41%, 0, 0, 10, 8113.92, 3289603, 650
411, 7, 457, 957, 265, 0, 12.41%, 0, 0, 10, 8118.43, 3330476, 650
416, 8, 367, 957, 262, 0, 12.41%, 0, 0, 10, 8112.49, 3371429, 650
421, 8, 407, 957, 262, 0, 12.41%, 0, 0, 10, 8116.69, 3412373, 650
426, 8, 42, 957, 260, 0, 12.41%, 0, 0, 10, 8126.62, 3453261, 650
431, 8, 832, 957, 254, 0, 12.41%, 0, 0, 10, 8083.56, 3494023, 650
436, 8, 587, 957, 248, 0, 12.41%, 0, 0, 10, 8119.42, 3534975, 650
441, 8, 718, 958, 244, 0, 12.41%, 0, 0, 10, 8062.16, 3575699, 650
446, 8, 828, 958, 242, 0, 12.41%, 0, 0, 10, 8118.95, 3616550, 650
451, 8, 466, 959, 242, 0, 12.41%, 0, 0, 10, 8103.62, 3657395, 650
456, 8, 931, 959, 238, 0, 12.41%, 0, 0, 10, 8135.49, 3698749, 650
461, 8, 620, 960, 234, 0, 12.41%, 0, 0, 10, 8134.82, 3739919, 650
466, 9, 42, 961, 230, 0, 12.41%, 0, 0, 10, 8134.37, 3781105, 650
471, 9, 407, 961, 225, 0, 12.41%, 0, 0, 10, 8116.28, 3822129, 650
476, 9, 126, 961, 223, 0, 12.41%, 0, 0, 10, 8126.96, 3863235, 650
481, 9, 479, 962, 220, 0, 12.41%, 0, 0, 10, 8120.42, 3904145, 650
486, 9, 466, 962, 215, 0, 12.41%, 0, 0, 10, 8112.02, 3945077, 650
491, 9, 828, 962, 213, 0, 12.41%, 0, 0, 10, 8119.71, 3986276, 650
496, 9, 452, 964, 210, 0, 12.41%, 0, 0, 10, 8103.03, 4027223, 650
501, 9, 41, 964, 208, 0, 12.41%, 0, 0, 10, 8123.62, 4068225, 650
507, 9, 164, 964, 206, 0, 12.41%, 0, 0, 10, 8125.35, 4109322, 650
512, 9, 16, 965, 206, 0, 12.41%, 0, 0, 10, 8125.70, 4150434, 650
517, 10, 620, 966, 201, 0, 12.41%, 0, 0, 10, 8140.19, 4191888, 650
522, 10, 457, 966, 197, 0, 12.41%, 0, 0, 10, 8094.32, 4232730, 650
527, 10, 329, 966, 196, 0, 12.41%, 0, 0, 10, 8101.91, 4273678, 650
532, 10, 802, 966, 193, 0, 12.41%, 0, 0, 10, 8121.81, 4315133, 650
537, 10, 274, 966, 190, 0, 12.41%, 0, 0, 10, 8116.61, 4355868, 650
542, 10, 176, 966, 187, 0, 12.41%, 0, 0, 10, 8101.67, 4396610, 650
547, 10, 13, 966, 181, 0, 12.41%, 0, 0, 10, 8122.53, 4437767, 650
552, 10, 274, 966, 174, 0, 12.41%, 0, 0, 10, 8093.82, 4478657, 650
557, 10, 452, 966, 172, 0, 12.41%, 0, 0, 10, 8089.57, 4519459, 650
562, 11, 949, 966, 168, 0, 12.41%, 0, 0, 10, 8096.80, 4560358, 650
567, 11, 472, 967, 167, 0, 12.41%, 0, 0, 10, 8131.52, 4601567, 650
572, 11, 274, 967, 163, 0, 12.41%, 0, 0, 10, 8123.73, 4642499, 650
577, 11, 125, 967, 159, 0, 12.41%, 0, 0, 10, 8085.83, 4683151, 650
582, 11, 267, 967, 157, 0, 12.41%, 0, 0, 10, 8107.91, 4724202, 650
587, 11, 530, 967, 156, 0, 12.41%, 0, 0, 10, 8096.65, 4765554, 650
593, 11, 560, 968, 156, 0, 12.41%, 0, 0, 10, 8110.75, 4806391, 650
598, 11, 931, 968, 154, 0, 12.41%, 0, 0, 10, 8115.84, 4847625, 650
603, 11, 42, 995, 176, 0, 12.64%, 0, 0, 10, 8047.23, 4886544, 662
608, 11, 220, 1033, 210, 0, 12.64%, 0, 0, 10, 7750.36, 4925227, 662
613, 11, 306, 1040, 212, 0, 12.64%, 0, 0, 10, 7973.59, 4966072, 662
618, 12, 42, 1050, 213, 0, 12.64%, 0, 0, 10, 8007.25, 5006781, 662
623, 12, 428, 1054, 214, 0, 12.64%, 0, 0, 10, 8014.99, 5047906, 662
628, 12, 1055, 1067, 225, 0, 12.68%, 0, 0, 10, 7821.08, 5088186, 664
633, 12, 535, 1076, 227, 0, 12.68%, 0, 0, 10, 8001.11, 5129229, 664
638, 12, 1079, 1082, 228, 0, 12.68%, 0, 0, 10, 7892.72, 5169141, 664
644, 12, 16, 1085, 227, 0, 12.68%, 0, 0, 10, 8024.34, 5209955, 664
649, 12, 566, 1090, 224, 0, 12.68%, 0, 0, 10, 7971.54, 5250207, 664
654, 12, 456, 1093, 225, 0, 12.68%, 0, 0, 10, 8050.18, 5291338, 664
659, 12, 136, 1098, 226, 0, 12.68%, 0, 0, 10, 8006.72, 5331593, 664
664, 12, 126, 1098, 220, 0, 12.68%, 0, 0, 10, 8050.88, 5372783, 664
669, 12, 42, 1099, 218, 0, 12.68%, 0, 0, 10, 8017.09, 5413062, 664
674, 12, 596, 1103, 219, 0, 12.68%, 0, 0, 10, 8023.41, 5453922, 664
679, 13, 832, 1111, 223, 0, 12.68%, 0, 0, 10, 7985.38, 5494541, 664
684, 13, 33, 1113, 221, 0, 12.68%, 0, 0, 10, 7986.48, 5535078, 664
689, 13, 504, 1116, 220, 0, 12.68%, 0, 0, 10, 8034.41, 5575819, 664
694, 13, 1117, 1125, 228, 0, 12.74%, 0, 0, 10, 6775.03, 5609276, 667
699, 13, 978, 1127, 229, 0, 12.74%, 0, 0, 10, 7678.18, 5649257, 667
704, 13, 802, 1129, 229, 0, 12.74%, 0, 0, 10, 7929.25, 5689939, 667
710, 13, 657, 1133, 226, 0, 12.74%, 0, 0, 10, 7807.46, 5729834, 667
715, 13, 50, 1136, 224, 0, 12.74%, 0, 0, 10, 7813.17, 5770013, 667
720, 13, 42, 1145, 229, 0, 12.74%, 0, 0, 10, 7563.56, 5809139, 667
725, 13, 452, 1149, 229, 0, 12.74%, 0, 0, 10, 7876.33, 5849684, 667
730, 13, 41, 1151, 228, 0, 12.74%, 0, 0, 10, 7969.54, 5890380, 667
735, 13, 822, 1154, 229, 0, 12.74%, 0, 0, 10, 7967.61, 5930811, 667
740, 13, 815, 1159, 228, 0, 12.74%, 0, 0, 10, 7974.59, 5971362, 667
745, 13, 1122, 1161, 226, 0, 12.74%, 0, 0, 10, 7816.84, 6011258, 667
750, 14, 522, 1163, 226, 0, 12.74%, 0, 0, 10, 7934.72, 6051763, 667
755, 14, 422, 1169, 225, 0, 12.74%, 0, 0, 10, 7878.10, 6091847, 667
760, 14, 180, 1172, 223, 0, 12.74%, 0, 0, 10, 7985.20, 6132417, 667
766, 14, 132, 1174, 223, 0, 12.74%, 0, 0, 10, 8008.06, 6173271, 667
771, 14, 306, 1175, 220, 0, 12.74%, 0, 0, 10, 8012.86, 6213823, 667
776, 14, 504, 1178, 220, 0, 12.74%, 0, 0, 10, 7942.14, 6254126, 667
781, 14, 126, 1178, 214, 0, 12.74%, 0, 0, 10, 8007.98, 6294737, 667
786, 14, 407, 1181, 213, 0, 12.74%, 0, 0, 10, 7699.12, 6334123, 667
791, 14, 784, 1181, 211, 0, 12.74%, 0, 0, 10, 7946.54, 6374742, 667
796, 14, 1180, 1184, 211, 0, 12.74%, 0, 0, 11, 7617.43, 6413851, 667
801, 14, 1146, 1188, 212, 0, 12.74%, 0, 0, 11, 7737.32, 6452755, 667
806, 14, 50, 1193, 212, 0, 12.74%, 0, 0, 12, 7728.69, 6491714, 667
811, 14, 42, 1193, 212, 0, 12.74%, 0, 0, 12, 7895.49, 6531767, 667
816, 15, 345, 1194, 210, 0, 12.74%, 0, 0, 12, 7970.86, 6572247, 667
821, 15, 120, 1196, 208, 0, 12.74%, 0, 0, 12, 7925.17, 6612361, 667
827, 15, 42, 1198, 209, 0, 12.74%, 0, 0, 12, 7933.07, 6652860, 667
832, 15, 13, 1198, 207, 0, 12.74%, 0, 0, 12, 7999.54, 6693603, 667
837, 15, 468, 1198, 203, 0, 12.74%, 0, 0, 12, 7908.72, 6733726, 667
842, 15, 1197, 1202, 206, 0, 12.74%, 0, 0, 12, 7613.60, 6772859, 667
847, 15, 42, 1203, 204, 0, 12.74%, 0, 0, 12, 7756.12, 6811938, 667
852, 15, 1084, 1204, 202, 0, 12.74%, 0, 0, 12, 7954.22, 6852763, 667
857, 15, 42, 1205, 197, 0, 12.74%, 0, 0, 12, 7764.10, 6892335, 667
862, 15, 521, 1205, 192, 0, 12.74%, 0, 0, 12, 7915.32, 6932760, 667
867, 15, 949, 1207, 188, 0, 12.74%, 0, 0, 12, 7931.86, 6973453, 667
872, 15, 42, 1209, 186, 0, 12.74%, 0, 0, 12, 7992.46, 7014425, 667
877, 15, 596, 1211, 187, 0, 12.74%, 0, 0, 12, 7951.88, 7054316, 667
883, 16, 535, 1212, 186, 0, 12.74%, 0, 0, 12, 7958.44, 7095092, 667
888, 16, 1169, 1212, 185, 0, 12.74%, 0, 0, 12, 7934.88, 7135242, 667
893, 16, 452, 1212, 180, 0, 12.74%, 0, 0, 12, 7967.95, 7175648, 667
898, 16, 466, 1213, 180, 0, 12.74%, 0, 0, 12, 7928.86, 7216425, 667
903, 16, 424, 1214, 179, 0, 12.74%, 0, 0, 12, 7990.54, 7256516, 667
908, 16, 466, 1214, 177, 0, 12.74%, 0, 0, 12, 8001.59, 7297089, 667
913, 16, 479, 1217, 178, 0, 12.74%, 0, 0, 12, 7982.23, 7337426, 667
918, 16, 100, 1217, 172, 0, 12.74%, 0, 0, 12, 7933.20, 7377693, 667
923, 16, 504, 1217, 171, 0, 12.74%, 0, 0, 12, 7984.59, 7418136, 667
928, 16, 468, 1220, 174, 0, 12.74%, 0, 0, 12, 8004.11, 7458656, 667
933, 16, 13, 1220, 172, 0, 12.74%, 0, 0, 12, 8006.64, 7499358, 667
938, 16, 588, 1220, 170, 0, 12.74%, 0, 0, 12, 7997.94, 7540094, 667
943, 17, 822, 1223, 172, 0, 12.74%, 0, 0, 12, 7957.78, 7580083, 667
949, 17, 599, 1223, 170, 0, 12.74%, 0, 0, 12, 7945.13, 7620454, 667
954, 17, 136, 1223, 169, 0, 12.74%, 0, 0, 12, 7929.81, 7660512, 667
959, 17, 1109, 1223, 166, 0, 12.74%, 0, 0, 12, 7912.91, 7701168, 667
964, 17, 11, 1223, 161, 0, 12.74%, 0, 0, 12, 7723.36, 7740669, 667
969, 17, 603, 1223, 159, 0, 12.74%, 0, 0, 12, 7816.67, 7779894, 667
974, 17, 304, 1224, 158, 0, 12.74%, 0, 0, 12, 7889.90, 7820208, 667
979, 17, 804, 1224, 157, 0, 12.74%, 0, 0, 12, 7901.22, 7860649, 667
984, 17, 734, 1224, 155, 0, 12.74%, 0, 0, 12, 7971.22, 7901073, 667
989, 17, 828, 1224, 155, 0, 12.74%, 0, 0, 12, 7989.41, 7941466, 667
994, 17, 122, 1225, 155, 0, 12.74%, 0, 0, 12, 7952.03, 7981745, 667
999, 17, 484, 1225, 154, 0, 12.74%, 0, 0, 12, 7978.47, 8021877, 667
1004, 17, 221, 1226, 154, 0, 12.74%, 0, 0, 12, 8015.04, 8062361, 667
1010, 18, 173, 1226, 154, 0, 12.74%, 0, 0, 12, 7983.12, 8103060, 667
1015, 18, 428, 1227, 154, 0, 12.74%, 0, 0, 12, 7896.67, 8142852, 667
1020, 18, 126, 1227, 149, 0, 12.74%, 0, 0, 12, 7903.98, 8183095, 667
1025, 18, 535, 1227, 147, 0, 12.74%, 0, 0, 12, 7917.16, 8223470, 667
1030, 18, 422, 1227, 147, 0, 12.74%, 0, 0, 12, 7938.60, 8263527, 667
1035, 18, 13, 1227, 146, 0, 12.74%, 0, 0, 12, 7985.79, 8304101, 667
1040, 18, 1201, 1227, 143, 0, 12.74%, 0, 0, 12, 8023.93, 8344589, 667
1045, 18, 832, 1231, 146, 0, 12.74%, 0, 0, 12, 7996.42, 8385373, 667
1050, 18, 828, 1231, 141, 0, 12.74%, 0, 0, 12, 7927.05, 8425348, 667
1055, 18, 190, 1231, 141, 0, 12.74%, 0, 0, 12, 7938.66, 8465485, 667
1060, 18, 13, 1232, 138, 0, 12.74%, 0, 0, 12, 7939.16, 8505662, 667
1065, 18, 802, 1233, 138, 0, 12.74%, 0, 0, 12, 7878.85, 8546040, 667
1070, 18, 43, 1233, 137, 0, 12.74%, 0, 0, 12, 7794.93, 8584757, 667
1075, 19, 470, 1233, 135, 0, 12.74%, 0, 0, 12, 7866.79, 8624634, 667
1081, 19, 42, 1233, 132, 0, 12.74%, 0, 0, 12, 7955.89, 8665025, 667
1086, 19, 452, 1233, 130, 0, 12.74%, 0, 0, 12, 7954.34, 8705661, 667
1091, 19, 209, 1233, 127, 0, 12.74%, 0, 0, 12, 8033.57, 8746560, 667
1096, 19, 822, 1234, 125, 0, 12.74%, 0, 0, 12, 8017.34, 8787354, 667
1101, 19, 126, 1234, 124, 0, 12.74%, 0, 0, 12, 7997.03, 8827657, 667
1106, 19, 50, 1234, 124, 0, 12.74%, 0, 0, 12, 8002.28, 8868127, 667
1111, 19, 830, 1234, 120, 0, 12.74%, 0, 0, 12, 7841.48, 8907793, 667
1116, 19, 42, 1235, 119, 0, 12.74%, 0, 0, 12, 7937.19, 8948301, 667
1121, 19, 458, 1235, 118, 0, 12.74%, 0, 0, 12, 7967.85, 8988733, 667
1126, 19, 492, 1235, 117, 0, 12.74%, 0, 0, 12, 7952.29, 9029095, 667
1131, 19, 402, 1235, 116, 0, 12.74%, 0, 0, 12, 7912.27, 9068717, 667
1136, 19, 826, 1236, 115, 0, 12.74%, 0, 0, 12, 7934.34, 9109213, 667
1141, 20, 734, 1238, 115, 0, 12.74%, 0, 0, 12, 7930.01, 9149413, 667
1146, 20, 274, 1238, 112, 0, 12.74%, 0, 0, 12, 7873.21, 9189204, 667
1152, 20, 929, 1238, 111, 0, 12.74%, 0, 0, 12, 7947.90, 9229611, 667
1157, 20, 329, 1238, 108, 0, 12.74%, 0, 0, 12, 7978.90, 9269959, 667
1162, 20, 35, 1241, 109, 0, 12.74%, 0, 0, 12, 7941.74, 9310352, 667
1167, 20, 158, 1242, 107, 0, 12.74%, 0, 0, 12, 7969.44, 9350857, 667
1172, 20, 596, 1243, 107, 0, 12.74%, 0, 0, 12, 7981.23, 9391380, 667
1177, 20, 276, 1243, 106, 0, 12.74%, 0, 0, 12, 7979.33, 9431601, 667
1182, 20, 345, 1245, 106, 0, 12.74%, 0, 0, 12, 7867.84, 9471417, 667
1187, 20, 321, 1246, 105, 0, 12.74%, 0, 0, 12, 7945.30, 9511525, 667
1192, 20, 306, 1247, 106, 0, 12.74%, 0, 0, 12, 7984.78, 9552127, 667
1197, 20, 305, 1247, 105, 0, 12.74%, 0, 0, 12, 7942.54, 9592544, 667
1202, 21, 50, 1247, 103, 0, 12.74%, 0, 0, 12, 7643.04, 9632058, 667
1207, 21, 120, 1247, 102, 0, 12.74%, 0, 0, 12, 7897.21, 9672550, 667
1213, 21, 575, 1247, 101, 0, 12.74%, 0, 0, 12, 7976.34, 9713178, 667
1218, 21, 804, 1247, 101, 0, 12.74%, 0, 0, 12, 7995.32, 9753617, 667
1223, 21, 329, 1248, 100, 0, 12.74%, 0, 0, 12, 7739.48, 9793082, 667
1228, 21, 734, 1248, 98, 0, 12.74%, 0, 0, 12, 7949.80, 9833320, 667
1233, 21, 524, 1249, 96, 0, 12.74%, 0, 0, 12, 7765.04, 9870083, 667
1238, 21, 804, 1250, 97, 0, 12.74%, 0, 0, 12, 7959.35, 9910736, 667
1243, 21, 535, 1250, 95, 0, 12.74%, 0, 0, 12, 7956.65, 9951315, 667
1248, 21, 657, 1250, 94, 0, 12.74%, 0, 0, 12, 7752.67, 9990986, 667
1253, 21, 483, 1250, 94, 0, 12.74%, 0, 0, 12, 7899.48, 10031387, 667
1258, 21, 452, 1250, 93, 0, 12.74%, 0, 0, 12, 7895.05, 10070919, 667
1263, 21, 575, 1250, 91, 0, 12.74%, 0, 0, 12, 7835.73, 10110831, 667
1268, 22, 1122, 1250, 90, 0, 12.74%, 0, 0, 12, 7907.77, 10151138, 667
1274, 22, 185, 1250, 88, 0, 12.74%, 0, 0, 12, 7899.89, 10190790, 667
1279, 22, 13, 1250, 88, 0, 12.74%, 0, 0, 12, 7959.23, 10231285, 667
1284, 22, 828, 1251, 88, 0, 12.74%, 0, 0, 12, 7904.09, 10270626, 667
1289, 22, 456, 1252, 89, 0, 12.74%, 0, 0, 12, 7963.68, 10311377, 667
1294, 22, 295, 1252, 86, 0, 12.74%, 0, 0, 12, 7676.59, 10350984, 667
1299, 22, 784, 1254, 87, 0, 12.74%, 0, 0, 12, 7954.96, 10391423, 667
1304, 22, 306, 1254, 87, 0, 12.74%, 0, 0, 12, 7941.53, 10431445, 667
1309, 22, 13, 1258, 88, 0, 12.74%, 0, 0, 12, 7919.09, 10471510, 667
1314, 22, 815, 1258, 87, 0, 12.74%, 0, 0, 12, 8004.63, 10511910, 667
1319, 22, 601, 1258, 87, 0, 12.74%, 0, 0, 12, 7985.47, 10552448, 667
1324, 22, 13, 1259, 85, 0, 12.74%, 0, 0, 12, 7917.45, 10592684, 667
1329, 22, 601, 1259, 84, 0, 12.74%, 0, 0, 12, 7963.54, 10633017, 667
1334, 23, 407, 1259, 82, 0, 12.74%, 0, 0, 12, 7912.49, 10673049, 667
1339, 23, 472, 1260, 82, 0, 12.74%, 0, 0, 12, 7953.51, 10713408, 667
1344, 23, 468, 1260, 82, 0, 12.74%, 0, 0, 12, 7979.04, 10753893, 667
1350, 23, 209, 1260, 82, 0, 12.74%, 0, 0, 12, 7975.32, 10794387, 667
1355, 23, 1249, 1260, 82, 0, 12.74%, 0, 0, 12, 8000.25, 10835097, 667
1360, 23, 410, 1261, 81, 0, 12.74%, 0, 0, 12, 7975.36, 10875918, 667
1365, 23, 826, 1261, 81, 0, 12.74%, 0, 0, 12, 7939.43, 10916136, 667
1370, 23, 1260, 1261, 80, 0, 12.74%, 0, 0, 12, 7993.14, 10956449, 667
1375, 23, 126, 1261, 78, 0, 12.74%, 0, 0, 12, 8002.73, 10997182, 667
1380, 23, 166, 1261, 76, 0, 12.74%, 0, 0, 12, 7718.20, 11036348, 667
1385, 23, 396, 1261, 76, 0, 12.74%, 0, 0, 12, 7948.90, 11076558, 667
1390, 23, 211, 1261, 76, 0, 12.74%, 0, 0, 12, 8010.19, 11117247, 667
1395, 23, 126, 1261, 75, 0, 12.74%, 0, 0, 12, 8023.04, 11158007, 667
1400, 24, 13, 1262, 74, 0, 12.74%, 0, 0, 12, 7837.28, 11197804, 667
1405, 24, 468, 1262, 74, 0, 12.74%, 0, 0, 12, 7984.89, 11238432, 667
1410, 24, 504, 1263, 74, 0, 12.74%, 0, 0, 12, 7960.07, 11278920, 667
1416, 24, 657, 1264, 74, 0, 12.74%, 0, 0, 12, 7984.80, 11319454, 667
1421, 24, 734, 1264, 72, 0, 12.74%, 0, 0, 12, 7900.01, 11359249, 667
1426, 24, 472, 1266, 74, 0, 12.74%, 0, 0, 12, 7968.98, 11399925, 667
1431, 24, 166, 1266, 72, 0, 12.74%, 0, 0, 12, 7903.97, 11439928, 667
1436, 24, 452, 1266, 72, 0, 12.74%, 0, 0, 12, 7960.10, 11480466, 667
1441, 24, 492, 1266, 71, 0, 12.74%, 0, 0, 12, 7851.34, 11520368, 667
1446, 24, 13, 1266, 70, 0, 12.74%, 0, 0, 12, 7978.59, 11561007, 667
1451, 24, 802, 1266, 70, 0, 12.74%, 0, 0, 12, 7988.03, 11601381, 667
1456, 24, 51, 1266, 69, 0, 12.74%, 0, 0, 12, 7991.27, 11641944, 667
1461, 25, 428, 1266, 68, 0, 12.74%, 0, 0, 12, 8031.70, 11682752, 667
1466, 25, 176, 1266, 68, 0, 12.74%, 0, 0, 12, 8004.90, 11723042, 667
1471, 25, 802, 1266, 67, 0, 12.74%, 0, 0, 12, 7740.74, 11761904, 667
1476, 25, 185, 1266, 66, 0, 12.74%, 0, 0, 12, 7922.90, 11802530, 667
1482, 25, 596, 1266, 65, 0, 12.74%, 0, 0, 12, 7918.82, 11842543, 667
1487, 25, 304, 1267, 66, 0, 12.74%, 0, 0, 12, 7993.89, 11883410, 667
1492, 25, 298, 1267, 65, 0, 12.74%, 0, 0, 12, 8028.26, 11924325, 667
1497, 25, 1266, 1268, 66, 0, 12.74%, 0, 0, 12, 8006.87, 11964985, 667
1502, 25, 822, 1268, 65, 0, 12.74%, 0, 0, 12, 7945.06, 12005581, 667
1507, 25, 949, 1268, 65, 0, 12.74%, 0, 0, 12, 7985.17, 12046319, 667
1512, 25, 1196, 1268, 63, 0, 12.74%, 0, 0, 12, 7783.25, 12085325, 667
1517, 25, 461, 1268, 61, 0, 12.74%, 0, 0, 12, 7868.78, 12125140, 667
1522, 25, 13, 1268, 60, 0, 12.74%, 0, 0, 12, 7824.16, 12164656, 667
1527, 26, 461, 1268, 60, 0, 12.74%, 0, 0, 12, 8006.24, 12205359, 667
1532, 26, 59, 1268, 58, 0, 12.74%, 0, 0, 12, 7973.14, 12245965, 667
1537, 26, 804, 1268, 57, 0, 12.74%, 0, 0, 12, 8029.56, 12287000, 667
1543, 26, 479, 1268, 56, 0, 12.74%, 0, 0, 12, 7962.30, 12327380, 667
1548, 26, 479, 1268, 56, 0, 12.74%, 0, 0, 12, 7964.89, 12367839, 667
1553, 26, 1255, 1268, 56, 0, 12.74%, 0, 0, 12, 8008.44, 12408771, 667
1558, 26, 295, 1268, 53, 0, 12.74%, 0, 0, 12, 8019.16, 12449655, 667
1563, 26, 1122, 1268, 52, 0, 12.74%, 0, 0, 12, 7994.44, 12489967, 667
1568, 26, 33, 1269, 52, 0, 12.74%, 0, 0, 12, 8015.16, 12530412, 667
1573, 26, 33, 1269, 50, 0, 12.74%, 0, 0, 12, 8013.05, 12571095, 667
1578, 26, 176, 1270, 51, 0, 12.74%, 0, 0, 12, 8000.08, 12612065, 667
1583, 26, 804, 1271, 52, 0, 12.74%, 0, 0, 12, 8008.06, 12652767, 667
1588, 27, 448, 1271, 52, 0, 12.74%, 0, 0, 12, 8001.10, 12693446, 667
1593, 27, 1270, 1276, 56, 0, 12.74%, 0, 0, 12, 7932.75, 12733591, 667
1598, 27, 456, 1277, 56, 0, 12.74%, 0, 0, 12, 7976.27, 12774038, 667
1603, 27, 220, 1277, 56, 0, 12.74%, 0, 0, 12, 8008.59, 12814429, 667
1608, 27, 721, 1277, 53, 0, 12.74%, 0, 0, 12, 7895.57, 12854467, 667
1614, 27, 176, 1277, 53, 0, 12.74%, 0, 0, 12, 7980.40, 12895236, 667
1619, 27, 147, 1277, 52, 0, 12.74%, 0, 0, 12, 8010.11, 12935675, 667
1624, 27, 13, 1277, 51, 0, 12.74%, 0, 0, 12, 8005.05, 12976498, 667
1629, 27, 304, 1277, 49, 0, 12.74%, 0, 0, 12, 7984.85, 13016835, 667
1634, 27, 69, 1277, 49, 0, 12.74%, 0, 0, 12, 8011.30, 13057382, 667
1639, 27, 402, 1277, 47, 0, 12.74%, 0, 0, 12, 8009.81, 13098001, 667
1644, 27, 601, 1277, 47, 0, 12.74%, 0, 0, 12, 7998.10, 13138433, 667
1649, 27, 802, 1277, 46, 0, 12.74%, 0, 0, 12, 8020.99, 13178890, 667
1654, 28, 16, 1277, 46, 0, 12.74%, 0, 0, 12, 7993.44, 13219578, 667
1659, 28, 532, 1278, 46, 0, 12.74%, 0, 0, 12, 7985.46, 13259967, 667
1664, 28, 1245, 1278, 46, 0, 12.74%, 0, 0, 12, 7940.92, 13300430, 667
1669, 28, 299, 1278, 45, 0, 12.74%, 0, 0, 12, 7984.19, 13340555, 667
1674, 28, 734, 1279, 45, 0, 12.74%, 0, 0, 12, 7926.91, 13381043, 667
1680, 28, 306, 1279, 45, 0, 12.74%, 0, 0, 12, 7983.99, 13421625, 667
1685, 28, 42, 1279, 45, 0, 12.74%, 0, 0, 12, 8008.21, 13461992, 667
1690, 28, 828, 1279, 45, 0, 12.74%, 0, 0, 12, 7980.92, 13502542, 667
1695, 28, 136, 1279, 44, 0, 12.74%, 0, 0, 12, 8023.81, 13543050, 667
1700, 28, 504, 1279, 42, 0, 12.74%, 0, 0, 12, 7990.78, 13583347, 667
1705, 28, 826, 1279, 42, 0, 12.74%, 0, 0, 12, 7982.48, 13624085, 667
1710, 28, 1122, 1279, 41, 0, 12.74%, 0, 0, 12, 7959.47, 13664780, 667
1715, 28, 457, 1279, 40, 0, 12.74%, 0, 0, 12, 7985.37, 13705181, 667
1720, 29, 126, 1280, 41, 0, 12.74%, 0, 0, 12, 7974.47, 13745309, 667
1725, 29, 274, 1280, 40, 0, 12.74%, 0, 0, 12, 8018.37, 13785917, 667
1730, 29, 304, 1290, 49, 0, 12.74%, 0, 0, 12, 7404.68, 13823985, 667
1735, 29, 220, 1290, 47, 0, 12.74%, 0, 0, 12, 7859.90, 13864359, 667
1740, 29, 457, 1290, 46, 0, 12.74%, 0, 0, 12, 7956.42, 13904620, 667
1745, 29, 164, 1290, 46, 0, 12.74%, 0, 0, 12, 7988.66, 13945117, 667
1751, 29, 1124, 1291, 46, 0, 12.74%, 0, 0, 12, 7775.02, 13984651, 667
1756, 29, 286, 1291, 45, 0, 12.74%, 0, 0, 12, 7953.03, 14025035, 667
1761, 29, 422, 1291, 43, 0, 12.74%, 0, 0, 12, 7838.89, 14065054, 667
1766, 29, 185, 1291, 41, 0, 12.74%, 0, 0, 12, 7775.79, 14104982, 667
1771, 29, 1283, 1291, 41, 0, 12.74%, 0, 0, 12, 7898.50, 14145214, 667
1776, 29, 452, 1291, 40, 0, 12.74%, 0, 0, 12, 7978.73, 14185898, 667
1781, 29, 176, 1291, 40, 0, 12.74%, 0, 0, 12, 7917.01, 14226225, 667
1786, 30, 175, 1291, 39, 0, 12.74%, 0, 0, 12, 7835.15, 14266408, 667
1791, 30, 114, 1292, 40, 0, 12.74%, 0, 0, 12, 7953.90, 14306733, 667
1796, 30, 828, 1292, 39, 0, 12.74%, 0, 0, 12, 7981.10, 14346967, 667
1801, 30, 975, 1304, 49, 0, 12.74%, 0, 0, 12, 7257.22, 14383309, 667
1807, 30, 1168, 1305, 50, 0, 12.74%, 0, 0, 12, 7734.29, 14423758, 667
1812, 30, 306, 1305, 47, 0, 12.74%, 0, 0, 12, 7657.30, 14462646, 667
1817, 30, 190, 1305, 47, 0, 12.74%, 0, 0, 12, 7957.98, 14503228, 667
1822, 30, 329, 1307, 48, 0, 12.74%, 0, 0, 12, 7477.15, 14541934, 667
1827, 30, 815, 1307, 48, 0, 12.74%, 0, 0, 12, 7900.72, 14582637, 667
1832, 30, 504, 1307, 47, 0, 12.74%, 0, 0, 12, 7830.27, 14622432, 667
1837, 30, 616, 1307, 46, 0, 12.74%, 0, 0, 12, 7922.26, 14662884, 667
1842, 30, 68, 1307, 46, 0, 12.74%, 0, 0, 12, 7959.08, 14703628, 667
1847, 30, 33, 1308, 47, 0, 12.74%, 0, 0, 12, 8013.49, 14744184, 667
1852, 30, 466, 1308, 46, 0, 12.74%, 0, 0, 12, 8000.19, 14784759, 667
1857, 31, 620, 1308, 45, 0, 12.74%, 0, 0, 12, 8010.96, 14825259, 667
1863, 31, 826, 1308, 45, 0, 12.74%, 0, 0, 12, 8029.08, 14866009, 667
1868, 31, 1041, 1308, 44, 0, 12.74%, 0, 0, 12, 7979.25, 14906327, 667
1873, 31, 122, 1308, 44, 0, 12.74%, 0, 0, 12, 7970.98, 14946808, 667
1878, 31, 826, 1308, 44, 0, 12.74%, 0, 0, 12, 7969.40, 14987215, 667
1883, 31, 42, 1308, 44, 0, 12.74%, 0, 0, 12, 7993.34, 15028012, 667
1888, 31, 295, 1308, 44, 0, 12.74%, 0, 0, 12, 8018.70, 15068303, 667
1893, 31, 822, 1308, 44, 0, 12.74%, 0, 0, 12, 7971.06, 15108922, 667
1898, 31, 566, 1308, 44, 0, 12.74%, 0, 0, 12, 8015.41, 15149285, 667
1903, 31, 126, 1309, 45, 0, 12.74%, 0, 0, 12, 7913.19, 15189376, 667
1908, 31, 410, 1309, 44, 0, 12.74%, 0, 0, 12, 7861.26, 15229082, 667
1913, 31, 461, 1309, 44, 0, 12.74%, 0, 0, 12, 7955.20, 15269595, 667
1918, 32, 456, 1309, 44, 0, 12.74%, 0, 0, 12, 7980.64, 15310106, 667
1923, 32, 41, 1312, 46, 0, 12.74%, 0, 0, 12, 7695.39, 15349264, 667
1928, 32, 1122, 1313, 46, 0, 12.74%, 0, 0, 12, 7894.25, 15389664, 667
1933, 32, 274, 1313, 46, 0, 12.74%, 0, 0, 12, 7986.11, 15429933, 667
1939, 32, 126, 1313, 45, 0, 12.74%, 0, 0, 12, 8012.82, 15470337, 667
1944, 32, 1122, 1314, 46, 0, 12.74%, 0, 0, 12, 7958.09, 15510507, 667
1949, 32, 42, 1314, 46, 0, 12.74%, 0, 0, 12, 8004.22, 15550863, 667
1954, 32, 620, 1316, 48, 0, 12.74%, 0, 0, 12, 7966.98, 15591367, 667
1959, 32, 1232, 1317, 49, 0, 12.74%, 0, 0, 12, 7978.23, 15631651, 667
1964, 32, 826, 1317, 49, 0, 12.74%, 0, 0, 12, 7965.79, 15672033, 667
1969, 32, 1311, 1331, 62, 0, 12.74%, 0, 0, 12, 6789.65, 15706306, 667
1974, 32, 35, 1331, 60, 0, 12.74%, 0, 0, 12, 7536.60, 15745304, 667
1979, 32, 537, 1331, 58, 0, 12.74%, 0, 0, 12, 7466.67, 15784097, 667
1984, 32, 42, 1331, 57, 0, 12.74%, 0, 0, 12, 7810.83, 15823834, 667
1989, 33, 304, 1331, 57, 0, 12.74%, 0, 0, 12, 7965.46, 15864298, 667
1994, 33, 187, 1331, 56, 0, 12.74%, 0, 0, 12, 7819.21, 15903876, 667
1999, 33, 407, 1331, 56, 0, 12.74%, 0, 0, 12, 7891.36, 15943931, 667
2004, 33, 1328, 1340, 64, 0, 12.74%, 0, 0, 12, 7249.60, 15982005, 667
2009, 33, 1302, 1343, 66, 0, 12.74%, 0, 0, 12, 7436.73, 16018396, 667
2015, 33, 448, 1343, 64, 0, 12.74%, 0, 0, 12, 7774.97, 16058113, 667
2020, 33, 1321, 1343, 61, 0, 12.74%, 0, 0, 12, 7443.67, 16096803, 667
2025, 33, 457, 1343, 59, 0, 12.74%, 0, 0, 12, 7766.45, 16135933, 667
2030, 33, 114, 1343, 59, 0, 12.74%, 0, 0, 12, 7916.53, 16176143, 667
2035, 33, 456, 1343, 59, 0, 12.74%, 0, 0, 12, 7956.52, 16216613, 667
2040, 33, 13, 1343, 59, 0, 12.74%, 0, 0, 12, 7980.44, 16257239, 667
2045, 33, 138, 1343, 59, 0, 12.74%, 0, 0, 12, 7941.05, 16297245, 667
2050, 33, 721, 1343, 59, 0, 12.74%, 0, 0, 12, 7965.48, 16337726, 667
2055, 33, 176, 1344, 58, 0, 12.74%, 0, 0, 12, 7849.82, 16377603, 667
2060, 34, 1323, 1344, 57, 0, 12.74%, 0, 0, 12, 7712.71, 16417264, 667
2065, 34, 1303, 1345, 57, 0, 12.74%, 0, 0, 12, 7763.72, 16456755, 667
2070, 34, 42, 1345, 55, 0, 12.74%, 0, 0, 12, 7842.14, 16495647, 667
2076, 34, 175, 1345, 53, 0, 12.74%, 0, 0, 12, 7655.11, 16534781, 667
2081, 34, 51, 1345, 53, 0, 12.74%, 0, 0, 12, 7915.28, 16575336, 667
2086, 34, 456, 1345, 51, 0, 12.74%, 0, 0, 12, 7900.58, 16614500, 667
2091, 34, 532, 1345, 51, 0, 12.74%, 0, 0, 12, 8002.97, 16655321, 667
2096, 34, 721, 1345, 51, 0, 12.74%, 0, 0, 12, 7939.73, 16695587, 667
2101, 34, 43, 1345, 51, 0, 12.74%, 0, 0, 12, 7977.45, 16736147, 667
2106, 34, 832, 1345, 50, 0, 12.74%, 0, 0, 12, 7952.73, 16776222, 667
2111, 34, 13, 1345, 49, 0, 12.74%, 0, 0, 12, 7838.47, 16816074, 667
2116, 34, 815, 1345, 49, 0, 12.74%, 0, 0, 12, 7925.79, 16856327, 667
2121, 34, 1306, 1345, 49, 0, 12.74%, 0, 0, 12, 7748.77, 16896009, 667
2126, 34, 13, 1345, 47, 0, 12.74%, 0, 0, 12, 7493.06, 16934975, 667
2131, 35, 209, 1346, 47, 0, 12.74%, 0, 0, 12, 7906.81, 16975702, 667
2137, 35, 50, 1346, 47, 0, 12.74%, 0, 0, 12, 7958.74, 17016072, 667
2142, 35, 466, 1347, 47, 0, 12.74%, 0, 0, 12, 7835.70, 17056188, 667
2147, 35, 949, 1347, 47, 0, 12.74%, 0, 0, 12, 7946.60, 17096936, 667
2152, 35, 16, 1347, 47, 0, 12.74%, 0, 0, 12, 7975.12, 17137541, 667
2157, 35, 211, 1347, 46, 0, 12.74%, 0, 0, 12, 7893.66, 17177695, 667
2162, 35, 462, 1347, 45, 0, 12.74%, 0, 0, 12, 7876.06, 17217426, 667
2167, 35, 42, 1347, 43, 0, 12.74%, 0, 0, 12, 7848.98, 17257592, 667
2172, 35, 504, 1347, 42, 0, 12.74%, 0, 0, 12, 7865.67, 17297930, 667
2177, 35, 42, 1349, 42, 0, 12.74%, 0, 0, 12, 7896.12, 17338006, 667
2182, 35, 402, 1349, 41, 0, 12.74%, 0, 0, 12, 7823.30, 17378105, 667
2188, 35, 616, 1349, 41, 0, 12.74%, 0, 0, 12, 7928.27, 17418848, 667
2193, 35, 456, 1349, 41, 0, 12.74%, 0, 0, 12, 7988.28, 17459786, 667
2198, 35, 308, 1349, 41, 0, 12.74%, 0, 0, 12, 7977.82, 17500061, 667
2203, 36, 462, 1349, 41, 0, 12.74%, 0, 0, 12, 7990.08, 17540390, 667
2208, 36, 620, 1349, 41, 0, 12.74%, 0, 0, 12, 7983.59, 17581116, 667
2213, 36, 43, 1349, 40, 0, 12.74%, 0, 0, 12, 7859.36, 17620621, 667
2218, 36, 176, 1349, 40, 0, 12.74%, 0, 0, 12, 7894.57, 17660708, 667
2223, 36, 472, 1349, 40, 0, 12.74%, 0, 0, 12, 7945.89, 17701454, 667
2228, 36, 149, 1349, 40, 0, 12.74%, 0, 0, 12, 7990.12, 17742103, 667
2233, 36, 812, 1349, 40, 0, 12.74%, 0, 0, 12, 7960.34, 17782435, 667
2238, 36, 620, 1349, 39, 0, 12.74%, 0, 0, 12, 7887.02, 17822381, 667
2243, 36, 176, 1349, 39, 0, 12.74%, 0, 0, 12, 7913.83, 17862491, 667
2249, 36, 470, 1349, 39, 0, 12.74%, 0, 0, 12, 7950.33, 17902767, 667
2254, 36, 603, 1349, 38, 0, 12.74%, 0, 0, 12, 7697.61, 17942135, 667
2259, 36, 303, 1349, 37, 0, 12.74%, 0, 0, 12, 7803.31, 17982036, 667
2264, 36, 826, 1349, 37, 0, 12.74%, 0, 0, 12, 7881.04, 18022044, 667
2269, 37, 33, 1349, 37, 0, 12.74%, 0, 0, 12, 7896.11, 18061946, 667
2274, 37, 428, 1349, 37, 0, 12.74%, 0, 0, 12, 7894.41, 18102325, 667
2279, 37, 396, 1349, 36, 0, 12.74%, 0, 0, 12, 7812.65, 18142595, 667
2284, 37, 136, 1349, 36, 0, 12.74%, 0, 0, 12, 7903.09, 18182971, 667
2289, 37, 209, 1349, 36, 0, 12.74%, 0, 0, 12, 7908.79, 18223338, 667
2294, 37, 1041, 1349, 36, 0, 12.74%, 0, 0, 12, 7883.18, 18263682, 667
2299, 37, 815, 1349, 36, 0, 12.74%, 0, 0, 12, 7934.37, 18304007, 667
2305, 37, 822, 1349, 36, 0, 12.74%, 0, 0, 12, 7924.33, 18344476, 667
2310, 37, 306, 1349, 36, 0, 12.74%, 0, 0, 12, 7942.09, 18384687, 667
2315, 37, 186, 1349, 35, 0, 12.74%, 0, 0, 12, 7922.36, 18424778, 667
2320, 37, 804, 1349, 35, 0, 12.74%, 0, 0, 12, 7892.27, 18465075, 667
2325, 37, 69, 1349, 35, 0, 12.74%, 0, 0, 12, 7904.97, 18505303, 667
2330, 37, 126, 1349, 34, 0, 12.74%, 0, 0, 12, 7879.99, 18545342, 667
2335, 38, 603, 1350, 35, 0, 12.74%, 0, 0, 12, 7923.38, 18585674, 667
2340, 38, 173, 1350, 35, 0, 12.74%, 0, 0, 12, 7904.19, 18625821, 667
2345, 38, 804, 1350, 35, 0, 12.74%, 0, 0, 12, 7903.15, 18665541, 667
2350, 38, 830, 1350, 34, 0, 12.74%, 0, 0, 12, 7842.34, 18704861, 667
2355, 38, 505, 1350, 34, 0, 12.74%, 0, 0, 12, 7843.55, 18744898, 667
2360, 38, 462, 1350, 34, 0, 12.74%, 0, 0, 12, 7889.17, 18784857, 667
2366, 38, 114, 1350, 34, 0, 12.74%, 0, 0, 12, 7840.87, 18824688, 667
2371, 38, 558, 1352, 35, 0, 12.74%, 0, 0, 12, 7732.54, 18864174, 667
2376, 38, 407, 1352, 34, 0, 12.74%, 0, 0, 12, 7651.59, 18903234, 667
2381, 38, 457, 1352, 32, 0, 12.74%, 0, 0, 12, 7745.21, 18942934, 667
2386, 38, 543, 1352, 31, 0, 12.74%, 0, 0, 12, 7806.60, 18983137, 667
2391, 38, 472, 1352, 31, 0, 12.74%, 0, 0, 12, 7880.02, 19023857, 667
2396, 38, 13, 1352, 30, 0, 12.74%, 0, 0, 12, 7897.35, 19063723, 667
2401, 38, 345, 1352, 30, 0, 12.74%, 0, 0, 12, 7904.54, 19103761, 667
2406, 39, 601, 1352, 30, 0, 12.74%, 0, 0, 12, 7926.87, 19144498, 667
2412, 39, 13, 1352, 30, 0, 12.74%, 0, 0, 12, 7898.90, 19184324, 667
2417, 39, 1347, 1352, 30, 0, 12.74%, 0, 0, 12, 7915.17, 19224497, 667
2422, 39, 42, 1352, 30, 0, 12.74%, 0, 0, 12, 7916.51, 19264943, 667
2427, 39, 33, 1352, 30, 0, 12.74%, 0, 0, 12, 7918.31, 19305173, 667
2432, 39, 13, 1352, 30, 0, 12.74%, 0, 0, 12, 7898.47, 19345793, 667
2437, 39, 428, 1352, 30, 0, 12.74%, 0, 0, 12, 7888.43, 19386288, 667
2442, 39, 50, 1352, 29, 0, 12.74%, 0, 0, 12, 7890.52, 19426514, 667
2447, 39, 784, 1352, 29, 0, 12.74%, 0, 0, 12, 7918.31, 19467129, 667
2452, 39, 308, 1352, 28, 0, 12.74%, 0, 0, 12, 7985.94, 19502639, 667
2457, 39, 126, 1352, 28, 0, 12.74%, 0, 0, 12, 7929.46, 19543305, 667
2463, 39, 452, 1352, 28, 0, 12.74%, 0, 0, 12, 7911.22, 19583739, 667
2468, 39, 303, 1352, 28, 0, 12.74%, 0, 0, 12, 7922.17, 19624284, 667
2473, 39, 466, 1352, 28, 0, 12.74%, 0, 0, 12, 7922.84, 19664491, 667
2478, 40, 1041, 1352, 28, 0, 12.74%, 0, 0, 12, 7907.61, 19704611, 667
2483, 40, 220, 1352, 28, 0, 12.74%, 0, 0, 12, 7844.21, 19744766, 667
2488, 40, 50, 1352, 28, 0, 12.74%, 0, 0, 12, 7828.21, 19784868, 667
2493, 40, 304, 1352, 28, 0, 12.74%, 0, 0, 12, 7845.18, 19824812, 667
2498, 40, 452, 1352, 28, 0, 12.74%, 0, 0, 12, 7880.90, 19864918, 667
2503, 40, 35, 1352, 28, 0, 12.74%, 0, 0, 12, 7835.61, 19904811, 667
2508, 40, 521, 1352, 28, 0, 12.74%, 0, 0, 12, 7874.89, 19944977, 667
2514, 40, 136, 1352, 28, 0, 12.74%, 0, 0, 12, 7839.80, 19984985, 667
2519, 40, 35, 1354, 29, 0, 12.74%, 0, 0, 12, 7748.28, 20024310, 667
2524, 40, 812, 1354, 29, 0, 12.74%, 0, 0, 12, 7891.50, 20064814, 667
2529, 40, 321, 1354, 29, 0, 12.74%, 0, 0, 12, 7918.99, 20105298, 667
2534, 40, 42, 1354, 28, 0, 12.74%, 0, 0, 12, 7838.79, 20145275, 667
2539, 40, 804, 1354, 28, 0, 12.74%, 0, 0, 12, 7919.65, 20185940, 667
2544, 41, 68, 1354, 28, 0, 12.74%, 0, 0, 12, 7931.56, 20226148, 667
2549, 41, 812, 1354, 28, 0, 12.74%, 0, 0, 12, 7942.79, 20266686, 667
2554, 41, 603, 1354, 27, 0, 12.74%, 0, 0, 12, 7888.16, 20306798, 667
2559, 41, 13, 1354, 27, 0, 12.74%, 0, 0, 12, 7828.63, 20346436, 667
2564, 41, 822, 1354, 27, 0, 12.74%, 0, 0, 12, 7880.43, 20386627, 667
2570, 41, 120, 1354, 26, 0, 12.74%, 0, 0, 12, 7782.97, 20426243, 667
2575, 41, 532, 1354, 25, 0, 12.74%, 0, 0, 12, 7675.90, 20465603, 667
2580, 41, 42, 1354, 25, 0, 12.74%, 0, 0, 12, 7872.30, 20506028, 667
2585, 41, 16, 1354, 25, 0, 12.74%, 0, 0, 12, 7865.38, 20545749, 667
2590, 41, 33, 1354, 25, 0, 12.74%, 0, 0, 12, 7893.11, 20585952, 667
2595, 41, 33, 1354, 24, 0, 12.74%, 0, 0, 12, 7855.94, 20626115, 667
2600, 41, 305, 1354, 24, 0, 12.74%, 0, 0, 12, 7902.66, 20666311, 667
2605, 41, 558, 1354, 23, 0, 12.74%, 0, 0, 12, 7864.79, 20706829, 667
2610, 42, 126, 1354, 23, 0, 12.74%, 0, 0, 12, 7882.88, 20746981, 667
2616, 42, 812, 1354, 23, 0, 12.74%, 0, 0, 12, 7902.48, 20787198, 667
2621, 42, 114, 1354, 23, 0, 12.74%, 0, 0, 12, 7861.91, 20826991, 667
2626, 42, 126, 1354, 23, 0, 12.74%, 0, 0, 12, 7847.02, 20867292, 667
2631, 42, 657, 1354, 23, 0, 12.74%, 0, 0, 12, 7859.49, 20907510, 667
2636, 42, 164, 1354, 22, 0, 12.74%, 0, 0, 12, 7811.94, 20947201, 667
2641, 42, 175, 1356, 24, 0, 12.74%, 0, 0, 12, 7918.49, 20987543, 667
2646, 42, 13, 1357, 24, 0, 12.74%, 0, 0, 12, 7679.35, 21026716, 667
2651, 42, 815, 1357, 24, 0, 12.74%, 0, 0, 12, 7828.53, 21066778, 667
2656, 42, 42, 1358, 24, 0, 12.74%, 0, 0, 12, 7791.09, 21106580, 667
2661, 42, 50, 1358, 24, 0, 12.74%, 0, 0, 12, 7859.43, 21146869, 667
2667, 42, 345, 1359, 24, 0, 12.74%, 0, 0, 12, 7874.02, 21186751, 667
2672, 42, 620, 1359, 24, 0, 12.74%, 0, 0, 12, 7901.33, 21227304, 667
2677, 42, 521, 1359, 24, 0, 12.74%, 0, 0, 12, 7865.76, 21267151, 667
2682, 43, 304, 1359, 23, 0, 12.74%, 0, 0, 12, 7834.09, 21306478, 667
2687, 43, 826, 1359, 23, 0, 12.74%, 0, 0, 12, 7916.08, 21346587, 667
2692, 43, 190, 1359, 23, 0, 12.74%, 0, 0, 12, 7905.64, 21386574, 667
2697, 43, 13, 1359, 23, 0, 12.74%, 0, 0, 12, 7861.01, 21427043, 667
2702, 43, 504, 1359, 23, 0, 12.74%, 0, 0, 12, 7896.26, 21467318, 667
2707, 43, 462, 1359, 23, 0, 12.74%, 0, 0, 12, 7850.57, 21506839, 667
2712, 43, 16, 1359, 23, 0, 12.74%, 0, 0, 12, 7890.00, 21546974, 667
2717, 43, 50, 1359, 23, 0, 12.74%, 0, 0, 12, 7926.98, 21586930, 667
2722, 43, 822, 1359, 23, 0, 12.74%, 0, 0, 12, 7883.34, 21626948, 667
2727, 43, 804, 1360, 23, 0, 12.74%, 0, 0, 12, 7714.97, 21666678, 667
2732, 43, 832, 1360, 23, 0, 12.74%, 0, 0, 12, 7891.02, 21706772, 667
2738, 43, 185, 1360, 23, 0, 12.74%, 0, 0, 12, 7902.98, 21746962, 667
2743, 43, 138, 1360, 23, 0, 12.74%, 0, 0, 12, 7907.37, 21787013, 667
2748, 44, 410, 1360, 22, 0, 12.74%, 0, 0, 12, 7678.34, 21824960, 667
2753, 44, 452, 1360, 22, 0, 12.74%, 0, 0, 12, 7856.00, 21865169, 667
2758, 44, 220, 1360, 22, 0, 12.74%, 0, 0, 12, 7888.86, 21905335, 667
2763, 44, 815, 1360, 22, 0, 12.74%, 0, 0, 12, 7895.20, 21945582, 667
2768, 44, 13, 1360, 21, 0, 12.74%, 0, 0, 12, 7729.46, 21985008, 667
2773, 44, 396, 1360, 21, 0, 12.74%, 0, 0, 12, 7860.90, 22024938, 667
2778, 44, 407, 1360, 21, 0, 12.74%, 0, 0, 12, 7852.33, 22064895, 667
2783, 44, 452, 1360, 21, 0, 12.74%, 0, 0, 12, 7900.79, 22105272, 667
2788, 44, 812, 1360, 21, 0, 12.74%, 0, 0, 12, 7852.73, 22145358, 667
2794, 44, 546, 1360, 20, 0, 12.74%, 0, 0, 12, 7877.03, 22185310, 667
2799, 44, 620, 1360, 20, 0, 12.74%, 0, 0, 12, 7833.24, 22225402, 667
2804, 44, 367, 1360, 20, 0, 12.74%, 0, 0, 12, 7887.13, 22265737, 667
2809, 44, 126, 1360, 20, 0, 12.74%, 0, 0, 12, 7908.86, 22305706, 667
2814, 44, 16, 1360, 20, 0, 12.74%, 0, 0, 12, 7884.83, 22345795, 667
2819, 45, 558, 1360, 20, 0, 12.74%, 0, 0, 12, 7884.43, 22386049, 667
2824, 45, 42, 1360, 20, 0, 12.74%, 0, 0, 12, 7881.25, 22425943, 667
2829, 45, 13, 1360, 20, 0, 12.74%, 0, 0, 12, 7849.80, 22465690, 667
2834, 45, 16, 1361, 20, 0, 12.74%, 0, 0, 12, 7826.22, 22505483, 667
2839, 45, 274, 1361, 20, 0, 12.74%, 0, 0, 12, 7816.25, 22545607, 667
2844, 45, 832, 1361, 20, 0, 12.74%, 0, 0, 12, 7843.27, 22585912, 667
2850, 45, 1354, 1361, 20, 0, 12.74%, 0, 0, 12, 7378.04, 22624484, 667
2855, 45, 11, 1361, 19, 0, 12.74%, 0, 0, 12, 7762.07, 22664349, 667
2860, 45, 466, 1361, 19, 0, 12.74%, 0, 0, 12, 7881.52, 22704345, 667
2865, 45, 410, 1361, 19, 0, 12.74%, 0, 0, 12, 7895.85, 22744387, 667
2870, 45, 209, 1361, 19, 0, 12.74%, 0, 0, 12, 7840.37, 22783937, 667
2875, 45, 175, 1361, 19, 0, 12.74%, 0, 0, 12, 7828.71, 22824294, 667
2880, 45, 804, 1361, 19, 0, 12.74%, 0, 0, 12, 7888.97, 22864496, 667
2885, 45, 543, 1361, 19, 0, 12.74%, 0, 0, 12, 7902.62, 22904716, 667
2890, 46, 949, 1361, 19, 0, 12.74%, 0, 0, 12, 7923.01, 22945142, 667
2895, 46, 456, 1361, 19, 0, 12.74%, 0, 0, 12, 7891.45, 22985477, 667
2901, 46, 148, 1361, 19, 0, 12.74%, 0, 0, 12, 7863.37, 23025406, 667
2906, 46, 815, 1361, 18, 0, 12.74%, 0, 0, 12, 7693.11, 23064414, 667
2911, 46, 452, 1361, 18, 0, 12.74%, 0, 0, 12, 7859.28, 23104430, 667
2916, 46, 456, 1362, 19, 0, 12.74%, 0, 0, 12, 7849.72, 23144586, 667
2921, 46, 484, 1362, 18, 0, 12.74%, 0, 0, 12, 7744.70, 23183564, 667
2926, 46, 51, 1362, 18, 0, 12.74%, 0, 0, 12, 7831.43, 23223601, 667
2931, 46, 33, 1362, 18, 0, 12.74%, 0, 0, 12, 7860.82, 23263537, 667
2936, 46, 164, 1362, 18, 0, 12.74%, 0, 0, 12, 7797.02, 23303566, 667
2941, 46, 532, 1362, 18, 0, 12.74%, 0, 0, 12, 7850.40, 23343937, 667
2946, 46, 483, 1362, 17, 0, 12.74%, 0, 0, 12, 7861.60, 23384100, 667
2952, 46, 402, 1362, 14, 0, 12.74%, 0, 0, 12, 7746.12, 23423347, 667
2957, 47, 136, 1362, 14, 0, 12.74%, 0, 0, 12, 7852.72, 23463482, 667
2962, 47, 422, 1362, 14, 0, 12.74%, 0, 0, 12, 7847.72, 23503655, 667
2967, 47, 176, 1362, 14, 0, 12.74%, 0, 0, 12, 7771.92, 23543892, 667
2972, 47, 828, 1362, 14, 0, 12.74%, 0, 0, 12, 7835.20, 23583584, 667
2977, 47, 832, 1362, 14, 0, 12.74%, 0, 0, 12, 7869.85, 23623871, 667
2982, 47, 185, 1362, 14, 0, 12.74%, 0, 0, 12, 7880.47, 23664011, 667
2987, 47, 812, 1362, 14, 0, 12.74%, 0, 0, 12, 7847.35, 23704296, 667
2992, 47, 100, 1362, 14, 0, 12.74%, 0, 0, 12, 7869.72, 23744100, 667
2997, 47, 457, 1362, 13, 0, 12.74%, 0, 0, 12, 7841.72, 23784075, 667
3003, 47, 67, 1362, 13, 0, 12.74%, 0, 0, 12, 7882.90, 23824285, 667
3008, 47, 457, 1362, 13, 0, 12.74%, 0, 0, 12, 7902.30, 23864549, 667
3013, 47, 718, 1362, 13, 0, 12.74%, 0, 0, 12, 7869.69, 23904366, 667
3018, 47, 120, 1362, 13, 0, 12.74%, 0, 0, 12, 7861.04, 23943923, 667
3023, 47, 407, 1362, 13, 0, 12.74%, 0, 0, 12, 7876.40, 23983727, 667
3028, 48, 16, 1362, 13, 0, 12.74%, 0, 0, 12, 7834.47, 24023291, 667
3033, 48, 204, 1362, 13, 0, 12.74%, 0, 0, 12, 7855.36, 24063358, 667
3038, 48, 211, 1362, 13, 0, 12.74%, 0, 0, 12, 7910.50, 24103716, 667
3043, 48, 462, 1362, 13, 0, 12.74%, 0, 0, 12, 7873.27, 24143871, 667
3048, 48, 187, 1362, 13, 0, 12.74%, 0, 0, 12, 7898.84, 24184316, 667
3053, 48, 466, 1362, 13, 0, 12.74%, 0, 0, 12, 7897.08, 24224821, 667
3058, 48, 42, 1362, 13, 0, 12.74%, 0, 0, 12, 7798.11, 24264390, 667
3064, 48, 1318, 1362, 13, 0, 12.74%, 0, 0, 12, 7781.97, 24304325, 667
3069, 48, 42, 1362, 11, 0, 12.74%, 0, 0, 12, 7764.16, 24343691, 667
3074, 48, 176, 1362, 11, 0, 12.74%, 0, 0, 12, 7870.53, 24383697, 667
3079, 48, 456, 1362, 11, 0, 12.74%, 0, 0, 12, 7897.94, 24423649, 667
3084, 48, 620, 1362, 11, 0, 12.74%, 0, 0, 12, 7880.88, 24463902, 667
3089, 48, 504, 1362, 11, 0, 12.74%, 0, 0, 12, 7867.98, 24503983, 667
3094, 49, 270, 1362, 11, 0, 12.74%, 0, 0, 12, 7848.88, 24543899, 667
3099, 49, 521, 1362, 11, 0, 12.74%, 0, 0, 12, 7888.60, 24584115, 667
3104, 49, 126, 1362, 11, 0, 12.74%, 0, 0, 12, 7884.56, 24624452, 667
3109, 49, 1041, 1363, 11, 0, 12.74%, 0, 0, 12, 7762.59, 24664049, 667
3115, 49, 16, 1363, 11, 0, 12.74%, 0, 0, 12, 7894.84, 24704598, 667
3120, 49, 804, 1363, 11, 0, 12.74%, 0, 0, 12, 7848.43, 24744417, 667
3125, 49, 596, 1363, 10, 0, 12.74%, 0, 0, 12, 7830.55, 24784456, 667
3130, 49, 457, 1363, 10, 0, 12.74%, 0, 0, 12, 7861.81, 24824494, 667
3135, 49, 537, 1363, 10, 0, 12.74%, 0, 0, 12, 7889.53, 24864643, 667
3140, 49, 71, 1363, 10, 0, 12.74%, 0, 0, 12, 7891.41, 24904782, 667
3145, 49, 822, 1363, 9, 0, 12.74%, 0, 0, 12, 7848.47, 24944447, 667
3150, 49, 306, 1363, 9, 0, 12.74%, 0, 0, 12, 7884.47, 24984797, 667
3155, 49, 390, 1363, 9, 0, 12.74%, 0, 0, 12, 7901.42, 25025225, 667
3160, 49, 390, 1363, 9, 0, 12.74%, 0, 0, 12, 7880.50, 25065819, 667
3166, 50, 276, 1364, 10, 0, 12.74%, 0, 0, 12, 7884.16, 25105838, 667
3171, 50, 826, 1364, 10, 0, 12.74%, 0, 0, 12, 7893.56, 25146238, 667
3176, 50, 50, 1364, 10, 0, 12.74%, 0, 0, 12, 7895.31, 25186496, 667
3181, 50, 424, 1364, 10, 0, 12.74%, 0, 0, 12, 7885.11, 25226433, 667
3186, 50, 13, 1364, 10, 0, 12.74%, 0, 0, 12, 7864.91, 25266256, 667
3191, 50, 466, 1364, 10, 0, 12.74%, 0, 0, 12, 7892.55, 25306246, 667
3196, 50, 832, 1364, 10, 0, 12.74%, 0, 0, 12, 7896.46, 25346392, 667
3201, 50, 828, 1364, 10, 0, 12.74%, 0, 0, 12, 7871.09, 25386331, 667
3206, 50, 59, 1364, 10, 0, 12.74%, 0, 0, 12, 7890.59, 25426715, 667
3211, 50, 535, 1364, 10, 0, 12.74%, 0, 0, 12, 7890.75, 25466384, 667
3216, 50, 90, 1364, 10, 0, 12.74%, 0, 0, 12, 7898.20, 25506383, 667
3221, 50, 186, 1364, 10, 0, 12.74%, 0, 0, 12, 7857.43, 25546514, 667
3227, 50, 492, 1364, 10, 0, 12.74%, 0, 0, 12, 7854.34, 25586810, 667
3232, 51, 721, 1364, 10, 0, 12.74%, 0, 0, 12, 7860.35, 25627287, 667
3237, 51, 456, 1364, 10, 0, 12.74%, 0, 0, 12, 7853.57, 25667362, 667
3242, 51, 424, 1364, 10, 0, 12.74%, 0, 0, 12, 7907.26, 25707353, 667
3247, 51, 603, 1364, 10, 0, 12.74%, 0, 0, 12, 7882.78, 25747188, 667
3252, 51, 826, 1364, 10, 0, 12.74%, 0, 0, 12, 7863.52, 25787095, 667
3257, 51, 830, 1364, 10, 0, 12.74%, 0, 0, 12, 7856.47, 25827199, 667
3262, 51, 126, 1364, 10, 0, 12.74%, 0, 0, 12, 7874.12, 25867127, 667
3267, 51, 718, 1364, 10, 0, 12.74%, 0, 0, 12, 7816.12, 25907016, 667
3272, 51, 136, 1364, 10, 0, 12.74%, 0, 0, 12, 7817.57, 25946939, 667
3277, 51, 466, 1364, 10, 0, 12.74%, 0, 0, 12, 7853.38, 25986988, 667
3283, 51, 13, 1364, 9, 0, 12.74%, 0, 0, 12, 7846.38, 26027042, 667
3288, 51, 51, 1364, 9, 0, 12.74%, 0, 0, 12, 7878.96, 26067050, 667
3293, 51, 126, 1364, 8, 0, 12.74%, 0, 0, 12, 7788.83, 26106411, 667
3298, 51, 452, 1364, 8, 0, 12.74%, 0, 0, 12, 7879.35, 26146757, 667
3303, 52, 458, 1364, 8, 0, 12.74%, 0, 0, 12, 7860.69, 26186564, 667
3308, 52, 532, 1364, 7, 0, 12.74%, 0, 0, 12, 7779.25, 26225342, 667
3313, 52, 620, 1364, 7, 0, 12.74%, 0, 0, 12, 7853.03, 26265318, 667
3318, 52, 521, 1364, 7, 0, 12.74%, 0, 0, 12, 7872.95, 26305547, 667
3323, 52, 815, 1364, 7, 0, 12.74%, 0, 0, 12, 7884.18, 26345850, 667
3328, 52, 33, 1364, 7, 0, 12.74%, 0, 0, 12, 7869.45, 26385698, 667
3333, 52, 16, 1364, 7, 0, 12.74%, 0, 0, 12, 7845.34, 26425333, 667
3338, 52, 211, 1364, 7, 0, 12.74%, 0, 0, 12, 7837.86, 26465438, 667
3344, 52, 537, 1364, 7, 0, 12.74%, 0, 0, 12, 7833.76, 26505402, 667
3349, 52, 13, 1364, 7, 0, 12.74%, 0, 0, 12, 7851.10, 26545356, 667
3354, 52, 295, 1364, 7, 0, 12.74%, 0, 0, 12, 7857.95, 26585465, 667
3359, 52, 462, 1364, 7, 0, 12.74%, 0, 0, 12, 7833.67, 26625394, 667
3364, 52, 601, 1364, 7, 0, 12.74%, 0, 0, 12, 7866.07, 26665453, 667
3369, 52, 304, 1364, 6, 0, 12.74%, 0, 0, 12, 7691.60, 26704842, 667
3374, 53, 126, 1364, 6, 0, 12.74%, 0, 0, 12, 7843.56, 26745411, 667
3379, 53, 1122, 1364, 6, 0, 12.74%, 0, 0, 12, 7810.97, 26785450, 667
3384, 53, 931, 1364, 6, 0, 12.74%, 0, 0, 12, 7874.27, 26825562, 667
3390, 53, 16, 1364, 6, 0, 12.74%, 0, 0, 12, 7861.53, 26865600, 667
3395, 53, 42, 1364, 6, 0, 12.74%, 0, 0, 12, 7781.01, 26904900, 667
3400, 53, 1041, 1364, 6, 0, 12.74%, 0, 0, 12, 7884.75, 26945009, 667
3405, 53, 804, 1364, 6, 0, 12.74%, 0, 0, 12, 7869.05, 26985258, 667
3410, 53, 13, 1364, 6, 0, 12.74%, 0, 0, 12, 7806.54, 27024839, 667
3415, 53, 319, 1364, 6, 0, 12.74%, 0, 0, 12, 7860.83, 27064875, 667
3420, 53, 16, 1364, 6, 0, 12.74%, 0, 0, 12, 7863.45, 27105015, 667
3425, 53, 35, 1364, 6, 0, 12.74%, 0, 0, 12, 7809.29, 27144384, 667
3430, 53, 149, 1364, 6, 0, 12.74%, 0, 0, 12, 7875.53, 27185080, 667
3435, 53, 50, 1364, 6, 0, 12.74%, 0, 0, 12, 7924.25, 27225353, 667
3440, 54, 462, 1364, 6, 0, 12.74%, 0, 0, 12, 7892.70, 27265569, 667
3446, 54, 470, 1364, 5, 0, 12.74%, 0, 0, 12, 7714.38, 27303496, 667
3451, 54, 276, 1364, 4, 0, 12.74%, 0, 0, 12, 7795.86, 27342736, 667
3456, 54, 50, 1364, 4, 0, 12.74%, 0, 0, 12, 7827.04, 27382562, 667
3461, 54, 50, 1364, 4, 0, 12.74%, 0, 0, 12, 7792.97, 27422269, 667
3466, 54, 176, 1364, 4, 0, 12.74%, 0, 0, 12, 7882.28, 27462302, 667
3471, 54, 13, 1364, 4, 0, 12.74%, 0, 0, 12, 7904.91, 27502510, 667
3476, 54, 276, 1364, 4, 0, 12.74%, 0, 0, 12, 7849.04, 27542311, 667
3481, 54, 456, 1364, 4, 0, 12.74%, 0, 0, 12, 7897.51, 27582793, 667
3486, 54, 274, 1364, 4, 0, 12.74%, 0, 0, 12, 7855.42, 27622608, 667
3491, 54, 59, 1364, 4, 0, 12.74%, 0, 0, 12, 7872.83, 27662763, 667
3497, 54, 136, 1364, 4, 0, 12.74%, 0, 0, 12, 7887.16, 27703174, 667
3502, 54, 122, 1364, 4, 0, 12.74%, 0, 0, 12, 7867.65, 27742920, 667
3507, 55, 42, 1364, 4, 0, 12.74%, 0, 0, 12, 7849.79, 27783340, 667
3512, 55, 422, 1364, 4, 0, 12.74%, 0, 0, 12, 7877.20, 27823241, 667
3517, 55, 149, 1364, 4, 0, 12.74%, 0, 0, 12, 7896.28, 27863401, 667
3522, 55, 304, 1364, 4, 0, 12.74%, 0, 0, 12, 7878.07, 27903535, 667
3527, 55, 472, 1364, 4, 0, 12.74%, 0, 0, 12, 7887.18, 27943979, 667
3532, 55, 67, 1364, 4, 0, 12.74%, 0, 0, 12, 7878.09, 27983855, 667
3537, 55, 472, 1364, 4, 0, 12.74%, 0, 0, 12, 7883.86, 28023805, 667
3542, 55, 826, 1364, 4, 0, 12.74%, 0, 0, 12, 7920.28, 28063834, 667
3547, 55, 448, 1364, 4, 0, 12.74%, 0, 0, 12, 7879.76, 28103633, 667
3553, 55, 596, 1364, 4, 0, 12.74%, 0, 0, 12, 7856.31, 28143780, 667
3558, 55, 249, 1364, 4, 0, 12.74%, 0, 0, 12, 7806.85, 28183413, 667
3563, 55, 804, 1364, 4, 0, 12.74%, 0, 0, 12, 7866.29, 28223516, 667
3568, 55, 949, 1364, 4, 0, 12.74%, 0, 0, 12, 7884.46, 28263899, 667
3573, 56, 466, 1364, 4, 0, 12.74%, 0, 0, 12, 7871.20, 28304185, 667
3578, 56, 949, 1364, 4, 0, 12.74%, 0, 0, 12, 7856.30, 28343977, 667
3583, 56, 41, 1364, 4, 0, 12.74%, 0, 0, 12, 7859.96, 28384016, 667
3588, 56, 176, 1364, 4, 0, 12.74%, 0, 0, 12, 7826.10, 28423820, 667
3593, 56, 456, 1364, 4, 0, 12.74%, 0, 0, 12, 7859.46, 28464155, 667
3598, 56, 136, 1364, 4, 0, 12.74%, 0, 0, 12, 7905.30, 28504302, 667
3603, 56, 616, 1364, 4, 0, 12.74%, 0, 0, 12, 7869.80, 28544230, 667
3608, 56, 466, 1364, 4, 0, 12.74%, 0, 0, 12, 7888.13, 28584388, 667
3614, 56, 390, 1364, 4, 0, 12.74%, 0, 0, 12, 7872.20, 28624301, 667
3619, 56, 13, 1364, 3, 0, 12.74%, 0, 0, 12, 7568.07, 28662820, 667
3624, 56, 532, 1364, 3, 0, 12.74%, 0, 0, 12, 7805.75, 28703081, 667
3629, 56, 13, 1364, 3, 0, 12.74%, 0, 0, 12, 7875.97, 28743538, 667
3634, 56, 402, 1364, 3, 0, 12.74%, 0, 0, 12, 7894.59, 28783936, 667
3639, 56, 13, 1364, 3, 0, 12.74%, 0, 0, 12, 7863.18, 28824265, 667
3644, 57, 16, 1364, 3, 0, 12.74%, 0, 0, 12, 7818.28, 28863970, 667
3649, 57, 588, 1364, 3, 0, 12.74%, 0, 0, 12, 7858.93, 28903809, 667
3654, 57, 718, 1364, 3, 0, 12.74%, 0, 0, 12, 7852.96, 28943842, 667
3660, 57, 13, 1364, 3, 0, 12.74%, 0, 0, 12, 7864.56, 28983800, 667
3665, 57, 466, 1364, 3, 0, 12.74%, 0, 0, 12, 7872.89, 29024041, 667
3670, 57, 603, 1364, 3, 0, 12.74%, 0, 0, 12, 7859.68, 29063727, 667
3675, 57, 949, 1364, 3, 0, 12.74%, 0, 0, 12, 7896.31, 29103741, 667
3680, 57, 42, 1364, 3, 0, 12.74%, 0, 0, 12, 7901.31, 29144018, 667
3685, 57, 466, 1364, 3, 0, 12.74%, 0, 0, 12, 7885.10, 29184318, 667
3690, 57, 175, 1364, 3, 0, 12.74%, 0, 0, 12, 7923.43, 29224544, 667
3695, 57, 126, 1364, 3, 0, 12.74%, 0, 0, 12, 7895.13, 29264708, 667
3700, 57, 254, 1364, 3, 0, 12.74%, 0, 0, 12, 7883.80, 29304697, 667
3705, 57, 176, 1364, 3, 0, 12.74%, 0, 0, 12, 7885.36, 29344739, 667
3710, 58, 147, 1364, 3, 0, 12.74%, 0, 0, 12, 7859.73, 29385078, 667
3716, 58, 410, 1364, 3, 0, 12.74%, 0, 0, 12, 7877.44, 29425058, 667
3721, 58, 484, 1364, 3, 0, 12.74%, 0, 0, 12, 7851.95, 29464739, 667
3726, 58, 35, 1364, 3, 0, 12.74%, 0, 0, 12, 7854.40, 29504703, 667
3731, 58, 812, 1364, 3, 0, 12.74%, 0, 0, 12, 7890.43, 29544755, 667
3736, 58, 410, 1364, 3, 0, 12.74%, 0, 0, 12, 7906.03, 29585257, 667
3741, 58, 575, 1364, 3, 0, 12.74%, 0, 0, 12, 7904.43, 29625559, 667
3746, 58, 50, 1364, 3, 0, 12.74%, 0, 0, 12, 7905.78, 29665985, 667
3751, 58, 50, 1364, 3, 0, 12.74%, 0, 0, 12, 7916.57, 29706330, 667
3756, 58, 472, 1364, 2, 0, 12.74%, 0, 0, 12, 7834.69, 29746235, 667
3761, 58, 830, 1364, 2, 0, 12.74%, 0, 0, 12, 7898.21, 29786473, 667
3766, 58, 931, 1364, 2, 0, 12.74%, 0, 0, 12, 7891.98, 29826961, 667
3772, 58, 456, 1364, 2, 0, 12.74%, 0, 0, 12, 7901.01, 29867310, 667
3777, 58, 51, 1364, 2, 0, 12.74%, 0, 0, 12, 7864.12, 29906891, 667
3782, 59, 535, 1364, 2, 0, 12.74%, 0, 0, 12, 7886.21, 29947063, 667
3787, 59, 566, 1364, 2, 0, 12.74%, 0, 0, 12, 7859.53, 29987176, 667
3792, 59, 176, 1364, 2, 0, 12.74%, 0, 0, 12, 7864.77, 30027050, 667
3797, 59, 13, 1364, 2, 0, 12.74%, 0, 0, 12, 7889.98, 30067451, 667
3802, 59, 521, 1364, 2, 0, 12.74%, 0, 0, 12, 7862.16, 30107332, 667
3807, 59, 274, 1364, 2, 0, 12.74%, 0, 0, 12, 7890.09, 30147406, 667
3812, 59, 13, 1364, 2, 0, 12.74%, 0, 0, 12, 7920.58, 30187728, 667
3817, 59, 68, 1364, 2, 0, 12.74%, 0, 0, 12, 7821.59, 30227591, 667
3822, 59, 456, 1364, 2, 0, 12.74%, 0, 0, 12, 7810.45, 30267202, 667
3827, 59, 657, 1364, 2, 0, 12.74%, 0, 0, 12, 7883.15, 30307184, 667
3833, 59, 13, 1364, 2, 0, 12.74%, 0, 0, 12, 7853.16, 30347129, 667
3838, 59, 535, 1364, 2, 0, 12.74%, 0, 0, 12, 7884.70, 30387366, 667
3843, 59, 466, 1364, 2, 0, 12.74%, 0, 0, 12, 7857.50, 30427206, 667
3848, 60, 126, 1364, 2, 0, 12.74%, 0, 0, 12, 7828.71, 30467273, 667
3853, 60, 42, 1364, 2, 0, 12.74%, 0, 0, 12, 7853.70, 30507260, 667
3858, 60, 274, 1364, 2, 0, 12.74%, 0, 0, 12, 7895.39, 30547271, 667
3863, 60, 456, 1364, 2, 0, 12.74%, 0, 0, 12, 7885.60, 30587375, 667
3868, 60, 276, 1364, 2, 0, 12.74%, 0, 0, 12, 7900.28, 30627559, 667
3873, 60, 136, 1364, 2, 0, 12.74%, 0, 0, 12, 7873.64, 30667216, 667
3878, 60, 390, 1364, 2, 0, 12.74%, 0, 0, 12, 7876.31, 30707189, 667
3883, 60, 176, 1364, 2, 0, 12.74%, 0, 0, 12, 7801.27, 30747292, 667
3889, 60, 949, 1364, 2, 0, 12.74%, 0, 0, 12, 7830.34, 30787145, 667
3894, 60, 35, 1364, 2, 0, 12.74%, 0, 0, 12, 7846.77, 30827165, 667
3899, 60, 424, 1364, 2, 0, 12.74%, 0, 0, 12, 7862.92, 30866756, 667
3904, 60, 804, 1364, 2, 0, 12.74%, 0, 0, 12, 7870.84, 30906479, 667
3909, 60, 221, 1364, 2, 0, 12.74%, 0, 0, 12, 7884.74, 30946346, 667
3914, 60, 1348, 1364, 2, 0, 12.74%, 0, 0, 12, 7860.66, 30986208, 667
3919, 61, 822, 1364, 2, 0, 12.74%, 0, 0, 12, 7880.23, 31026551, 667
3924, 61, 304, 1364, 2, 0, 12.74%, 0, 0, 12, 7881.68, 31066449, 667
3929, 61, 558, 1364, 2, 0, 12.74%, 0, 0, 12, 7855.23, 31106634, 667
3934, 61, 148, 1364, 2, 0, 12.74%, 0, 0, 12, 7846.30, 31146843, 667
3939, 61, 822, 1365, 3, 0, 12.74%, 0, 0, 12, 7869.28, 31186944, 667
3944, 61, 468, 1365, 3, 0, 12.74%, 0, 0, 12, 7843.18, 31226752, 667
3949, 61, 466, 1365, 2, 0, 12.74%, 0, 0, 12, 7830.23, 31266546, 667
3955, 61, 136, 1365, 2, 0, 12.74%, 0, 0, 12, 7884.57, 31306591, 667
3960, 61, 33, 1365, 2, 0, 12.74%, 0, 0, 12, 7917.58, 31347240, 667
3965, 61, 402, 1365, 2, 0, 12.74%, 0, 0, 12, 7934.44, 31387672, 667
3970, 61, 149, 1365, 2, 0, 12.74%, 0, 0, 12, 7912.20, 31428118, 667
3975, 61, 566, 1365, 2, 0, 12.74%, 0, 0, 12, 7850.05, 31468069, 667
3980, 61, 220, 1365, 2, 0, 12.74%, 0, 0, 12, 7854.89, 31508298, 667
3985, 62, 42, 1365, 2, 0, 12.74%, 0, 0, 12, 7905.78, 31548373, 667
3990, 62, 295, 1365, 2, 0, 12.74%, 0, 0, 12, 7859.50, 31588201, 667
3995, 62, 59, 1365, 2, 0, 12.74%, 0, 0, 12, 7878.22, 31628416, 667
4000, 62, 35, 1365, 2, 0, 12.74%, 0, 0, 12, 7881.33, 31668871, 667
4006, 62, 147, 1365, 2, 0, 12.74%, 0, 0, 12, 7880.83, 31709224, 667
4011, 62, 16, 1365, 2, 0, 12.74%, 0, 0, 12, 7878.12, 31749080, 667
4016, 62, 52, 1365, 2, 0, 12.74%, 0, 0, 12, 7825.56, 31788829, 667
4021, 62, 13, 1365, 2, 0, 12.74%, 0, 0, 12, 7828.32, 31828804, 667
4026, 62, 13, 1366, 3, 0, 12.74%, 0, 0, 12, 7888.98, 31869367, 667
4031, 62, 410, 1366, 3, 0, 12.74%, 0, 0, 12, 7886.79, 31909753, 667
4036, 62, 329, 1366, 3, 0, 12.74%, 0, 0, 12, 7852.12, 31949799, 667
4041, 62, 274, 1366, 3, 0, 12.74%, 0, 0, 12, 7896.76, 31990182, 667
4046, 62, 832, 1366, 3, 0, 12.74%, 0, 0, 12, 7846.76, 32030678, 667
4052, 63, 13, 1366, 3, 0, 12.74%, 0, 0, 12, 7838.94, 32070482, 667
4057, 63, 176, 1366, 3, 0, 12.74%, 0, 0, 12, 7882.44, 32110541, 667
4062, 63, 1122, 1366, 3, 0, 12.74%, 0, 0, 12, 7861.43, 32150707, 667
4067, 63, 558, 1366, 3, 0, 12.74%, 0, 0, 12, 7842.40, 32190538, 667
4072, 63, 410, 1366, 3, 0, 12.74%, 0, 0, 12, 7893.23, 32230912, 667
4077, 63, 826, 1366, 3, 0, 12.74%, 0, 0, 12, 7862.41, 32270931, 667
4082, 63, 100, 1366, 3, 0, 12.74%, 0, 0, 12, 7890.35, 32311102, 667
4087, 63, 52, 1367, 4, 0, 12.74%, 0, 0, 12, 7936.35, 32351519, 667
4092, 63, 16, 1367, 4, 0, 12.74%, 0, 0, 12, 7885.30, 32391894, 667
4097, 63, 114, 1367, 4, 0, 12.74%, 0, 0, 12, 7844.92, 32431861, 667
4103, 63, 1041, 1367, 4, 0, 12.74%, 0, 0, 12, 7819.87, 32471977, 667
4108, 63, 537, 1367, 4, 0, 12.74%, 0, 0, 12, 7877.70, 32512148, 667
4113, 63, 830, 1367, 4, 0, 12.74%, 0, 0, 12, 7849.24, 32552138, 667
4118, 64, 462, 1367, 4, 0, 12.74%, 0, 0, 12, 7855.59, 32592377, 667
4123, 64, 456, 1367, 4, 0, 12.74%, 0, 0, 12, 7889.30, 32632706, 667
4128, 64, 537, 1367, 3, 0, 12.74%, 0, 0, 12, 7853.28, 32672648, 667
4133, 64, 949, 1367, 3, 0, 12.74%, 0, 0, 12, 7855.29, 32712707, 667
4138, 64, 13, 1367, 3, 0, 12.74%, 0, 0, 12, 7912.91, 32752936, 667
4143, 64, 319, 1367, 3, 0, 12.74%, 0, 0, 12, 7887.07, 32793190, 667
4148, 64, 13, 1368, 4, 0, 12.74%, 0, 0, 12, 7841.82, 32833116, 667
4153, 64, 616, 1368, 4, 0, 12.74%, 0, 0, 12, 7908.82, 32873279, 667
4159, 64, 184, 1368, 4, 0, 12.74%, 0, 0, 12, 7849.92, 32913313, 667
4164, 64, 13, 1368, 4, 0, 12.74%, 0, 0, 12, 7905.32, 32953455, 667
4169, 64, 402, 1368, 4, 0, 12.74%, 0, 0, 12, 7918.24, 32993880, 667
4174, 64, 452, 1368, 4, 0, 12.74%, 0, 0, 12, 7920.23, 33034104, 667
4179, 64, 298, 1368, 4, 0, 12.74%, 0, 0, 12, 7896.70, 33073801, 667
4184, 65, 173, 1368, 4, 0, 12.74%, 0, 0, 12, 7866.81, 33113795, 667
4189, 65, 456, 1368, 4, 0, 12.74%, 0, 0, 12, 7847.17, 33153363, 667
4194, 65, 448, 1368, 4, 0, 12.74%, 0, 0, 12, 7868.62, 33193831, 667
4199, 65, 657, 1368, 4, 0, 12.74%, 0, 0, 12, 7895.79, 33234104, 667
4204, 65, 826, 1368, 4, 0, 12.74%, 0, 0, 12, 7911.88, 33274435, 667
4209, 65, 42, 1368, 4, 0, 12.74%, 0, 0, 12, 7906.66, 33314896, 667
4215, 65, 428, 1368, 4, 0, 12.74%, 0, 0, 12, 7864.93, 33354964, 667
4220, 65, 185, 1368, 4, 0, 12.74%, 0, 0, 12, 7866.47, 33395309, 667
4225, 65, 1365, 1368, 4, 0, 12.74%, 0, 0, 12, 7841.80, 33435843, 667
4230, 65, 67, 1368, 3, 0, 12.74%, 0, 0, 12, 7903.47, 33476049, 667
4235, 65, 126, 1368, 2, 0, 12.74%, 0, 0, 12, 7801.00, 33514827, 667
4240, 65, 390, 1368, 2, 0, 12.74%, 0, 0, 12, 7876.41, 33555083, 667
4245, 65, 13, 1368, 2, 0, 12.74%, 0, 0, 12, 7902.56, 33595340, 667
4250, 65, 37, 1368, 2, 0, 12.74%, 0, 0, 12, 7902.56, 33635819, 667
4255, 66, 295, 1368, 2, 0, 12.74%, 0, 0, 12, 7889.07, 33675984, 667
4261, 66, 802, 1368, 2, 0, 12.74%, 0, 0, 12, 7855.67, 33715847, 667
4266, 66, 298, 1368, 2, 0, 12.74%, 0, 0, 12, 7855.39, 33755870, 667
4271, 66, 42, 1368, 2, 0, 12.74%, 0, 0, 12, 7913.14, 33796296, 667
4276, 66, 126, 1368, 2, 0, 12.74%, 0, 0, 12, 7841.33, 33836211, 667
4281, 66, 42, 1368, 2, 0, 12.74%, 0, 0, 12, 7887.06, 33876258, 667
4286, 66, 815, 1368, 2, 0, 12.74%, 0, 0, 12, 7901.36, 33916674, 667
4291, 66, 466, 1368, 2, 0, 12.74%, 0, 0, 12, 7884.30, 33956640, 667
4296, 66, 164, 1368, 2, 0, 12.74%, 0, 0, 12, 7897.27, 33996917, 667
4301, 66, 822, 1368, 2, 0, 12.74%, 0, 0, 12, 7896.74, 34037163, 667
4306, 66, 176, 1368, 2, 0, 12.74%, 0, 0, 12, 7881.48, 34076933, 667
4311, 66, 33, 1368, 2, 0, 12.74%, 0, 0, 12, 7864.23, 34116612, 667
4317, 66, 456, 1369, 3, 0, 12.74%, 0, 0, 12, 7875.25, 34156787, 667
4322, 67, 812, 1369, 3, 0, 12.74%, 0, 0, 12, 7889.50, 34197058, 667
4327, 67, 126, 1369, 3, 0, 12.74%, 0, 0, 12, 7864.25, 34237058, 667
4332, 67, 43, 1369, 2, 0, 12.74%, 0, 0, 12, 7724.98, 34275896, 667
4337, 67, 470, 1369, 2, 0, 12.74%, 0, 0, 12, 7801.21, 34315609, 667
4342, 67, 120, 1369, 2, 0, 12.74%, 0, 0, 12, 7861.30, 34355768, 667
4347, 67, 126, 1369, 2, 0, 12.74%, 0, 0, 12, 7871.50, 34395940, 667
4352, 67, 603, 1369, 2, 0, 12.74%, 0, 0, 12, 7920.34, 34436238, 667
4357, 67, 804, 1369, 2, 0, 12.74%, 0, 0, 12, 7818.54, 34475836, 667
4362, 67, 832, 1369, 2, 0, 12.74%, 0, 0, 12, 7905.33, 34516323, 667
4367, 67, 50, 1369, 2, 0, 12.74%, 0, 0, 12, 7861.44, 34556042, 667
4373, 67, 828, 1370, 3, 0, 12.74%, 0, 0, 12, 7876.78, 34596156, 667
4378, 67, 483, 1370, 3, 0, 12.74%, 0, 0, 12, 7807.33, 34636086, 667
4383, 67, 483, 1370, 3, 0, 12.74%, 0, 0, 12, 7872.02, 34676048, 667
4388, 67, 505, 1370, 3, 0, 12.74%, 0, 0, 12, 7881.37, 34716189, 667
4393, 68, 457, 1370, 3, 0, 12.74%, 0, 0, 12, 7888.12, 34756106, 667
4398, 68, 42, 1370, 2, 0, 12.74%, 0, 0, 12, 7854.53, 34795822, 667
4403, 68, 535, 1370, 2, 0, 12.74%, 0, 0, 12, 7891.13, 34836274, 667
4408, 68, 456, 1370, 2, 0, 12.74%, 0, 0, 12, 7844.92, 34876526, 667
4413, 68, 424, 1370, 2, 0, 12.74%, 0, 0, 12, 7869.15, 34916845, 667
4418, 68, 620, 1370, 2, 0, 12.74%, 0, 0, 12, 7861.24, 34956805, 667
4423, 68, 13, 1370, 2, 0, 12.74%, 0, 0, 12, 7734.29, 34996043, 667
4429, 68, 462, 1370, 2, 0, 12.74%, 0, 0, 12, 7843.88, 35036311, 667
4434, 68, 13, 1370, 2, 0, 12.74%, 0, 0, 12, 7865.84, 35076136, 667
4439, 68, 13, 1370, 2, 0, 12.74%, 0, 0, 12, 7887.39, 35116096, 667
4444, 68, 428, 1370, 2, 0, 12.74%, 0, 0, 12, 7869.59, 35155931, 667
4449, 68, 184, 1371, 2, 0, 12.74%, 0, 0, 12, 7862.06, 35195880, 667
4454, 68, 33, 1371, 2, 0, 12.74%, 0, 0, 12, 7863.77, 35236130, 667
4459, 68, 596, 1371, 2, 0, 12.74%, 0, 0, 12, 7877.80, 35276207, 667
4464, 69, 274, 1371, 2, 0, 12.74%, 0, 0, 12, 7856.00, 35316392, 667
4469, 69, 1370, 1371, 2, 0, 12.74%, 0, 0, 12, 7868.72, 35356524, 667
4474, 69, 468, 1371, 1, 0, 12.74%, 0, 0, 12, 7883.24, 35396649, 667
4479, 69, 176, 1371, 1, 0, 12.74%, 0, 0, 12, 7862.48, 35436547, 667
4485, 69, 822, 1371, 1, 0, 12.74%, 0, 0, 12, 7899.95, 35477117, 667
4490, 69, 521, 1371, 1, 0, 12.74%, 0, 0, 12, 7876.37, 35517128, 667
4495, 69, 472, 1371, 1, 0, 12.74%, 0, 0, 12, 7848.39, 35557360, 667
4500, 69, 298, 1371, 1, 0, 12.74%, 0, 0, 12, 7889.26, 35597582, 667
4505, 69, 42, 1371, 1, 0, 12.74%, 0, 0, 12, 7888.08, 35637691, 667
4510, 69, 826, 1371, 1, 0, 12.74%, 0, 0, 12, 7861.07, 35677629, 667
4515, 69, 596, 1371, 1, 0, 12.74%, 0, 0, 12, 7884.52, 35717922, 667
4520, 69, 802, 1372, 2, 0, 12.74%, 0, 0, 12, 7863.66, 35758003, 667
4525, 69, 50, 1372, 2, 0, 12.74%, 0, 0, 12, 7888.28, 35798305, 667
4530, 70, 42, 1372, 2, 0, 12.74%, 0, 0, 12, 7865.75, 35838253, 667
4536, 70, 50, 1372, 1, 0, 12.74%, 0, 0, 12, 7866.48, 35878197, 667
4541, 70, 295, 1372, 1, 0, 12.74%, 0, 0, 12, 7879.48, 35918106, 667
4546, 70, 122, 1372, 1, 0, 12.74%, 0, 0, 12, 7855.70, 35958323, 667
4551, 70, 42, 1372, 1, 0, 12.74%, 0, 0, 12, 7848.15, 35998476, 667
4556, 70, 33, 1372, 1, 0, 12.74%, 0, 0, 12, 7861.57, 36038526, 667
4561, 70, 336, 1372, 1, 0, 12.74%, 0, 0, 12, 7859.80, 36078391, 667
4566, 70, 407, 1372, 1, 0, 12.74%, 0, 0, 12, 7812.20, 36118169, 667
4571, 70, 1041, 1372, 1, 0, 12.74%, 0, 0, 12, 7857.26, 36158266, 667
4576, 70, 826, 1372, 1, 0, 12.74%, 0, 0, 12, 7834.38, 36198004, 667
4581, 70, 306, 1372, 1, 0, 12.74%, 0, 0, 12, 7864.75, 36237596, 667
4586, 70, 192, 1372, 1, 0, 12.74%, 0, 0, 12, 7867.79, 36277758, 667
4592, 70, 456, 1372, 1, 0, 12.74%, 0, 0, 12, 7857.34, 36318039, 667
4597, 71, 470, 1372, 1, 0, 12.74%, 0, 0, 12, 7851.90, 36357955, 667
4602, 71, 192, 1372, 1, 0, 12.74%, 0, 0, 12, 7882.10, 36397810, 667
4607, 71, 812, 1372, 1, 0, 12.74%, 0, 0, 12, 7880.87, 36438275, 667
4612, 71, 136, 1372, 1, 0, 12.74%, 0, 0, 12, 7868.17, 36478046, 667
4617, 71, 276, 1372, 1, 0, 12.74%, 0, 0, 12, 7873.47, 36518396, 667
4622, 71, 717, 1372, 1, 0, 12.74%, 0, 0, 12, 7901.80, 36559063, 667
4627, 71, 126, 1372, 1, 0, 12.74%, 0, 0, 12, 7886.88, 36599222, 667
4632, 71, 390, 1372, 1, 0, 12.74%, 0, 0, 12, 7838.93, 36639081, 667
4637, 71, 352, 1372, 1, 0, 12.74%, 0, 0, 12, 7856.35, 36679050, 667
4642, 71, 352, 1372, 1, 0, 12.74%, 0, 0, 12, 7871.50, 36719198, 667
4648, 71, 949, 1372, 1, 0, 12.74%, 0, 0, 12, 7851.05, 36759079, 667
4653, 71, 176, 1372, 1, 0, 12.74%, 0, 0, 12, 7873.27, 36799440, 667
4658, 71, 33, 1372, 1, 0, 12.74%, 0, 0, 12, 7885.05, 36839487, 667
4663, 71, 422, 1372, 1, 0, 12.74%, 0, 0, 12, 7863.32, 36879700, 667
4668, 72, 802, 1372, 1, 0, 12.74%, 0, 0, 12, 7903.75, 36920219, 667
4673, 72, 457, 1372, 1, 0, 12.74%, 0, 0, 12, 7893.06, 36960163, 667
4678, 72, 402, 1372, 1, 0, 12.74%, 0, 0, 12, 7890.54, 36999963, 667
4683, 72, 812, 1372, 1, 0, 12.74%, 0, 0, 12, 7875.69, 37040399, 667
4688, 72, 13, 1372, 1, 0, 12.74%, 0, 0, 12, 7843.70, 37080390, 667
4693, 72, 185, 1373, 2, 0, 12.74%, 0, 0, 12, 7830.28, 37119948, 667
4699, 72, 402, 1373, 2, 0, 12.74%, 0, 0, 12, 7856.30, 37160074, 667
4704, 72, 33, 1373, 2, 0, 12.74%, 0, 0, 12, 7886.50, 37200232, 667
4709, 72, 457, 1373, 2, 0, 12.74%, 0, 0, 12, 7880.14, 37240097, 667
4714, 72, 802, 1373, 2, 0, 12.74%, 0, 0, 12, 7870.17, 37279972, 667
4719, 72, 176, 1373, 2, 0, 12.74%, 0, 0, 12, 7879.27, 37319958, 667
4724, 72, 603, 1373, 2, 0, 12.74%, 0, 0, 12, 7866.80, 37360298, 667
4729, 72, 456, 1373, 2, 0, 12.74%, 0, 0, 12, 7876.88, 37400688, 667
4734, 72, 35, 1373, 2, 0, 12.74%, 0, 0, 12, 7882.18, 37440889, 667
4739, 73, 16, 1373, 2, 0, 12.74%, 0, 0, 12, 7833.96, 37480664, 667
4744, 73, 812, 1374, 3, 0, 12.74%, 0, 0, 12, 7874.90, 37520678, 667
4749, 73, 657, 1374, 3, 0, 12.74%, 0, 0, 12, 7870.42, 37560931, 667
4755, 73, 521, 1374, 3, 0, 12.74%, 0, 0, 12, 7906.02, 37601252, 667
4760, 73, 42, 1374, 3, 0, 12.74%, 0, 0, 12, 7876.04, 37641245, 667
4765, 73, 802, 1374, 3, 0, 12.74%, 0, 0, 12, 7877.09, 37681108, 667
4770, 73, 126, 1374, 3, 0, 12.74%, 0, 0, 12, 7881.76, 37721155, 667
4775, 73, 106, 1374, 3, 0, 12.74%, 0, 0, 12, 7859.39, 37760618, 667
4780, 73, 50, 1374, 3, 0, 12.74%, 0, 0, 12, 7905.83, 37800748, 667
4785, 73, 50, 1374, 3, 0, 12.74%, 0, 0, 12, 7879.16, 37841143, 667
4790, 73, 274, 1374, 3, 0, 12.74%, 0, 0, 12, 7891.35, 37881441, 667
4795, 73, 535, 1374, 3, 0, 12.74%, 0, 0, 12, 7853.97, 37921280, 667
4800, 73, 276, 1374, 2, 0, 12.74%, 0, 0, 12, 7705.94, 37960557, 667
4805, 74, 601, 1375, 3, 0, 12.74%, 0, 0, 12, 7836.54, 38000928, 667
4810, 74, 822, 1375, 3, 0, 12.74%, 0, 0, 12, 7902.02, 38041268, 667
4816, 74, 13, 1375, 3, 0, 12.74%, 0, 0, 12, 7877.38, 38081425, 667
4821, 74, 299, 1375, 3, 0, 12.74%, 0, 0, 12, 7900.53, 38121816, 667
4826, 74, 532, 1375, 3, 0, 12.74%, 0, 0, 12, 7860.89, 38162060, 667
4831, 74, 185, 1375, 3, 0, 12.74%, 0, 0, 12, 7867.42, 38201821, 667
4836, 74, 13, 1375, 3, 0, 12.74%, 0, 0, 12, 7863.47, 38241844, 667
4841, 74, 295, 1375, 3, 0, 12.74%, 0, 0, 12, 7842.96, 38281717, 667
4846, 74, 93, 1375, 3, 0, 12.74%, 0, 0, 12, 7840.35, 38321764, 667
4851, 74, 558, 1375, 3, 0, 12.74%, 0, 0, 12, 7889.92, 38362040, 667
4856, 74, 804, 1375, 3, 0, 12.74%, 0, 0, 12, 7791.98, 38401616, 667
4861, 74, 306, 1375, 3, 0, 12.74%, 0, 0, 12, 7837.32, 38441385, 667
4866, 74, 306, 1375, 2, 0, 12.74%, 0, 0, 12, 7734.24, 38481045, 667
4872, 75, 51, 1375, 2, 0, 12.74%, 0, 0, 12, 7868.63, 38521062, 667
4877, 75, 321, 1375, 2, 0, 12.74%, 0, 0, 12, 7885.10, 38561439, 667
4882, 75, 657, 1375, 2, 0, 12.74%, 0, 0, 12, 7876.10, 38601429, 667
4887, 75, 51, 1375, 2, 0, 12.74%, 0, 0, 12, 7922.01, 38642082, 667
4892, 75, 176, 1375, 2, 0, 12.74%, 0, 0, 12, 7819.43, 38681641, 667
4897, 75, 812, 1375, 2, 0, 12.74%, 0, 0, 12, 7891.80, 38721910, 667
4902, 75, 274, 1375, 2, 0, 12.74%, 0, 0, 12, 7874.16, 38761706, 667
4907, 75, 295, 1375, 2, 0, 12.74%, 0, 0, 12, 7727.67, 38800919, 667
4912, 75, 126, 1375, 2, 0, 12.74%, 0, 0, 12, 7842.29, 38840679, 667
4917, 75, 211, 1375, 2, 0, 12.74%, 0, 0, 12, 7866.85, 38880878, 667
4922, 75, 457, 1376, 2, 0, 12.74%, 0, 0, 12, 7848.07, 38920850, 667
4928, 75, 274, 1376, 2, 0, 12.74%, 0, 0, 12, 7862.54, 38960845, 667
4933, 75, 176, 1376, 2, 0, 12.74%, 0, 0, 12, 7867.04, 39001198, 667
4938, 75, 535, 1376, 2, 0, 12.74%, 0, 0, 12, 7864.18, 39040964, 667
4943, 76, 657, 1376, 2, 0, 12.74%, 0, 0, 12, 7913.92, 39081214, 667
4948, 76, 16, 1376, 2, 0, 12.74%, 0, 0, 12, 7864.26, 39120965, 667
4953, 76, 620, 1376, 2, 0, 12.74%, 0, 0, 12, 7888.26, 39161097, 667
4958, 76, 42, 1377, 3, 0, 12.74%, 0, 0, 12, 7899.19, 39201576, 667
4963, 76, 254, 1377, 3, 0, 12.74%, 0, 0, 12, 7869.31, 39241489, 667
4968, 76, 390, 1377, 3, 0, 12.74%, 0, 0, 12, 7895.65, 39281607, 667
4973, 76, 41, 1377, 3, 0, 12.74%, 0, 0, 12, 7882.94, 39322122, 667
4979, 76, 815, 1377, 2, 0, 12.74%, 0, 0, 12, 7770.99, 39362022, 667
4984, 76, 620, 1377, 2, 0, 12.74%, 0, 0, 12, 7849.91, 39401886, 667
4989, 76, 51, 1377, 2, 0, 12.74%, 0, 0, 12, 7884.98, 39442394, 667
4994, 76, 466, 1377, 2, 0, 12.74%, 0, 0, 12, 7924.33, 39482691, 667
4999, 76, 42, 1377, 2, 0, 12.74%, 0, 0, 12, 7898.90, 39523162, 667
5004, 76, 390, 1377, 2, 0, 12.74%, 0, 0, 12, 7876.61, 39562906, 667
5009, 77, 424, 1378, 3, 0, 12.74%, 0, 0, 12, 7883.83, 39602952, 667
5014, 77, 802, 1378, 2, 0, 12.74%, 0, 0, 12, 7818.59, 39642656, 667
5019, 77, 949, 1380, 4, 0, 12.74%, 0, 0, 12, 7884.59, 39683038, 667
5024, 77, 306, 1380, 4, 0, 12.74%, 0, 0, 12, 7880.41, 39722609, 667
5029, 77, 13, 1380, 4, 0, 12.74%, 0, 0, 12, 7843.44, 39762424, 667
5035, 77, 484, 1380, 3, 0, 12.74%, 0, 0, 12, 7791.49, 39802490, 667
5040, 77, 204, 1380, 3, 0, 12.74%, 0, 0, 12, 7786.49, 39842003, 667
5045, 77, 42, 1380, 3, 0, 12.74%, 0, 0, 12, 7792.90, 39881570, 667
5050, 77, 483, 1380, 3, 0, 12.74%, 0, 0, 12, 7847.92, 39921786, 667
5055, 77, 422, 1380, 3, 0, 12.74%, 0, 0, 12, 7888.22, 39962103, 667
5060, 77, 599, 1380, 3, 0, 12.74%, 0, 0, 12, 7901.01, 40002190, 667
5065, 77, 126, 1380, 3, 0, 12.74%, 0, 0, 12, 7861.82, 40042397, 667
5070, 77, 16, 1381, 4, 0, 12.74%, 0, 0, 12, 7868.30, 40082888, 667
5075, 77, 826, 1381, 4, 0, 12.74%, 0, 0, 12, 7861.46, 40122889, 667
5081, 78, 192, 1381, 2, 0, 12.74%, 0, 0, 12, 7807.33, 40162578, 667
5086, 78, 295, 1381, 2, 0, 12.74%, 0, 0, 12, 7840.27, 40202257, 667
5091, 78, 327, 1381, 2, 0, 12.74%, 0, 0, 12, 7828.92, 40242335, 667
5096, 78, 657, 1381, 2, 0, 12.74%, 0, 0, 12, 7840.88, 40282398, 667
5101, 78, 407, 1381, 2, 0, 12.74%, 0, 0, 12, 7869.41, 40322207, 667
5106, 78, 13, 1381, 2, 0, 12.74%, 0, 0, 12, 7866.94, 40362092, 667
5111, 78, 149, 1381, 2, 0, 12.74%, 0, 0, 12, 7877.22, 40402258, 667
5116, 78, 721, 1381, 2, 0, 12.74%, 0, 0, 12, 7870.79, 40442187, 667
5121, 78, 304, 1381, 2, 0, 12.74%, 0, 0, 12, 7830.97, 40481757, 667
5126, 78, 147, 1381, 2, 0, 12.74%, 0, 0, 12, 7804.07, 40521191, 667
5131, 78, 832, 1381, 2, 0, 12.74%, 0, 0, 12, 7834.24, 40561323, 667
5137, 78, 336, 1381, 2, 0, 12.74%, 0, 0, 12, 7831.09, 40601236, 667
5142, 78, 452, 1381, 2, 0, 12.74%, 0, 0, 12, 7831.33, 40641070, 667
5147, 79, 220, 1381, 2, 0, 12.74%, 0, 0, 12, 7873.06, 40681200, 667
5152, 79, 828, 1381, 2, 0, 12.74%, 0, 0, 12, 7889.95, 40721185, 667
5157, 79, 448, 1381, 2, 0, 12.74%, 0, 0, 12, 7893.73, 40761380, 667
5162, 79, 149, 1381, 2, 0, 12.74%, 0, 0, 12, 7869.27, 40801603, 667
5167, 79, 126, 1381, 2, 0, 12.74%, 0, 0, 12, 7857.09, 40841414, 667
5172, 79, 321, 1381, 2, 0, 12.74%, 0, 0, 12, 7902.04, 40881567, 667
5177, 79, 721, 1381, 2, 0, 12.74%, 0, 0, 12, 7908.08, 40921795, 667
5182, 79, 42, 1381, 2, 0, 12.74%, 0, 0, 12, 7915.76, 40961675, 667
5187, 79, 126, 1381, 2, 0, 12.74%, 0, 0, 12, 7863.04, 41001821, 667
5192, 79, 466, 1381, 2, 0, 12.74%, 0, 0, 12, 7824.08, 41041754, 667
5198, 79, 802, 1381, 2, 0, 12.74%, 0, 0, 12, 7866.90, 41081983, 667
5203, 79, 42, 1381, 2, 0, 12.74%, 0, 0, 12, 7876.37, 41122314, 667
5208, 79, 616, 1381, 2, 0, 12.74%, 0, 0, 12, 7876.14, 41162364, 667
5213, 79, 456, 1381, 2, 0, 12.74%, 0, 0, 12, 7900.02, 41202674, 667
5218, 80, 42, 1381, 2, 0, 12.74%, 0, 0, 12, 7907.32, 41242850, 667
5223, 80, 472, 1381, 2, 0, 12.74%, 0, 0, 12, 7880.90, 41282759, 667
5228, 80, 13, 1381, 2, 0, 12.74%, 0, 0, 12, 7874.10, 41322733, 667
5233, 80, 457, 1381, 2, 0, 12.74%, 0, 0, 12, 7881.99, 41362919, 667
5238, 80, 254, 1381, 2, 0, 12.74%, 0, 0, 12, 7855.23, 41403080, 667
5243, 80, 13, 1381, 2, 0, 12.74%, 0, 0, 12, 7892.77, 41443570, 667
5249, 80, 802, 1381, 2, 0, 12.74%, 0, 0, 12, 7890.09, 41483633, 667
5254, 80, 176, 1381, 2, 0, 12.74%, 0, 0, 12, 7885.49, 41523506, 667
5259, 80, 126, 1381, 2, 0, 12.74%, 0, 0, 12, 7883.99, 41563565, 667
5264, 80, 164, 1381, 2, 0, 12.74%, 0, 0, 12, 7902.94, 41603861, 667
5269, 80, 575, 1381, 2, 0, 12.74%, 0, 0, 12, 7875.55, 41643799, 667
5274, 80, 802, 1381, 2, 0, 12.74%, 0, 0, 12, 7884.14, 41683613, 667
5279, 80, 492, 1381, 2, 0, 12.74%, 0, 0, 12, 7839.81, 41723308, 667
5284, 81, 428, 1381, 2, 0, 12.74%, 0, 0, 12, 7911.72, 41763448, 667
5289, 81, 832, 1381, 2, 0, 12.74%, 0, 0, 12, 7886.13, 41803963, 667
5294, 81, 784, 1381, 2, 0, 12.74%, 0, 0, 12, 7839.20, 41843834, 667
5299, 81, 784, 1381, 2, 0, 12.74%, 0, 0, 12, 7878.00, 41883889, 667
5304, 81, 50, 1381, 1, 0, 12.74%, 0, 0, 12, 7857.91, 41924187, 667
5310, 81, 537, 1381, 1, 0, 12.74%, 0, 0, 12, 7880.74, 41964726, 667
5315, 81, 274, 1381, 1, 0, 12.74%, 0, 0, 12, 7853.01, 42004845, 667
5320, 81, 448, 1381, 1, 0, 12.74%, 0, 0, 12, 7887.69, 42044944, 667
5325, 81, 360, 1381, 1, 0, 12.74%, 0, 0, 12, 7882.74, 42085125, 667
5330, 81, 558, 1381, 1, 0, 12.74%, 0, 0, 12, 7849.94, 42125361, 667
5335, 81, 51, 1381, 1, 0, 12.74%, 0, 0, 12, 7880.52, 42165339, 667
5340, 81, 176, 1381, 1, 0, 12.74%, 0, 0, 12, 7889.29, 42205532, 667
5345, 81, 931, 1381, 1, 0, 12.74%, 0, 0, 12, 7860.93, 42245555, 667
5350, 81, 802, 1382, 2, 0, 12.74%, 0, 0, 12, 7884.95, 42285728, 667
5355, 82, 114, 1383, 3, 0, 12.74%, 0, 0, 12, 7866.23, 42325785, 667
5361, 82, 42, 1383, 3, 0, 12.74%, 0, 0, 12, 7884.06, 42366269, 667
5366, 82, 456, 1383, 3, 0, 12.74%, 0, 0, 12, 7894.11, 42406447, 667
5371, 82, 50, 1383, 3, 0, 12.74%, 0, 0, 12, 7873.00, 42446733, 667
5376, 82, 305, 1383, 3, 0, 12.74%, 0, 0, 12, 7850.56, 42486631, 667
5381, 82, 410, 1383, 3, 0, 12.74%, 0, 0, 12, 7893.51, 42527156, 667
5386, 82, 524, 1383, 2, 0, 12.74%, 0, 0, 12, 7846.79, 42566905, 667
5391, 82, 50, 1383, 2, 0, 12.74%, 0, 0, 12, 7896.17, 42607219, 667
5396, 82, 50, 1383, 1, 0, 12.74%, 0, 0, 12, 7790.46, 42646643, 667
5401, 82, 479, 1383, 1, 0, 12.74%, 0, 0, 12, 7873.38, 42687052, 667
5407, 82, 1122, 1383, 1, 0, 12.74%, 0, 0, 12, 7735.21, 42726369, 667
5412, 82, 35, 1383, 1, 0, 12.74%, 0, 0, 12, 7860.84, 42766301, 667
5417, 82, 51, 1383, 1, 0, 12.74%, 0, 0, 12, 7900.40, 42806640, 667
5422, 82, 50, 1383, 1, 0, 12.74%, 0, 0, 12, 7874.31, 42846752, 667
5427, 83, 472, 1383, 1, 0, 12.74%, 0, 0, 12, 7868.83, 42886617, 667
5432, 83, 535, 1383, 1, 0, 12.74%, 0, 0, 12, 7879.04, 42926525, 667
5437, 83, 532, 1383, 1, 0, 12.74%, 0, 0, 12, 7877.84, 42966491, 667
5442, 83, 126, 1383, 1, 0, 12.74%, 0, 0, 12, 7858.63, 43006523, 667
5447, 83, 466, 1383, 1, 0, 12.74%, 0, 0, 12, 7889.44, 43046744, 667
5452, 83, 13, 1383, 1, 0, 12.74%, 0, 0, 12, 7830.69, 43086686, 667
5457, 83, 410, 1383, 1, 0, 12.74%, 0, 0, 12, 7890.30, 43127421, 667
5462, 83, 472, 1383, 1, 0, 12.74%, 0, 0, 12, 7899.54, 43167492, 667
5468, 83, 16, 1383, 1, 0, 12.74%, 0, 0, 12, 7857.22, 43207435, 667
5473, 83, 804, 1383, 1, 0, 12.74%, 0, 0, 12, 7862.48, 43247393, 667
5478, 83, 458, 1383, 1, 0, 12.74%, 0, 0, 12, 7852.19, 43287186, 667
5483, 83, 931, 1383, 1, 0, 12.74%, 0, 0, 12, 7861.07, 43327100, 667
5488, 83, 828, 1383, 1, 0, 12.74%, 0, 0, 12, 7860.76, 43366858, 667
5493, 84, 35, 1383, 0, 0, 12.74%, 0, 0, 12, 7844.61, 43406964, 667
5498, 84, 16, 1383, 0, 0, 12.74%, 0, 0, 12, 7827.54, 43446871, 667
5503, 84, 558, 1383, 0, 0, 12.74%, 0, 0, 12, 7871.02, 43487047, 667
5508, 84, 504, 1383, 0, 0, 12.74%, 0, 0, 12, 7882.08, 43527403, 667
5513, 84, 620, 1383, 0, 0, 12.74%, 0, 0, 12, 7872.88, 43568193, 667
5519, 84, 620, 1383, 0, 0, 12.74%, 0, 0, 12, 7815.25, 43607800, 667
5524, 84, 1122, 1383, 0, 0, 12.74%, 0, 0, 12, 7867.66, 43648583, 667
5529, 84, 176, 1383, 0, 0, 12.74%, 0, 0, 12, 7830.98, 43688044, 667
5534, 84, 616, 1383, 0, 0, 12.74%, 0, 0, 12, 7883.30, 43728189, 667
5539, 84, 13, 1383, 0, 0, 12.74%, 0, 0, 12, 7900.05, 43768453, 667
5544, 84, 147, 1383, 0, 0, 12.74%, 0, 0, 12, 7861.31, 43808227, 667
5549, 84, 822, 1383, 0, 0, 12.74%, 0, 0, 12, 7897.87, 43848254, 667
5554, 84, 784, 1383, 0, 0, 12.74%, 0, 0, 12, 7880.16, 43888271, 667
5559, 85, 575, 1383, 0, 0, 12.74%, 0, 0, 12, 7833.78, 43928136, 667
5564, 85, 804, 1383, 0, 0, 12.74%, 0, 0, 12, 7855.78, 43968437, 667
5570, 85, 784, 1383, 0, 0, 12.74%, 0, 0, 12, 7821.51, 44008217, 667
5575, 85, 299, 1383, 0, 0, 12.74%, 0, 0, 12, 7894.90, 44048028, 667
5580, 85, 220, 1383, 0, 0, 12.74%, 0, 0, 12, 7873.77, 44088373, 667
5585, 85, 90, 1383, 0, 0, 12.74%, 0, 0, 12, 7887.99, 44128150, 667
5590, 85, 42, 1383, 0, 0, 12.74%, 0, 0, 12, 7852.30, 44167883, 667
5595, 85, 192, 1383, 0, 0, 12.74%, 0, 0, 12, 7878.75, 44208156, 667
5600, 85, 456, 1383, 0, 0, 12.74%, 0, 0, 12, 7840.60, 44248170, 667
5605, 85, 504, 1383, 0, 0, 12.74%, 0, 0, 12, 7856.22, 44287925, 667
5610, 85, 458, 1383, 0, 0, 12.74%, 0, 0, 12, 7849.00, 44328095, 667
5615, 85, 13, 1383, 0, 0, 12.74%, 0, 0, 12, 7840.15, 44368409, 667
5620, 85, 448, 1383, 0, 0, 12.74%, 0, 0, 12, 7879.86, 44408390, 667
5625, 85, 458, 1383, 0, 0, 12.74%, 0, 0, 12, 7862.63, 44448677, 667
5631, 86, 176, 1383, 0, 0, 12.74%, 0, 0, 12, 7887.06, 44488687, 667
5636, 86, 456, 1383, 0, 0, 12.74%, 0, 0, 12, 7893.55, 44528760, 667
5641, 86, 33, 1383, 0, 0, 12.74%, 0, 0, 12, 7883.54, 44569017, 667
5646, 86, 306, 1383, 0, 0, 12.74%, 0, 0, 12, 7881.42, 44609200, 667
5651, 86, 601, 1383, 0, 0, 12.74%, 0, 0, 12, 7875.98, 44649263, 667
5656, 86, 815, 1383, 0, 0, 12.74%, 0, 0, 12, 7859.72, 44688972, 667
5661, 86, 462, 1383, 0, 0, 12.74%, 0, 0, 12, 7872.65, 44729001, 667
5666, 86, 190, 1383, 0, 0, 12.74%, 0, 0, 12, 7857.10, 44769080, 667
5671, 86, 804, 1383, 0, 0, 12.74%, 0, 0, 12, 7885.46, 44809049, 667
5676, 86, 204, 1383, 0, 0, 12.74%, 0, 0, 12, 7870.07, 44849020, 667
5681, 86, 603, 1383, 0, 0, 12.74%, 0, 0, 12, 7869.51, 44889404, 667
5687, 86, 13, 1383, 0, 0, 12.74%, 0, 0, 12, 7879.03, 44929022, 667
5692, 86, 13, 1383, 0, 0, 12.74%, 0, 0, 12, 7894.08, 44969119, 667
5697, 87, 13, 1383, 0, 0, 12.74%, 0, 0, 12, 7904.82, 45009710, 667
5702, 87, 306, 1383, 0, 0, 12.74%, 0, 0, 12, 7823.61, 45049646, 667
5707, 87, 828, 1383, 0, 0, 12.74%, 0, 0, 12, 7897.60, 45089899, 667
5712, 87, 830, 1383, 0, 0, 12.74%, 0, 0, 12, 7871.68, 45130087, 667
5717, 87, 1064, 1383, 0, 0, 12.74%, 0, 0, 12, 7872.83, 45170414, 667
5722, 87, 599, 1383, 0, 0, 12.74%, 0, 0, 12, 7849.04, 45210069, 667
5727, 87, 274, 1384, 1, 0, 12.74%, 0, 0, 12, 7913.01, 45250357, 667
5732, 87, 308, 1384, 1, 0, 12.74%, 0, 0, 12, 7900.23, 45290243, 667
5737, 87, 832, 1384, 1, 0, 12.74%, 0, 0, 12, 7898.41, 45330376, 667
5743, 87, 122, 1384, 1, 0, 12.74%, 0, 0, 12, 7878.46, 45370463, 667
5748, 87, 136, 1384, 1, 0, 12.74%, 0, 0, 12, 7862.95, 45410568, 667
5753, 87, 457, 1384, 1, 0, 12.74%, 0, 0, 12, 7905.02, 45450681, 667
5758, 87, 295, 1384, 1, 0, 12.74%, 0, 0, 12, 7858.70, 45490289, 667
5763, 87, 832, 1384, 1, 0, 12.74%, 0, 0, 12, 7894.08, 45530748, 667
5768, 88, 126, 1384, 1, 0, 12.74%, 0, 0, 12, 7905.73, 45570966, 667
5773, 88, 90, 1386, 1, 0, 12.74%, 0, 0, 12, 7571.98, 45609000, 667
5778, 88, 521, 1386, 1, 0, 12.74%, 0, 0, 12, 7801.37, 45648920, 667
5783, 88, 620, 1386, 1, 0, 12.74%, 0, 0, 12, 7834.09, 45688736, 667
5788, 88, 424, 1386, 1, 0, 12.74%, 0, 0, 12, 7868.21, 45728491, 667
5793, 88, 176, 1386, 1, 0, 12.74%, 0, 0, 12, 7811.16, 45768353, 667
5798, 88, 69, 1386, 1, 0, 12.74%, 0, 0, 12, 7843.28, 45808736, 667
5804, 88, 1024, 1386, 1, 0, 12.74%, 0, 0, 12, 7876.97, 45848906, 667
5809, 88, 826, 1386, 1, 0, 12.74%, 0, 0, 12, 7875.69, 45888961, 667
5814, 88, 13, 1386, 1, 0, 12.74%, 0, 0, 12, 7887.33, 45929452, 667
5819, 88, 71, 1386, 1, 0, 12.74%, 0, 0, 12, 7906.79, 45969527, 667
5824, 88, 448, 1386, 1, 0, 12.74%, 0, 0, 12, 7897.80, 46009829, 667
5829, 88, 456, 1386, 1, 0, 12.74%, 0, 0, 12, 7804.06, 46049726, 667
5834, 88, 466, 1386, 1, 0, 12.74%, 0, 0, 12, 7861.33, 46089689, 667
5839, 89, 802, 1386, 1, 0, 12.74%, 0, 0, 12, 7909.35, 46129891, 667
5844, 89, 588, 1386, 1, 0, 12.74%, 0, 0, 12, 7888.20, 46170019, 667
5849, 89, 69, 1386, 1, 0, 12.74%, 0, 0, 12, 7873.47, 46210317, 667
5855, 89, 721, 1386, 1, 0, 12.74%, 0, 0, 12, 7888.70, 46250433, 667
5860, 89, 462, 1386, 1, 0, 12.74%, 0, 0, 12, 7867.68, 46290872, 667
5865, 89, 457, 1386, 1, 0, 12.74%, 0, 0, 12, 7891.96, 46330795, 667
5870, 89, 396, 1386, 1, 0, 12.74%, 0, 0, 12, 7861.85, 46370660, 667
5875, 89, 456, 1386, 1, 0, 12.74%, 0, 0, 12, 7818.96, 46410167, 667
5880, 89, 390, 1386, 1, 0, 12.74%, 0, 0, 12, 7885.84, 46450167, 667
5885, 89, 175, 1386, 1, 0, 12.74%, 0, 0, 12, 7860.48, 46490042, 667
5890, 89, 327, 1386, 1, 0, 12.74%, 0, 0, 12, 7869.52, 46530049, 667
5895, 89, 558, 1386, 1, 0, 12.74%, 0, 0, 12, 7874.66, 46570184, 667
5900, 89, 13, 1386, 1, 0, 12.74%, 0, 0, 12, 7814.57, 46610343, 667
5905, 90, 466, 1386, 1, 0, 12.74%, 0, 0, 12, 7853.49, 46650081, 667
5910, 90, 815, 1386, 1, 0, 12.74%, 0, 0, 12, 7870.06, 46690204, 667
5916, 90, 830, 1386, 1, 0, 12.74%, 0, 0, 12, 7864.24, 46730098, 667
5921, 90, 601, 1386, 1, 0, 12.74%, 0, 0, 12, 7888.70, 46770543, 667
5926, 90, 176, 1386, 1, 0, 12.74%, 0, 0, 12, 7846.37, 46810279, 667
5931, 90, 931, 1386, 1, 0, 12.74%, 0, 0, 12, 7874.20, 46850430, 667
5936, 90, 16, 1386, 1, 0, 12.74%, 0, 0, 12, 7858.52, 46890270, 667
5941, 90, 620, 1386, 1, 0, 12.74%, 0, 0, 12, 7841.90, 46929762, 667
5946, 90, 220, 1386, 1, 0, 12.74%, 0, 0, 12, 7875.49, 46969735, 667
5951, 90, 67, 1386, 1, 0, 12.74%, 0, 0, 12, 7896.90, 47010102, 667
5956, 90, 822, 1386, 1, 0, 12.74%, 0, 0, 12, 7839.55, 47049726, 667
5961, 90, 1347, 1386, 1, 0, 12.74%, 0, 0, 12, 7886.76, 47090014, 667
5966, 90, 69, 1386, 1, 0, 12.74%, 0, 0, 12, 7818.80, 47130036, 667
5972, 90, 220, 1386, 1, 0, 12.74%, 0, 0, 12, 7860.50, 47170098, 667
5977, 91, 558, 1386, 1, 0, 12.74%, 0, 0, 12, 7840.28, 47209937, 667
5982, 91, 69, 1386, 1, 0, 12.74%, 0, 0, 12, 7872.92, 47250110, 667
5987, 91, 828, 1386, 1, 0, 12.74%, 0, 0, 12, 7853.63, 47290285, 667
5992, 91, 603, 1386, 1, 0, 12.74%, 0, 0, 12, 7821.55, 47330554, 667
5997, 91, 1379, 1386, 1, 0, 12.74%, 0, 0, 12, 7811.55, 47370328, 667
6002, 91, 410, 1386, 1, 0, 12.74%, 0, 0, 12, 7837.17, 47410132, 667
6007, 91, 71, 1386, 1, 0, 12.74%, 0, 0, 12, 7814.90, 47450142, 667
6012, 91, 13, 1386, 1, 0, 12.74%, 0, 0, 12, 7867.52, 47490107, 667
6017, 91, 815, 1386, 1, 0, 12.74%, 0, 0, 12, 7861.11, 47530344, 667
6023, 91, 815, 1386, 1, 0, 12.74%, 0, 0, 12, 7827.68, 47570452, 667
6028, 91, 187, 1386, 1, 0, 12.74%, 0, 0, 12, 7872.03, 47610368, 667
6033, 91, 601, 1386, 1, 0, 12.74%, 0, 0, 12, 7834.20, 47650188, 667
6038, 91, 50, 1386, 1, 0, 12.74%, 0, 0, 12, 7824.06, 47690687, 667
6043, 91, 504, 1386, 1, 0, 12.74%, 0, 0, 12, 7773.72, 47730647, 667
6048, 92, 456, 1386, 1, 0, 12.74%, 0, 0, 12, 7797.24, 47770421, 667
6053, 92, 43, 1386, 1, 0, 12.74%, 0, 0, 12, 7816.57, 47810250, 667
6058, 92, 832, 1386, 1, 0, 12.74%, 0, 0, 12, 7870.74, 47850474, 667
6063, 92, 254, 1386, 1, 0, 12.74%, 0, 0, 12, 7893.62, 47890639, 667
6068, 92, 185, 1386, 1, 0, 12.74%, 0, 0, 12, 7881.73, 47930603, 667
6074, 92, 13, 1386, 1, 0, 12.74%, 0, 0, 12, 7890.87, 47970622, 667
6079, 92, 220, 1386, 1, 0, 12.74%, 0, 0, 12, 7893.84, 48010890, 667
6084, 92, 176, 1386, 1, 0, 12.74%, 0, 0, 12, 7880.28, 48051356, 667
6089, 92, 462, 1386, 1, 0, 12.74%, 0, 0, 12, 7760.50, 48090682, 667
6094, 92, 830, 1386, 1, 0, 12.74%, 0, 0, 12, 7838.35, 48130943, 667
6099, 92, 828, 1386, 0, 0, 12.74%, 0, 0, 12, 7752.92, 48170410, 667
6104, 92, 13, 1387, 1, 0, 12.74%, 0, 0, 12, 7811.54, 48209950, 667
6109, 92, 42, 1387, 1, 0, 12.74%, 0, 0, 12, 7863.54, 48250240, 667
6114, 92, 949, 1387, 1, 0, 12.74%, 0, 0, 12, 7862.39, 48290405, 667
6119, 93, 13, 1387, 1, 0, 12.74%, 0, 0, 12, 7816.21, 48329984, 667
6125, 93, 298, 1387, 1, 0, 12.74%, 0, 0, 12, 7867.32, 48370002, 667
6130, 93, 158, 1387, 1, 0, 12.74%, 0, 0, 12, 7872.08, 48410429, 667
6135, 93, 51, 1387, 1, 0, 12.74%, 0, 0, 12, 7869.46, 48450776, 667
6140, 93, 149, 1387, 1, 0, 12.74%, 0, 0, 12, 7896.63, 48490907, 667
6145, 93, 784, 1387, 1, 0, 12.74%, 0, 0, 12, 7841.05, 48530873, 667
6150, 93, 461, 1387, 1, 0, 12.74%, 0, 0, 12, 7860.47, 48570543, 667
6155, 93, 42, 1387, 1, 0, 12.74%, 0, 0, 12, 7871.55, 48610384, 667
6160, 93, 1041, 1388, 1, 0, 12.74%, 0, 0, 12, 7877.33, 48650669, 667
6165, 93, 93, 1388, 1, 0, 12.74%, 0, 0, 12, 7793.89, 48690422, 667
6170, 93, 452, 1388, 1, 0, 12.74%, 0, 0, 12, 7854.29, 48730320, 667
6175, 93, 812, 1388, 1, 0, 12.74%, 0, 0, 12, 7883.83, 48770514, 667
6181, 93, 249, 1388, 1, 0, 12.74%, 0, 0, 12, 7885.97, 48810592, 667
6186, 93, 126, 1388, 1, 0, 12.74%, 0, 0, 12, 7878.81, 48850795, 667
6191, 94, 166, 1388, 1, 0, 12.74%, 0, 0, 12, 7876.64, 48891277, 667
6196, 94, 190, 1388, 1, 0, 12.74%, 0, 0, 12, 7871.24, 48931052, 667
6201, 94, 828, 1388, 1, 0, 12.74%, 0, 0, 12, 7875.64, 48970836, 667
6206, 94, 931, 1389, 1, 0, 12.74%, 0, 0, 12, 7853.68, 49010817, 667
6211, 94, 68, 1389, 1, 0, 12.74%, 0, 0, 12, 7916.87, 49051196, 667
6216, 94, 16, 1389, 1, 0, 12.74%, 0, 0, 12, 7856.23, 49091303, 667
6221, 94, 410, 1389, 1, 0, 12.74%, 0, 0, 12, 7856.65, 49131485, 667
6226, 94, 537, 1389, 1, 0, 12.74%, 0, 0, 12, 7807.34, 49171572, 667
6232, 94, 483, 1389, 1, 0, 12.74%, 0, 0, 12, 7878.48, 49211524, 667
6237, 94, 456, 1389, 1, 0, 12.74%, 0, 0, 12, 7917.81, 49252081, 667
6242, 94, 599, 1389, 1, 0, 12.74%, 0, 0, 12, 7909.87, 49292323, 667
6247, 94, 13, 1389, 1, 0, 12.74%, 0, 0, 12, 7878.50, 49332370, 667
6252, 94, 30, 1389, 1, 0, 12.74%, 0, 0, 12, 7892.74, 49372440, 667
6257, 94, 466, 1389, 1, 0, 12.74%, 0, 0, 12, 7877.63, 49412454, 667
6262, 95, 185, 1389, 1, 0, 12.74%, 0, 0, 12, 7864.83, 49452350, 667
6267, 95, 402, 1389, 1, 0, 12.74%, 0, 0, 12, 7900.83, 49492886, 667
6272, 95, 466, 1389, 1, 0, 12.74%, 0, 0, 12, 7863.54, 49532894, 667
6277, 95, 16, 1389, 1, 0, 12.74%, 0, 0, 12, 7865.56, 49572934, 667
6283, 95, 456, 1389, 0, 0, 12.74%, 0, 0, 12, 7868.47, 49612966, 667
6288, 95, 126, 1389, 0, 0, 12.74%, 0, 0, 12, 7880.23, 49652935, 667
6293, 95, 13, 1389, 0, 0, 12.74%, 0, 0, 12, 7881.60, 49693269, 667
6298, 95, 13, 1389, 0, 0, 12.74%, 0, 0, 12, 7874.86, 49733541, 667
6303, 95, 457, 1389, 0, 0, 12.74%, 0, 0, 12, 7847.56, 49773721, 667
6308, 95, 484, 1389, 0, 0, 12.74%, 0, 0, 12, 7871.27, 49813867, 667
6313, 95, 492, 1389, 0, 0, 12.74%, 0, 0, 12, 7847.63, 49854470, 667
6318, 95, 543, 1389, 0, 0, 12.74%, 0, 0, 12, 7876.89, 49894776, 667
6323, 95, 42, 1389, 0, 0, 12.74%, 0, 0, 12, 7841.75, 49934514, 667
6328, 96, 126, 1389, 0, 0, 12.74%, 0, 0, 12, 7864.25, 49974458, 667
6334, 96, 149, 1389, 0, 0, 12.74%, 0, 0, 12, 7835.05, 50014760, 667
6339, 96, 832, 1389, 0, 0, 12.74%, 0, 0, 12, 7866.30, 50054913, 667
6344, 96, 466, 1389, 0, 0, 12.74%, 0, 0, 12, 7869.60, 50095069, 667
6349, 96, 657, 1389, 0, 0, 12.74%, 0, 0, 12, 7879.10, 50135329, 667
6354, 96, 479, 1389, 0, 0, 12.74%, 0, 0, 12, 7863.96, 50175209, 667
6359, 96, 287, 1389, 0, 0, 12.74%, 0, 0, 12, 7885.39, 50215199, 667
6364, 96, 505, 1389, 0, 0, 12.74%, 0, 0, 12, 7903.71, 50255598, 667
6369, 96, 43, 1389, 0, 0, 12.74%, 0, 0, 12, 7886.26, 50295811, 667
6374, 96, 42, 1389, 0, 0, 12.74%, 0, 0, 12, 7910.72, 50336370, 667
6379, 96, 295, 1389, 0, 0, 12.74%, 0, 0, 12, 7905.14, 50376449, 667
6385, 96, 828, 1389, 0, 0, 12.74%, 0, 0, 12, 7865.75, 50416524, 667
6390, 96, 452, 1389, 0, 0, 12.74%, 0, 0, 12, 7850.37, 50456791, 667
6395, 96, 484, 1389, 0, 0, 12.74%, 0, 0, 12, 7888.51, 50497139, 667
6400, 97, 504, 1389, 0, 0, 12.74%, 0, 0, 12, 7902.78, 50537266, 667
6405, 97, 815, 1389, 0, 0, 12.74%, 0, 0, 12, 7881.94, 50577288, 667
6410, 97, 521, 1389, 0, 0, 12.74%, 0, 0, 12, 7897.15, 50617803, 667
6415, 97, 1364, 1389, 0, 0, 12.74%, 0, 0, 12, 7890.82, 50657814, 667
6420, 97, 1041, 1389, 0, 0, 12.74%, 0, 0, 12, 7805.66, 50698037, 667
6425, 97, 13, 1389, 0, 0, 12.74%, 0, 0, 12, 7796.90, 50737781, 667
6430, 97, 390, 1389, 0, 0, 12.74%, 0, 0, 12, 7859.49, 50777694, 667
6436, 97, 472, 1389, 0, 0, 12.74%, 0, 0, 12, 7862.05, 50817488, 667
6441, 97, 274, 1389, 0, 0, 12.74%, 0, 0, 12, 7901.86, 50857589, 667
6446, 97, 828, 1389, 0, 0, 12.74%, 0, 0, 12, 7913.53, 50898315, 667
6451, 97, 13, 1389, 0, 0, 12.74%, 0, 0, 12, 7887.59, 50938429, 667
6456, 97, 13, 1389, 0, 0, 12.74%, 0, 0, 12, 7860.03, 50978383, 667
6461, 97, 267, 1390, 1, 0, 12.74%, 0, 0, 12, 7889.73, 51018297, 667
6466, 98, 158, 1390, 1, 0, 12.74%, 0, 0, 12, 7863.25, 51057741, 667
6471, 98, 255, 1390, 1, 0, 12.74%, 0, 0, 12, 7850.67, 51098366, 667
6476, 98, 50, 1390, 1, 0, 12.74%, 0, 0, 12, 7833.10, 51138315, 667
6481, 98, 13, 1390, 1, 0, 12.74%, 0, 0, 12, 7879.04, 51178459, 667
6486, 98, 306, 1390, 1, 0, 12.74%, 0, 0, 12, 7894.19, 51218757, 667
6492, 98, 931, 1390, 1, 0, 12.74%, 0, 0, 12, 7887.70, 51259177, 667
6497, 98, 13, 1390, 1, 0, 12.74%, 0, 0, 12, 7856.31, 51299198, 667
6502, 98, 456, 1390, 1, 0, 12.74%, 0, 0, 12, 7875.46, 51339522, 667
6507, 98, 305, 1390, 1, 0, 12.74%, 0, 0, 12, 7903.20, 51379731, 667
6512, 98, 601, 1390, 1, 0, 12.74%, 0, 0, 12, 7904.29, 51420183, 667
6517, 98, 931, 1390, 1, 0, 12.74%, 0, 0, 12, 7885.91, 51459936, 667
6522, 98, 274, 1390, 1, 0, 12.74%, 0, 0, 12, 7890.77, 51500437, 667
6527, 98, 33, 1390, 1, 0, 12.74%, 0, 0, 12, 7851.00, 51540792, 667
6532, 98, 13, 1390, 1, 0, 12.74%, 0, 0, 12, 7864.62, 51581157, 667
6538, 99, 812, 1390, 1, 0, 12.74%, 0, 0, 12, 7872.44, 51621015, 667
6543, 99, 274, 1390, 1, 0, 12.74%, 0, 0, 12, 7851.75, 51661089, 667
6548, 99, 267, 1390, 1, 0, 12.74%, 0, 0, 12, 7867.24, 51700888, 667
6553, 99, 558, 1391, 2, 0, 12.74%, 0, 0, 12, 7898.85, 51741391, 667
6558, 99, 220, 1391, 2, 0, 12.74%, 0, 0, 12, 7889.37, 51781672, 667
6563, 99, 304, 1391, 2, 0, 12.74%, 0, 0, 12, 7900.58, 51821515, 667
6568, 99, 588, 1391, 2, 0, 12.74%, 0, 0, 12, 7917.43, 51861560, 667
6573, 99, 802, 1391, 2, 0, 12.74%, 0, 0, 12, 7872.64, 51901186, 667
6578, 99, 42, 1391, 2, 0, 12.74%, 0, 0, 12, 7848.02, 51941015, 667
6583, 99, 149, 1391, 2, 0, 12.74%, 0, 0, 12, 7809.66, 51980667, 667
6588, 99, 468, 1391, 2, 0, 12.74%, 0, 0, 12, 7861.64, 52020468, 667
6593, 99, 830, 1391, 2, 0, 12.74%, 0, 0, 12, 7821.72, 52060403, 667
6599, 99, 126, 1391, 2, 0, 12.74%, 0, 0, 12, 7891.68, 52101028, 667
6604, 100, 815, 1391, 1, 0, 12.74%, 0, 0, 12, 7713.00, 52140607, 667
6609, 100, 114, 1391, 1, 0, 12.74%, 0, 0, 12, 7830.22, 52180538, 667
6614, 100, 1385, 1392, 2, 0, 12.74%, 0, 0, 12, 7478.20, 52219635, 667
6619, 100, 546, 1392, 2, 0, 12.74%, 0, 0, 12, 7803.25, 52259562, 667
6624, 100, 428, 1392, 2, 0, 12.74%, 0, 0, 12, 7829.41, 52299286, 667
6629, 100, 457, 1392, 2, 0, 12.74%, 0, 0, 12, 7839.18, 52339011, 667
6634, 100, 13, 1392, 2, 0, 12.74%, 0, 0, 12, 7879.91, 52379544, 667
6639, 100, 657, 1392, 2, 0, 12.74%, 0, 0, 12, 7885.94, 52419670, 667
6644, 100, 190, 1392, 2, 0, 12.74%, 0, 0, 12, 7895.67, 52459773, 667
6649, 100, 126, 1392, 2, 0, 12.74%, 0, 0, 12, 7852.75, 52499833, 667
6655, 100, 13, 1392, 2, 0, 12.74%, 0, 0, 12, 7905.98, 52540119, 667
6660, 100, 812, 1392, 2, 0, 12.74%, 0, 0, 12, 7842.65, 52579997, 667
6665, 100, 410, 1392, 2, 0, 12.74%, 0, 0, 12, 7864.48, 52620503, 667
6670, 100, 274, 1392, 1, 0, 12.74%, 0, 0, 12, 7818.73, 52660021, 667
6675, 101, 126, 1392, 1, 0, 12.74%, 0, 0, 12, 7894.44, 52700271, 667
6680, 101, 804, 1392, 1, 0, 12.74%, 0, 0, 12, 7871.25, 52740428, 667
6685, 101, 185, 1392, 1, 0, 12.74%, 0, 0, 12, 7848.84, 52780115, 667
6690, 101, 16, 1392, 1, 0, 12.74%, 0, 0, 12, 7835.46, 52819805, 667
6695, 101, 42, 1392, 1, 0, 12.74%, 0, 0, 12, 7835.40, 52859787, 667
6700, 101, 42, 1392, 1, 0, 12.74%, 0, 0, 12, 7884.01, 52899983, 667
6706, 101, 466, 1392, 1, 0, 12.74%, 0, 0, 12, 7860.15, 52940136, 667
6711, 101, 456, 1392, 1, 0, 12.74%, 0, 0, 12, 7917.48, 52980592, 667
6716, 101, 457, 1392, 1, 0, 12.74%, 0, 0, 12, 7878.54, 53020612, 667
6721, 101, 126, 1392, 1, 0, 12.74%, 0, 0, 12, 7894.42, 53060937, 667
6726, 101, 329, 1392, 1, 0, 12.74%, 0, 0, 12, 7847.53, 53100967, 667
6731, 101, 42, 1392, 1, 0, 12.74%, 0, 0, 12, 7887.95, 53141058, 667
6736, 101, 176, 1392, 1, 0, 12.74%, 0, 0, 12, 7888.49, 53180994, 667
6741, 101, 367, 1392, 1, 0, 12.74%, 0, 0, 12, 7883.76, 53221285, 667
6746, 102, 308, 1392, 1, 0, 12.74%, 0, 0, 12, 7863.59, 53261598, 667
6751, 102, 106, 1392, 1, 0, 12.74%, 0, 0, 12, 7831.81, 53301234, 667
6756, 102, 596, 1392, 1, 0, 12.74%, 0, 0, 12, 7867.70, 53341598, 667
6762, 102, 42, 1392, 1, 0, 12.74%, 0, 0, 12, 7871.20, 53381463, 667
6767, 102, 456, 1392, 1, 0, 12.74%, 0, 0, 12, 7863.04, 53421719, 667
6772, 102, 804, 1392, 1, 0, 12.74%, 0, 0, 12, 7909.44, 53461938, 667
6777, 102, 830, 1392, 1, 0, 12.74%, 0, 0, 12, 7838.51, 53501423, 667
6782, 102, 815, 1392, 1, 0, 12.74%, 0, 0, 12, 7860.11, 53541303, 667
6787, 102, 50, 1392, 1, 0, 12.74%, 0, 0, 12, 7813.80, 53581219, 667
6792, 102, 52, 1392, 1, 0, 12.74%, 0, 0, 12, 7886.40, 53621623, 667
6797, 102, 601, 1392, 1, 0, 12.74%, 0, 0, 12, 7878.21, 53661627, 667
6802, 102, 175, 1392, 1, 0, 12.74%, 0, 0, 12, 7879.01, 53701689, 667
6807, 102, 173, 1392, 1, 0, 12.74%, 0, 0, 12, 7901.05, 53741757, 667
6812, 102, 254, 1392, 1, 0, 12.74%, 0, 0, 12, 7913.04, 53781729, 667
6817, 103, 390, 1392, 1, 0, 12.74%, 0, 0, 12, 7876.46, 53821407, 667
6823, 103, 784, 1392, 1, 0, 12.74%, 0, 0, 12, 7835.05, 53861287, 667
6828, 103, 470, 1392, 1, 0, 12.74%, 0, 0, 12, 7866.33, 53901380, 667
6833, 103, 138, 1392, 1, 0, 12.74%, 0, 0, 12, 7886.10, 53941506, 667
6838, 103, 620, 1392, 1, 0, 12.74%, 0, 0, 12, 7901.54, 53981759, 667
6843, 103, 456, 1392, 1, 0, 12.74%, 0, 0, 12, 7917.74, 54021818, 667
6848, 103, 42, 1392, 1, 0, 12.74%, 0, 0, 12, 7865.05, 54062179, 667
6853, 103, 16, 1392, 1, 0, 12.74%, 0, 0, 12, 7887.60, 54102635, 667
6858, 103, 13, 1392, 1, 0, 12.74%, 0, 0, 12, 7878.73, 54142536, 667
6863, 103, 120, 1392, 1, 0, 12.74%, 0, 0, 12, 7798.97, 54182523, 667
6868, 103, 43, 1392, 1, 0, 12.74%, 0, 0, 12, 7838.47, 54222498, 667
6874, 103, 35, 1392, 1, 0, 12.74%, 0, 0, 12, 7866.50, 54262724, 667
6879, 103, 457, 1392, 1, 0, 12.74%, 0, 0, 12, 7722.02, 54301824, 667
6884, 104, 126, 1392, 1, 0, 12.74%, 0, 0, 12, 7858.70, 54341807, 667
6889, 104, 402, 1392, 1, 0, 12.74%, 0, 0, 12, 7840.44, 54381626, 667
6894, 104, 295, 1392, 1, 0, 12.74%, 0, 0, 12, 7866.18, 54421549, 667
6899, 104, 479, 1392, 1, 0, 12.74%, 0, 0, 12, 7903.54, 54461802, 667
6904, 104, 657, 1392, 1, 0, 12.74%, 0, 0, 12, 7858.66, 54501563, 667
6909, 104, 537, 1392, 1, 0, 12.74%, 0, 0, 12, 7867.40, 54541675, 667
6914, 104, 396, 1392, 1, 0, 12.74%, 0, 0, 12, 7877.68, 54581629, 667
6919, 104, 815, 1392, 1, 0, 12.74%, 0, 0, 12, 7890.91, 54621939, 667
6924, 104, 13, 1392, 1, 0, 12.74%, 0, 0, 12, 7848.53, 54662223, 667
6929, 104, 466, 1392, 1, 0, 12.74%, 0, 0, 12, 7856.53, 54702116, 667
6935, 104, 305, 1392, 1, 0, 12.74%, 0, 0, 12, 7840.73, 54741680, 667
6940, 104, 470, 1392, 1, 0, 12.74%, 0, 0, 12, 7874.81, 54781971, 667
6945, 104, 784, 1392, 1, 0, 12.74%, 0, 0, 12, 7853.65, 54822082, 667
6950, 104, 13, 1392, 1, 0, 12.74%, 0, 0, 12, 7856.00, 54862232, 667
6955, 105, 176, 1392, 1, 0, 12.74%, 0, 0, 12, 7826.37, 54901879, 667
6960, 105, 422, 1392, 1, 0, 12.74%, 0, 0, 12, 7839.71, 54941752, 667
6965, 105, 983, 1392, 1, 0, 12.74%, 0, 0, 12, 7876.04, 54981830, 667
6970, 105, 558, 1393, 2, 0, 12.74%, 0, 0, 12, 7847.34, 55021571, 667
6975, 105, 832, 1393, 2, 0, 12.74%, 0, 0, 12, 7848.14, 55061482, 667
6980, 105, 42, 1393, 2, 0, 12.74%, 0, 0, 12, 7878.07, 55101679, 667
6985, 105, 176, 1393, 2, 0, 12.74%, 0, 0, 12, 7908.19, 55141906, 667
6991, 105, 1250, 1393, 2, 0, 12.74%, 0, 0, 12, 7885.56, 55181901, 667
6996, 105, 466, 1393, 2, 0, 12.74%, 0, 0, 12, 7829.19, 55221558, 667
7001, 105, 13, 1393, 2, 0, 12.74%, 0, 0, 12, 7839.00, 55261353, 667
7006, 105, 186, 1393, 1, 0, 12.74%, 0, 0, 12, 7211.86, 55299362, 667
7011, 105, 815, 1393, 1, 0, 12.74%, 0, 0, 12, 7765.10, 55339689, 667
7016, 105, 424, 1393, 1, 0, 12.74%, 0, 0, 12, 7871.67, 55379740, 667
7021, 105, 479, 1393, 1, 0, 12.74%, 0, 0, 12, 7878.68, 55420041, 667
7026, 106, 220, 1393, 1, 0, 12.74%, 0, 0, 12, 7867.32, 55460056, 667
7031, 106, 1122, 1393, 1, 0, 12.74%, 0, 0, 12, 7836.52, 55500910, 667
7037, 106, 42, 1393, 1, 0, 12.74%, 0, 0, 12, 7795.50, 55540378, 667
7042, 106, 802, 1393, 1, 0, 12.74%, 0, 0, 12, 7850.44, 55580525, 667
7047, 106, 166, 1393, 1, 0, 12.74%, 0, 0, 12, 7891.88, 55620807, 667
7052, 106, 479, 1393, 1, 0, 12.74%, 0, 0, 12, 7916.46, 55661262, 667
7057, 106, 13, 1393, 1, 0, 12.74%, 0, 0, 12, 7863.03, 55701069, 667
7062, 106, 149, 1393, 1, 0, 12.74%, 0, 0, 12, 7816.91, 55740492, 667
7067, 106, 603, 1393, 1, 0, 12.74%, 0, 0, 12, 7885.11, 55780666, 667
7072, 106, 367, 1393, 1, 0, 12.74%, 0, 0, 12, 7832.97, 55820238, 667
7077, 106, 93, 1393, 1, 0, 12.74%, 0, 0, 12, 7857.17, 55860077, 667
7082, 106, 815, 1393, 1, 0, 12.74%, 0, 0, 12, 7836.57, 55900089, 667
7087, 106, 601, 1393, 1, 0, 12.74%, 0, 0, 12, 7892.48, 55940178, 667
7092, 106, 802, 1393, 1, 0, 12.74%, 0, 0, 12, 7889.82, 55980656, 667
7098, 107, 456, 1393, 1, 0, 12.74%, 0, 0, 12, 7904.32, 56020547, 667
7103, 107, 16, 1393, 1, 0, 12.74%, 0, 0, 12, 7901.73, 56060630, 667
7108, 107, 176, 1393, 1, 0, 12.74%, 0, 0, 12, 7902.50, 56100695, 667
7113, 107, 176, 1393, 1, 0, 12.74%, 0, 0, 12, 7852.15, 56140750, 667
7118, 107, 826, 1393, 1, 0, 12.74%, 0, 0, 12, 7875.92, 56181108, 667
7123, 107, 13, 1393, 1, 0, 12.74%, 0, 0, 12, 7878.93, 56221115, 667
7128, 107, 176, 1393, 1, 0, 12.74%, 0, 0, 12, 7853.52, 56261063, 667
7133, 107, 42, 1393, 1, 0, 12.74%, 0, 0, 12, 7902.36, 56300955, 667
7138, 107, 13, 1393, 1, 0, 12.74%, 0, 0, 12, 7858.72, 56340829, 667
7143, 107, 588, 1393, 1, 0, 12.74%, 0, 0, 12, 7872.70, 56380944, 667
7148, 107, 830, 1393, 1, 0, 12.74%, 0, 0, 12, 7854.06, 56421318, 667
7154, 107, 452, 1393, 1, 0, 12.74%, 0, 0, 12, 7857.36, 56461198, 667
7159, 107, 126, 1393, 1, 0, 12.74%, 0, 0, 12, 7853.25, 56501280, 667
7164, 108, 120, 1393, 1, 0, 12.74%, 0, 0, 12, 7886.28, 56541384, 667
7169, 108, 13, 1393, 1, 0, 12.74%, 0, 0, 12, 7797.22, 56581190, 667
7174, 108, 603, 1393, 1, 0, 12.74%, 0, 0, 12, 7848.49, 56621825, 667
7179, 108, 221, 1393, 1, 0, 12.74%, 0, 0, 12, 7852.91, 56661960, 667
7184, 108, 67, 1393, 1, 0, 12.74%, 0, 0, 12, 7860.22, 56701862, 667
7189, 108, 220, 1393, 1, 0, 12.74%, 0, 0, 12, 7877.97, 56742175, 667
7194, 108, 456, 1393, 1, 0, 12.74%, 0, 0, 12, 7912.74, 56783012, 667
7199, 108, 532, 1393, 1, 0, 12.74%, 0, 0, 12, 7904.26, 56823086, 667
7205, 108, 456, 1393, 1, 0, 12.74%, 0, 0, 12, 7849.63, 56863040, 667
7210, 108, 149, 1393, 1, 0, 12.74%, 0, 0, 12, 7838.60, 56902867, 667
7215, 108, 185, 1393, 1, 0, 12.74%, 0, 0, 12, 7875.10, 56943015, 667
7220, 108, 304, 1393, 1, 0, 12.74%, 0, 0, 12, 7868.85, 56983144, 667
7225, 108, 558, 1393, 1, 0, 12.74%, 0, 0, 12, 7867.29, 57023560, 667
7230, 108, 470, 1393, 1, 0, 12.74%, 0, 0, 12, 7875.66, 57063819, 667
7235, 109, 620, 1393, 1, 0, 12.74%, 0, 0, 12, 7915.88, 57103997, 667
7240, 109, 521, 1393, 1, 0, 12.74%, 0, 0, 12, 7897.16, 57143835, 667
7245, 109, 13, 1393, 1, 0, 12.74%, 0, 0, 12, 7839.86, 57183819, 667
7250, 109, 822, 1393, 1, 0, 12.74%, 0, 0, 12, 7876.34, 57223972, 667
7256, 109, 601, 1393, 1, 0, 12.74%, 0, 0, 12, 7901.29, 57264145, 667
7261, 109, 537, 1393, 1, 0, 12.74%, 0, 0, 12, 7861.74, 57303845, 667
7266, 109, 120, 1393, 1, 0, 12.74%, 0, 0, 12, 7882.54, 57343632, 667
7271, 109, 220, 1393, 1, 0, 12.74%, 0, 0, 12, 7892.15, 57383665, 667
7276, 109, 812, 1393, 1, 0, 12.74%, 0, 0, 12, 7875.89, 57423680, 667
7281, 109, 468, 1393, 1, 0, 12.74%, 0, 0, 12, 7866.00, 57463832, 667
7286, 109, 306, 1393, 1, 0, 12.74%, 0, 0, 12, 7875.71, 57504273, 667
7291, 109, 13, 1393, 1, 0, 12.74%, 0, 0, 12, 7868.60, 57544008, 667
7296, 109, 176, 1393, 1, 0, 12.74%, 0, 0, 12, 7850.28, 57583892, 667
7301, 109, 51, 1393, 1, 0, 12.74%, 0, 0, 12, 7873.54, 57624206, 667
7306, 110, 176, 1393, 1, 0, 12.74%, 0, 0, 12, 7856.26, 57664045, 667
7311, 110, 657, 1393, 1, 0, 12.74%, 0, 0, 12, 7890.49, 57704519, 667
7317, 110, 620, 1393, 1, 0, 12.74%, 0, 0, 12, 7887.82, 57744508, 667
7322, 110, 815, 1393, 1, 0, 12.74%, 0, 0, 12, 7830.25, 57784518, 667
7327, 110, 176, 1393, 1, 0, 12.74%, 0, 0, 12, 7847.33, 57824349, 667
7332, 110, 336, 1393, 1, 0, 12.74%, 0, 0, 12, 7865.98, 57864513, 667
7337, 110, 164, 1393, 1, 0, 12.74%, 0, 0, 12, 7893.14, 57905016, 667
7342, 110, 33, 1393, 1, 0, 12.74%, 0, 0, 12, 7873.41, 57945203, 667
7347, 110, 176, 1393, 1, 0, 12.74%, 0, 0, 12, 7884.44, 57985411, 667
7352, 110, 276, 1393, 1, 0, 12.74%, 0, 0, 12, 7759.87, 58025533, 667
7357, 110, 721, 1393, 1, 0, 12.74%, 0, 0, 12, 7883.02, 58065787, 667
7362, 110, 505, 1393, 1, 0, 12.74%, 0, 0, 12, 7884.76, 58106071, 667
7368, 110, 13, 1393, 1, 0, 12.74%, 0, 0, 12, 7896.75, 58146219, 667
7373, 110, 13, 1393, 1, 0, 12.74%, 0, 0, 12, 7845.57, 58186015, 667
7378, 111, 50, 1393, 1, 0, 12.74%, 0, 0, 12, 7818.65, 58225825, 667
7383, 111, 13, 1393, 1, 0, 12.74%, 0, 0, 12, 7852.10, 58265589, 667
7388, 111, 42, 1393, 1, 0, 12.74%, 0, 0, 12, 7886.92, 58305899, 667
7393, 111, 603, 1393, 1, 0, 12.74%, 0, 0, 12, 7888.79, 58346156, 667
7398, 111, 126, 1393, 1, 0, 12.74%, 0, 0, 12, 7833.93, 58386044, 667
7403, 111, 42, 1393, 1, 0, 12.74%, 0, 0, 12, 7847.47, 58425848, 667
7408, 111, 90, 1393, 1, 0, 12.74%, 0, 0, 12, 7821.36, 58465349, 667
7413, 111, 185, 1393, 1, 0, 12.74%, 0, 0, 12, 7855.08, 58505222, 667
7418, 111, 164, 1393, 1, 0, 12.74%, 0, 0, 12, 7894.77, 58545648, 667
7423, 111, 402, 1393, 1, 0, 12.74%, 0, 0, 12, 7924.37, 58586010, 667
7429, 111, 13, 1393, 1, 0, 12.74%, 0, 0, 12, 7916.95, 58626023, 667
7434, 111, 537, 1393, 1, 0, 12.74%, 0, 0, 12, 7833.50, 58665339, 667
7439, 111, 396, 1393, 1, 0, 12.74%, 0, 0, 12, 7827.65, 58705125, 667
7444, 112, 1122, 1393, 1, 0, 12.74%, 0, 0, 12, 7849.96, 58745344, 667
7449, 112, 149, 1393, 1, 0, 12.74%, 0, 0, 12, 7854.32, 58785197, 667
7454, 112, 176, 1393, 1, 0, 12.74%, 0, 0, 12, 7864.91, 58824923, 667
7459, 112, 93, 1393, 1, 0, 12.74%, 0, 0, 12, 7876.61, 58865001, 667
7464, 112, 126, 1393, 1, 0, 12.74%, 0, 0, 12, 7869.19, 58905365, 667
7469, 112, 462, 1393, 1, 0, 12.74%, 0, 0, 12, 7876.30, 58945311, 667
7474, 112, 466, 1393, 1, 0, 12.74%, 0, 0, 12, 7854.22, 58985497, 667
7479, 112, 786, 1393, 1, 0, 12.74%, 0, 0, 12, 7845.40, 59025494, 667
7484, 112, 286, 1393, 1, 0, 12.74%, 0, 0, 12, 7833.62, 59065247, 667
7490, 112, 50, 1393, 1, 0, 12.74%, 0, 0, 12, 7881.42, 59105402, 667
7495, 112, 718, 1393, 1, 0, 12.74%, 0, 0, 12, 7885.65, 59145524, 667
7500, 112, 306, 1393, 1, 0, 12.74%, 0, 0, 12, 7855.75, 59185513, 667
7505, 112, 596, 1393, 1, 0, 12.74%, 0, 0, 12, 7896.37, 59225571, 667
7510, 112, 546, 1393, 1, 0, 12.74%, 0, 0, 12, 7865.47, 59265331, 667
7515, 113, 185, 1393, 1, 0, 12.74%, 0, 0, 12, 7891.55, 59305569, 667
7520, 113, 42, 1393, 1, 0, 12.74%, 0, 0, 12, 7838.70, 59345563, 667
7525, 113, 599, 1393, 1, 0, 12.74%, 0, 0, 12, 7854.12, 59385755, 667
7530, 113, 249, 1393, 1, 0, 12.74%, 0, 0, 12, 7906.70, 59426301, 667
7535, 113, 472, 1393, 1, 0, 12.74%, 0, 0, 12, 7883.38, 59466812, 667
7541, 113, 462, 1393, 1, 0, 12.74%, 0, 0, 12, 7857.48, 59506902, 667
7546, 113, 185, 1393, 1, 0, 12.74%, 0, 0, 12, 7823.17, 59546901, 667
7551, 113, 721, 1393, 1, 0, 12.74%, 0, 0, 12, 7856.50, 59587329, 667
7556, 113, 558, 1393, 1, 0, 12.74%, 0, 0, 12, 7879.19, 59627581, 667
7561, 113, 402, 1393, 1, 0, 12.74%, 0, 0, 12, 7870.96, 59667626, 667
7566, 113, 306, 1393, 1, 0, 12.74%, 0, 0, 12, 7870.15, 59707879, 667
7571, 113, 601, 1393, 1, 0, 12.74%, 0, 0, 12, 7885.85, 59748316, 667
7576, 113, 718, 1393, 1, 0, 12.74%, 0, 0, 12, 7897.71, 59788544, 667
7581, 114, 492, 1393, 1, 0, 12.74%, 0, 0, 12, 7887.81, 59829207, 667
7587, 114, 461, 1393, 1, 0, 12.74%, 0, 0, 12, 7878.07, 59869455, 667
7592, 114, 466, 1393, 1, 0, 12.74%, 0, 0, 12, 7886.86, 59909349, 667
7597, 114, 448, 1393, 1, 0, 12.74%, 0, 0, 12, 7890.33, 59949464, 667
7602, 114, 428, 1393, 1, 0, 12.74%, 0, 0, 12, 7882.35, 59989650, 667
7607, 114, 329, 1393, 1, 0, 12.74%, 0, 0, 12, 7891.48, 60029764, 667
7612, 114, 802, 1393, 1, 0, 12.74%, 0, 0, 12, 7808.32, 60070098, 667
7617, 114, 50, 1393, 1, 0, 12.74%, 0, 0, 12, 7874.93, 60110317, 667
7622, 114, 802, 1393, 1, 0, 12.74%, 0, 0, 12, 7833.36, 60150073, 667
7627, 114, 360, 1393, 1, 0, 12.74%, 0, 0, 12, 7875.53, 60190279, 667
7632, 114, 873, 1393, 1, 0, 12.74%, 0, 0, 12, 7895.23, 60230601, 667
7638, 114, 596, 1393, 1, 0, 12.74%, 0, 0, 12, 7851.44, 60270119, 667
7643, 114, 35, 1393, 1, 0, 12.74%, 0, 0, 12, 7884.33, 60310042, 667
7648, 114, 295, 1393, 1, 0, 12.74%, 0, 0, 12, 7893.63, 60350324, 667
7653, 115, 826, 1393, 1, 0, 12.74%, 0, 0, 12, 7877.47, 60390415, 667
7658, 115, 826, 1393, 1, 0, 12.74%, 0, 0, 12, 7849.50, 60430383, 667
7663, 115, 620, 1393, 1, 0, 12.74%, 0, 0, 12, 7869.34, 60470250, 667
7668, 115, 136, 1393, 1, 0, 12.74%, 0, 0, 12, 7866.21, 60510187, 667
7673, 115, 804, 1393, 1, 0, 12.74%, 0, 0, 12, 7819.60, 60549893, 667
7678, 115, 566, 1393, 1, 0, 12.74%, 0, 0, 12, 7886.81, 60589917, 667
7683, 115, 535, 1393, 1, 0, 12.74%, 0, 0, 12, 7828.46, 60630061, 667
7688, 115, 462, 1393, 1, 0, 12.74%, 0, 0, 12, 7881.04, 60670261, 667
7694, 115, 804, 1393, 1, 0, 12.74%, 0, 0, 12, 7917.32, 60710501, 667
7699, 115, 126, 1393, 1, 0, 12.74%, 0, 0, 12, 7778.31, 60749628, 667
7704, 115, 306, 1393, 1, 0, 12.74%, 0, 0, 12, 7862.56, 60789958, 667
7709, 115, 122, 1393, 1, 0, 12.74%, 0, 0, 12, 7846.17, 60830136, 667
7714, 115, 13, 1393, 1, 0, 12.74%, 0, 0, 12, 7842.60, 60870153, 667
7719, 115, 33, 1393, 1, 0, 12.74%, 0, 0, 12, 7876.02, 60910379, 667
7724, 116, 186, 1393, 1, 0, 12.74%, 0, 0, 12, 7882.63, 60950407, 667
7729, 116, 176, 1393, 1, 0, 12.74%, 0, 0, 12, 7905.35, 60990621, 667
7734, 116, 13, 1393, 1, 0, 12.74%, 0, 0, 12, 7875.39, 61030424, 667
7739, 116, 452, 1393, 1, 0, 12.74%, 0, 0, 12, 7865.00, 61070535, 667
7744, 116, 13, 1393, 1, 0, 12.74%, 0, 0, 12, 7877.41, 61110602, 667
7750, 116, 286, 1394, 2, 0, 12.74%, 0, 0, 12, 7810.52, 61150298, 667
7755, 116, 192, 1394, 2, 0, 12.74%, 0, 0, 12, 7851.50, 61190041, 667
7760, 116, 596, 1394, 2, 0, 12.74%, 0, 0, 12, 7897.78, 61229832, 667
7765, 116, 13, 1394, 2, 0, 12.74%, 0, 0, 12, 7871.01, 61269855, 667
7770, 116, 452, 1394, 2, 0, 12.74%, 0, 0, 12, 7863.26, 61310091, 667
7775, 116, 428, 1394, 2, 0, 12.74%, 0, 0, 12, 7874.37, 61350496, 667
7780, 116, 306, 1394, 2, 0, 12.74%, 0, 0, 12, 7871.11, 61390664, 667
7785, 116, 1339, 1394, 2, 0, 12.74%, 0, 0, 12, 7844.62, 61430842, 667
7790, 116, 42, 1394, 2, 0, 12.74%, 0, 0, 12, 7849.12, 61471025, 667
7795, 117, 521, 1394, 2, 0, 12.74%, 0, 0, 12, 7863.12, 61511240, 667
7800, 117, 537, 1394, 2, 0, 12.74%, 0, 0, 12, 7857.98, 61551289, 667
7806, 117, 472, 1394, 2, 0, 12.74%, 0, 0, 12, 7874.52, 61591592, 667
7811, 117, 822, 1394, 2, 0, 12.74%, 0, 0, 12, 7844.28, 61631406, 667
7816, 117, 175, 1394, 2, 0, 12.74%, 0, 0, 12, 7804.10, 61671256, 667
7821, 117, 59, 1394, 2, 0, 12.74%, 0, 0, 12, 7752.54, 61710721, 667
7826, 117, 1054, 1394, 2, 0, 12.74%, 0, 0, 12, 7822.52, 61750510, 667
7831, 117, 13, 1394, 2, 0, 12.74%, 0, 0, 12, 7862.46, 61790355, 667
7836, 117, 802, 1394, 2, 0, 12.74%, 0, 0, 12, 7822.94, 61829969, 667
7841, 117, 815, 1394, 2, 0, 12.74%, 0, 0, 12, 7884.85, 61870537, 667
7846, 117, 734, 1394, 2, 0, 12.74%, 0, 0, 12, 7876.28, 61910695, 667
7851, 117, 176, 1394, 2, 0, 12.74%, 0, 0, 12, 7822.83, 61950413, 667
7856, 117, 50, 1394, 2, 0, 12.74%, 0, 0, 12, 7863.65, 61990388, 667
7862, 118, 721, 1394, 2, 0, 12.74%, 0, 0, 12, 7876.89, 62030433, 667
7867, 118, 176, 1394, 2, 0, 12.74%, 0, 0, 12, 7893.41, 62070693, 667
7872, 118, 484, 1394, 2, 0, 12.74%, 0, 0, 12, 7873.55, 62110835, 667
7877, 118, 828, 1394, 2, 0, 12.74%, 0, 0, 12, 7888.43, 62151078, 667
7882, 118, 352, 1394, 2, 0, 12.74%, 0, 0, 12, 7890.21, 62190848, 667
7887, 118, 306, 1394, 2, 0, 12.74%, 0, 0, 12, 7816.08, 62230836, 667
7892, 118, 304, 1394, 2, 0, 12.74%, 0, 0, 12, 7831.90, 62270964, 667
7897, 118, 815, 1394, 2, 0, 12.74%, 0, 0, 12, 7869.29, 62311063, 667
7902, 118, 596, 1395, 3, 0, 12.74%, 0, 0, 12, 7839.27, 62350688, 667
7907, 118, 42, 1395, 3, 0, 12.74%, 0, 0, 12, 7853.12, 62390585, 667
7913, 118, 931, 1395, 3, 0, 12.74%, 0, 0, 12, 7865.35, 62430940, 667
7918, 118, 457, 1395, 3, 0, 12.74%, 0, 0, 12, 7869.23, 62471069, 667
7923, 118, 832, 1395, 3, 0, 12.74%, 0, 0, 12, 7861.34, 62510782, 667
7928, 118, 221, 1395, 3, 0, 12.74%, 0, 0, 12, 7865.23, 62550897, 667
7933, 119, 537, 1395, 3, 0, 12.74%, 0, 0, 12, 7855.16, 62590998, 667
7938, 119, 448, 1395, 3, 0, 12.74%, 0, 0, 12, 7862.89, 62630972, 667
7943, 119, 832, 1395, 3, 0, 12.74%, 0, 0, 12, 7864.38, 62671002, 667
7948, 119, 91, 1395, 3, 0, 12.74%, 0, 0, 12, 7900.35, 62711140, 667
7953, 119, 274, 1395, 3, 0, 12.74%, 0, 0, 12, 7867.52, 62751272, 667
7958, 119, 11, 1395, 3, 0, 12.74%, 0, 0, 12, 7873.30, 62791167, 667
7963, 119, 603, 1395, 3, 0, 12.74%, 0, 0, 12, 7892.12, 62831506, 667
7969, 119, 42, 1395, 3, 0, 12.74%, 0, 0, 12, 7922.97, 62871933, 667
7974, 119, 100, 1395, 3, 0, 12.74%, 0, 0, 12, 7875.17, 62911971, 667
7979, 119, 184, 1395, 3, 0, 12.74%, 0, 0, 12, 7882.64, 62952017, 667
7984, 119, 276, 1395, 3, 0, 12.74%, 0, 0, 12, 7866.77, 62991802, 667
7989, 119, 305, 1395, 3, 0, 12.74%, 0, 0, 12, 7820.10, 63031627, 667
7994, 119, 822, 1395, 3, 0, 12.74%, 0, 0, 12, 7889.77, 63072034, 667
7999, 119, 321, 1395, 3, 0, 12.74%, 0, 0, 12, 7858.10, 63112210, 667
8004, 120, 327, 1395, 3, 0, 12.74%, 0, 0, 12, 7881.08, 63152436, 667
8009, 120, 428, 1395, 3, 0, 12.74%, 0, 0, 12, 7913.89, 63193018, 667
8014, 120, 13, 1395, 3, 0, 12.74%, 0, 0, 12, 7902.03, 63233636, 667
8020, 120, 16, 1395, 3, 0, 12.74%, 0, 0, 12, 7862.89, 63273787, 667
8025, 120, 306, 1395, 3, 0, 12.74%, 0, 0, 12, 7876.35, 63313666, 667
8030, 120, 734, 1395, 3, 0, 12.74%, 0, 0, 12, 7901.40, 63353955, 667
8035, 120, 51, 1395, 3, 0, 12.74%, 0, 0, 12, 7889.09, 63393992, 667
8040, 120, 138, 1395, 3, 0, 12.74%, 0, 0, 12, 7876.84, 63433865, 667
8045, 120, 13, 1395, 3, 0, 12.74%, 0, 0, 12, 7865.17, 63473656, 667
8050, 120, 276, 1395, 3, 0, 12.74%, 0, 0, 12, 7909.40, 63513807, 667
8055, 120, 620, 1395, 3, 0, 12.74%, 0, 0, 12, 7887.26, 63554123, 667
8060, 120, 479, 1395, 3, 0, 12.74%, 0, 0, 12, 7886.00, 63594326, 667
8065, 120, 13, 1395, 3, 0, 12.74%, 0, 0, 12, 7892.37, 63634408, 667
8070, 120, 367, 1395, 3, 0, 12.74%, 0, 0, 12, 7851.59, 63674104, 667
8075, 121, 483, 1395, 3, 0, 12.74%, 0, 0, 12, 7855.05, 63713822, 667
8080, 121, 16, 1395, 3, 0, 12.74%, 0, 0, 12, 7879.99, 63753688, 667
8086, 121, 504, 1395, 3, 0, 12.74%, 0, 0, 12, 7880.80, 63793885, 667
8091, 121, 345, 1395, 3, 0, 12.74%, 0, 0, 12, 7884.46, 63833823, 667
8096, 121, 407, 1395, 3, 0, 12.74%, 0, 0, 12, 7840.30, 63873774, 667
8101, 121, 620, 1395, 3, 0, 12.74%, 0, 0, 12, 7864.06, 63913910, 667
8106, 121, 158, 1395, 3, 0, 12.74%, 0, 0, 12, 7897.14, 63954021, 667
8111, 121, 804, 1395, 3, 0, 12.74%, 0, 0, 12, 7883.48, 63993735, 667
8116, 121, 804, 1395, 3, 0, 12.74%, 0, 0, 12, 7843.91, 64033470, 667
8121, 121, 931, 1395, 3, 0, 12.74%, 0, 0, 12, 7871.56, 64073671, 667
8126, 121, 472, 1395, 3, 0, 12.74%, 0, 0, 12, 7887.35, 64113831, 667
8131, 121, 126, 1395, 3, 0, 12.74%, 0, 0, 12, 7803.70, 64153478, 667
8136, 121, 535, 1395, 3, 0, 12.74%, 0, 0, 12, 7844.99, 64193297, 667
8141, 122, 456, 1395, 3, 0, 12.74%, 0, 0, 12, 7811.05, 64233056, 667
8147, 122, 13, 1395, 3, 0, 12.74%, 0, 0, 12, 7845.75, 64272934, 667
8152, 122, 472, 1395, 3, 0, 12.74%, 0, 0, 12, 7901.72, 64313072, 667
8157, 122, 321, 1395, 3, 0, 12.74%, 0, 0, 12, 7900.13, 64353526, 667
8162, 122, 558, 1395, 3, 0, 12.74%, 0, 0, 12, 7802.13, 64393016, 667
8167, 122, 173, 1395, 3, 0, 12.74%, 0, 0, 12, 7880.71, 64433382, 667
8172, 122, 524, 1395, 3, 0, 12.74%, 0, 0, 12, 7842.32, 64473464, 667
8177, 122, 1394, 1395, 3, 0, 12.74%, 0, 0, 12, 7840.70, 64513616, 667
8182, 122, 327, 1395, 2, 0, 12.74%, 0, 0, 12, 7796.99, 64553266, 667
8187, 122, 204, 1395, 2, 0, 12.74%, 0, 0, 12, 7858.82, 64593441, 667
8192, 122, 462, 1395, 2, 0, 12.74%, 0, 0, 12, 7882.49, 64633495, 667
8198, 122, 802, 1395, 2, 0, 12.74%, 0, 0, 12, 7858.96, 64673359, 667
8203, 122, 306, 1395, 2, 0, 12.74%, 0, 0, 12, 7886.01, 64713558, 667
8208, 122, 596, 1395, 2, 0, 12.74%, 0, 0, 12, 7897.91, 64753959, 667
8213, 123, 50, 1395, 2, 0, 12.74%, 0, 0, 12, 7918.19, 64794359, 667
8218, 123, 422, 1395, 2, 0, 12.74%, 0, 0, 12, 7858.49, 64834283, 667
8223, 123, 457, 1395, 2, 0, 12.74%, 0, 0, 12, 7859.68, 64873944, 667
8228, 123, 566, 1395, 2, 0, 12.74%, 0, 0, 12, 7815.33, 64913734, 667
8233, 123, 30, 1395, 2, 0, 12.74%, 0, 0, 12, 7861.92, 64953905, 667
8238, 123, 306, 1395, 2, 0, 12.74%, 0, 0, 12, 7843.28, 64994146, 667
8243, 123, 461, 1395, 2, 0, 12.74%, 0, 0, 12, 7877.80, 65034075, 667
8248, 123, 42, 1395, 2, 0, 12.74%, 0, 0, 12, 7882.89, 65074198, 667
8254, 123, 50, 1395, 2, 0, 12.74%, 0, 0, 12, 7860.59, 65114141, 667
8259, 123, 69, 1395, 2, 0, 12.74%, 0, 0, 12, 7861.25, 65154270, 667
8264, 123, 190, 1395, 2, 0, 12.74%, 0, 0, 12, 7888.19, 65194307, 667
8269, 123, 448, 1395, 1, 0, 12.74%, 0, 0, 12, 7597.36, 65232756, 667
8274, 123, 35, 1395, 1, 0, 12.74%, 0, 0, 12, 7825.96, 65272431, 667
8279, 123, 149, 1395, 1, 0, 12.74%, 0, 0, 12, 7870.45, 65312502, 667
8284, 124, 16, 1395, 1, 0, 12.74%, 0, 0, 12, 7874.27, 65352992, 667
8289, 124, 603, 1395, 1, 0, 12.74%, 0, 0, 12, 7883.25, 65392993, 667
8294, 124, 828, 1395, 1, 0, 12.74%, 0, 0, 12, 7858.29, 65432841, 667
8299, 124, 306, 1395, 1, 0, 12.74%, 0, 0, 12, 7862.37, 65473045, 667
8304, 124, 804, 1395, 1, 0, 12.74%, 0, 0, 12, 7842.43, 65513261, 667
8310, 124, 566, 1395, 1, 0, 12.74%, 0, 0, 12, 7840.04, 65553016, 667
8315, 124, 826, 1395, 1, 0, 12.74%, 0, 0, 12, 7873.82, 65593129, 667
8320, 124, 175, 1395, 1, 0, 12.74%, 0, 0, 12, 7796.45, 65632678, 667
8325, 124, 657, 1395, 1, 0, 12.74%, 0, 0, 12, 7864.76, 65672586, 667
8330, 124, 721, 1395, 1, 0, 12.74%, 0, 0, 12, 7836.37, 65712398, 667
8335, 124, 822, 1395, 1, 0, 12.74%, 0, 0, 12, 7817.89, 65752456, 667
8340, 124, 448, 1395, 1, 0, 12.74%, 0, 0, 12, 7847.00, 65792545, 667
8345, 124, 458, 1395, 1, 0, 12.74%, 0, 0, 12, 7842.92, 65832784, 667
8350, 125, 35, 1395, 1, 0, 12.74%, 0, 0, 12, 7820.07, 65872378, 667
8355, 125, 828, 1395, 1, 0, 12.74%, 0, 0, 12, 7866.00, 65912333, 667
8360, 125, 295, 1395, 1, 0, 12.74%, 0, 0, 12, 7849.28, 65952495, 667
8366, 125, 42, 1395, 1, 0, 12.74%, 0, 0, 12, 7831.14, 65992223, 667
8371, 125, 452, 1395, 1, 0, 12.74%, 0, 0, 12, 7827.31, 66032204, 667
8376, 125, 601, 1395, 1, 0, 12.74%, 0, 0, 12, 7812.64, 66072769, 667
8381, 125, 470, 1395, 1, 0, 12.74%, 0, 0, 12, 7871.51, 66112839, 667
8386, 125, 306, 1395, 1, 0, 12.74%, 0, 0, 12, 7828.57, 66152581, 667
8391, 125, 457, 1395, 1, 0, 12.74%, 0, 0, 12, 7882.40, 66193035, 667
8396, 125, 532, 1395, 1, 0, 12.74%, 0, 0, 12, 7871.24, 66233394, 667
8401, 125, 120, 1395, 1, 0, 12.74%, 0, 0, 12, 7845.38, 66273460, 667
8406, 125, 59, 1395, 1, 0, 12.74%, 0, 0, 12, 7859.43, 66313257, 667
8411, 125, 456, 1395, 1, 0, 12.74%, 0, 0, 12, 7863.64, 66353050, 667
8417, 125, 802, 1395, 1, 0, 12.74%, 0, 0, 12, 7885.09, 66393186, 667
8422, 126, 176, 1395, 1, 0, 12.74%, 0, 0, 12, 7876.21, 66432895, 667
8427, 126, 35, 1395, 1, 0, 12.74%, 0, 0, 12, 7884.41, 66473172, 667
8432, 126, 13, 1395, 1, 0, 12.74%, 0, 0, 12, 7862.46, 66513641, 667
8437, 126, 466, 1395, 1, 0, 12.74%, 0, 0, 12, 7838.92, 66553450, 667
8442, 126, 466, 1395, 1, 0, 12.74%, 0, 0, 12, 7852.29, 66593882, 667
8447, 126, 87, 1395, 1, 0, 12.74%, 0, 0, 12, 7855.32, 66633845, 667
8452, 126, 448, 1395, 1, 0, 12.74%, 0, 0, 12, 7881.74, 66673887, 667
8457, 126, 42, 1395, 1, 0, 12.74%, 0, 0, 12, 7821.61, 66713635, 667
8462, 126, 211, 1395, 1, 0, 12.74%, 0, 0, 12, 7874.95, 66753742, 667
8468, 126, 828, 1395, 1, 0, 12.74%, 0, 0, 12, 7877.63, 66794017, 667
8473, 126, 43, 1395, 1, 0, 12.74%, 0, 0, 12, 7817.49, 66833592, 667
8478, 126, 468, 1395, 1, 0, 12.74%, 0, 0, 12, 7876.34, 66873969, 667
8483, 126, 452, 1395, 1, 0, 12.74%, 0, 0, 12, 7863.08, 66913879, 667
8488, 126, 149, 1395, 1, 0, 12.74%, 0, 0, 12, 7878.76, 66954019, 667
8493, 127, 190, 1395, 1, 0, 12.74%, 0, 0, 12, 7897.98, 66994393, 667
8498, 127, 209, 1395, 1, 0, 12.74%, 0, 0, 12, 7862.28, 67034199, 667
8503, 127, 484, 1395, 1, 0, 12.74%, 0, 0, 12, 7903.28, 67074362, 667
8508, 127, 462, 1395, 1, 0, 12.74%, 0, 0, 12, 7893.93, 67114450, 667
8513, 127, 360, 1395, 1, 0, 12.74%, 0, 0, 12, 7888.28, 67154513, 667
8518, 127, 452, 1395, 1, 0, 12.74%, 0, 0, 12, 7866.26, 67194826, 667
8524, 127, 524, 1395, 0, 0, 12.74%, 0, 0, 12, 7527.73, 67233570, 667
8529, 127, 11, 1395, 0, 0, 12.74%, 0, 0, 12, 7821.96, 67274129, 667
8534, 127, 396, 1395, 0, 0, 12.74%, 0, 0, 12, 7851.11, 67313799, 667
8539, 127, 483, 1395, 0, 0, 12.74%, 0, 0, 12, 7890.32, 67354144, 667
8544, 127, 147, 1395, 0, 0, 12.74%, 0, 0, 12, 7895.75, 67394120, 667
8549, 127, 466, 1395, 0, 0, 12.74%, 0, 0, 12, 7858.01, 67434083, 667
8554, 127, 1041, 1395, 0, 0, 12.74%, 0, 0, 12, 7814.54, 67473631, 667
8559, 128, 532, 1395, 0, 0, 12.74%, 0, 0, 12, 7826.42, 67513779, 667
8564, 128, 42, 1395, 0, 0, 12.74%, 0, 0, 12, 7869.95, 67553665, 667
8569, 128, 457, 1395, 0, 0, 12.74%, 0, 0, 12, 7825.15, 67593365, 667
8575, 128, 456, 1395, 0, 0, 12.74%, 0, 0, 12, 7844.69, 67633738, 667
8580, 128, 815, 1395, 0, 0, 12.74%, 0, 0, 12, 7840.85, 67673920, 667
8585, 128, 42, 1395, 0, 0, 12.74%, 0, 0, 12, 7859.23, 67714289, 667
8590, 128, 68, 1395, 0, 0, 12.74%, 0, 0, 12, 7837.32, 67754113, 667
8595, 128, 345, 1395, 0, 0, 12.74%, 0, 0, 12, 7853.58, 67794350, 667
8600, 128, 599, 1395, 0, 0, 12.74%, 0, 0, 12, 7836.75, 67834695, 667
8605, 128, 33, 1395, 0, 0, 12.74%, 0, 0, 12, 7884.78, 67874638, 667
8610, 128, 42, 1395, 0, 0, 12.74%, 0, 0, 12, 7896.79, 67914960, 667
8615, 128, 42, 1395, 0, 0, 12.74%, 0, 0, 12, 7872.43, 67955220, 667
8621, 128, 802, 1395, 0, 0, 12.74%, 0, 0, 12, 7871.07, 67995342, 667
8626, 128, 176, 1395, 0, 0, 12.74%, 0, 0, 12, 7869.03, 68035381, 667
8631, 129, 596, 1395, 0, 0, 12.74%, 0, 0, 12, 7847.36, 68075581, 667
8636, 129, 657, 1395, 0, 0, 12.74%, 0, 0, 12, 7908.87, 68115787, 667
8641, 129, 306, 1395, 0, 0, 12.74%, 0, 0, 12, 7898.06, 68155931, 667
8646, 129, 33, 1395, 0, 0, 12.74%, 0, 0, 12, 7885.45, 68196595, 667
8651, 129, 71, 1395, 0, 0, 12.74%, 0, 0, 12, 7875.84, 68236288, 667
8656, 129, 616, 1395, 0, 0, 12.74%, 0, 0, 12, 7827.15, 68276447, 667
8661, 129, 448, 1395, 0, 0, 12.74%, 0, 0, 12, 7876.82, 68316632, 667
8666, 129, 13, 1395, 0, 0, 12.74%, 0, 0, 12, 7882.46, 68356410, 667
8671, 129, 390, 1395, 0, 0, 12.74%, 0, 0, 12, 7869.67, 68396271, 667
8677, 129, 13, 1395, 0, 0, 12.74%, 0, 0, 12, 7893.94, 68436534, 667
8682, 129, 249, 1395, 0, 0, 12.74%, 0, 0, 12, 7852.22, 68476995, 667
8687, 129, 50, 1395, 0, 0, 12.74%, 0, 0, 12, 7877.96, 68517480, 667
8692, 129, 33, 1395, 0, 0, 12.74%, 0, 0, 12, 7850.39, 68557397, 667
8697, 129, 802, 1395, 0, 0, 12.74%, 0, 0, 12, 7858.82, 68597749, 667
8702, 130, 50, 1395, 0, 0, 12.74%, 0, 0, 12, 7869.53, 68637656, 667
8707, 130, 13, 1395, 0, 0, 12.74%, 0, 0, 12, 7875.92, 68677709, 667
8712, 130, 504, 1395, 0, 0, 12.74%, 0, 0, 12, 7839.19, 68717521, 667
8717, 130, 466, 1395, 0, 0, 12.74%, 0, 0, 12, 7896.15, 68757683, 667
8723, 130, 276, 1395, 0, 0, 12.74%, 0, 0, 12, 7865.37, 68797858, 667
8728, 130, 42, 1395, 0, 0, 12.74%, 0, 0, 12, 7858.69, 68837933, 667
8733, 130, 784, 1395, 0, 0, 12.74%, 0, 0, 12, 7891.95, 68878079, 667
8738, 130, 126, 1395, 0, 0, 12.74%, 0, 0, 12, 7879.94, 68918297, 667
8743, 130, 35, 1395, 0, 0, 12.74%, 0, 0, 12, 7884.58, 68958505, 667
8748, 130, 306, 1395, 0, 0, 12.74%, 0, 0, 12, 7869.68, 68998891, 667
8753, 130, 136, 1395, 0, 0, 12.74%, 0, 0, 12, 7888.58, 69039088, 667
8758, 130, 802, 1395, 0, 0, 12.74%, 0, 0, 12, 7837.78, 69078898, 667
8763, 130, 822, 1395, 0, 0, 12.74%, 0, 0, 12, 7888.58, 69119240, 667
8768, 131, 306, 1395, 0, 0, 12.74%, 0, 0, 12, 7853.06, 69159434, 667
8774, 131, 422, 1395, 0, 0, 12.74%, 0, 0, 12, 7846.50, 69199181, 667
8779, 131, 42, 1395, 0, 0, 12.74%, 0, 0, 12, 7865.68, 69239047, 667
8784, 131, 16, 1395, 0, 0, 12.74%, 0, 0, 12, 7800.66, 69278633, 667
8789, 131, 828, 1395, 0, 0, 12.74%, 0, 0, 12, 7821.49, 69318388, 667
8794, 131, 164, 1395, 0, 0, 12.74%, 0, 0, 12, 7829.25, 69358258, 667
8799, 131, 804, 1395, 0, 0, 12.74%, 0, 0, 12, 7849.65, 69398030, 667
8804, 131, 949, 1395, 0, 0, 12.74%, 0, 0, 12, 7852.91, 69437786, 667
8809, 131, 69, 1395, 0, 0, 12.74%, 0, 0, 12, 7893.61, 69478004, 667
8814, 131, 106, 1395, 0, 0, 12.74%, 0, 0, 12, 7872.67, 69518085, 667
8819, 131, 424, 1395, 0, 0, 12.74%, 0, 0, 12, 7835.17, 69558222, 667
8824, 131, 1108, 1395, 0, 0, 12.74%, 0, 0, 12, 7840.87, 69597931, 667
8829, 131, 448, 1395, 0, 0, 12.74%, 0, 0, 12, 7834.35, 69637819, 667
8835, 131, 734, 1395, 0, 0, 12.74%, 0, 0, 12, 7860.95, 69678031, 667
8840, 132, 301, 1395, 0, 0, 12.74%, 0, 0, 12, 7872.99, 69718511, 667
8845, 132, 120, 1395, 0, 0, 12.74%, 0, 0, 12, 7872.88, 69758560, 667
8850, 132, 949, 1395, 0, 0, 12.74%, 0, 0, 12, 7866.00, 69798503, 667
8855, 132, 718, 1395, 0, 0, 12.74%, 0, 0, 12, 7867.59, 69838561, 667
8860, 132, 504, 1395, 0, 0, 12.74%, 0, 0, 12, 7857.98, 69878483, 667
8865, 132, 721, 1396, 1, 0, 12.74%, 0, 0, 12, 7854.41, 69918292, 667
8870, 132, 360, 1396, 1, 0, 12.74%, 0, 0, 12, 7827.36, 69958017, 667
8875, 132, 468, 1397, 1, 0, 12.74%, 0, 0, 12, 7622.24, 69997586, 667
8880, 132, 176, 1397, 1, 0, 12.74%, 0, 0, 12, 7806.92, 70037285, 667
8885, 132, 306, 1397, 1, 0, 12.74%, 0, 0, 12, 7838.15, 70077444, 667
8891, 132, 828, 1397, 1, 0, 12.74%, 0, 0, 12, 7841.13, 70117503, 667
8896, 132, 149, 1397, 1, 0, 12.74%, 0, 0, 12, 7885.37, 70157562, 667
8901, 132, 456, 1397, 1, 0, 12.74%, 0, 0, 12, 7799.10, 70197550, 667
8906, 132, 33, 1397, 1, 0, 12.74%, 0, 0, 12, 7866.42, 70237705, 667
8911, 133, 504, 1397, 1, 0, 12.74%, 0, 0, 12, 7882.91, 70277569, 667
8916, 133, 52, 1397, 1, 0, 12.74%, 0, 0, 12, 7865.80, 70317588, 667
8921, 133, 16, 1397, 1, 0, 12.74%, 0, 0, 12, 7823.02, 70357494, 667
8926, 133, 176, 1397, 1, 0, 12.74%, 0, 0, 12, 7802.23, 70396998, 667
8931, 133, 306, 1397, 1, 0, 12.74%, 0, 0, 12, 7854.53, 70437210, 667
8936, 133, 422, 1397, 1, 0, 12.74%, 0, 0, 12, 7817.40, 70477093, 667
8941, 133, 537, 1397, 1, 0, 12.74%, 0, 0, 12, 7841.74, 70517014, 667
8947, 133, 126, 1397, 1, 0, 12.74%, 0, 0, 12, 7890.46, 70557012, 667
8952, 133, 504, 1397, 1, 0, 12.74%, 0, 0, 12, 7904.77, 70596982, 667
8957, 133, 13, 1397, 1, 0, 12.74%, 0, 0, 12, 7887.23, 70637229, 667
8962, 133, 483, 1397, 1, 0, 12.74%, 0, 0, 12, 7794.45, 70676883, 667
8967, 133, 42, 1397, 1, 0, 12.74%, 0, 0, 12, 7826.11, 70717328, 667
8972, 133, 59, 1397, 1, 0, 12.74%, 0, 0, 12, 7869.42, 70757319, 667
8977, 134, 13, 1397, 1, 0, 12.74%, 0, 0, 12, 7860.93, 70797114, 667
8982, 134, 424, 1397, 1, 0, 12.74%, 0, 0, 12, 7829.80, 70837183, 667
8987, 134, 126, 1397, 1, 0, 12.74%, 0, 0, 12, 7819.40, 70877150, 667
8992, 134, 784, 1398, 2, 0, 12.74%, 0, 0, 12, 7785.70, 70916727, 667
8997, 134, 828, 1398, 2, 0, 12.74%, 0, 0, 12, 7811.80, 70956761, 667
9003, 134, 42, 1398, 2, 0, 12.74%, 0, 0, 12, 7868.34, 70996936, 667
9008, 134, 575, 1398, 2, 0, 12.74%, 0, 0, 12, 7848.32, 71036709, 667
9013, 134, 16, 1398, 2, 0, 12.74%, 0, 0, 12, 7873.12, 71076470, 667
9018, 134, 176, 1398, 2, 0, 12.74%, 0, 0, 12, 7880.42, 71116599, 667
9023, 134, 306, 1398, 2, 0, 12.74%, 0, 0, 12, 7882.56, 71156536, 667
9028, 134, 13, 1398, 2, 0, 12.74%, 0, 0, 12, 7876.18, 71196555, 667
9033, 134, 126, 1398, 2, 0, 12.74%, 0, 0, 12, 7893.38, 71236259, 667
9038, 134, 42, 1398, 2, 0, 12.74%, 0, 0, 12, 7878.33, 71276068, 667
9043, 134, 456, 1398, 2, 0, 12.74%, 0, 0, 12, 7839.74, 71315853, 667
9048, 135, 30, 1398, 2, 0, 12.74%, 0, 0, 12, 7848.76, 71356121, 667
9053, 135, 360, 1398, 2, 0, 12.74%, 0, 0, 12, 7806.21, 71396131, 667
9059, 135, 828, 1399, 3, 0, 12.74%, 0, 0, 12, 7843.75, 71436351, 667
9064, 135, 818, 1399, 3, 0, 12.74%, 0, 0, 12, 7850.41, 71476782, 667
9069, 135, 367, 1399, 3, 0, 12.74%, 0, 0, 12, 7849.76, 71516880, 667
9074, 135, 126, 1399, 3, 0, 12.74%, 0, 0, 12, 7856.28, 71557011, 667
9079, 135, 51, 1399, 3, 0, 12.74%, 0, 0, 12, 7875.90, 71597186, 667
9084, 135, 13, 1399, 3, 0, 12.74%, 0, 0, 12, 7896.81, 71637370, 667
9089, 135, 176, 1401, 4, 0, 12.74%, 0, 0, 12, 7454.82, 71675606, 667
9094, 135, 13, 1401, 4, 0, 12.74%, 0, 0, 12, 7744.33, 71715232, 667
9099, 135, 13, 1401, 4, 0, 12.74%, 0, 0, 12, 7842.72, 71755505, 667
9105, 135, 69, 1401, 4, 0, 12.74%, 0, 0, 12, 7857.11, 71795641, 667
9110, 135, 33, 1401, 4, 0, 12.74%, 0, 0, 12, 7878.51, 71835667, 667
9115, 136, 13, 1401, 4, 0, 12.74%, 0, 0, 12, 7878.32, 71875848, 667
9120, 136, 138, 1401, 4, 0, 12.74%, 0, 0, 12, 7860.59, 71915637, 667
9125, 136, 126, 1401, 4, 0, 12.74%, 0, 0, 12, 7871.24, 71955907, 667
9130, 136, 456, 1401, 4, 0, 12.74%, 0, 0, 12, 7847.76, 71996054, 667
9135, 136, 185, 1401, 4, 0, 12.74%, 0, 0, 12, 7883.72, 72036249, 667
9140, 136, 479, 1403, 6, 0, 12.74%, 0, 0, 12, 7865.89, 72075968, 667
9145, 136, 321, 1403, 5, 0, 12.74%, 0, 0, 12, 7569.52, 72114769, 667
9150, 136, 13, 1403, 5, 0, 12.74%, 0, 0, 12, 7824.50, 72154568, 667
9155, 136, 50, 1403, 5, 0, 12.74%, 0, 0, 12, 7862.27, 72194727, 667
9161, 136, 51, 1403, 5, 0, 12.74%, 0, 0, 12, 7890.83, 72234674, 667
9166, 136, 978, 1403, 5, 0, 12.74%, 0, 0, 12, 7862.79, 72275092, 667
9171, 136, 185, 1403, 5, 0, 12.74%, 0, 0, 12, 7799.22, 72315148, 667
9176, 136, 51, 1403, 5, 0, 12.74%, 0, 0, 12, 7846.05, 72354732, 667
9181, 136, 524, 1403, 5, 0, 12.74%, 0, 0, 12, 7823.39, 72394301, 667
9186, 137, 718, 1403, 5, 0, 12.74%, 0, 0, 12, 7833.29, 72434447, 667
9191, 137, 466, 1403, 5, 0, 12.74%, 0, 0, 12, 7853.07, 72474952, 667
9196, 137, 734, 1403, 5, 0, 12.74%, 0, 0, 12, 7803.99, 72514306, 667
9201, 137, 407, 1403, 5, 0, 12.74%, 0, 0, 12, 7854.12, 72554234, 667
9206, 137, 13, 1403, 5, 0, 12.74%, 0, 0, 12, 7874.67, 72594258, 667
9212, 137, 1399, 1404, 6, 0, 12.74%, 0, 0, 12, 7478.52, 72633282, 667
9217, 137, 30, 1404, 5, 0, 12.74%, 0, 0, 12, 7801.78, 72673110, 667
9222, 137, 164, 1404, 5, 0, 12.74%, 0, 0, 12, 7867.19, 72713398, 667
9227, 137, 558, 1404, 5, 0, 12.74%, 0, 0, 12, 7839.57, 72753429, 667
9232, 137, 304, 1404, 5, 0, 12.74%, 0, 0, 12, 7857.70, 72793272, 667
9237, 137, 42, 1404, 5, 0, 12.74%, 0, 0, 12, 7839.14, 72832986, 667
9242, 137, 1398, 1408, 9, 0, 12.74%, 0, 0, 12, 6680.51, 72868283, 667
9247, 137, 802, 1408, 8, 0, 12.74%, 0, 0, 12, 7651.18, 72908072, 667
9252, 137, 93, 1408, 8, 0, 12.74%, 0, 0, 12, 7836.77, 72948214, 667
9257, 138, 832, 1408, 8, 0, 12.74%, 0, 0, 12, 7878.21, 72988264, 667
9262, 138, 822, 1409, 8, 0, 12.74%, 0, 0, 12, 7660.46, 73027766, 667
9268, 138, 306, 1410, 8, 0, 12.74%, 0, 0, 12, 7608.21, 73065780, 667
9273, 138, 461, 1410, 8, 0, 12.74%, 0, 0, 12, 7815.41, 73105978, 667
9278, 138, 149, 1410, 8, 0, 12.74%, 0, 0, 12, 7823.82, 73145713, 667
9283, 138, 457, 1410, 8, 0, 12.74%, 0, 0, 12, 7833.81, 73185535, 667
9288, 138, 126, 1410, 8, 0, 12.74%, 0, 0, 12, 7857.31, 73225290, 667
9293, 138, 718, 1410, 7, 0, 12.74%, 0, 0, 12, 7678.09, 73263952, 667
9298, 138, 1413, 1418, 14, 0, 12.74%, 0, 0, 12, 6429.43, 73295980, 667
9303, 138, 466, 1418, 13, 0, 12.74%, 0, 0, 12, 7472.27, 73334339, 667
9308, 138, 42, 1418, 13, 0, 12.74%, 0, 0, 12, 7763.06, 73373923, 667
9313, 138, 298, 1418, 11, 0, 12.74%, 0, 0, 12, 7474.37, 73411078, 667
9319, 138, 466, 1418, 10, 0, 12.74%, 0, 0, 12, 7465.69, 73449840, 667
9324, 138, 33, 1418, 10, 0, 12.74%, 0, 0, 12, 7772.30, 73489572, 667
9329, 138, 620, 1418, 10, 0, 12.74%, 0, 0, 12, 7855.63, 73529390, 667
9334, 138, 468, 1418, 9, 0, 12.74%, 0, 0, 12, 7672.07, 73567975, 667
9339, 139, 16, 1418, 9, 0, 12.74%, 0, 0, 12, 7828.93, 73607965, 667
9344, 139, 93, 1418, 9, 0, 12.74%, 0, 0, 12, 7857.85, 73647781, 667
9349, 139, 126, 1418, 8, 0, 12.74%, 0, 0, 12, 7574.83, 73686123, 667
9354, 139, 35, 1418, 8, 0, 12.74%, 0, 0, 12, 7824.83, 73725960, 667
9359, 139, 721, 1418, 8, 0, 12.74%, 0, 0, 12, 7868.33, 73765910, 667
9364, 139, 828, 1418, 7, 0, 12.74%, 0, 0, 12, 7603.25, 73804041, 667
9369, 139, 176, 1418, 7, 0, 12.74%, 0, 0, 12, 7812.95, 73844035, 667
9374, 139, 50, 1418, 7, 0, 12.74%, 0, 0, 12, 7814.23, 73883530, 667
9379, 139, 407, 1418, 7, 0, 12.74%, 0, 0, 12, 7834.76, 73923528, 667
9385, 139, 136, 1418, 7, 0, 12.74%, 0, 0, 12, 7813.66, 73963205, 667
9390, 139, 42, 1418, 7, 0, 12.74%, 0, 0, 12, 7863.38, 74003632, 667
9395, 139, 13, 1418, 7, 0, 12.74%, 0, 0, 12, 7867.22, 74043756, 667
9400, 139, 59, 1418, 7, 0, 12.74%, 0, 0, 12, 7866.04, 74083616, 667
9405, 139, 190, 1418, 7, 0, 12.74%, 0, 0, 12, 7868.32, 74123470, 667
9410, 140, 949, 1418, 7, 0, 12.74%, 0, 0, 12, 7885.32, 74163717, 667
9415, 140, 1412, 1418, 7, 0, 12.74%, 0, 0, 12, 7578.80, 74202822, 667
9420, 140, 448, 1423, 11, 0, 12.74%, 0, 0, 12, 7266.21, 74237073, 667
9425, 140, 90, 1423, 11, 0, 12.74%, 0, 0, 12, 7752.63, 74277211, 667
9431, 140, 220, 1423, 10, 0, 12.74%, 0, 0, 12, 7695.71, 74316009, 667
9436, 140, 620, 1423, 10, 0, 12.74%, 0, 0, 12, 7812.57, 74355870, 667
9441, 140, 30, 1423, 10, 0, 12.74%, 0, 0, 12, 7796.24, 74395329, 667
9446, 140, 402, 1424, 10, 0, 12.74%, 0, 0, 12, 7290.61, 74433106, 667
9451, 140, 42, 1424, 10, 0, 12.74%, 0, 0, 12, 7746.21, 74472919, 667
9456, 140, 13, 1424, 9, 0, 12.74%, 0, 0, 12, 7461.54, 74510918, 667
9461, 140, 13, 1424, 9, 0, 12.74%, 0, 0, 12, 7798.76, 74550624, 667
9466, 140, 42, 1424, 9, 0, 12.74%, 0, 0, 12, 7877.27, 74590895, 667
9471, 140, 13, 1424, 9, 0, 12.74%, 0, 0, 12, 7846.79, 74630878, 667
9476, 140, 30, 1424, 9, 0, 12.74%, 0, 0, 12, 7864.55, 74670814, 667
9481, 141, 931, 1424, 9, 0, 12.74%, 0, 0, 12, 7876.09, 74710900, 667
9486, 141, 1404, 1424, 9, 0, 12.74%, 0, 0, 12, 7461.06, 74749931, 667
9492, 141, 185, 1424, 8, 0, 12.74%, 0, 0, 12, 7779.53, 74789658, 667
9497, 141, 596, 1424, 8, 0, 12.74%, 0, 0, 12, 7836.68, 74829421, 667
9502, 141, 822, 1424, 8, 0, 12.74%, 0, 0, 12, 7871.01, 74869770, 667
9507, 141, 50, 1424, 8, 0, 12.74%, 0, 0, 12, 7867.76, 74909812, 667
9512, 141, 721, 1424, 8, 0, 12.74%, 0, 0, 12, 7851.73, 74949850, 667
9517, 141, 396, 1424, 7, 0, 12.74%, 0, 0, 12, 7642.57, 74987767, 667
9522, 141, 126, 1424, 7, 0, 12.74%, 0, 0, 12, 7816.27, 75027671, 667
9527, 141, 306, 1424, 7, 0, 12.74%, 0, 0, 12, 7825.66, 75067231, 667
9532, 141, 175, 1424, 7, 0, 12.74%, 0, 0, 12, 7740.21, 75106009, 667
9537, 141, 657, 1424, 7, 0, 12.74%, 0, 0, 12, 7809.35, 75145666, 667
9542, 141, 126, 1424, 7, 0, 12.74%, 0, 0, 12, 7868.12, 75185484, 667
9547, 141, 184, 1424, 7, 0, 12.74%, 0, 0, 12, 7878.40, 75225344, 667
9553, 141, 537, 1432, 14, 0, 12.74%, 0, 0, 12, 5935.34, 75254502, 667
9558, 142, 59, 1432, 14, 0, 12.74%, 0, 0, 12, 7490.78, 75294423, 667
9563, 142, 321, 1432, 14, 0, 12.74%, 0, 0, 12, 7792.23, 75334667, 667
9568, 142, 13, 1432, 14, 0, 12.74%, 0, 0, 12, 7842.26, 75374564, 667
9573, 142, 822, 1432, 14, 0, 12.74%, 0, 0, 12, 7875.80, 75414570, 667
9578, 142, 319, 1432, 14, 0, 12.74%, 0, 0, 12, 7878.96, 75454318, 667
9583, 142, 826, 1432, 14, 0, 12.74%, 0, 0, 12, 7818.55, 75494435, 667
9588, 142, 164, 1432, 14, 0, 12.74%, 0, 0, 12, 7858.53, 75534233, 667
9593, 142, 543, 1432, 13, 0, 12.74%, 0, 0, 12, 7383.18, 75572022, 667
9598, 142, 422, 1432, 12, 0, 12.74%, 0, 0, 12, 7495.65, 75609662, 667
9603, 142, 319, 1432, 12, 0, 12.74%, 0, 0, 12, 7773.96, 75649271, 667
9608, 142, 13, 1432, 12, 0, 12.74%, 0, 0, 12, 7775.08, 75688750, 667
9614, 142, 42, 1432, 12, 0, 12.74%, 0, 0, 12, 7852.41, 75728742, 667
9619, 142, 209, 1433, 13, 0, 12.74%, 0, 0, 12, 7797.52, 75768117, 667
9624, 142, 305, 1433, 11, 0, 12.74%, 0, 0, 12, 6844.14, 75801574, 667
9629, 142, 276, 1433, 10, 0, 12.74%, 0, 0, 12, 7256.22, 75836014, 667
9634, 143, 176, 1433, 10, 0, 12.74%, 0, 0, 12, 7723.07, 75875826, 667
9639, 143, 484, 1433, 10, 0, 12.74%, 0, 0, 12, 7823.22, 75915766, 667
9644, 143, 1413, 1433, 10, 0, 12.74%, 0, 0, 12, 7670.98, 75955332, 667
9649, 143, 42, 1433, 10, 0, 12.74%, 0, 0, 12, 7833.91, 75995272, 667
9654, 143, 69, 1433, 10, 0, 12.74%, 0, 0, 12, 7848.38, 76035417, 667
9659, 143, 11, 1433, 10, 0, 12.74%, 0, 0, 12, 7848.18, 76075171, 667
9664, 143, 13, 1433, 10, 0, 12.74%, 0, 0, 12, 7833.12, 76115237, 667
9669, 143, 1111, 1433, 10, 0, 12.74%, 0, 0, 12, 7874.72, 76155044, 667
9674, 143, 1429, 1445, 22, 0, 12.74%, 0, 0, 12, 5918.48, 76185858, 667
9679, 143, 452, 1447, 23, 0, 12.74%, 0, 0, 12, 6943.25, 76218678, 667
9684, 143, 184, 1447, 23, 0, 12.74%, 0, 0, 12, 7667.36, 76258452, 667
9690, 143, 180, 1447, 23, 0, 12.74%, 0, 0, 12, 7757.83, 76298166, 667
9695, 143, 42, 1447, 23, 0, 12.74%, 0, 0, 12, 7820.54, 76337972, 667
9700, 143, 295, 1448, 24, 0, 12.74%, 0, 0, 12, 7801.20, 76377497, 667
9705, 144, 147, 1448, 24, 0, 12.74%, 0, 0, 12, 7830.68, 76417693, 667
9710, 144, 16, 1448, 24, 0, 12.74%, 0, 0, 12, 7735.10, 76457551, 667
9715, 144, 718, 1448, 24, 0, 12.74%, 0, 0, 12, 7823.65, 76497400, 667
9720, 144, 537, 1448, 24, 0, 12.74%, 0, 0, 12, 7761.96, 76536664, 667
9725, 144, 422, 1448, 24, 0, 12.74%, 0, 0, 12, 7871.76, 76576895, 667
9730, 144, 295, 1448, 24, 0, 12.74%, 0, 0, 12, 7846.08, 76616812, 667
9735, 144, 13, 1448, 24, 0, 12.74%, 0, 0, 12, 7816.90, 76656474, 667
9740, 144, 457, 1451, 26, 0, 12.74%, 0, 0, 12, 6922.37, 76689646, 667
9746, 144, 304, 1451, 25, 0, 12.74%, 0, 0, 12, 7246.06, 76726786, 667
9751, 144, 50, 1451, 25, 0, 12.74%, 0, 0, 12, 7733.38, 76766566, 667
9756, 144, 452, 1451, 25, 0, 12.74%, 0, 0, 12, 7804.14, 76806412, 667
9761, 144, 1448, 1451, 25, 0, 12.74%, 0, 0, 12, 7157.57, 76844094, 667
9766, 144, 828, 1451, 24, 0, 12.74%, 0, 0, 12, 7625.53, 76883113, 667
9771, 144, 352, 1451, 23, 0, 12.74%, 0, 0, 12, 7599.02, 76920374, 667
9776, 144, 472, 1451, 23, 0, 12.74%, 0, 0, 12, 7769.22, 76959751, 667
9781, 145, 249, 1451, 23, 0, 12.74%, 0, 0, 12, 7839.63, 76999525, 667
9786, 145, 306, 1451, 22, 0, 12.74%, 0, 0, 12, 7457.75, 77035932, 667
9791, 145, 68, 1451, 22, 0, 12.74%, 0, 0, 12, 7773.39, 77075499, 667
9796, 145, 126, 1451, 22, 0, 12.74%, 0, 0, 12, 7821.95, 77115463, 667
9802, 145, 543, 1451, 22, 0, 12.74%, 0, 0, 12, 7859.09, 77155451, 667
9807, 145, 949, 1451, 22, 0, 12.74%, 0, 0, 12, 7849.90, 77195427, 667
9812, 145, 304, 1451, 22, 0, 12.74%, 0, 0, 12, 7870.55, 77235326, 667
9817, 145, 42, 1451, 22, 0, 12.74%, 0, 0, 12, 7866.36, 77275459, 667
9822, 145, 176, 1451, 22, 0, 12.74%, 0, 0, 12, 7855.82, 77315334, 667
9827, 145, 657, 1451, 22, 0, 12.74%, 0, 0, 12, 7810.03, 77355114, 667
9832, 145, 407, 1451, 22, 0, 12.74%, 0, 0, 12, 7818.06, 77394596, 667
9837, 145, 50, 1451, 22, 0, 12.74%, 0, 0, 12, 7879.08, 77434558, 667
9842, 145, 136, 1451, 22, 0, 12.74%, 0, 0, 12, 7876.31, 77474776, 667
9847, 145, 1423, 1451, 22, 0, 12.74%, 0, 0, 12, 7393.71, 77513383, 667
9852, 146, 457, 1451, 21, 0, 12.74%, 0, 0, 12, 7735.76, 77552905, 667
9858, 146, 122, 1451, 21, 0, 12.74%, 0, 0, 12, 7821.67, 77592623, 667
9863, 146, 295, 1451, 20, 0, 12.74%, 0, 0, 12, 7398.94, 77629015, 667
9868, 146, 1418, 1451, 20, 0, 12.74%, 0, 0, 12, 7165.14, 77666970, 667
9873, 146, 35, 1451, 19, 0, 12.74%, 0, 0, 12, 7717.52, 77706587, 667
9878, 146, 267, 1451, 19, 0, 12.74%, 0, 0, 12, 7839.75, 77746709, 667
9883, 146, 173, 1451, 19, 0, 12.74%, 0, 0, 12, 7852.94, 77786571, 667
9888, 146, 603, 1451, 18, 0, 12.74%, 0, 0, 12, 7322.10, 77823370, 667
9893, 146, 306, 1451, 18, 0, 12.74%, 0, 0, 12, 7711.37, 77863090, 667
9898, 146, 657, 1451, 18, 0, 12.74%, 0, 0, 12, 7723.93, 77902161, 667
9903, 146, 521, 1451, 18, 0, 12.74%, 0, 0, 12, 7794.11, 77941648, 667
9908, 146, 462, 1451, 18, 0, 12.74%, 0, 0, 12, 7820.01, 77981191, 667
9913, 146, 13, 1451, 18, 0, 12.74%, 0, 0, 12, 7807.72, 78020821, 667
9919, 146, 42, 1451, 18, 0, 12.74%, 0, 0, 12, 7804.22, 78060676, 667
9924, 146, 657, 1451, 18, 0, 12.74%, 0, 0, 12, 7811.60, 78100414, 667
9929, 147, 33, 1451, 18, 0, 12.74%, 0, 0, 12, 7807.06, 78140129, 667
9934, 147, 126, 1451, 18, 0, 12.74%, 0, 0, 12, 7825.53, 78179732, 667
9939, 147, 422, 1451, 18, 0, 12.74%, 0, 0, 12, 7743.00, 78219513, 667
9944, 147, 42, 1451, 18, 0, 12.74%, 0, 0, 12, 7780.55, 78259143, 667
9949, 147, 13, 1451, 18, 0, 12.74%, 0, 0, 12, 7754.00, 78298595, 667
9954, 147, 1347, 1451, 18, 0, 12.74%, 0, 0, 12, 7751.83, 78338125, 667
9959, 147, 462, 1451, 17, 0, 12.74%, 0, 0, 12, 7540.14, 78375464, 667
9964, 147, 59, 1451, 17, 0, 12.74%, 0, 0, 12, 7758.36, 78414999, 667
9969, 147, 466, 1451, 17, 0, 12.74%, 0, 0, 12, 7802.04, 78454570, 667
9974, 147, 802, 1451, 17, 0, 12.74%, 0, 0, 12, 7825.74, 78494661, 667
9980, 147, 295, 1451, 17, 0, 12.74%, 0, 0, 12, 7810.41, 78534077, 667
9985, 147, 305, 1451, 16, 0, 12.74%, 0, 0, 12, 7532.83, 78571453, 667
9990, 147, 173, 1451, 16, 0, 12.74%, 0, 0, 12, 7752.11, 78611028, 667
9995, 147, 537, 1451, 16, 0, 12.74%, 0, 0, 12, 7816.76, 78650667, 667
10000, 148, 267, 1451, 16, 0, 12.74%, 0, 0, 12, 7823.80, 78690330, 667
10005, 148, 521, 1451, 16, 0, 12.74%, 0, 0, 12, 7802.61, 78730187, 667
10010, 148, 717, 1451, 16, 0, 12.74%, 0, 0, 12, 7845.29, 78770108, 667
10015, 148, 136, 1451, 15, 0, 12.74%, 0, 0, 12, 7602.51, 78808959, 667
10020, 148, 306, 1451, 15, 0, 12.74%, 0, 0, 12, 7800.30, 78848801, 667
10025, 148, 472, 1451, 15, 0, 12.74%, 0, 0, 12, 7392.76, 78887368, 667
10031, 148, 321, 1451, 15, 0, 12.74%, 0, 0, 12, 7734.32, 78927318, 667
10036, 148, 396, 1451, 15, 0, 12.74%, 0, 0, 12, 7533.50, 78966083, 667
10041, 148, 537, 1451, 15, 0, 12.74%, 0, 0, 12, 7789.44, 79005788, 667
10046, 148, 33, 1451, 15, 0, 12.74%, 0, 0, 12, 7843.77, 79045659, 667
10051, 148, 35, 1451, 15, 0, 12.74%, 0, 0, 12, 7818.19, 79085728, 667
10056, 148, 822, 1451, 15, 0, 12.74%, 0, 0, 12, 7814.51, 79125731, 667
10061, 148, 255, 1451, 15, 0, 12.74%, 0, 0, 12, 7831.34, 79165537, 667
10066, 148, 521, 1451, 15, 0, 12.74%, 0, 0, 12, 7831.45, 79205091, 667
10071, 149, 472, 1451, 15, 0, 12.74%, 0, 0, 12, 7877.25, 79245047, 667
10076, 149, 424, 1451, 14, 0, 12.74%, 0, 0, 12, 7235.14, 79281703, 667
10081, 149, 1122, 1451, 14, 0, 12.74%, 0, 0, 12, 7671.31, 79321039, 667
10087, 149, 721, 1451, 14, 0, 12.74%, 0, 0, 12, 7820.56, 79361020, 667
10092, 149, 13, 1451, 13, 0, 12.74%, 0, 0, 12, 7142.44, 79398227, 667
10097, 149, 484, 1451, 12, 0, 12.74%, 0, 0, 12, 7276.09, 79435787, 667
10102, 149, 832, 1451, 12, 0, 12.74%, 0, 0, 12, 7709.13, 79475857, 667
10107, 149, 321, 1451, 12, 0, 12.74%, 0, 0, 12, 7787.66, 79515965, 667
10112, 149, 424, 1451, 12, 0, 12.74%, 0, 0, 12, 7846.27, 79555791, 667
10117, 149, 35, 1451, 12, 0, 12.74%, 0, 0, 12, 7833.91, 79595615, 667
10122, 149, 588, 1451, 12, 0, 12.74%, 0, 0, 12, 7826.21, 79635615, 667
10127, 149, 33, 1451, 12, 0, 12.74%, 0, 0, 12, 7856.32, 79675495, 667
10133, 149, 826, 1451, 12, 0, 12.74%, 0, 0, 12, 7795.46, 79714913, 667
10138, 149, 126, 1451, 11, 0, 12.74%, 0, 0, 12, 7303.33, 79751647, 667
10143, 149, 274, 1451, 11, 0, 12.74%, 0, 0, 12, 7759.46, 79791396, 667
10148, 150, 42, 1451, 11, 0, 12.74%, 0, 0, 12, 7824.37, 79831291, 667
10153, 150, 832, 1451, 11, 0, 12.74%, 0, 0, 12, 7742.93, 79870692, 667
10158, 150, 537, 1451, 11, 0, 12.74%, 0, 0, 12, 7816.68, 79910882, 667
10163, 150, 13, 1451, 11, 0, 12.74%, 0, 0, 12, 7857.72, 79950705, 667
10168, 150, 537, 1451, 11, 0, 12.74%, 0, 0, 12, 7853.92, 79990415, 667
10173, 150, 13, 1451, 11, 0, 12.74%, 0, 0, 12, 7871.36, 80030209, 667
10178, 150, 42, 1451, 10, 0, 12.74%, 0, 0, 12, 7564.13, 80068869, 667
10183, 150, 1041, 1451, 9, 0, 12.74%, 0, 0, 12, 7357.98, 80107268, 667
10189, 150, 164, 1451, 9, 0, 12.74%, 0, 0, 12, 7675.62, 80146658, 667
10194, 150, 220, 1451, 9, 0, 12.74%, 0, 0, 12, 7832.45, 80186512, 667
10199, 150, 802, 1451, 9, 0, 12.74%, 0, 0, 12, 7851.28, 80226553, 667
10204, 150, 42, 1451, 9, 0, 12.74%, 0, 0, 12, 7867.00, 80266498, 667
10209, 150, 918, 1451, 9, 0, 12.74%, 0, 0, 12, 7790.38, 80306301, 667
10214, 150, 428, 1451, 9, 0, 12.74%, 0, 0, 12, 7846.92, 80346344, 667
10219, 151, 452, 1451, 9, 0, 12.74%, 0, 0, 12, 7731.50, 80385674, 667
10224, 151, 826, 1451, 9, 0, 12.74%, 0, 0, 12, 7803.27, 80425549, 667
10229, 151, 149, 1451, 9, 0, 12.74%, 0, 0, 12, 7784.43, 80465075, 667
10234, 151, 804, 1451, 9, 0, 12.74%, 0, 0, 12, 7824.53, 80504561, 667
10239, 151, 822, 1451, 9, 0, 12.74%, 0, 0, 12, 7814.44, 80544412, 667
10244, 151, 50, 1451, 9, 0, 12.74%, 0, 0, 12, 7826.33, 80584261, 667
10250, 151, 734, 1451, 9, 0, 12.74%, 0, 0, 12, 7793.06, 80623781, 667
10255, 151, 204, 1451, 9, 0, 12.74%, 0, 0, 12, 7819.74, 80663263, 667
10260, 151, 306, 1451, 8, 0, 12.74%, 0, 0, 12, 7466.56, 80699305, 667
10265, 151, 50, 1451, 8, 0, 12.74%, 0, 0, 12, 7800.82, 80739653, 667
10270, 151, 149, 1451, 8, 0, 12.74%, 0, 0, 12, 7821.38, 80779757, 667
10275, 151, 1444, 1451, 8, 0, 12.74%, 0, 0, 12, 7635.77, 80818614, 667
10280, 151, 815, 1451, 8, 0, 12.74%, 0, 0, 12, 7806.65, 80858339, 667
10285, 151, 484, 1451, 8, 0, 12.74%, 0, 0, 12, 7816.50, 80898141, 667
10290, 152, 462, 1451, 8, 0, 12.74%, 0, 0, 12, 7841.60, 80937943, 667
10295, 152, 537, 1451, 7, 0, 12.74%, 0, 0, 12, 7346.55, 80975478, 667
10301, 152, 1041, 1451, 7, 0, 12.74%, 0, 0, 12, 7744.83, 81015400, 667
10306, 152, 126, 1451, 7, 0, 12.74%, 0, 0, 12, 7783.16, 81054913, 667
10311, 152, 90, 1451, 7, 0, 12.74%, 0, 0, 12, 7823.42, 81094614, 667
10316, 152, 812, 1451, 7, 0, 12.74%, 0, 0, 12, 7859.24, 81134511, 667
10321, 152, 71, 1451, 7, 0, 12.74%, 0, 0, 12, 7833.28, 81174011, 667
10326, 152, 126, 1451, 7, 0, 12.74%, 0, 0, 12, 7867.48, 81214169, 667
10331, 152, 59, 1451, 7, 0, 12.74%, 0, 0, 12, 7826.79, 81254180, 667
10336, 152, 13, 1451, 7, 0, 12.74%, 0, 0, 12, 7829.85, 81293893, 667
10341, 152, 59, 1452, 8, 0, 12.74%, 0, 0, 12, 7857.55, 81333524, 667
10346, 152, 461, 1452, 8, 0, 12.74%, 0, 0, 12, 7843.05, 81373582, 667
10351, 152, 802, 1452, 8, 0, 12.74%, 0, 0, 12, 7837.74, 81413401, 667
10356, 152, 50, 1452, 8, 0, 12.74%, 0, 0, 12, 7803.03, 81453069, 667
10362, 152, 599, 1452, 8, 0, 12.74%, 0, 0, 12, 7835.96, 81493030, 667
10367, 153, 466, 1452, 8, 0, 12.74%, 0, 0, 12, 7837.71, 81532894, 667
10372, 153, 452, 1452, 8, 0, 12.74%, 0, 0, 12, 7845.81, 81572719, 667
10377, 153, 80, 1452, 8, 0, 12.74%, 0, 0, 12, 7740.64, 81612134, 667
10382, 153, 327, 1452, 8, 0, 12.74%, 0, 0, 12, 7787.34, 81651669, 667
10387, 153, 407, 1452, 8, 0, 12.74%, 0, 0, 12, 7813.44, 81691211, 667
10392, 153, 472, 1452, 7, 0, 12.74%, 0, 0, 12, 7557.65, 81728133, 667
10397, 153, 360, 1452, 7, 0, 12.74%, 0, 0, 12, 7806.63, 81767892, 667
10402, 153, 1430, 1452, 7, 0, 12.74%, 0, 0, 12, 7769.31, 81808034, 667
10407, 153, 126, 1452, 7, 0, 12.74%, 0, 0, 12, 7367.25, 81845215, 667
10412, 153, 51, 1452, 7, 0, 12.74%, 0, 0, 12, 7745.27, 81885180, 667
10417, 153, 505, 1452, 7, 0, 12.74%, 0, 0, 12, 7825.21, 81924643, 667
10423, 153, 815, 1452, 7, 0, 12.74%, 0, 0, 12, 7829.41, 81964349, 667
10428, 153, 13, 1452, 7, 0, 12.74%, 0, 0, 12, 7796.24, 82004144, 667
10433, 153, 949, 1452, 7, 0, 12.74%, 0, 0, 12, 7778.56, 82043560, 667
10438, 154, 16, 1452, 7, 0, 12.74%, 0, 0, 12, 7825.48, 82083147, 667
10443, 154, 69, 1452, 7, 0, 12.74%, 0, 0, 12, 7809.73, 82122917, 667
10448, 154, 596, 1452, 7, 0, 12.74%, 0, 0, 12, 7796.64, 82162477, 667
10453, 154, 136, 1452, 7, 0, 12.74%, 0, 0, 12, 7712.06, 82200601, 667
10458, 154, 832, 1452, 7, 0, 12.74%, 0, 0, 12, 7813.64, 82240600, 667
10463, 154, 620, 1452, 7, 0, 12.74%, 0, 0, 12, 7842.50, 82280472, 667
10468, 154, 410, 1452, 7, 0, 12.74%, 0, 0, 12, 7777.82, 82320072, 667
10473, 154, 42, 1452, 7, 0, 12.74%, 0, 0, 12, 7735.93, 82359415, 667
10478, 154, 69, 1452, 7, 0, 12.74%, 0, 0, 12, 7798.99, 82399207, 667
10484, 154, 42, 1452, 7, 0, 12.74%, 0, 0, 12, 7729.87, 82438639, 667
10489, 154, 532, 1452, 7, 0, 12.74%, 0, 0, 12, 7802.50, 82478456, 667
10494, 154, 524, 1452, 7, 0, 12.74%, 0, 0, 12, 7848.31, 82518206, 667
10499, 154, 301, 1452, 7, 0, 12.74%, 0, 0, 12, 7832.82, 82558169, 667
10504, 154, 13, 1452, 7, 0, 12.74%, 0, 0, 12, 7830.79, 82597974, 667
10509, 154, 30, 1452, 7, 0, 12.74%, 0, 0, 12, 7765.20, 82637652, 667
10514, 155, 407, 1452, 7, 0, 12.74%, 0, 0, 12, 7819.11, 82677257, 667
10519, 155, 575, 1452, 7, 0, 12.74%, 0, 0, 12, 7798.39, 82716884, 667
10524, 155, 1041, 1452, 7, 0, 12.74%, 0, 0, 12, 7822.64, 82756681, 667
10529, 155, 286, 1452, 7, 0, 12.74%, 0, 0, 12, 7770.20, 82795880, 667
10534, 155, 13, 1452, 7, 0, 12.74%, 0, 0, 12, 7820.00, 82835687, 667
10539, 155, 802, 1452, 7, 0, 12.74%, 0, 0, 12, 7823.07, 82875493, 667
10545, 155, 13, 1452, 7, 0, 12.74%, 0, 0, 12, 7821.60, 82914997, 667
10550, 155, 804, 1452, 7, 0, 12.74%, 0, 0, 12, 7744.37, 82954267, 667
10555, 155, 190, 1452, 6, 0, 12.74%, 0, 0, 12, 7451.00, 82991335, 667
10560, 155, 126, 1452, 6, 0, 12.74%, 0, 0, 12, 7760.84, 83030947, 667
10565, 155, 67, 1452, 6, 0, 12.74%, 0, 0, 12, 7839.38, 83070883, 667
10570, 155, 42, 1452, 6, 0, 12.74%, 0, 0, 12, 7761.71, 83110037, 667
10575, 155, 505, 1452, 6, 0, 12.74%, 0, 0, 12, 7775.69, 83149338, 667
10580, 155, 50, 1452, 6, 0, 12.74%, 0, 0, 12, 7806.66, 83188885, 667
10585, 156, 220, 1452, 6, 0, 12.74%, 0, 0, 12, 7847.46, 83228927, 667
10590, 156, 830, 1452, 5, 0, 12.74%, 0, 0, 12, 7381.10, 83266485, 667
10595, 156, 126, 1452, 5, 0, 12.74%, 0, 0, 12, 7772.44, 83306627, 667
10601, 156, 352, 1452, 4, 0, 12.74%, 0, 0, 12, 7392.75, 83343089, 667
10606, 156, 828, 1452, 4, 0, 12.74%, 0, 0, 12, 7765.07, 83382774, 667
10611, 156, 274, 1452, 4, 0, 12.74%, 0, 0, 12, 7842.15, 83422681, 667
10616, 156, 13, 1452, 4, 0, 12.74%, 0, 0, 12, 7816.77, 83462263, 667
10621, 156, 33, 1452, 4, 0, 12.74%, 0, 0, 12, 7833.24, 83501869, 667
10626, 156, 276, 1452, 4, 0, 12.74%, 0, 0, 12, 7859.31, 83541720, 667
10631, 156, 448, 1452, 4, 0, 12.74%, 0, 0, 12, 7860.67, 83581431, 667
10636, 156, 13, 1452, 4, 0, 12.74%, 0, 0, 12, 7814.85, 83620896, 667
10641, 156, 616, 1452, 4, 0, 12.74%, 0, 0, 12, 7831.65, 83660524, 667
10646, 156, 461, 1452, 4, 0, 12.74%, 0, 0, 12, 7832.50, 83700333, 667
10651, 156, 13, 1452, 4, 0, 12.74%, 0, 0, 12, 7840.83, 83740506, 667
10656, 157, 1041, 1452, 4, 0, 12.74%, 0, 0, 12, 7860.19, 83780482, 667
10661, 157, 249, 1452, 4, 0, 12.74%, 0, 0, 12, 7865.41, 83820093, 667
10666, 157, 16, 1452, 4, 0, 12.74%, 0, 0, 12, 7879.80, 83859990, 667
10671, 157, 456, 1452, 3, 0, 12.74%, 0, 0, 12, 7684.46, 83898835, 667
10676, 157, 546, 1452, 3, 0, 12.74%, 0, 0, 12, 7787.34, 83938341, 667
10682, 157, 1431, 1452, 3, 0, 12.74%, 0, 0, 12, 7441.15, 83976648, 667
10687, 157, 41, 1452, 2, 0, 12.74%, 0, 0, 12, 7610.03, 84014622, 667
10692, 157, 321, 1452, 2, 0, 12.74%, 0, 0, 12, 7758.32, 84054536, 667
10697, 157, 286, 1452, 2, 0, 12.74%, 0, 0, 12, 7786.47, 84094079, 667
10702, 157, 484, 1452, 2, 0, 12.74%, 0, 0, 12, 7831.67, 84133811, 667
10707, 157, 815, 1452, 2, 0, 12.74%, 0, 0, 12, 7851.16, 84173602, 667
10712, 157, 69, 1452, 2, 0, 12.74%, 0, 0, 12, 7856.05, 84213402, 667
10717, 157, 100, 1452, 2, 0, 12.74%, 0, 0, 12, 7880.46, 84253408, 667
10722, 157, 546, 1452, 2, 0, 12.74%, 0, 0, 12, 7818.75, 84292907, 667
10727, 157, 830, 1452, 2, 0, 12.74%, 0, 0, 12, 7774.58, 84332445, 667
10732, 158, 13, 1452, 2, 0, 12.74%, 0, 0, 12, 7812.25, 84372310, 667
10738, 158, 422, 1452, 2, 0, 12.74%, 0, 0, 12, 7801.33, 84411929, 667
10743, 158, 457, 1452, 2, 0, 12.74%, 0, 0, 12, 7860.26, 84452070, 667
10748, 158, 303, 1452, 2, 0, 12.74%, 0, 0, 12, 7864.10, 84491669, 667
10753, 158, 407, 1452, 2, 0, 12.74%, 0, 0, 12, 7683.69, 84530525, 667
10758, 158, 812, 1452, 2, 0, 12.74%, 0, 0, 12, 7795.33, 84570201, 667
10763, 158, 826, 1452, 2, 0, 12.74%, 0, 0, 12, 7759.39, 84609490, 667
10768, 158, 470, 1452, 2, 0, 12.74%, 0, 0, 12, 7824.04, 84649086, 667
10773, 158, 483, 1452, 2, 0, 12.74%, 0, 0, 12, 7743.58, 84688452, 667
10778, 158, 524, 1452, 2, 0, 12.74%, 0, 0, 12, 7801.22, 84728066, 667
10783, 158, 42, 1452, 2, 0, 12.74%, 0, 0, 12, 7839.33, 84767682, 667
10788, 158, 274, 1452, 2, 0, 12.74%, 0, 0, 12, 7847.65, 84807507, 667
10793, 158, 424, 1452, 2, 0, 12.74%, 0, 0, 12, 7860.46, 84847410, 667
10798, 158, 815, 1452, 2, 0, 12.74%, 0, 0, 12, 7811.37, 84886768, 667
10803, 159, 306, 1452, 2, 0, 12.74%, 0, 0, 12, 7803.84, 84926352, 667
10808, 159, 815, 1452, 2, 0, 12.74%, 0, 0, 12, 7846.77, 84966186, 667
10814, 159, 176, 1452, 2, 0, 12.74%, 0, 0, 12, 7846.84, 85006321, 667
10819, 159, 734, 1452, 2, 0, 12.74%, 0, 0, 12, 7858.47, 85046409, 667
10824, 159, 274, 1452, 2, 0, 12.74%, 0, 0, 12, 7837.99, 85086349, 667
10829, 159, 176, 1452, 2, 0, 12.74%, 0, 0, 12, 7819.79, 85126185, 667
10834, 159, 424, 1452, 2, 0, 12.74%, 0, 0, 12, 7825.45, 85166374, 667
10839, 159, 321, 1452, 2, 0, 12.74%, 0, 0, 12, 7843.07, 85206215, 667
10844, 159, 327, 1452, 2, 0, 12.74%, 0, 0, 12, 7856.08, 85246057, 667
10849, 159, 220, 1452, 2, 0, 12.74%, 0, 0, 12, 7800.67, 85285646, 667
10854, 159, 308, 1452, 2, 0, 12.74%, 0, 0, 12, 7795.62, 85325156, 667
10859, 159, 149, 1452, 2, 0, 12.74%, 0, 0, 12, 7825.05, 85365050, 667
10864, 159, 321, 1452, 2, 0, 12.74%, 0, 0, 12, 7714.77, 85403737, 667
10870, 160, 492, 1452, 2, 0, 12.74%, 0, 0, 12, 7787.60, 85443395, 667
10875, 160, 949, 1452, 2, 0, 12.74%, 0, 0, 12, 7786.64, 85482878, 667
10880, 160, 830, 1452, 2, 0, 12.74%, 0, 0, 12, 7826.23, 85522694, 667
10885, 160, 466, 1452, 2, 0, 12.74%, 0, 0, 12, 7845.03, 85562427, 667
10890, 160, 267, 1452, 2, 0, 12.74%, 0, 0, 12, 7861.93, 85602132, 667
10895, 160, 657, 1452, 2, 0, 12.74%, 0, 0, 12, 7836.20, 85642029, 667
10900, 160, 410, 1452, 2, 0, 12.74%, 0, 0, 12, 7882.44, 85681920, 667
10905, 160, 42, 1452, 2, 0, 12.74%, 0, 0, 12, 7844.36, 85721829, 667
10910, 160, 166, 1452, 2, 0, 12.74%, 0, 0, 12, 7751.91, 85761262, 667
10915, 160, 535, 1452, 2, 0, 12.74%, 0, 0, 12, 7741.81, 85800817, 667
10920, 160, 815, 1452, 2, 0, 12.74%, 0, 0, 12, 7811.38, 85840664, 667
10925, 160, 457, 1452, 2, 0, 12.74%, 0, 0, 12, 7849.66, 85880662, 667
10930, 160, 543, 1452, 2, 0, 12.74%, 0, 0, 12, 7866.40, 85920699, 667
10936, 160, 456, 1452, 2, 0, 12.74%, 0, 0, 12, 7854.76, 85960392, 667
10941, 160, 303, 1452, 2, 0, 12.74%, 0, 0, 12, 7862.98, 86000266, 667
10946, 161, 91, 1452, 2, 0, 12.74%, 0, 0, 12, 7868.23, 86040210, 667
10951, 161, 620, 1452, 2, 0, 12.74%, 0, 0, 12, 7798.88, 86079771, 667
10956, 161, 546, 1452, 2, 0, 12.74%, 0, 0, 12, 7788.83, 86119135, 667
10961, 161, 812, 1452, 2, 0, 12.74%, 0, 0, 12, 7827.74, 86158832, 667
10966, 161, 192, 1452, 2, 0, 12.74%, 0, 0, 12, 7807.02, 86198453, 667
10971, 161, 306, 1452, 2, 0, 12.74%, 0, 0, 12, 7792.33, 86238127, 667
10976, 161, 149, 1452, 2, 0, 12.74%, 0, 0, 12, 7813.55, 86278203, 667
10981, 161, 457, 1452, 2, 0, 12.74%, 0, 0, 12, 7832.31, 86317887, 667
10986, 161, 537, 1452, 2, 0, 12.74%, 0, 0, 12, 7815.86, 86357743, 667
10991, 161, 13, 1452, 2, 0, 12.74%, 0, 0, 12, 7811.15, 86397187, 667
10996, 161, 596, 1452, 2, 0, 12.74%, 0, 0, 12, 7841.06, 86436801, 667
11001, 161, 452, 1452, 2, 0, 12.74%, 0, 0, 12, 7812.19, 86476353, 667
11007, 161, 305, 1452, 2, 0, 12.74%, 0, 0, 12, 7827.73, 86516370, 667
11012, 161, 546, 1452, 2, 0, 12.74%, 0, 0, 12, 7843.55, 86556193, 667
11017, 162, 42, 1452, 2, 0, 12.74%, 0, 0, 12, 7832.38, 86596028, 667
11022, 162, 176, 1452, 2, 0, 12.74%, 0, 0, 12, 7794.04, 86635691, 667
11027, 162, 1347, 1452, 2, 0, 12.74%, 0, 0, 12, 7841.33, 86675536, 667
11032, 162, 566, 1452, 2, 0, 12.74%, 0, 0, 12, 7843.65, 86715182, 667
11037, 162, 185, 1452, 2, 0, 12.74%, 0, 0, 12, 7834.07, 86755245, 667
11042, 162, 784, 1452, 2, 0, 12.74%, 0, 0, 12, 7820.31, 86795184, 667
11047, 162, 16, 1452, 2, 0, 12.74%, 0, 0, 12, 7827.73, 86834958, 667
11052, 162, 304, 1452, 2, 0, 12.74%, 0, 0, 12, 7817.84, 86874567, 667
11057, 162, 120, 1452, 2, 0, 12.74%, 0, 0, 12, 7850.08, 86914473, 667
11063, 162, 479, 1452, 2, 0, 12.74%, 0, 0, 12, 7824.89, 86954533, 667
11068, 162, 50, 1452, 2, 0, 12.74%, 0, 0, 12, 7839.25, 86994265, 667
11073, 162, 136, 1452, 2, 0, 12.74%, 0, 0, 12, 7849.34, 87033792, 667
11078, 162, 33, 1452, 2, 0, 12.74%, 0, 0, 12, 7863.85, 87073427, 667
11083, 162, 11, 1452, 2, 0, 12.74%, 0, 0, 12, 7799.00, 87113076, 667
11088, 163, 448, 1452, 2, 0, 12.74%, 0, 0, 12, 7807.29, 87152919, 667
11093, 163, 802, 1452, 2, 0, 12.74%, 0, 0, 12, 7788.09, 87192543, 667
11098, 163, 13, 1452, 2, 0, 12.74%, 0, 0, 12, 7805.57, 87232328, 667
11103, 163, 176, 1452, 2, 0, 12.74%, 0, 0, 12, 7823.26, 87272167, 667
11108, 163, 479, 1452, 2, 0, 12.74%, 0, 0, 12, 7846.97, 87312102, 667
11113, 163, 601, 1452, 2, 0, 12.74%, 0, 0, 12, 7776.50, 87351531, 667
11118, 163, 71, 1452, 2, 0, 12.74%, 0, 0, 12, 7815.30, 87391468, 667
11124, 163, 16, 1452, 2, 0, 12.74%, 0, 0, 12, 7833.05, 87431495, 667
11129, 163, 42, 1452, 2, 0, 12.74%, 0, 0, 12, 7812.74, 87471183, 667
11134, 163, 13, 1452, 2, 0, 12.74%, 0, 0, 12, 7827.99, 87510853, 667
11139, 163, 298, 1452, 2, 0, 12.74%, 0, 0, 12, 7791.85, 87550149, 667
11144, 163, 804, 1452, 2, 0, 12.74%, 0, 0, 12, 7806.19, 87589905, 667
11149, 163, 466, 1452, 2, 0, 12.74%, 0, 0, 12, 7814.10, 87629682, 667
11154, 163, 815, 1452, 2, 0, 12.74%, 0, 0, 12, 7785.96, 87669010, 667
11159, 164, 492, 1452, 2, 0, 12.74%, 0, 0, 12, 7714.99, 87708432, 667
11164, 164, 468, 1452, 2, 0, 12.74%, 0, 0, 12, 7788.97, 87747927, 667
11169, 164, 484, 1452, 2, 0, 12.74%, 0, 0, 12, 7832.09, 87787669, 667
11174, 164, 321, 1452, 2, 0, 12.74%, 0, 0, 12, 7846.94, 87827495, 667
11179, 164, 458, 1452, 2, 0, 12.74%, 0, 0, 12, 7827.82, 87866801, 667
11184, 164, 822, 1452, 2, 0, 12.74%, 0, 0, 12, 7790.24, 87906460, 667
11189, 164, 828, 1452, 2, 0, 12.74%, 0, 0, 12, 7871.36, 87946621, 667
11195, 164, 126, 1452, 2, 0, 12.74%, 0, 0, 12, 7849.18, 87986675, 667
11200, 164, 452, 1452, 2, 0, 12.74%, 0, 0, 12, 7776.19, 88025930, 667
11205, 164, 164, 1452, 2, 0, 12.74%, 0, 0, 12, 7855.18, 88065840, 667
11210, 164, 620, 1452, 2, 0, 12.74%, 0, 0, 12, 7862.57, 88105729, 667
11215, 164, 321, 1452, 2, 0, 12.74%, 0, 0, 12, 7854.91, 88145569, 667
11220, 164, 407, 1452, 2, 0, 12.74%, 0, 0, 12, 7858.73, 88185093, 667
11225, 164, 175, 1452, 2, 0, 12.74%, 0, 0, 12, 7864.99, 88224959, 667
11230, 165, 721, 1452, 2, 0, 12.74%, 0, 0, 12, 7784.78, 88264826, 667
11235, 165, 43, 1452, 2, 0, 12.74%, 0, 0, 12, 7868.24, 88304539, 667
11240, 165, 50, 1452, 2, 0, 12.74%, 0, 0, 12, 7849.16, 88344247, 667
11245, 165, 13, 1452, 2, 0, 12.74%, 0, 0, 12, 7849.09, 88383956, 667
11250, 165, 535, 1452, 2, 0, 12.74%, 0, 0, 12, 7825.11, 88423719, 667
11255, 165, 558, 1452, 2, 0, 12.74%, 0, 0, 12, 7840.01, 88463672, 667
11260, 165, 826, 1452, 2, 0, 12.74%, 0, 0, 12, 7859.48, 88503533, 667
11266, 165, 1347, 1452, 2, 0, 12.74%, 0, 0, 12, 7813.73, 88543268, 667
11271, 165, 466, 1452, 2, 0, 12.74%, 0, 0, 12, 7843.74, 88582903, 667
11276, 165, 535, 1452, 2, 0, 12.74%, 0, 0, 12, 7818.78, 88622557, 667
11281, 165, 826, 1452, 2, 0, 12.74%, 0, 0, 12, 7841.12, 88662255, 667
11286, 165, 176, 1452, 2, 0, 12.74%, 0, 0, 12, 7794.09, 88701855, 667
11291, 165, 50, 1452, 2, 0, 12.74%, 0, 0, 12, 7824.20, 88741636, 667
11296, 165, 424, 1452, 2, 0, 12.74%, 0, 0, 12, 7824.29, 88781155, 667
11301, 166, 41, 1452, 2, 0, 12.74%, 0, 0, 12, 7775.33, 88820465, 667
11306, 166, 42, 1452, 2, 0, 12.74%, 0, 0, 12, 7801.69, 88859838, 667
11311, 166, 815, 1452, 2, 0, 12.74%, 0, 0, 12, 7816.47, 88899518, 667
11316, 166, 221, 1452, 2, 0, 12.74%, 0, 0, 12, 7775.89, 88938810, 667
11321, 166, 164, 1452, 1, 0, 12.74%, 0, 0, 12, 7661.18, 88977026, 667
11326, 166, 492, 1452, 1, 0, 12.74%, 0, 0, 12, 7776.70, 89016548, 667
11331, 166, 185, 1452, 1, 0, 12.74%, 0, 0, 12, 7818.75, 89056394, 667
11337, 166, 352, 1452, 1, 0, 12.74%, 0, 0, 12, 7795.96, 89095922, 667
11342, 166, 458, 1452, 1, 0, 12.74%, 0, 0, 12, 7827.46, 89135984, 667
11347, 166, 321, 1452, 1, 0, 12.74%, 0, 0, 12, 7840.10, 89175738, 667
11352, 166, 596, 1452, 1, 0, 12.74%, 0, 0, 12, 7795.88, 89215361, 667
11357, 166, 466, 1452, 0, 0, 12.74%, 0, 0, 12, 7343.77, 89250473, 667
11362, 166, 812, 1452, 0, 0, 12.74%, 0, 0, 12, 7659.07, 89290028, 667
11367, 166, 306, 1452, 0, 0, 12.74%, 0, 0, 12, 7781.26, 89329451, 667
11372, 167, 126, 1452, 0, 0, 12.74%, 0, 0, 12, 7772.65, 89368903, 667
11377, 167, 462, 1452, 0, 0, 12.74%, 0, 0, 12, 7812.05, 89408818, 667
11382, 167, 718, 1452, 0, 0, 12.74%, 0, 0, 12, 7774.61, 89448632, 667
11387, 167, 657, 1452, 0, 0, 12.74%, 0, 0, 12, 7784.31, 89488016, 667
11392, 167, 407, 1452, 0, 0, 12.74%, 0, 0, 12, 7853.56, 89527782, 667
11397, 167, 35, 1452, 0, 0, 12.74%, 0, 0, 12, 7811.57, 89567368, 667
11403, 167, 13, 1452, 0, 0, 12.74%, 0, 0, 12, 7762.71, 89606718, 667
11408, 167, 830, 1452, 0, 0, 12.74%, 0, 0, 12, 7801.01, 89646308, 667
11413, 167, 164, 1452, 0, 0, 12.74%, 0, 0, 12, 7767.10, 89685884, 667
11418, 167, 249, 1452, 0, 0, 12.74%, 0, 0, 12, 7822.72, 89725302, 667
11423, 167, 304, 1452, 0, 0, 12.74%, 0, 0, 12, 7852.00, 89765050, 667
11428, 167, 42, 1452, 0, 0, 12.74%, 0, 0, 12, 7803.84, 89804502, 667
11433, 167, 298, 1452, 0, 0, 12.74%, 0, 0, 12, 7807.53, 89844171, 667
11438, 167, 566, 1452, 0, 0, 12.74%, 0, 0, 12, 7782.70, 89883687, 667
11443, 168, 466, 1452, 0, 0, 12.74%, 0, 0, 12, 7775.19, 89923200, 667
11448, 168, 424, 1452, 0, 0, 12.74%, 0, 0, 12, 7822.18, 89962840, 667
11453, 168, 546, 1452, 0, 0, 12.74%, 0, 0, 12, 7790.63, 90002286, 667
11458, 168, 479, 1452, 0, 0, 12.74%, 0, 0, 12, 7802.49, 90042143, 667
11463, 168, 126, 1452, 0, 0, 12.74%, 0, 0, 12, 7832.15, 90082087, 667
11469, 168, 164, 1452, 0, 0, 12.74%, 0, 0, 12, 7839.25, 90122264, 667
11474, 168, 603, 1452, 0, 0, 12.74%, 0, 0, 12, 7802.96, 90161860, 667
11479, 168, 466, 1452, 0, 0, 12.74%, 0, 0, 12, 7807.12, 90201459, 667
11484, 168, 472, 1452, 0, 0, 12.74%, 0, 0, 12, 7774.14, 90240990, 667
11489, 168, 828, 1452, 0, 0, 12.74%, 0, 0, 12, 7830.85, 90280801, 667
11494, 168, 1117, 1452, 0, 0, 12.74%, 0, 0, 12, 7727.08, 90319996, 667
11499, 168, 276, 1452, 0, 0, 12.74%, 0, 0, 12, 7729.33, 90359662, 667
11504, 168, 11, 1452, 0, 0, 12.74%, 0, 0, 12, 7751.79, 90399046, 667
11509, 168, 505, 1452, 0, 0, 12.74%, 0, 0, 12, 7774.34, 90438397, 667
11514, 169, 721, 1452, 0, 0, 12.74%, 0, 0, 12, 7782.42, 90478182, 667
11519, 169, 828, 1452, 0, 0, 12.74%, 0, 0, 12, 7797.71, 90517946, 667
11524, 169, 456, 1452, 0, 0, 12.74%, 0, 0, 12, 7810.56, 90557870, 667
11530, 169, 190, 1452, 0, 0, 12.74%, 0, 0, 12, 7777.63, 90597274, 667
11535, 169, 345, 1452, 0, 0, 12.74%, 0, 0, 12, 7816.78, 90637041, 667
11540, 169, 424, 1452, 0, 0, 12.74%, 0, 0, 12, 7799.70, 90676592, 667
11545, 169, 452, 1452, 0, 0, 12.74%, 0, 0, 12, 7812.58, 90716063, 667
11550, 169, 492, 1452, 0, 0, 12.74%, 0, 0, 12, 7842.70, 90755951, 667
11555, 169, 306, 1452, 0, 0, 12.74%, 0, 0, 12, 7829.72, 90795844, 667
11560, 169, 603, 1452, 0, 0, 12.74%, 0, 0, 12, 7792.80, 90835288, 667
11565, 169, 721, 1452, 0, 0, 12.74%, 0, 0, 12, 7813.48, 90875230, 667
11570, 169, 422, 1452, 0, 0, 12.74%, 0, 0, 12, 7796.12, 90914840, 667
11575, 169, 558, 1452, 0, 0, 12.74%, 0, 0, 12, 7802.46, 90954756, 667
11580, 169, 13, 1452, 0, 0, 12.74%, 0, 0, 12, 7761.44, 90994259, 667
11586, 170, 812, 1452, 0, 0, 12.74%, 0, 0, 12, 7707.68, 91033883, 667
11591, 170, 33, 1452, 0, 0, 12.74%, 0, 0, 12, 7672.78, 91072777, 667
11596, 170, 286, 1452, 0, 0, 12.74%, 0, 0, 12, 7760.76, 91112300, 667
11601, 170, 456, 1453, 1, 0, 12.74%, 0, 0, 12, 7783.10, 91151529, 667
11606, 170, 126, 1453, 1, 0, 12.74%, 0, 0, 12, 7813.03, 91191270, 667
11611, 170, 1452, 1454, 2, 0, 12.74%, 0, 0, 12, 7815.28, 91231107, 667
11616, 170, 13, 1454, 1, 0, 12.74%, 0, 0, 12, 7755.72, 91270724, 667
11621, 170, 657, 1454, 1, 0, 12.74%, 0, 0, 12, 7846.49, 91310473, 667
11626, 170, 802, 1454, 1, 0, 12.74%, 0, 0, 12, 7782.61, 91350095, 667
11631, 170, 267, 1457, 3, 0, 12.74%, 0, 0, 12, 7844.48, 91390811, 667
11636, 170, 42, 1457, 3, 0, 12.74%, 0, 0, 12, 7839.16, 91430349, 667
11642, 170, 407, 1457, 3, 0, 12.74%, 0, 0, 12, 7839.04, 91470211, 667
11647, 170, 33, 1457, 3, 0, 12.74%, 0, 0, 12, 7817.34, 91509599, 667
11652, 170, 616, 1457, 3, 0, 12.74%, 0, 0, 12, 7820.12, 91549585, 667
11657, 171, 59, 1457, 3, 0, 12.74%, 0, 0, 12, 7852.43, 91589621, 667
11662, 171, 175, 1457, 3, 0, 12.74%, 0, 0, 12, 7806.52, 91629454, 667
11667, 171, 13, 1457, 3, 0, 12.74%, 0, 0, 12, 7856.34, 91669581, 667
11672, 171, 69, 1457, 3, 0, 12.74%, 0, 0, 12, 7877.96, 91709715, 667
11677, 171, 468, 1457, 3, 0, 12.74%, 0, 0, 12, 7851.08, 91749699, 667
11682, 171, 524, 1457, 3, 0, 12.74%, 0, 0, 12, 7835.16, 91789453, 667
11687, 171, 566, 1457, 3, 0, 12.74%, 0, 0, 12, 7838.46, 91829477, 667
11692, 171, 472, 1457, 3, 0, 12.74%, 0, 0, 12, 7856.39, 91869799, 667
11698, 171, 16, 1457, 3, 0, 12.74%, 0, 0, 12, 7848.36, 91909591, 667
11703, 171, 149, 1457, 3, 0, 12.74%, 0, 0, 12, 7848.41, 91949703, 667
11708, 171, 599, 1457, 3, 0, 12.74%, 0, 0, 12, 7848.09, 91990166, 667
11713, 171, 452, 1457, 3, 0, 12.74%, 0, 0, 12, 7823.12, 92030129, 667
11718, 171, 184, 1457, 3, 0, 12.74%, 0, 0, 12, 7826.59, 92069648, 667
11723, 171, 407, 1457, 3, 0, 12.74%, 0, 0, 12, 7834.60, 92109552, 667
11728, 172, 949, 1457, 3, 0, 12.74%, 0, 0, 12, 7843.55, 92149104, 667
11733, 172, 13, 1457, 3, 0, 12.74%, 0, 0, 12, 7560.38, 92187627, 667
11738, 172, 466, 1457, 3, 0, 12.74%, 0, 0, 12, 7789.03, 92227389, 667
11743, 172, 185, 1457, 3, 0, 12.74%, 0, 0, 12, 7843.84, 92267287, 667
11748, 172, 832, 1457, 3, 0, 12.74%, 0, 0, 12, 7844.11, 92306966, 667
11754, 172, 13, 1457, 3, 0, 12.74%, 0, 0, 12, 7853.44, 92346642, 667
11759, 172, 176, 1457, 3, 0, 12.74%, 0, 0, 12, 7841.80, 92386406, 667
11764, 172, 1041, 1457, 3, 0, 12.74%, 0, 0, 12, 7818.65, 92426027, 667
11769, 172, 42, 1457, 3, 0, 12.74%, 0, 0, 12, 7865.16, 92465765, 667
11774, 172, 136, 1457, 3, 0, 12.74%, 0, 0, 12, 7797.89, 92505107, 667
11779, 172, 126, 1457, 3, 0, 12.74%, 0, 0, 12, 7864.58, 92544998, 667
11784, 172, 158, 1457, 3, 0, 12.74%, 0, 0, 12, 7827.66, 92584786, 667
11789, 172, 13, 1457, 3, 0, 12.74%, 0, 0, 12, 7822.66, 92624564, 667
11794, 172, 466, 1457, 3, 0, 12.74%, 0, 0, 12, 7832.62, 92664292, 667
11799, 173, 176, 1457, 3, 0, 12.74%, 0, 0, 12, 7855.43, 92704439, 667
11804, 173, 396, 1457, 3, 0, 12.74%, 0, 0, 12, 7802.17, 92744310, 667
11809, 173, 601, 1457, 3, 0, 12.74%, 0, 0, 12, 7830.01, 92783652, 667
11814, 173, 295, 1457, 3, 0, 12.74%, 0, 0, 12, 7856.59, 92823450, 667
11819, 173, 458, 1457, 2, 0, 12.74%, 0, 0, 12, 7848.51, 92863166, 667
11825, 173, 546, 1457, 2, 0, 12.74%, 0, 0, 12, 7831.31, 92902836, 667
11830, 173, 42, 1457, 2, 0, 12.74%, 0, 0, 12, 7838.60, 92942405, 667
11835, 173, 1347, 1457, 2, 0, 12.74%, 0, 0, 12, 7812.41, 92982202, 667
11840, 173, 352, 1457, 2, 0, 12.74%, 0, 0, 12, 7836.27, 93022041, 667
11845, 173, 126, 1457, 2, 0, 12.74%, 0, 0, 12, 7794.82, 93061963, 667
11850, 173, 483, 1457, 2, 0, 12.74%, 0, 0, 12, 7829.72, 93101841, 667
11855, 173, 457, 1457, 2, 0, 12.74%, 0, 0, 12, 7817.25, 93141652, 667
11860, 173, 190, 1457, 2, 0, 12.74%, 0, 0, 12, 7809.75, 93181478, 667
11865, 173, 826, 1457, 2, 0, 12.74%, 0, 0, 12, 7796.55, 93221345, 667
11870, 173, 306, 1457, 2, 0, 12.74%, 0, 0, 12, 7833.90, 93261004, 667
11875, 174, 59, 1457, 2, 0, 12.74%, 0, 0, 12, 7832.14, 93300676, 667
11881, 174, 462, 1457, 2, 0, 12.74%, 0, 0, 12, 7837.24, 93340676, 667
11886, 174, 402, 1457, 2, 0, 12.74%, 0, 0, 12, 7785.45, 93379881, 667
11891, 174, 176, 1457, 2, 0, 12.74%, 0, 0, 12, 7823.05, 93420007, 667
11896, 174, 33, 1457, 2, 0, 12.74%, 0, 0, 12, 7817.39, 93459598, 667
11901, 174, 596, 1457, 2, 0, 12.74%, 0, 0, 12, 7804.49, 93499158, 667
11906, 174, 50, 1457, 2, 0, 12.74%, 0, 0, 12, 7826.14, 93539091, 667
11911, 174, 93, 1457, 2, 0, 12.74%, 0, 0, 12, 7788.20, 93578760, 667
11916, 174, 308, 1457, 2, 0, 12.74%, 0, 0, 12, 7820.74, 93618358, 667
11921, 174, 274, 1457, 2, 0, 12.74%, 0, 0, 12, 7829.80, 93658068, 667
11926, 174, 505, 1457, 2, 0, 12.74%, 0, 0, 12, 7771.59, 93697885, 667
11931, 174, 802, 1457, 2, 0, 12.74%, 0, 0, 12, 7811.19, 93737611, 667
11936, 174, 458, 1457, 2, 0, 12.74%, 0, 0, 12, 7838.77, 93777654, 667
11941, 175, 274, 1457, 2, 0, 12.74%, 0, 0, 12, 7839.72, 93817567, 667
11947, 175, 13, 1457, 2, 0, 12.74%, 0, 0, 12, 7813.40, 93857036, 667
11952, 175, 50, 1457, 2, 0, 12.74%, 0, 0, 12, 7834.15, 93896977, 667
11957, 175, 456, 1457, 2, 0, 12.74%, 0, 0, 12, 7786.20, 93936631, 667
11962, 175, 812, 1457, 2, 0, 12.74%, 0, 0, 12, 7809.89, 93976358, 667
11967, 175, 390, 1457, 2, 0, 12.74%, 0, 0, 12, 7783.02, 94015983, 667
11972, 175, 1051, 1457, 2, 0, 12.74%, 0, 0, 12, 7811.07, 94055471, 667
11977, 175, 537, 1457, 2, 0, 12.74%, 0, 0, 12, 7756.92, 94094950, 667
11982, 175, 306, 1457, 2, 0, 12.74%, 0, 0, 12, 7773.73, 94134671, 667
11987, 175, 596, 1457, 1, 0, 12.74%, 0, 0, 12, 7790.52, 94174099, 667
11992, 175, 828, 1457, 1, 0, 12.74%, 0, 0, 12, 7826.31, 94213778, 667
11997, 175, 505, 1457, 1, 0, 12.74%, 0, 0, 12, 7838.87, 94253194, 667
12002, 175, 304, 1457, 1, 0, 12.74%, 0, 0, 12, 7789.12, 94292582, 667
12008, 175, 734, 1457, 1, 0, 12.74%, 0, 0, 12, 7821.77, 94332461, 667
12013, 175, 466, 1457, 1, 0, 12.74%, 0, 0, 12, 7803.94, 94371949, 667
12018, 176, 360, 1457, 1, 0, 12.74%, 0, 0, 12, 7802.98, 94412071, 667
12023, 176, 402, 1457, 1, 0, 12.74%, 0, 0, 12, 7813.92, 94451662, 667
12028, 176, 321, 1457, 1, 0, 12.74%, 0, 0, 12, 7847.01, 94491439, 667
12033, 176, 308, 1457, 1, 0, 12.74%, 0, 0, 12, 7841.36, 94531543, 667
12038, 176, 301, 1457, 1, 0, 12.74%, 0, 0, 12, 7841.13, 94571739, 667
12043, 176, 176, 1457, 1, 0, 12.74%, 0, 0, 12, 7822.56, 94611213, 667
12048, 176, 148, 1457, 1, 0, 12.74%, 0, 0, 12, 7850.31, 94651205, 667
12053, 176, 822, 1457, 1, 0, 12.74%, 0, 0, 12, 7830.91, 94691080, 667
12058, 176, 299, 1457, 1, 0, 12.74%, 0, 0, 12, 7847.31, 94730786, 667
12063, 176, 804, 1457, 1, 0, 12.74%, 0, 0, 12, 7841.43, 94770800, 667
12069, 176, 126, 1457, 1, 0, 12.74%, 0, 0, 12, 7855.47, 94810871, 667
12074, 176, 126, 1457, 1, 0, 12.74%, 0, 0, 12, 7845.55, 94850811, 667
12079, 176, 164, 1457, 1, 0, 12.74%, 0, 0, 12, 7862.23, 94890865, 667
12084, 176, 276, 1457, 1, 0, 12.74%, 0, 0, 12, 7844.00, 94930629, 667
12089, 177, 815, 1457, 1, 0, 12.74%, 0, 0, 12, 7829.31, 94970782, 667
12094, 177, 535, 1457, 1, 0, 12.74%, 0, 0, 12, 7836.31, 95010057, 667
12099, 177, 220, 1457, 1, 0, 12.74%, 0, 0, 12, 7822.32, 95049735, 667
12104, 177, 832, 1457, 1, 0, 12.74%, 0, 0, 12, 7816.98, 95089336, 667
12109, 177, 812, 1457, 1, 0, 12.74%, 0, 0, 12, 7798.64, 95128853, 667
12114, 177, 176, 1457, 1, 0, 12.74%, 0, 0, 12, 7843.02, 95169031, 667
12119, 177, 461, 1457, 1, 0, 12.74%, 0, 0, 12, 7803.08, 95208847, 667
12125, 177, 472, 1457, 1, 0, 12.74%, 0, 0, 12, 7869.50, 95248824, 667
12130, 177, 1455, 1457, 1, 0, 12.74%, 0, 0, 12, 7858.67, 95288507, 667
12135, 177, 176, 1457, 0, 0, 12.74%, 0, 0, 12, 7839.91, 95327936, 667
12140, 177, 424, 1457, 0, 0, 12.74%, 0, 0, 12, 7822.95, 95367723, 667
12145, 177, 826, 1457, 0, 0, 12.74%, 0, 0, 12, 7830.08, 95407656, 667
12150, 177, 784, 1457, 0, 0, 12.74%, 0, 0, 12, 7796.84, 95447130, 667
12155, 177, 13, 1457, 0, 0, 12.74%, 0, 0, 12, 7834.38, 95486623, 667
12160, 178, 249, 1457, 0, 0, 12.74%, 0, 0, 12, 7842.31, 95526475, 667
12165, 178, 456, 1457, 0, 0, 12.74%, 0, 0, 12, 7815.83, 95566373, 667
12170, 178, 537, 1457, 0, 0, 12.74%, 0, 0, 12, 7835.68, 95605958, 667
12175, 178, 558, 1457, 0, 0, 12.74%, 0, 0, 12, 7819.99, 95645906, 667
12180, 178, 466, 1457, 0, 0, 12.74%, 0, 0, 12, 7866.14, 95685711, 667
12185, 178, 306, 1457, 0, 0, 12.74%, 0, 0, 12, 7850.31, 95725644, 667
12191, 178, 826, 1457, 0, 0, 12.74%, 0, 0, 12, 7837.40, 95765566, 667
12196, 178, 566, 1457, 0, 0, 12.74%, 0, 0, 12, 7851.45, 95805093, 667
12201, 178, 566, 1457, 0, 0, 12.74%, 0, 0, 12, 7837.09, 95844885, 667
12206, 178, 828, 1457, 0, 0, 12.74%, 0, 0, 12, 7818.57, 95884308, 667
12211, 178, 596, 1457, 0, 0, 12.74%, 0, 0, 12, 7788.56, 95923921, 667
12216, 178, 59, 1457, 0, 0, 12.74%, 0, 0, 12, 7826.86, 95963708, 667
12221, 178, 176, 1457, 0, 0, 12.74%, 0, 0, 12, 7765.57, 96003192, 667
12226, 178, 1041, 1457, 0, 0, 12.74%, 0, 0, 12, 7762.72, 96042905, 667
12231, 179, 13, 1457, 0, 0, 12.74%, 0, 0, 12, 7828.68, 96082492, 667
12236, 179, 472, 1457, 0, 0, 12.74%, 0, 0, 12, 7840.31, 96122083, 667
12241, 179, 42, 1457, 0, 0, 12.74%, 0, 0, 12, 7853.61, 96162174, 667
12246, 179, 255, 1457, 0, 0, 12.74%, 0, 0, 12, 7859.04, 96201884, 667
12251, 179, 815, 1457, 0, 0, 12.74%, 0, 0, 12, 7855.36, 96241680, 667
12256, 179, 535, 1457, 0, 0, 12.74%, 0, 0, 12, 7874.23, 96281499, 667
12262, 179, 166, 1457, 0, 0, 12.74%, 0, 0, 12, 7836.70, 96321292, 667
12267, 179, 276, 1457, 0, 0, 12.74%, 0, 0, 12, 7873.62, 96361412, 667
12272, 179, 13, 1457, 0, 0, 12.74%, 0, 0, 12, 7859.38, 96401519, 667
12277, 179, 51, 1457, 0, 0, 12.74%, 0, 0, 12, 7842.30, 96441296, 667
12282, 179, 458, 1457, 0, 0, 12.74%, 0, 0, 12, 7834.07, 96480902, 667
12287, 179, 483, 1457, 0, 0, 12.74%, 0, 0, 12, 7844.26, 96520837, 667
12292, 179, 468, 1457, 0, 0, 12.74%, 0, 0, 12, 7867.95, 96560801, 667
12297, 179, 274, 1457, 0, 0, 12.74%, 0, 0, 12, 7804.46, 96600267, 667
12302, 180, 1122, 1457, 0, 0, 12.74%, 0, 0, 12, 7756.14, 96639998, 667
12307, 180, 812, 1457, 0, 0, 12.74%, 0, 0, 12, 7800.18, 96679858, 667
12312, 180, 396, 1457, 0, 0, 12.74%, 0, 0, 12, 7785.78, 96719735, 667
12318, 180, 458, 1457, 0, 0, 12.74%, 0, 0, 12, 7804.13, 96759718, 667
12323, 180, 396, 1457, 0, 0, 12.74%, 0, 0, 12, 7865.45, 96799736, 667
12328, 180, 51, 1457, 0, 0, 12.74%, 0, 0, 12, 7819.85, 96839589, 667
12333, 180, 466, 1457, 0, 0, 12.74%, 0, 0, 12, 7794.26, 96879124, 667
12338, 180, 396, 1457, 0, 0, 12.74%, 0, 0, 12, 7866.32, 96919204, 667
12343, 180, 452, 1457, 0, 0, 12.74%, 0, 0, 12, 7842.21, 96958798, 667
12348, 180, 558, 1457, 0, 0, 12.74%, 0, 0, 12, 7851.90, 96998843, 667
12353, 180, 718, 1457, 0, 0, 12.74%, 0, 0, 12, 7866.74, 97038686, 667
12358, 180, 147, 1457, 0, 0, 12.74%, 0, 0, 12, 7838.63, 97078356, 667
12363, 180, 505, 1457, 0, 0, 12.74%, 0, 0, 12, 7824.83, 97118369, 667
12368, 180, 402, 1457, 0, 0, 12.74%, 0, 0, 12, 7838.26, 97158126, 667
12373, 181, 42, 1457, 0, 0, 12.74%, 0, 0, 12, 7846.58, 97197958, 667
12378, 181, 804, 1457, 0, 0, 12.74%, 0, 0, 12, 7838.77, 97237770, 667
12384, 181, 13, 1457, 0, 0, 12.74%, 0, 0, 12, 7832.34, 97277283, 667
12389, 181, 42, 1458, 1, 0, 12.74%, 0, 0, 12, 7856.24, 97317380, 667
12394, 181, 804, 1458, 1, 0, 12.74%, 0, 0, 12, 7841.11, 97357034, 667
12399, 181, 211, 1458, 1, 0, 12.74%, 0, 0, 12, 7809.20, 97396799, 667
12404, 181, 33, 1458, 1, 0, 12.74%, 0, 0, 12, 7854.26, 97436840, 667
12409, 181, 532, 1458, 1, 0, 12.74%, 0, 0, 12, 7852.38, 97476442, 667
12414, 181, 1006, 1458, 0, 0, 12.74%, 0, 0, 12, 7780.15, 97515901, 667
12419, 181, 537, 1458, 0, 0, 12.74%, 0, 0, 12, 7806.42, 97555304, 667
12424, 181, 828, 1458, 0, 0, 12.74%, 0, 0, 12, 7820.35, 97595311, 667
12429, 181, 42, 1458, 0, 0, 12.74%, 0, 0, 12, 7825.78, 97635281, 667
12434, 181, 599, 1458, 0, 0, 12.74%, 0, 0, 12, 7849.48, 97675120, 667
12439, 181, 504, 1458, 0, 0, 12.74%, 0, 0, 12, 7862.70, 97714790, 667
12444, 181, 456, 1458, 0, 0, 12.74%, 0, 0, 12, 7850.91, 97754468, 667
12450, 182, 274, 1458, 0, 0, 12.74%, 0, 0, 12, 7807.83, 97794058, 667
12455, 182, 126, 1458, 0, 0, 12.74%, 0, 0, 12, 7795.72, 97833782, 667
12460, 182, 543, 1458, 0, 0, 12.74%, 0, 0, 12, 7872.58, 97873569, 667
12465, 182, 537, 1458, 0, 0, 12.74%, 0, 0, 12, 7864.19, 97913726, 667
12470, 182, 396, 1458, 0, 0, 12.74%, 0, 0, 12, 7850.85, 97953532, 667
12475, 182, 479, 1458, 0, 0, 12.74%, 0, 0, 12, 7815.77, 97993502, 667
12480, 182, 396, 1458, 0, 0, 12.74%, 0, 0, 12, 7810.06, 98033162, 667
12485, 182, 462, 1458, 0, 0, 12.74%, 0, 0, 12, 7809.12, 98072832, 667
12490, 182, 13, 1458, 0, 0, 12.74%, 0, 0, 12, 7793.44, 98112459, 667
12495, 182, 457, 1458, 0, 0, 12.74%, 0, 0, 12, 7841.65, 98152569, 667
12500, 182, 276, 1458, 0, 0, 12.74%, 0, 0, 12, 7803.73, 98191917, 667
12505, 182, 42, 1458, 0, 0, 12.74%, 0, 0, 12, 7853.06, 98231716, 667
12511, 182, 815, 1458, 0, 0, 12.74%, 0, 0, 12, 7794.59, 98271160, 667
12516, 183, 804, 1458, 0, 0, 12.74%, 0, 0, 12, 7799.33, 98310704, 667
12521, 183, 164, 1458, 0, 0, 12.74%, 0, 0, 12, 7837.20, 98350101, 667
12526, 183, 176, 1458, 0, 0, 12.74%, 0, 0, 12, 7823.36, 98389585, 667
12531, 183, 407, 1458, 0, 0, 12.74%, 0, 0, 12, 7803.51, 98429570, 667
12536, 183, 424, 1458, 0, 0, 12.74%, 0, 0, 12, 7857.21, 98469216, 667
12541, 183, 13, 1458, 0, 0, 12.74%, 0, 0, 12, 7879.67, 98508986, 667
12546, 183, 461, 1458, 0, 0, 12.74%, 0, 0, 12, 7871.63, 98549041, 667
12551, 183, 815, 1458, 0, 0, 12.74%, 0, 0, 12, 7825.40, 98588949, 667
12556, 183, 537, 1458, 0, 0, 12.74%, 0, 0, 12, 7842.59, 98628905, 667
12561, 183, 448, 1458, 0, 0, 12.74%, 0, 0, 12, 7845.76, 98669037, 667
12566, 183, 949, 1458, 0, 0, 12.74%, 0, 0, 12, 7821.50, 98708841, 667
12571, 183, 452, 1458, 0, 0, 12.74%, 0, 0, 12, 7807.69, 98748564, 667
12577, 183, 13, 1458, 0, 0, 12.74%, 0, 0, 12, 7814.78, 98788452, 667
12582, 183, 456, 1458, 0, 0, 12.74%, 0, 0, 12, 7794.45, 98828234, 667
12587, 183, 13, 1458, 0, 0, 12.74%, 0, 0, 12, 7846.77, 98867814, 667
12592, 184, 826, 1458, 0, 0, 12.74%, 0, 0, 12, 7820.09, 98907442, 667
12597, 184, 407, 1458, 0, 0, 12.74%, 0, 0, 12, 7783.53, 98947391, 667
12602, 184, 657, 1458, 0, 0, 12.74%, 0, 0, 12, 7807.28, 98986925, 667
12607, 184, 274, 1458, 0, 0, 12.74%, 0, 0, 12, 7834.76, 99026399, 667
12612, 184, 185, 1458, 0, 0, 12.74%, 0, 0, 12, 7880.81, 99066688, 667
12617, 184, 13, 1458, 0, 0, 12.74%, 0, 0, 12, 7826.04, 99106254, 667
12622, 184, 204, 1458, 0, 0, 12.74%, 0, 0, 12, 7815.22, 99145795, 667
12627, 184, 599, 1458, 0, 0, 12.74%, 0, 0, 12, 7843.57, 99185542, 667
12632, 184, 367, 1458, 0, 0, 12.74%, 0, 0, 12, 7838.56, 99224990, 667
12637, 184, 304, 1458, 0, 0, 12.74%, 0, 0, 12, 7843.23, 99264706, 667
12643, 184, 537, 1458, 0, 0, 12.74%, 0, 0, 12, 7780.99, 99304143, 667
12648, 184, 295, 1458, 0, 0, 12.74%, 0, 0, 12, 7817.65, 99343632, 667
12653, 184, 13, 1458, 0, 0, 12.74%, 0, 0, 12, 7788.11, 99383183, 667
12658, 184, 180, 1458, 0, 0, 12.74%, 0, 0, 12, 7760.80, 99422309, 667
12663, 185, 122, 1458, 0, 0, 12.74%, 0, 0, 12, 7804.86, 99461523, 667
12668, 185, 822, 1458, 0, 0, 12.74%, 0, 0, 12, 7792.87, 99501180, 667
12673, 185, 13, 1458, 0, 0, 12.74%, 0, 0, 12, 7819.44, 99540976, 667
12678, 185, 42, 1458, 0, 0, 12.74%, 0, 0, 12, 7800.08, 99580614, 667
12683, 185, 13, 1458, 0, 0, 12.74%, 0, 0, 12, 7810.62, 99620566, 667
12688, 185, 91, 1458, 0, 0, 12.74%, 0, 0, 12, 7765.18, 99660077, 667
12693, 185, 472, 1458, 0, 0, 12.74%, 0, 0, 12, 7777.74, 99699344, 667
12698, 185, 826, 1458, 0, 0, 12.74%, 0, 0, 12, 7794.25, 99739071, 667
12703, 185, 13, 1458, 0, 0, 12.74%, 0, 0, 12, 7815.45, 99778718, 667
12708, 185, 13, 1458, 0, 0, 12.74%, 0, 0, 12, 7833.41, 99818262, 667
12714, 185, 566, 1458, 0, 0, 12.74%, 0, 0, 12, 7823.13, 99858068, 667
12719, 185, 1122, 1458, 0, 0, 12.74%, 0, 0, 12, 7854.01, 99897952, 667
12724, 185, 13, 1458, 0, 0, 12.74%, 0, 0, 12, 7806.02, 99937079, 667
12729, 185, 51, 1458, 0, 0, 12.74%, 0, 0, 12, 7808.37, 99976350, 667
12734, 186, 16, 1458, 0, 0, 12.74%, 0, 0, 12, 7804.86, 100016174, 667
12739, 186, 50, 1458, 0, 0, 12.74%, 0, 0, 12, 7831.76, 100056252, 667
12744, 186, 13, 1458, 0, 0, 12.74%, 0, 0, 12, 7834.10, 100095878, 667
12749, 186, 67, 1458, 0, 0, 12.74%, 0, 0, 12, 7853.62, 100135464, 667
12754, 186, 558, 1458, 0, 0, 12.74%, 0, 0, 12, 7857.70, 100175500, 667
12759, 186, 410, 1458, 0, 0, 12.74%, 0, 0, 12, 7872.59, 100215566, 667
12764, 186, 521, 1458, 0, 0, 12.74%, 0, 0, 12, 7860.40, 100255349, 667
12769, 186, 396, 1458, 0, 0, 12.74%, 0, 0, 12, 7834.23, 100295055, 667
12774, 186, 274, 1458, 0, 0, 12.74%, 0, 0, 12, 7837.35, 100335113, 667
12780, 186, 16, 1458, 0, 0, 12.74%, 0, 0, 12, 7856.78, 100374891, 667
12785, 186, 274, 1458, 0, 0, 12.74%, 0, 0, 12, 7835.07, 100414773, 667
12790, 186, 352, 1458, 0, 0, 12.74%, 0, 0, 12, 7844.15, 100454904, 667
12795, 186, 504, 1458, 0, 0, 12.74%, 0, 0, 12, 7814.04, 100494331, 667
12800, 186, 185, 1458, 0, 0, 12.74%, 0, 0, 12, 7829.21, 100533997, 667
12805, 186, 306, 1458, 0, 0, 12.74%, 0, 0, 12, 7825.47, 100573484, 667
12810, 187, 822, 1458, 0, 0, 12.74%, 0, 0, 12, 7867.51, 100613740, 667
12815, 187, 546, 1458, 0, 0, 12.74%, 0, 0, 12, 7847.98, 100653767, 667
12820, 187, 784, 1458, 0, 0, 12.74%, 0, 0, 12, 7840.33, 100693641, 667
12825, 187, 13, 1458, 0, 0, 12.74%, 0, 0, 12, 7870.21, 100733414, 667
12830, 187, 13, 1458, 0, 0, 12.74%, 0, 0, 12, 7871.11, 100773498, 667
12835, 187, 42, 1458, 0, 0, 12.74%, 0, 0, 12, 7821.64, 100813247, 667
12841, 187, 558, 1458, 0, 0, 12.74%, 0, 0, 12, 7825.67, 100853442, 667
12846, 187, 784, 1458, 0, 0, 12.74%, 0, 0, 12, 7770.94, 100892972, 667
12851, 187, 812, 1458, 0, 0, 12.74%, 0, 0, 12, 7842.85, 100932849, 667
12856, 187, 822, 1458, 0, 0, 12.74%, 0, 0, 12, 7835.48, 100972823, 667
12861, 187, 828, 1458, 0, 0, 12.74%, 0, 0, 12, 7816.56, 101012529, 667
12866, 187, 42, 1458, 0, 0, 12.74%, 0, 0, 12, 7791.52, 101052155, 667
12871, 187, 42, 1458, 0, 0, 12.74%, 0, 0, 12, 7796.98, 101092063, 667
12876, 187, 456, 1458, 0, 0, 12.74%, 0, 0, 12, 7864.35, 101132312, 667
12881, 188, 185, 1458, 0, 0, 12.74%, 0, 0, 12, 7859.75, 101172805, 667
12886, 188, 596, 1458, 0, 0, 12.74%, 0, 0, 12, 7844.48, 101212373, 667
12892, 188, 815, 1458, 0, 0, 12.74%, 0, 0, 12, 7836.29, 101252089, 667
12897, 188, 457, 1458, 0, 0, 12.74%, 0, 0, 12, 7819.40, 101291698, 667
12902, 188, 276, 1458, 0, 0, 12.74%, 0, 0, 12, 7841.91, 101331207, 667
12907, 188, 949, 1458, 0, 0, 12.74%, 0, 0, 12, 7795.59, 101370591, 667
12912, 188, 50, 1458, 0, 0, 12.74%, 0, 0, 12, 7792.51, 101409937, 667
12917, 188, 596, 1458, 0, 0, 12.74%, 0, 0, 12, 7750.84, 101449284, 667
12922, 188, 1122, 1458, 0, 0, 12.74%, 0, 0, 12, 7726.04, 101488593, 667
12927, 188, 13, 1458, 0, 0, 12.74%, 0, 0, 12, 7832.05, 101528549, 667
12932, 188, 535, 1458, 0, 0, 12.74%, 0, 0, 12, 7846.07, 101568269, 667
12937, 188, 30, 1458, 0, 0, 12.74%, 0, 0, 12, 7841.76, 101607966, 667
12942, 188, 43, 1458, 0, 0, 12.74%, 0, 0, 12, 7850.79, 101647931, 667
12947, 188, 721, 1458, 0, 0, 12.74%, 0, 0, 12, 7858.48, 101688262, 667
12952, 189, 13, 1458, 0, 0, 12.74%, 0, 0, 12, 7841.29, 101728212, 667
12957, 189, 832, 1458, 0, 0, 12.74%, 0, 0, 12, 7794.23, 101767642, 667
12963, 189, 763, 1458, 0, 0, 12.74%, 0, 0, 12, 7837.28, 101807195, 667
12968, 189, 396, 1458, 0, 0, 12.74%, 0, 0, 12, 7845.40, 101847150, 667
12973, 189, 176, 1458, 0, 0, 12.74%, 0, 0, 12, 7816.71, 101887161, 667
12978, 189, 483, 1458, 0, 0, 12.74%, 0, 0, 12, 7821.46, 101926930, 667
12983, 189, 448, 1458, 0, 0, 12.74%, 0, 0, 12, 7854.94, 101966988, 667
12988, 189, 802, 1458, 0, 0, 12.74%, 0, 0, 12, 7787.57, 102006575, 667
12993, 189, 804, 1458, 0, 0, 12.74%, 0, 0, 12, 7820.34, 102046606, 667
12998, 189, 50, 1458, 0, 0, 12.74%, 0, 0, 12, 7816.93, 102086444, 667
13003, 189, 35, 1458, 0, 0, 12.74%, 0, 0, 12, 7793.44, 102126062, 667
13008, 189, 448, 1458, 0, 0, 12.74%, 0, 0, 12, 7840.13, 102165641, 667
13014, 189, 826, 1458, 0, 0, 12.74%, 0, 0, 12, 7788.33, 102205657, 667
13019, 189, 456, 1458, 0, 0, 12.74%, 0, 0, 12, 7845.50, 102245996, 667
13024, 190, 190, 1458, 0, 0, 12.74%, 0, 0, 12, 7843.31, 102285670, 667
13029, 190, 327, 1458, 0, 0, 12.74%, 0, 0, 12, 7822.50, 102325569, 667
13034, 190, 126, 1458, 0, 0, 12.74%, 0, 0, 12, 7803.02, 102365416, 667
13039, 190, 599, 1458, 0, 0, 12.74%, 0, 0, 12, 7852.35, 102405381, 667
13044, 190, 734, 1458, 0, 0, 12.74%, 0, 0, 12, 7876.67, 102445277, 667
13049, 190, 136, 1458, 0, 0, 12.74%, 0, 0, 12, 7837.54, 102485098, 667
13054, 190, 718, 1458, 0, 0, 12.74%, 0, 0, 12, 7800.74, 102524836, 667
13059, 190, 601, 1458, 0, 0, 12.74%, 0, 0, 12, 7753.00, 102564125, 667
13064, 190, 424, 1458, 0, 0, 12.74%, 0, 0, 12, 7784.92, 102603384, 667
13069, 190, 329, 1458, 0, 0, 12.74%, 0, 0, 12, 7844.27, 102643384, 667
13075, 190, 472, 1458, 0, 0, 12.74%, 0, 0, 12, 7813.38, 102683230, 667
13080, 190, 106, 1458, 0, 0, 12.74%, 0, 0, 12, 7783.28, 102722698, 667
13085, 190, 295, 1458, 0, 0, 12.74%, 0, 0, 12, 7850.12, 102762708, 667
13090, 190, 13, 1458, 0, 0, 12.74%, 0, 0, 12, 7850.24, 102802297, 667
13095, 191, 822, 1458, 0, 0, 12.74%, 0, 0, 12, 7852.54, 102842335, 667
13100, 191, 1041, 1458, 0, 0, 12.74%, 0, 0, 12, 7841.87, 102881980, 667
13105, 191, 42, 1458, 0, 0, 12.74%, 0, 0, 12, 7803.21, 102921681, 667
13110, 191, 457, 1458, 0, 0, 12.74%, 0, 0, 12, 7787.85, 102961288, 667
13115, 191, 603, 1458, 0, 0, 12.74%, 0, 0, 12, 7768.78, 103000523, 667
13120, 191, 422, 1458, 0, 0, 12.74%, 0, 0, 12, 7823.50, 103040269, 667
13125, 191, 470, 1458, 0, 0, 12.74%, 0, 0, 12, 7826.12, 103079729, 667
13130, 191, 295, 1458, 0, 0, 12.74%, 0, 0, 12, 7822.34, 103119578, 667
13135, 191, 176, 1458, 0, 0, 12.74%, 0, 0, 12, 7824.04, 103159331, 667
13140, 191, 186, 1458, 0, 0, 12.74%, 0, 0, 12, 7864.56, 103198965, 667
13146, 191, 802, 1458, 0, 0, 12.74%, 0, 0, 12, 7845.97, 103238756, 667
13151, 191, 832, 1458, 0, 0, 12.74%, 0, 0, 12, 7800.05, 103278249, 667
13156, 191, 718, 1458, 0, 0, 12.74%, 0, 0, 12, 7827.12, 103318029, 667
13161, 191, 784, 1458, 0, 0, 12.74%, 0, 0, 12, 7854.70, 103357948, 667
13166, 191, 802, 1458, 0, 0, 12.74%, 0, 0, 12, 7863.45, 103397940, 667
13171, 192, 546, 1458, 0, 0, 12.74%, 0, 0, 12, 7866.11, 103438002, 667
13176, 192, 126, 1458, 0, 0, 12.74%, 0, 0, 12, 7861.45, 103477566, 667
13181, 192, 462, 1459, 1, 0, 12.74%, 0, 0, 12, 7792.30, 103516691, 667
13186, 192, 13, 1459, 1, 0, 12.74%, 0, 0, 12, 7824.71, 103556628, 667
13191, 192, 13, 1459, 1, 0, 12.74%, 0, 0, 12, 7797.27, 103596219, 667
13196, 192, 466, 1459, 1, 0, 12.74%, 0, 0, 12, 7804.28, 103635609, 667
13201, 192, 59, 1459, 1, 0, 12.74%, 0, 0, 12, 7782.79, 103675228, 667
13206, 192, 59, 1459, 1, 0, 12.74%, 0, 0, 12, 7826.29, 103715090, 667
13212, 192, 537, 1459, 1, 0, 12.74%, 0, 0, 12, 7808.29, 103754703, 667
13217, 192, 13, 1459, 1, 0, 12.74%, 0, 0, 12, 7822.09, 103794290, 667
13222, 192, 575, 1459, 1, 0, 12.74%, 0, 0, 12, 7845.75, 103834124, 667
13227, 192, 802, 1459, 1, 0, 12.74%, 0, 0, 12, 7869.90, 103874025, 667
13232, 192, 466, 1459, 1, 0, 12.74%, 0, 0, 12, 7857.43, 103913747, 667
13237, 192, 1347, 1459, 1, 0, 12.74%, 0, 0, 12, 7842.85, 103953624, 667
13242, 193, 176, 1459, 1, 0, 12.74%, 0, 0, 12, 7798.61, 103993149, 667
13247, 193, 822, 1459, 1, 0, 12.74%, 0, 0, 12, 7828.88, 104033066, 667
13252, 193, 176, 1459, 1, 0, 12.74%, 0, 0, 12, 7836.60, 104072553, 667
13257, 193, 802, 1459, 1, 0, 12.74%, 0, 0, 12, 7837.68, 104112582, 667
13262, 193, 599, 1459, 1, 0, 12.74%, 0, 0, 12, 7875.28, 104152194, 667
13267, 193, 620, 1459, 1, 0, 12.74%, 0, 0, 12, 7832.30, 104191891, 667
13272, 193, 175, 1459, 1, 0, 12.74%, 0, 0, 12, 7788.72, 104231207, 667
13277, 193, 390, 1459, 1, 0, 12.74%, 0, 0, 12, 7826.02, 104270700, 667
13282, 193, 830, 1459, 1, 0, 12.74%, 0, 0, 12, 7800.18, 104310409, 667
13288, 193, 303, 1459, 1, 0, 12.74%, 0, 0, 12, 7822.09, 104350349, 667
13293, 193, 126, 1459, 1, 0, 12.74%, 0, 0, 12, 7831.77, 104389927, 667
13298, 193, 255, 1459, 1, 0, 12.74%, 0, 0, 12, 7864.42, 104429886, 667
13303, 193, 452, 1459, 1, 0, 12.74%, 0, 0, 12, 7869.12, 104470083, 667
13308, 193, 306, 1459, 1, 0, 12.74%, 0, 0, 12, 7868.13, 104510108, 667
13313, 194, 718, 1459, 1, 0, 12.74%, 0, 0, 12, 7853.14, 104549950, 667
13318, 194, 308, 1459, 1, 0, 12.74%, 0, 0, 12, 7840.10, 104589440, 667
13323, 194, 42, 1459, 1, 0, 12.74%, 0, 0, 12, 7854.02, 104629154, 667
13328, 194, 13, 1459, 1, 0, 12.74%, 0, 0, 12, 7806.35, 104668792, 667
13333, 194, 42, 1459, 1, 0, 12.74%, 0, 0, 12, 7778.46, 104708175, 667
13338, 194, 616, 1459, 1, 0, 12.74%, 0, 0, 12, 7809.85, 104748118, 667
13343, 194, 524, 1459, 1, 0, 12.74%, 0, 0, 12, 7834.61, 104787643, 667
13348, 194, 187, 1459, 1, 0, 12.74%, 0, 0, 12, 7787.07, 104827291, 667
13354, 194, 802, 1459, 1, 0, 12.74%, 0, 0, 12, 7772.72, 104867248, 667
13359, 194, 176, 1459, 1, 0, 12.74%, 0, 0, 12, 7813.34, 104906874, 667
13364, 194, 949, 1459, 1, 0, 12.74%, 0, 0, 12, 7849.16, 104946634, 667
13369, 194, 42, 1459, 1, 0, 12.74%, 0, 0, 12, 7855.03, 104986341, 667
13374, 194, 42, 1459, 1, 0, 12.74%, 0, 0, 12, 7823.64, 105026092, 667
13379, 194, 35, 1459, 1, 0, 12.74%, 0, 0, 12, 7825.28, 105066005, 667
13384, 195, 176, 1459, 1, 0, 12.74%, 0, 0, 12, 7841.80, 105105966, 667
13389, 195, 462, 1459, 1, 0, 12.74%, 0, 0, 12, 7840.39, 105145507, 667
13394, 195, 422, 1459, 1, 0, 12.74%, 0, 0, 12, 7844.58, 105185407, 667
13399, 195, 68, 1459, 1, 0, 12.74%, 0, 0, 12, 7869.12, 105225451, 667
13404, 195, 832, 1459, 1, 0, 12.74%, 0, 0, 12, 7858.30, 105265646, 667
13409, 195, 220, 1459, 1, 0, 12.74%, 0, 0, 12, 7881.65, 105305755, 667
13414, 195, 822, 1459, 1, 0, 12.74%, 0, 0, 12, 7847.54, 105345533, 667
13420, 195, 452, 1459, 1, 0, 12.74%, 0, 0, 12, 7823.77, 105385058, 667
13425, 195, 306, 1459, 1, 0, 12.74%, 0, 0, 12, 7834.89, 105424887, 667
13430, 195, 466, 1459, 1, 0, 12.74%, 0, 0, 12, 7851.61, 105464844, 667
13435, 195, 588, 1459, 1, 0, 12.74%, 0, 0, 12, 7866.52, 105504824, 667
13440, 195, 274, 1459, 1, 0, 12.74%, 0, 0, 12, 7833.26, 105544932, 667
13445, 195, 42, 1459, 1, 0, 12.74%, 0, 0, 12, 7861.91, 105584922, 667
13450, 195, 50, 1459, 1, 0, 12.74%, 0, 0, 12, 7819.52, 105624549, 667
13455, 196, 136, 1459, 1, 0, 12.74%, 0, 0, 12, 7843.19, 105664076, 667
13460, 196, 452, 1459, 1, 0, 12.74%, 0, 0, 12, 7796.55, 105703734, 667
13465, 196, 822, 1459, 1, 0, 12.74%, 0, 0, 12, 7826.89, 105743686, 667
13470, 196, 466, 1459, 1, 0, 12.74%, 0, 0, 12, 7867.98, 105783856, 667
13476, 196, 42, 1459, 1, 0, 12.74%, 0, 0, 12, 7834.53, 105823670, 667
13481, 196, 50, 1459, 1, 0, 12.74%, 0, 0, 12, 7861.68, 105863505, 667
13486, 196, 596, 1459, 1, 0, 12.74%, 0, 0, 12, 7857.80, 105903562, 667
13491, 196, 13, 1459, 1, 0, 12.74%, 0, 0, 12, 7839.04, 105943115, 667
13496, 196, 13, 1459, 1, 0, 12.74%, 0, 0, 12, 7835.67, 105982863, 667
13501, 196, 815, 1459, 1, 0, 12.74%, 0, 0, 12, 7831.22, 106022732, 667
13506, 196, 286, 1459, 1, 0, 12.74%, 0, 0, 12, 7816.15, 106062449, 667
13511, 196, 456, 1459, 1, 0, 12.74%, 0, 0, 12, 7823.29, 106102096, 667
13516, 196, 192, 1459, 1, 0, 12.74%, 0, 0, 12, 7812.85, 106141956, 667
13521, 196, 176, 1459, 1, 0, 12.74%, 0, 0, 12, 7798.95, 106181735, 667
13526, 197, 176, 1459, 1, 0, 12.74%, 0, 0, 12, 7807.78, 106221668, 667
13531, 197, 479, 1459, 1, 0, 12.74%, 0, 0, 12, 7856.22, 106261752, 667
13537, 197, 456, 1459, 1, 0, 12.74%, 0, 0, 12, 7880.46, 106301788, 667
13542, 197, 1064, 1459, 1, 0, 12.74%, 0, 0, 12, 7793.25, 106341513, 667
13547, 197, 126, 1459, 1, 0, 12.74%, 0, 0, 12, 7809.92, 106381724, 667
13552, 197, 13, 1459, 1, 0, 12.74%, 0, 0, 12, 7845.67, 106421366, 667
13557, 197, 535, 1459, 1, 0, 12.74%, 0, 0, 12, 7798.01, 106461459, 667
13562, 197, 126, 1459, 1, 0, 12.74%, 0, 0, 12, 7823.49, 106501396, 667
13567, 197, 13, 1459, 1, 0, 12.74%, 0, 0, 12, 7828.95, 106541232, 667
13572, 197, 13, 1459, 1, 0, 12.74%, 0, 0, 12, 7848.51, 106580922, 667
13577, 197, 828, 1459, 1, 0, 12.74%, 0, 0, 12, 7832.09, 106620323, 667
13582, 197, 472, 1459, 1, 0, 12.74%, 0, 0, 12, 7811.89, 106659802, 667
13587, 197, 424, 1459, 1, 0, 12.74%, 0, 0, 12, 7799.07, 106699754, 667
13593, 197, 822, 1459, 1, 0, 12.74%, 0, 0, 12, 7790.84, 106739697, 667
13598, 197, 462, 1459, 1, 0, 12.74%, 0, 0, 12, 7827.42, 106779347, 667
13603, 198, 42, 1459, 1, 0, 12.74%, 0, 0, 12, 7868.16, 106819759, 667
13608, 198, 616, 1459, 1, 0, 12.74%, 0, 0, 12, 7859.03, 106860216, 667
13613, 198, 826, 1459, 1, 0, 12.74%, 0, 0, 12, 7788.67, 106899433, 667
13618, 198, 457, 1459, 1, 0, 12.74%, 0, 0, 12, 7873.07, 106939413, 667
13623, 198, 826, 1459, 1, 0, 12.74%, 0, 0, 12, 7834.26, 106979438, 667
13628, 198, 367, 1459, 1, 0, 12.74%, 0, 0, 12, 7792.29, 107018897, 667
13633, 198, 822, 1459, 1, 0, 12.74%, 0, 0, 12, 7818.92, 107058576, 667
13638, 198, 274, 1459, 1, 0, 12.74%, 0, 0, 12, 7829.33, 107098115, 667
13643, 198, 822, 1459, 1, 0, 12.74%, 0, 0, 12, 7861.17, 107138151, 667
13649, 198, 396, 1459, 1, 0, 12.74%, 0, 0, 12, 7800.16, 107177888, 667
13654, 198, 802, 1459, 1, 0, 12.74%, 0, 0, 12, 7829.16, 107217944, 667
13659, 198, 457, 1459, 1, 0, 12.74%, 0, 0, 12, 7841.74, 107257702, 667
13664, 198, 802, 1459, 1, 0, 12.74%, 0, 0, 12, 7851.11, 107297693, 667
13669, 198, 126, 1459, 1, 0, 12.74%, 0, 0, 12, 7782.48, 107337280, 667
13674, 199, 352, 1459, 1, 0, 12.74%, 0, 0, 12, 7813.31, 107377111, 667
13679, 199, 949, 1459, 1, 0, 12.74%, 0, 0, 12, 7837.73, 107417278, 667
13684, 199, 457, 1459, 1, 0, 12.74%, 0, 0, 12, 7875.86, 107457529, 667
13689, 199, 33, 1459, 1, 0, 12.74%, 0, 0, 12, 7863.16, 107497444, 667
13694, 199, 616, 1459, 1, 0, 12.74%, 0, 0, 12, 7862.43, 107537102, 667
13699, 199, 306, 1459, 1, 0, 12.74%, 0, 0, 12, 7877.73, 107577178, 667
13705, 199, 176, 1459, 0, 0, 12.74%, 0, 0, 12, 7575.07, 107615827, 667
13710, 199, 456, 1459, 0, 0, 12.74%, 0, 0, 12, 7783.48, 107655784, 667
13715, 199, 603, 1459, 0, 0, 12.74%, 0, 0, 12, 7833.99, 107695785, 667
13720, 199, 42, 1459, 0, 0, 12.74%, 0, 0, 12, 7842.43, 107735538, 667
13725, 199, 466, 1459, 0, 0, 12.74%, 0, 0, 12, 7831.24, 107775265, 667
13730, 199, 176, 1459, 0, 0, 12.74%, 0, 0, 12, 7833.63, 107815493, 667
13735, 199, 158, 1459, 0, 0, 12.74%, 0, 0, 12, 7817.78, 107855029, 667
13740, 199, 274, 1459, 0, 0, 12.74%, 0, 0, 12, 7824.04, 107894765, 667
13745, 200, 812, 1459, 0, 0, 12.74%, 0, 0, 12, 7827.54, 107934565, 667
13750, 200, 306, 1459, 0, 0, 12.74%, 0, 0, 12, 7847.88, 107974423, 667
13755, 200, 588, 1459, 0, 0, 12.74%, 0, 0, 12, 7839.65, 108014447, 667
13761, 200, 51, 1459, 0, 0, 12.74%, 0, 0, 12, 7848.49, 108054543, 667
13766, 200, 452, 1459, 0, 0, 12.74%, 0, 0, 12, 7867.77, 108094572, 667
13771, 200, 345, 1459, 0, 0, 12.74%, 0, 0, 12, 7827.90, 108134483, 667
13776, 200, 521, 1459, 0, 0, 12.74%, 0, 0, 12, 7849.34, 108174444, 667
13781, 200, 304, 1459, 0, 0, 12.74%, 0, 0, 12, 7848.29, 108214478, 667
13786, 200, 543, 1459, 0, 0, 12.74%, 0, 0, 12, 7830.32, 108254603, 667
13791, 200, 472, 1459, 0, 0, 12.74%, 0, 0, 12, 7829.06, 108294351, 667
13796, 200, 804, 1459, 0, 0, 12.74%, 0, 0, 12, 7838.86, 108334228, 667
13801, 200, 274, 1459, 0, 0, 12.74%, 0, 0, 12, 7838.31, 108373970, 667
13806, 200, 804, 1459, 0, 0, 12.74%, 0, 0, 12, 7834.32, 108413764, 667
13811, 200, 462, 1459, 0, 0, 12.74%, 0, 0, 12, 7818.78, 108453185, 667
13817, 201, 826, 1459, 0, 0, 12.74%, 0, 0, 12, 7789.91, 108492743, 667
13822, 201, 456, 1459, 0, 0, 12.74%, 0, 0, 12, 7819.71, 108532690, 667
13827, 201, 472, 1459, 0, 0, 12.74%, 0, 0, 12, 7848.51, 108572570, 667
13832, 201, 13, 1459, 0, 0, 12.74%, 0, 0, 12, 7860.78, 108612435, 667
13837, 201, 452, 1459, 0, 0, 12.74%, 0, 0, 12, 7855.72, 108652307, 667
13842, 201, 136, 1459, 0, 0, 12.74%, 0, 0, 12, 7856.11, 108692449, 667
13847, 201, 306, 1459, 0, 0, 12.74%, 0, 0, 12, 7772.59, 108732021, 667
13852, 201, 718, 1459, 0, 0, 12.74%, 0, 0, 12, 7811.91, 108772145, 667
13857, 201, 472, 1459, 0, 0, 12.74%, 0, 0, 12, 7816.61, 108812478, 667
13862, 201, 276, 1459, 0, 0, 12.74%, 0, 0, 12, 7871.11, 108852806, 667
13868, 201, 657, 1459, 0, 0, 12.74%, 0, 0, 12, 7881.77, 108892977, 667
13873, 201, 784, 1459, 0, 0, 12.74%, 0, 0, 12, 7872.61, 108933125, 667
13878, 201, 42, 1459, 0, 0, 12.74%, 0, 0, 12, 7874.65, 108972866, 667
13883, 201, 16, 1459, 0, 0, 12.74%, 0, 0, 12, 7868.09, 109012678, 667
13888, 202, 524, 1459, 0, 0, 12.74%, 0, 0, 12, 7818.75, 109052300, 667
13893, 202, 220, 1459, 0, 0, 12.74%, 0, 0, 12, 7825.12, 109091895, 667
13898, 202, 457, 1459, 0, 0, 12.74%, 0, 0, 12, 7841.52, 109131643, 667
13903, 202, 35, 1459, 0, 0, 12.74%, 0, 0, 12, 7822.55, 109171060, 667
13908, 202, 148, 1459, 0, 0, 12.74%, 0, 0, 12, 7856.44, 109210781, 667
13913, 202, 832, 1459, 0, 0, 12.74%, 0, 0, 12, 7825.02, 109250181, 667
13918, 202, 35, 1459, 0, 0, 12.74%, 0, 0, 12, 7850.76, 109289651, 667
13923, 202, 472, 1459, 0, 0, 12.74%, 0, 0, 12, 7862.48, 109329753, 667
13928, 202, 931, 1459, 0, 0, 12.74%, 0, 0, 12, 7858.55, 109370029, 667
13933, 202, 33, 1459, 0, 0, 12.74%, 0, 0, 12, 7844.92, 109409462, 667
13938, 202, 537, 1459, 0, 0, 12.74%, 0, 0, 12, 7874.37, 109449264, 667
13943, 202, 42, 1459, 0, 0, 12.74%, 0, 0, 12, 7880.76, 109489116, 667
13949, 202, 190, 1459, 0, 0, 12.74%, 0, 0, 12, 7848.30, 109529063, 667
13954, 202, 537, 1459, 0, 0, 12.74%, 0, 0, 12, 7850.48, 109568652, 667
13959, 203, 35, 1459, 0, 0, 12.74%, 0, 0, 12, 7875.94, 109608723, 667
13964, 203, 457, 1459, 0, 0, 12.74%, 0, 0, 12, 7867.86, 109648503, 667
13969, 203, 68, 1459, 0, 0, 12.74%, 0, 0, 12, 7843.77, 109688377, 667
13974, 203, 35, 1459, 0, 0, 12.74%, 0, 0, 12, 7843.05, 109727803, 667
13979, 203, 452, 1459, 0, 0, 12.74%, 0, 0, 12, 7814.23, 109767479, 667
13984, 203, 50, 1459, 0, 0, 12.74%, 0, 0, 12, 7759.21, 109806543, 667
13989, 203, 537, 1459, 0, 0, 12.74%, 0, 0, 12, 7800.26, 109845908, 667
13994, 203, 306, 1459, 0, 0, 12.74%, 0, 0, 12, 7862.47, 109885764, 667
13999, 203, 16, 1459, 0, 0, 12.74%, 0, 0, 12, 7844.27, 109925767, 667
14004, 203, 396, 1459, 0, 0, 12.74%, 0, 0, 12, 7813.21, 109965221, 667
14009, 203, 13, 1460, 1, 0, 12.74%, 0, 0, 12, 7783.38, 110004406, 667
14014, 203, 50, 1461, 1, 0, 12.74%, 0, 0, 12, 7819.85, 110044315, 667
14020, 203, 558, 1461, 1, 0, 12.74%, 0, 0, 12, 7825.48, 110084380, 667
14025, 203, 176, 1461, 1, 0, 12.74%, 0, 0, 12, 7785.99, 110124101, 667
14030, 204, 319, 1461, 1, 0, 12.74%, 0, 0, 12, 7830.16, 110164426, 667
14035, 204, 13, 1461, 1, 0, 12.74%, 0, 0, 12, 7821.86, 110204575, 667
14040, 204, 352, 1461, 1, 0, 12.74%, 0, 0, 12, 7849.60, 110244407, 667
14045, 204, 575, 1461, 0, 0, 12.74%, 0, 0, 12, 7859.77, 110284324, 667
14050, 204, 126, 1461, 0, 0, 12.74%, 0, 0, 12, 7784.34, 110323758, 667
14055, 204, 462, 1461, 0, 0, 12.74%, 0, 0, 12, 7807.52, 110363680, 667
14060, 204, 274, 1461, 0, 0, 12.74%, 0, 0, 12, 7829.56, 110403722, 667
14065, 204, 458, 1461, 0, 0, 12.74%, 0, 0, 12, 7854.08, 110443636, 667
14071, 204, 164, 1461, 0, 0, 12.74%, 0, 0, 12, 7830.50, 110483894, 667
14076, 204, 13, 1461, 0, 0, 12.74%, 0, 0, 12, 7832.82, 110523774, 667
14081, 204, 35, 1461, 0, 0, 12.74%, 0, 0, 12, 7828.10, 110563659, 667
14086, 204, 949, 1461, 0, 0, 12.74%, 0, 0, 12, 7791.22, 110603528, 667
14091, 204, 126, 1461, 0, 0, 12.74%, 0, 0, 12, 7802.02, 110643222, 667
14096, 204, 50, 1461, 0, 0, 12.74%, 0, 0, 12, 7799.26, 110683147, 667
14101, 205, 470, 1461, 0, 0, 12.74%, 0, 0, 12, 7838.05, 110722825, 667
14106, 205, 468, 1461, 0, 0, 12.74%, 0, 0, 12, 7851.67, 110762420, 667
14111, 205, 352, 1461, 0, 0, 12.74%, 0, 0, 12, 7864.90, 110802647, 667
14116, 205, 358, 1461, 0, 0, 12.74%, 0, 0, 12, 7845.15, 110842291, 667
14121, 205, 390, 1461, 0, 0, 12.74%, 0, 0, 12, 7839.72, 110882034, 667
14127, 205, 472, 1461, 0, 0, 12.74%, 0, 0, 12, 7861.41, 110921976, 667
14132, 205, 126, 1461, 0, 0, 12.74%, 0, 0, 12, 7860.74, 110962431, 667
14137, 205, 822, 1461, 0, 0, 12.74%, 0, 0, 12, 7856.11, 111002266, 667
14142, 205, 286, 1461, 0, 0, 12.74%, 0, 0, 12, 7850.36, 111042058, 667
14147, 205, 164, 1461, 0, 0, 12.74%, 0, 0, 12, 7873.52, 111081681, 667
14152, 205, 190, 1461, 0, 0, 12.74%, 0, 0, 12, 7863.09, 111121434, 667
14157, 205, 505, 1461, 0, 0, 12.74%, 0, 0, 12, 7844.60, 111161422, 667
14162, 205, 13, 1461, 0, 0, 12.74%, 0, 0, 12, 7859.66, 111201191, 667
14167, 205, 422, 1461, 0, 0, 12.74%, 0, 0, 12, 7834.06, 111241088, 667
14172, 205, 1041, 1461, 0, 0, 12.74%, 0, 0, 12, 7825.82, 111280912, 667
14177, 206, 42, 1461, 0, 0, 12.74%, 0, 0, 12, 7835.77, 111320525, 667
14182, 206, 50, 1461, 0, 0, 12.74%, 0, 0, 12, 7778.81, 111359723, 667
14187, 206, 43, 1461, 0, 0, 12.74%, 0, 0, 12, 7838.10, 111399480, 667
14193, 206, 42, 1461, 0, 0, 12.74%, 0, 0, 12, 7821.52, 111439184, 667
14198, 206, 67, 1461, 0, 0, 12.74%, 0, 0, 12, 7794.39, 111478784, 667
14203, 206, 524, 1461, 0, 0, 12.74%, 0, 0, 12, 7796.83, 111518392, 667
14208, 206, 492, 1461, 0, 0, 12.74%, 0, 0, 12, 7737.63, 111557398, 667
14213, 206, 784, 1461, 0, 0, 12.74%, 0, 0, 12, 7811.40, 111597160, 667
14218, 206, 616, 1462, 1, 0, 12.74%, 0, 0, 12, 7808.12, 111637105, 667
14223, 206, 828, 1462, 1, 0, 12.74%, 0, 0, 12, 7826.36, 111676935, 667
14228, 206, 620, 1462, 1, 0, 12.74%, 0, 0, 12, 7855.51, 111716846, 667
14233, 206, 402, 1462, 1, 0, 12.74%, 0, 0, 12, 7798.06, 111756799, 667
14238, 206, 100, 1462, 1, 0, 12.74%, 0, 0, 12, 7861.07, 111796904, 667
14243, 206, 620, 1462, 1, 0, 12.74%, 0, 0, 12, 7812.78, 111836291, 667
14249, 207, 457, 1462, 1, 0, 12.74%, 0, 0, 12, 7799.34, 111876360, 667
14254, 207, 581, 1462, 1, 0, 12.74%, 0, 0, 12, 7801.06, 111916190, 667
14259, 207, 492, 1462, 1, 0, 12.74%, 0, 0, 12, 7791.15, 111955585, 667
14264, 207, 13, 1462, 1, 0, 12.74%, 0, 0, 12, 7852.85, 111995889, 667
14269, 207, 456, 1462, 1, 0, 12.74%, 0, 0, 12, 7771.48, 112035627, 667
14274, 207, 804, 1462, 1, 0, 12.74%, 0, 0, 12, 7803.38, 112074896, 667
14279, 207, 43, 1462, 1, 0, 12.74%, 0, 0, 12, 7837.44, 112114812, 667
14284, 207, 546, 1462, 1, 0, 12.74%, 0, 0, 12, 7832.55, 112154777, 667
14289, 207, 33, 1462, 1, 0, 12.74%, 0, 0, 12, 7847.20, 112194535, 667
14294, 207, 295, 1462, 1, 0, 12.74%, 0, 0, 12, 7875.97, 112234316, 667
14299, 207, 13, 1462, 1, 0, 12.74%, 0, 0, 12, 7839.47, 112274265, 667
14304, 207, 599, 1462, 1, 0, 12.74%, 0, 0, 12, 7847.00, 112313775, 667
14309, 207, 472, 1462, 1, 0, 12.74%, 0, 0, 12, 7785.55, 112353302, 667
14315, 207, 184, 1462, 1, 0, 12.74%, 0, 0, 12, 7830.71, 112393163, 667
14320, 208, 456, 1462, 1, 0, 12.74%, 0, 0, 12, 7817.22, 112432822, 667
14325, 208, 13, 1462, 1, 0, 12.74%, 0, 0, 12, 7795.12, 112472373, 667
14330, 208, 826, 1462, 1, 0, 12.74%, 0, 0, 12, 7810.59, 112511944, 667
14335, 208, 804, 1462, 1, 0, 12.74%, 0, 0, 12, 7850.06, 112551813, 667
14340, 208, 13, 1462, 1, 0, 12.74%, 0, 0, 12, 7863.32, 112591692, 667
14345, 208, 596, 1462, 1, 0, 12.74%, 0, 0, 12, 7826.01, 112631357, 667
14350, 208, 42, 1462, 1, 0, 12.74%, 0, 0, 12, 7867.37, 112671709, 667
14355, 208, 35, 1462, 0, 0, 12.74%, 0, 0, 12, 7410.71, 112709976, 667
14360, 208, 452, 1462, 0, 0, 12.74%, 0, 0, 12, 7781.55, 112749873, 667
14365, 208, 524, 1462, 0, 0, 12.74%, 0, 0, 12, 7786.47, 112789681, 667
14371, 208, 812, 1462, 0, 0, 12.74%, 0, 0, 12, 7837.84, 112829868, 667
14376, 208, 274, 1462, 0, 0, 12.74%, 0, 0, 12, 7849.09, 112869710, 667
14381, 208, 832, 1462, 0, 0, 12.74%, 0, 0, 12, 7852.85, 112910094, 667
14386, 208, 148, 1462, 0, 0, 12.74%, 0, 0, 12, 7846.60, 112950268, 667
14391, 209, 1460, 1462, 0, 0, 12.74%, 0, 0, 12, 7818.31, 112990082, 667
14396, 209, 274, 1463, 1, 0, 12.74%, 0, 0, 12, 7840.11, 113030220, 667
14401, 209, 13, 1463, 1, 0, 12.74%, 0, 0, 12, 7836.04, 113070010, 667
14406, 209, 456, 1463, 1, 0, 12.74%, 0, 0, 12, 7841.68, 113109919, 667
14411, 209, 190, 1463, 1, 0, 12.74%, 0, 0, 12, 7883.43, 113150232, 667
14416, 209, 462, 1463, 1, 0, 12.74%, 0, 0, 12, 7842.35, 113189649, 667
14421, 209, 367, 1463, 1, 0, 12.74%, 0, 0, 12, 7884.82, 113229860, 667
14426, 209, 304, 1463, 1, 0, 12.74%, 0, 0, 12, 7867.49, 113269353, 667
14432, 209, 50, 1463, 1, 0, 12.74%, 0, 0, 12, 7807.23, 113308710, 667
14437, 209, 51, 1463, 1, 0, 12.74%, 0, 0, 12, 7847.52, 113348523, 667
14442, 209, 126, 1463, 1, 0, 12.74%, 0, 0, 12, 7834.56, 113388384, 667
14447, 209, 784, 1463, 1, 0, 12.74%, 0, 0, 12, 7824.35, 113428090, 667
14452, 209, 13, 1463, 1, 0, 12.74%, 0, 0, 12, 7854.11, 113468136, 667
14457, 209, 42, 1463, 1, 0, 12.74%, 0, 0, 12, 7802.86, 113507562, 667
14462, 209, 42, 1465, 2, 0, 12.74%, 0, 0, 12, 7776.24, 113547214, 667
14467, 210, 13, 1465, 2, 0, 12.74%, 0, 0, 12, 7851.15, 113587445, 667
14472, 210, 173, 1465, 1, 0, 12.74%, 0, 0, 12, 7785.49, 113626708, 667
14477, 210, 535, 1465, 1, 0, 12.74%, 0, 0, 12, 7827.59, 113666242, 667
14482, 210, 424, 1465, 1, 0, 12.74%, 0, 0, 12, 7851.79, 113706039, 667
14487, 210, 468, 1465, 1, 0, 12.74%, 0, 0, 12, 7858.22, 113746295, 667
14493, 210, 164, 1465, 1, 0, 12.74%, 0, 0, 12, 7866.70, 113786136, 667
14498, 210, 472, 1465, 1, 0, 12.74%, 0, 0, 12, 7849.32, 113826057, 667
14503, 210, 304, 1465, 1, 0, 12.74%, 0, 0, 12, 7814.09, 113865460, 667
14508, 210, 457, 1465, 1, 0, 12.74%, 0, 0, 12, 7823.40, 113905189, 667
14513, 210, 832, 1465, 1, 0, 12.74%, 0, 0, 12, 7836.92, 113945504, 667
14518, 210, 588, 1465, 1, 0, 12.74%, 0, 0, 12, 7828.17, 113985155, 667
14523, 210, 276, 1465, 1, 0, 12.74%, 0, 0, 12, 7800.91, 114024593, 667
14528, 210, 521, 1465, 1, 0, 12.74%, 0, 0, 12, 7835.94, 114064564, 667
14533, 210, 457, 1465, 1, 0, 12.74%, 0, 0, 12, 7785.35, 114104446, 667
14538, 211, 456, 1465, 1, 0, 12.74%, 0, 0, 12, 7848.39, 114144587, 667
14543, 211, 304, 1465, 1, 0, 12.74%, 0, 0, 12, 7872.10, 114184741, 667
14549, 211, 390, 1465, 1, 0, 12.74%, 0, 0, 12, 7825.46, 114224825, 667
14554, 211, 931, 1465, 1, 0, 12.74%, 0, 0, 12, 7813.98, 114264799, 667
14559, 211, 35, 1465, 1, 0, 12.74%, 0, 0, 12, 7805.26, 114304508, 667
14564, 211, 830, 1465, 1, 0, 12.74%, 0, 0, 12, 7840.07, 114344187, 667
14569, 211, 16, 1465, 1, 0, 12.74%, 0, 0, 12, 7853.77, 114384161, 667
14574, 211, 1347, 1465, 1, 0, 12.74%, 0, 0, 12, 7853.79, 114423792, 667
14579, 211, 428, 1465, 1, 0, 12.74%, 0, 0, 12, 7874.83, 114463791, 667
14584, 211, 802, 1465, 1, 0, 12.74%, 0, 0, 12, 7863.31, 114503685, 667
14589, 211, 407, 1465, 1, 0, 12.74%, 0, 0, 12, 7856.98, 114543314, 667
14594, 211, 295, 1465, 1, 0, 12.74%, 0, 0, 12, 7874.13, 114583476, 667
14599, 211, 100, 1465, 1, 0, 12.74%, 0, 0, 12, 7875.05, 114623313, 667
14604, 211, 136, 1465, 1, 0, 12.74%, 0, 0, 12, 7879.13, 114662980, 667
14609, 212, 828, 1465, 1, 0, 12.74%, 0, 0, 12, 7854.03, 114702971, 667
14615, 212, 828, 1465, 1, 0, 12.74%, 0, 0, 12, 7834.09, 114742726, 667
14620, 212, 42, 1465, 1, 0, 12.74%, 0, 0, 12, 7832.62, 114782702, 667
14625, 212, 91, 1465, 1, 0, 12.74%, 0, 0, 12, 7836.28, 114822292, 667
14630, 212, 804, 1465, 1, 0, 12.74%, 0, 0, 12, 7841.58, 114862473, 667
14635, 212, 367, 1465, 1, 0, 12.74%, 0, 0, 12, 7852.58, 114902153, 667
14640, 212, 220, 1465, 1, 0, 12.74%, 0, 0, 12, 7864.32, 114942222, 667
14645, 212, 35, 1465, 1, 0, 12.74%, 0, 0, 12, 7839.11, 114982027, 667
14650, 212, 306, 1465, 0, 0, 12.74%, 0, 0, 12, 7804.49, 115021560, 667
14655, 212, 802, 1465, 0, 0, 12.74%, 0, 0, 12, 7847.34, 115061696, 667
14660, 212, 187, 1465, 0, 0, 12.74%, 0, 0, 12, 7780.54, 115100951, 667
14665, 212, 402, 1465, 0, 0, 12.74%, 0, 0, 12, 7870.48, 115140866, 667
14671, 212, 13, 1465, 0, 0, 12.74%, 0, 0, 12, 7792.70, 115180582, 667
14676, 212, 304, 1465, 0, 0, 12.74%, 0, 0, 12, 7841.22, 115220539, 667
14681, 213, 784, 1465, 0, 0, 12.74%, 0, 0, 12, 7875.60, 115260442, 667
14686, 213, 734, 1465, 0, 0, 12.74%, 0, 0, 12, 7780.86, 115300210, 667
14691, 213, 126, 1465, 0, 0, 12.74%, 0, 0, 12, 7804.49, 115339955, 667
14696, 213, 304, 1465, 0, 0, 12.74%, 0, 0, 12, 7816.91, 115379978, 667
14701, 213, 126, 1465, 0, 0, 12.74%, 0, 0, 12, 7807.03, 115419785, 667
14706, 213, 149, 1465, 0, 0, 12.74%, 0, 0, 12, 7849.32, 115460121, 667
14711, 213, 812, 1465, 0, 0, 12.74%, 0, 0, 12, 7851.36, 115499915, 667
14716, 213, 422, 1465, 0, 0, 12.74%, 0, 0, 12, 7863.11, 115539682, 667
14721, 213, 13, 1465, 0, 0, 12.74%, 0, 0, 12, 7858.63, 115579669, 667
14727, 213, 832, 1465, 0, 0, 12.74%, 0, 0, 12, 7834.15, 115619517, 667
14732, 213, 424, 1465, 0, 0, 12.74%, 0, 0, 12, 7809.99, 115659343, 667
14737, 213, 327, 1465, 0, 0, 12.74%, 0, 0, 12, 7838.47, 115699277, 667
14742, 213, 616, 1465, 0, 0, 12.74%, 0, 0, 12, 7796.99, 115738851, 667
14747, 213, 558, 1465, 0, 0, 12.74%, 0, 0, 12, 7771.32, 115778517, 667
14752, 214, 410, 1465, 0, 0, 12.74%, 0, 0, 12, 7821.84, 115818064, 667
14757, 214, 537, 1465, 0, 0, 12.74%, 0, 0, 12, 7843.93, 115857646, 667
14762, 214, 616, 1465, 0, 0, 12.74%, 0, 0, 12, 7816.08, 115897556, 667
14767, 214, 599, 1465, 0, 0, 12.74%, 0, 0, 12, 7845.54, 115937386, 667
14772, 214, 492, 1465, 0, 0, 12.74%, 0, 0, 12, 7780.78, 115977064, 667
14777, 214, 42, 1465, 0, 0, 12.74%, 0, 0, 12, 7849.49, 116016959, 667
14782, 214, 484, 1465, 0, 0, 12.74%, 0, 0, 12, 7859.01, 116056711, 667
14787, 214, 828, 1465, 0, 0, 12.74%, 0, 0, 12, 7838.36, 116096519, 667
14793, 214, 472, 1465, 0, 0, 12.74%, 0, 0, 12, 7847.40, 116136080, 667
14798, 214, 784, 1465, 0, 0, 12.74%, 0, 0, 12, 7860.72, 116176076, 667
14803, 214, 274, 1465, 0, 0, 12.74%, 0, 0, 12, 7842.20, 116215775, 667
14808, 214, 42, 1465, 0, 0, 12.74%, 0, 0, 12, 7846.59, 116255946, 667
14813, 214, 43, 1465, 0, 0, 12.74%, 0, 0, 12, 7854.54, 116295731, 667
14818, 214, 147, 1465, 0, 0, 12.74%, 0, 0, 12, 7825.05, 116335270, 667
14823, 215, 452, 1465, 0, 0, 12.74%, 0, 0, 12, 7823.67, 116374973, 667
14828, 215, 321, 1465, 0, 0, 12.74%, 0, 0, 12, 7837.53, 116414866, 667
14833, 215, 33, 1465, 0, 0, 12.74%, 0, 0, 12, 7823.44, 116454629, 667
14838, 215, 566, 1465, 0, 0, 12.74%, 0, 0, 12, 7819.56, 116494690, 667
14843, 215, 367, 1465, 0, 0, 12.74%, 0, 0, 12, 7880.72, 116534767, 667
14848, 215, 456, 1465, 0, 0, 12.74%, 0, 0, 12, 7836.81, 116574304, 667
14853, 215, 13, 1465, 0, 0, 12.74%, 0, 0, 12, 7825.37, 116613711, 667
14859, 215, 424, 1465, 0, 0, 12.74%, 0, 0, 12, 7833.04, 116653468, 667
14864, 215, 521, 1465, 0, 0, 12.74%, 0, 0, 12, 7836.03, 116693627, 667
14869, 215, 828, 1465, 0, 0, 12.74%, 0, 0, 12, 7820.19, 116733852, 667
14874, 215, 42, 1465, 0, 0, 12.74%, 0, 0, 12, 7823.93, 116773402, 667
14879, 215, 13, 1465, 0, 0, 12.74%, 0, 0, 12, 7817.50, 116813069, 667
14884, 215, 336, 1465, 0, 0, 12.74%, 0, 0, 12, 7819.68, 116852974, 667
14889, 215, 721, 1465, 0, 0, 12.74%, 0, 0, 12, 7813.94, 116892884, 667
14894, 215, 828, 1465, 0, 0, 12.74%, 0, 0, 12, 7841.38, 116933034, 667
14899, 216, 424, 1465, 0, 0, 12.74%, 0, 0, 12, 7822.14, 116972634, 667
14904, 216, 176, 1465, 0, 0, 12.74%, 0, 0, 12, 7832.99, 117012340, 667
14909, 216, 620, 1465, 0, 0, 12.74%, 0, 0, 12, 7826.04, 117052017, 667
14914, 216, 176, 1465, 0, 0, 12.74%, 0, 0, 12, 7820.02, 117091374, 667
14920, 216, 558, 1465, 0, 0, 12.74%, 0, 0, 12, 7784.75, 117131135, 667
14925, 216, 13, 1465, 0, 0, 12.74%, 0, 0, 12, 7772.46, 117170457, 667
14930, 216, 812, 1465, 0, 0, 12.74%, 0, 0, 12, 7792.15, 117210330, 667
14935, 216, 575, 1465, 0, 0, 12.74%, 0, 0, 12, 7824.26, 117250127, 667
14940, 216, 327, 1465, 0, 0, 12.74%, 0, 0, 12, 7856.64, 117290118, 667
14945, 216, 35, 1465, 0, 0, 12.74%, 0, 0, 12, 7843.56, 117329957, 667
14950, 216, 931, 1465, 0, 0, 12.74%, 0, 0, 12, 7843.90, 117369438, 667
14955, 216, 537, 1465, 0, 0, 12.74%, 0, 0, 12, 7839.08, 117409411, 667
14960, 216, 521, 1465, 0, 0, 12.74%, 0, 0, 12, 7873.35, 117449540, 667
14965, 216, 407, 1465, 0, 0, 12.74%, 0, 0, 12, 7824.85, 117489629, 667
14970, 217, 147, 1465, 0, 0, 12.74%, 0, 0, 12, 7819.65, 117529376, 667
14976, 217, 13, 1465, 0, 0, 12.74%, 0, 0, 12, 7870.84, 117569389, 667
14981, 217, 220, 1465, 0, 0, 12.74%, 0, 0, 12, 7858.64, 117609347, 667
14986, 217, 13, 1465, 0, 0, 12.74%, 0, 0, 12, 7833.01, 117649317, 667
14991, 217, 220, 1465, 0, 0, 12.74%, 0, 0, 12, 7830.89, 117688981, 667
14996, 217, 949, 1465, 0, 0, 12.74%, 0, 0, 12, 7830.86, 117729069, 667
15001, 217, 484, 1465, 0, 0, 12.74%, 0, 0, 12, 7826.21, 117768632, 667
15006, 217, 327, 1465, 0, 0, 12.74%, 0, 0, 12, 7831.44, 117808173, 667
15011, 217, 721, 1465, 0, 0, 12.74%, 0, 0, 12, 7806.59, 117847559, 667
15016, 217, 42, 1465, 0, 0, 12.74%, 0, 0, 12, 7832.97, 117887524, 667
15021, 217, 360, 1465, 0, 0, 12.74%, 0, 0, 12, 7825.74, 117927271, 667
15026, 217, 126, 1465, 0, 0, 12.74%, 0, 0, 12, 7846.07, 117966627, 667
15031, 217, 466, 1465, 0, 0, 12.74%, 0, 0, 12, 7821.78, 118006143, 667
15036, 217, 42, 1465, 0, 0, 12.74%, 0, 0, 12, 7799.77, 118045787, 667
15041, 218, 13, 1465, 0, 0, 12.74%, 0, 0, 12, 7784.74, 118085336, 667
15047, 218, 305, 1465, 0, 0, 12.74%, 0, 0, 12, 7807.20, 118125220, 667
15052, 218, 603, 1465, 0, 0, 12.74%, 0, 0, 12, 7807.43, 118164778, 667
15057, 218, 50, 1465, 0, 0, 12.74%, 0, 0, 12, 7829.30, 118204617, 667
15062, 218, 136, 1465, 0, 0, 12.74%, 0, 0, 12, 7833.61, 118244252, 667
15067, 218, 295, 1465, 0, 0, 12.74%, 0, 0, 12, 7850.65, 118284098, 667
15072, 218, 457, 1465, 0, 0, 12.74%, 0, 0, 12, 7835.19, 118324362, 667
15077, 218, 596, 1465, 0, 0, 12.74%, 0, 0, 12, 7795.18, 118364010, 667
15082, 218, 173, 1465, 0, 0, 12.74%, 0, 0, 12, 7856.93, 118403890, 667
15087, 218, 13, 1465, 0, 0, 12.74%, 0, 0, 12, 7863.25, 118443714, 667
15092, 218, 50, 1465, 0, 0, 12.74%, 0, 0, 12, 7839.99, 118483382, 667
15097, 218, 546, 1465, 0, 0, 12.74%, 0, 0, 12, 7848.05, 118523045, 667
15103, 218, 274, 1465, 0, 0, 12.74%, 0, 0, 12, 7867.62, 118563165, 667
15108, 218, 802, 1465, 0, 0, 12.74%, 0, 0, 12, 7832.59, 118603168, 667
15113, 219, 657, 1465, 0, 0, 12.74%, 0, 0, 12, 7717.69, 118642352, 667
15118, 219, 402, 1465, 0, 0, 12.74%, 0, 0, 12, 7831.32, 118682302, 667
15123, 219, 185, 1465, 0, 0, 12.74%, 0, 0, 12, 7842.80, 118721998, 667
15128, 219, 136, 1465, 0, 0, 12.74%, 0, 0, 12, 7784.39, 118761868, 667
15133, 219, 822, 1465, 0, 0, 12.74%, 0, 0, 12, 7806.21, 118801610, 667
15138, 219, 466, 1465, 0, 0, 12.74%, 0, 0, 12, 7755.12, 118841121, 667
15143, 219, 472, 1465, 0, 0, 12.74%, 0, 0, 12, 7790.11, 118880787, 667
15148, 219, 504, 1465, 0, 0, 12.74%, 0, 0, 12, 7819.18, 118920473, 667
15153, 219, 173, 1465, 0, 0, 12.74%, 0, 0, 12, 7847.77, 118960081, 667
15158, 219, 274, 1465, 0, 0, 12.74%, 0, 0, 12, 7829.22, 118999564, 667
15164, 219, 815, 1465, 0, 0, 12.74%, 0, 0, 12, 7860.65, 119039806, 667
15169, 219, 537, 1465, 0, 0, 12.74%, 0, 0, 12, 7840.13, 119079534, 667
15174, 219, 176, 1465, 0, 0, 12.74%, 0, 0, 12, 7834.71, 119119670, 667
15179, 219, 396, 1465, 0, 0, 12.74%, 0, 0, 12, 7846.80, 119159368, 667
15184, 219, 360, 1465, 0, 0, 12.74%, 0, 0, 12, 7843.12, 119199041, 667
15189, 220, 13, 1465, 0, 0, 12.74%, 0, 0, 12, 7825.95, 119238705, 667
15194, 220, 306, 1465, 0, 0, 12.74%, 0, 0, 12, 7808.85, 119278153, 667
15199, 220, 575, 1465, 0, 0, 12.74%, 0, 0, 12, 7846.93, 119318160, 667
15204, 220, 91, 1465, 0, 0, 12.74%, 0, 0, 12, 7802.07, 119357894, 667
15209, 220, 543, 1465, 0, 0, 12.74%, 0, 0, 12, 7814.23, 119397206, 667
15214, 220, 13, 1465, 0, 0, 12.74%, 0, 0, 12, 7824.32, 119436665, 667
15219, 220, 456, 1465, 0, 0, 12.74%, 0, 0, 12, 7858.85, 119476791, 667
15225, 220, 13, 1465, 0, 0, 12.74%, 0, 0, 12, 7810.85, 119516767, 667
15230, 220, 50, 1465, 0, 0, 12.74%, 0, 0, 12, 7851.51, 119556979, 667
15235, 220, 13, 1465, 0, 0, 12.74%, 0, 0, 12, 7829.15, 119596702, 667
15240, 220, 164, 1465, 0, 0, 12.74%, 0, 0, 12, 7829.08, 119636303, 667
15245, 220, 815, 1465, 0, 0, 12.74%, 0, 0, 12, 7777.28, 119675874, 667
15250, 220, 601, 1465, 0, 0, 12.74%, 0, 0, 12, 7823.09, 119715750, 667
15255, 220, 59, 1465, 0, 0, 12.74%, 0, 0, 12, 7824.92, 119755322, 667
15260, 221, 306, 1465, 0, 0, 12.74%, 0, 0, 12, 7807.01, 119795283, 667
15265, 221, 462, 1465, 0, 0, 12.74%, 0, 0, 12, 7819.09, 119835243, 667
15270, 221, 616, 1465, 0, 0, 12.74%, 0, 0, 12, 7839.45, 119875387, 667
15275, 221, 42, 1465, 0, 0, 12.74%, 0, 0, 12, 7852.43, 119915380, 667
15281, 221, 149, 1465, 0, 0, 12.74%, 0, 0, 12, 7825.73, 119954668, 667
15286, 221, 456, 1465, 0, 0, 12.74%, 0, 0, 12, 7833.37, 119994164, 667
15291, 221, 524, 1465, 0, 0, 12.74%, 0, 0, 12, 7786.15, 120033661, 667
15296, 221, 306, 1465, 0, 0, 12.74%, 0, 0, 12, 7810.06, 120073135, 667
15301, 221, 815, 1465, 0, 0, 12.74%, 0, 0, 12, 7834.75, 120113540, 667
15306, 221, 321, 1465, 0, 0, 12.74%, 0, 0, 12, 7848.28, 120153226, 667
15311, 221, 588, 1465, 0, 0, 12.74%, 0, 0, 12, 7812.89, 120192823, 667
15316, 221, 472, 1465, 0, 0, 12.74%, 0, 0, 12, 7871.37, 120232677, 667
15321, 221, 13, 1465, 0, 0, 12.74%, 0, 0, 12, 7835.09, 120272397, 667
15326, 221, 524, 1465, 0, 0, 12.74%, 0, 0, 12, 7849.89, 120312173, 667
15331, 222, 596, 1465, 0, 0, 12.74%, 0, 0, 12, 7813.88, 120352158, 667
15336, 222, 50, 1465, 0, 0, 12.74%, 0, 0, 12, 7857.69, 120391816, 667
15341, 222, 470, 1465, 0, 0, 12.74%, 0, 0, 12, 7858.72, 120431602, 667
15347, 222, 558, 1465, 0, 0, 12.74%, 0, 0, 12, 7821.84, 120471278, 667
15352, 222, 298, 1465, 0, 0, 12.74%, 0, 0, 12, 7835.41, 120510674, 667
15357, 222, 176, 1465, 0, 0, 12.74%, 0, 0, 12, 7823.78, 120550663, 667
15362, 222, 1364, 1465, 0, 0, 12.74%, 0, 0, 12, 7796.13, 120590291, 667
15367, 222, 50, 1465, 0, 0, 12.74%, 0, 0, 12, 7820.60, 120629956, 667
15372, 222, 616, 1465, 0, 0, 12.74%, 0, 0, 12, 7837.20, 120669705, 667
15377, 222, 43, 1465, 0, 0, 12.74%, 0, 0, 12, 7833.88, 120709388, 667
15382, 222, 458, 1465, 0, 0, 12.74%, 0, 0, 12, 7805.98, 120749068, 667
15387, 222, 276, 1465, 0, 0, 12.74%, 0, 0, 12, 7774.36, 120788624, 667
15392, 222, 42, 1465, 0, 0, 12.74%, 0, 0, 12, 7843.09, 120828496, 667
15397, 222, 456, 1465, 0, 0, 12.74%, 0, 0, 12, 7855.70, 120868423, 667
15402, 223, 815, 1465, 0, 0, 12.74%, 0, 0, 12, 7820.28, 120908217, 667
15407, 223, 822, 1465, 0, 0, 12.74%, 0, 0, 12, 7851.65, 120948126, 667
15413, 223, 826, 1465, 0, 0, 12.74%, 0, 0, 12, 7784.92, 120987831, 667
15418, 223, 457, 1465, 0, 0, 12.74%, 0, 0, 12, 7844.26, 121027835, 667
15423, 223, 16, 1465, 0, 0, 12.74%, 0, 0, 12, 7859.86, 121068132, 667
15428, 223, 407, 1465, 0, 0, 12.74%, 0, 0, 12, 7809.39, 121107772, 667
15433, 223, 50, 1465, 0, 0, 12.74%, 0, 0, 12, 7828.60, 121147337, 667
15438, 223, 424, 1465, 0, 0, 12.74%, 0, 0, 12, 7812.61, 121187240, 667
15443, 223, 158, 1465, 0, 0, 12.74%, 0, 0, 12, 7823.86, 121226756, 667
15448, 223, 276, 1465, 0, 0, 12.74%, 0, 0, 12, 7787.04, 121266441, 667
15453, 223, 546, 1465, 0, 0, 12.74%, 0, 0, 12, 7793.61, 121305927, 667
15458, 223, 828, 1465, 0, 0, 12.74%, 0, 0, 12, 7823.91, 121345966, 667
15463, 223, 126, 1465, 0, 0, 12.74%, 0, 0, 12, 7806.61, 121385765, 667
15468, 223, 13, 1465, 0, 0, 12.74%, 0, 0, 12, 7832.15, 121425717, 667
15474, 224, 601, 1465, 0, 0, 12.74%, 0, 0, 12, 7787.58, 121465166, 667
15479, 224, 535, 1465, 0, 0, 12.74%, 0, 0, 12, 7822.65, 121505032, 667
15484, 224, 175, 1465, 0, 0, 12.74%, 0, 0, 12, 7764.76, 121544624, 667
15489, 224, 479, 1465, 0, 0, 12.74%, 0, 0, 12, 7788.85, 121583897, 667
15494, 224, 306, 1465, 0, 0, 12.74%, 0, 0, 12, 7814.47, 121623706, 667
15499, 224, 537, 1465, 0, 0, 12.74%, 0, 0, 12, 7823.35, 121663646, 667
15504, 224, 308, 1465, 0, 0, 12.74%, 0, 0, 12, 7773.45, 121703316, 667
15509, 224, 106, 1465, 0, 0, 12.74%, 0, 0, 12, 7781.52, 121743015, 667
15514, 224, 50, 1465, 0, 0, 12.74%, 0, 0, 12, 7790.62, 121782716, 667
15519, 224, 13, 1465, 0, 0, 12.74%, 0, 0, 12, 7810.79, 121822593, 667
15524, 224, 13, 1465, 0, 0, 12.74%, 0, 0, 12, 7800.43, 121862324, 667
15530, 224, 472, 1465, 0, 0, 12.74%, 0, 0, 12, 7798.80, 121901825, 667
15535, 224, 13, 1465, 0, 0, 12.74%, 0, 0, 12, 7784.16, 121941119, 667
15540, 224, 504, 1465, 0, 0, 12.74%, 0, 0, 12, 7772.70, 121980506, 667
15545, 225, 812, 1465, 0, 0, 12.74%, 0, 0, 12, 7803.05, 122019976, 667
15550, 225, 42, 1465, 0, 0, 12.74%, 0, 0, 12, 7811.56, 122059763, 667
15555, 225, 596, 1465, 0, 0, 12.74%, 0, 0, 12, 7789.07, 122099369, 667
15560, 225, 42, 1465, 0, 0, 12.74%, 0, 0, 12, 7793.01, 122138910, 667
15565, 225, 468, 1465, 0, 0, 12.74%, 0, 0, 12, 7788.26, 122178249, 667
15570, 225, 456, 1465, 0, 0, 12.74%, 0, 0, 12, 7796.02, 122217663, 667
15575, 225, 13, 1465, 0, 0, 12.74%, 0, 0, 12, 7808.41, 122257254, 667
15580, 225, 452, 1465, 0, 0, 12.74%, 0, 0, 12, 7808.22, 122297072, 667
15585, 225, 306, 1465, 0, 0, 12.74%, 0, 0, 12, 7794.74, 122336551, 667
15590, 225, 1416, 1465, 0, 0, 12.74%, 0, 0, 12, 7789.37, 122376222, 667
15595, 225, 100, 1465, 0, 0, 12.74%, 0, 0, 12, 7831.71, 122416309, 667
15601, 225, 304, 1465, 0, 0, 12.74%, 0, 0, 12, 7772.83, 122456129, 667
15606, 225, 815, 1465, 0, 0, 12.74%, 0, 0, 12, 7793.18, 122496090, 667
15611, 225, 42, 1465, 0, 0, 12.74%, 0, 0, 12, 7784.42, 122535496, 667
15616, 225, 804, 1465, 0, 0, 12.74%, 0, 0, 12, 7809.45, 122575019, 667
15621, 226, 13, 1465, 0, 0, 12.74%, 0, 0, 12, 7821.69, 122614601, 667
15626, 226, 42, 1465, 0, 0, 12.74%, 0, 0, 12, 7841.33, 122654615, 667
15631, 226, 949, 1465, 0, 0, 12.74%, 0, 0, 12, 7761.17, 122693718, 667
15636, 226, 126, 1465, 0, 0, 12.74%, 0, 0, 12, 7779.07, 122733466, 667
15641, 226, 176, 1465, 0, 0, 12.74%, 0, 0, 12, 7802.34, 122772670, 667
15646, 226, 812, 1465, 0, 0, 12.74%, 0, 0, 12, 7810.59, 122812257, 667
15651, 226, 470, 1465, 0, 0, 12.74%, 0, 0, 12, 7789.82, 122852180, 667
15656, 226, 620, 1465, 0, 0, 12.74%, 0, 0, 12, 7807.24, 122891749, 667
15662, 226, 812, 1465, 0, 0, 12.74%, 0, 0, 12, 7787.16, 122931211, 667
15667, 226, 575, 1465, 0, 0, 12.74%, 0, 0, 12, 7805.23, 122970999, 667
15672, 226, 812, 1465, 0, 0, 12.74%, 0, 0, 12, 7807.17, 123010735, 667
15677, 226, 599, 1465, 0, 0, 12.74%, 0, 0, 12, 7786.42, 123050334, 667
15682, 226, 504, 1465, 0, 0, 12.74%, 0, 0, 12, 7857.04, 123090320, 667
15687, 226, 13, 1465, 0, 0, 12.74%, 0, 0, 12, 7835.40, 123130005, 667
15692, 227, 176, 1465, 0, 0, 12.74%, 0, 0, 12, 7838.12, 123169799, 667
15697, 227, 190, 1465, 0, 0, 12.74%, 0, 0, 12, 7804.56, 123209393, 667
15702, 227, 126, 1465, 0, 0, 12.74%, 0, 0, 12, 7812.19, 123249278, 667
15707, 227, 308, 1465, 0, 0, 12.74%, 0, 0, 12, 7709.00, 123288265, 667
15712, 227, 295, 1465, 0, 0, 12.74%, 0, 0, 12, 7777.86, 123327589, 667
15717, 227, 50, 1465, 0, 0, 12.74%, 0, 0, 12, 7820.46, 123367250, 667
15723, 227, 164, 1465, 0, 0, 12.74%, 0, 0, 12, 7807.83, 123407252, 667
15728, 227, 276, 1465, 0, 0, 12.74%, 0, 0, 12, 7746.24, 123446436, 667
15733, 227, 784, 1465, 0, 0, 12.74%, 0, 0, 12, 7744.76, 123485718, 667
15738, 227, 13, 1465, 0, 0, 12.74%, 0, 0, 12, 7810.76, 123525561, 667
15743, 227, 424, 1465, 0, 0, 12.74%, 0, 0, 12, 7801.68, 123565231, 667
15748, 227, 457, 1465, 0, 0, 12.74%, 0, 0, 12, 7784.34, 123604511, 667
15753, 227, 306, 1465, 0, 0, 12.74%, 0, 0, 12, 7804.96, 123644207, 667
15758, 227, 721, 1465, 0, 0, 12.74%, 0, 0, 12, 7823.81, 123684257, 667
15763, 228, 448, 1465, 0, 0, 12.74%, 0, 0, 12, 7789.73, 123724099, 667
15768, 228, 830, 1465, 0, 0, 12.74%, 0, 0, 12, 7767.21, 123763961, 667
15773, 228, 126, 1465, 0, 0, 12.74%, 0, 0, 12, 7798.04, 123803460, 667
15779, 228, 483, 1465, 0, 0, 12.74%, 0, 0, 12, 7812.89, 123843371, 667
15784, 228, 457, 1465, 0, 0, 12.74%, 0, 0, 12, 7787.62, 123882987, 667
15789, 228, 826, 1465, 0, 0, 12.74%, 0, 0, 12, 7804.41, 123922445, 667
15794, 228, 220, 1465, 0, 0, 12.74%, 0, 0, 12, 7760.15, 123961722, 667
15799, 228, 120, 1465, 0, 0, 12.74%, 0, 0, 12, 7783.31, 124001499, 667
15804, 228, 42, 1465, 0, 0, 12.74%, 0, 0, 12, 7733.94, 124040795, 667
15809, 228, 424, 1465, 0, 0, 12.74%, 0, 0, 12, 7763.49, 124080616, 667
15814, 228, 422, 1465, 0, 0, 12.74%, 0, 0, 12, 7790.85, 124120533, 667
15819, 228, 187, 1465, 0, 0, 12.74%, 0, 0, 12, 7761.74, 124159757, 667
15824, 228, 537, 1465, 0, 0, 12.74%, 0, 0, 12, 7826.13, 124199837, 667
15830, 228, 734, 1465, 0, 0, 12.74%, 0, 0, 12, 7756.56, 124239587, 667
15835, 228, 42, 1465, 0, 0, 12.74%, 0, 0, 12, 7790.07, 124279631, 667
15840, 229, 43, 1465, 0, 0, 12.74%, 0, 0, 12, 7731.15, 124318910, 667
15845, 229, 424, 1465, 0, 0, 12.74%, 0, 0, 12, 7783.81, 124358488, 667
15850, 229, 306, 1465, 0, 0, 12.74%, 0, 0, 12, 7815.83, 124398020, 667
15855, 229, 461, 1465, 0, 0, 12.74%, 0, 0, 12, 7804.85, 124437980, 667
15860, 229, 424, 1465, 0, 0, 12.74%, 0, 0, 12, 7700.72, 124477363, 667
15865, 229, 11, 1465, 0, 0, 12.74%, 0, 0, 12, 7775.26, 124517099, 667
15870, 229, 616, 1465, 0, 0, 12.74%, 0, 0, 12, 7803.99, 124556949, 667
15875, 229, 185, 1465, 0, 0, 12.74%, 0, 0, 12, 7794.97, 124596311, 667
15880, 229, 91, 1465, 0, 0, 12.74%, 0, 0, 12, 7830.66, 124636160, 667
15886, 229, 295, 1465, 0, 0, 12.74%, 0, 0, 12, 7780.57, 124675920, 667
15891, 229, 826, 1465, 0, 0, 12.74%, 0, 0, 12, 7782.96, 124715240, 667
15896, 229, 51, 1465, 0, 0, 12.74%, 0, 0, 12, 7805.52, 124754970, 667
15901, 229, 185, 1465, 0, 0, 12.74%, 0, 0, 12, 7834.80, 124794547, 667
15906, 229, 42, 1465, 0, 0, 12.74%, 0, 0, 12, 7810.67, 124834147, 667
15911, 230, 304, 1465, 0, 0, 12.74%, 0, 0, 12, 7795.62, 124873934, 667
15916, 230, 68, 1465, 0, 0, 12.74%, 0, 0, 12, 7791.08, 124913435, 667
15921, 230, 504, 1465, 0, 0, 12.74%, 0, 0, 12, 7764.70, 124952609, 667
15926, 230, 931, 1465, 0, 0, 12.74%, 0, 0, 12, 7796.87, 124992042, 667
15931, 230, 466, 1465, 0, 0, 12.74%, 0, 0, 12, 7823.32, 125031643, 667
15936, 230, 462, 1465, 0, 0, 12.74%, 0, 0, 12, 7814.39, 125071093, 667
15941, 230, 168, 1465, 0, 0, 12.74%, 0, 0, 12, 7833.90, 125110972, 667
15946, 230, 126, 1465, 0, 0, 12.74%, 0, 0, 12, 7786.37, 125150654, 667
15952, 230, 504, 1465, 0, 0, 12.74%, 0, 0, 12, 7808.74, 125190268, 667
15957, 230, 42, 1465, 0, 0, 12.74%, 0, 0, 12, 7806.51, 125229900, 667
15962, 230, 484, 1465, 0, 0, 12.74%, 0, 0, 12, 7820.44, 125269472, 667
15967, 230, 1460, 1465, 0, 0, 12.74%, 0, 0, 12, 7822.27, 125308994, 667
15972, 230, 255, 1465, 0, 0, 12.74%, 0, 0, 12, 7799.58, 125348711, 667
15977, 230, 211, 1465, 0, 0, 12.74%, 0, 0, 12, 7799.63, 125388147, 667
15982, 231, 13, 1465, 0, 0, 12.74%, 0, 0, 12, 7812.80, 125427735, 667
15987, 231, 295, 1465, 0, 0, 12.74%, 0, 0, 12, 7835.16, 125467742, 667
15992, 231, 267, 1465, 0, 0, 12.74%, 0, 0, 12, 7859.76, 125507492, 667
15997, 231, 402, 1465, 0, 0, 12.74%, 0, 0, 12, 7671.75, 125546743, 667
16002, 231, 802, 1465, 0, 0, 12.74%, 0, 0, 12, 7755.08, 125586296, 667
16007, 231, 274, 1465, 0, 0, 12.74%, 0, 0, 12, 7800.72, 125625675, 667
16012, 231, 13, 1465, 0, 0, 12.74%, 0, 0, 12, 7765.24, 125665525, 667
16018, 231, 13, 1465, 0, 0, 12.74%, 0, 0, 12, 7723.25, 125705073, 667
16023, 231, 466, 1465, 0, 0, 12.74%, 0, 0, 12, 7805.40, 125744902, 667
16028, 231, 50, 1465, 0, 0, 12.74%, 0, 0, 12, 7776.01, 125784352, 667
16033, 231, 575, 1465, 0, 0, 12.74%, 0, 0, 12, 7797.06, 125823885, 667
16038, 231, 52, 1465, 0, 0, 12.74%, 0, 0, 12, 7786.39, 125863378, 667
16043, 231, 822, 1465, 0, 0, 12.74%, 0, 0, 12, 7795.35, 125903202, 667
16048, 231, 462, 1465, 0, 0, 12.74%, 0, 0, 12, 7837.45, 125943018, 667
16053, 232, 543, 1465, 0, 0, 12.74%, 0, 0, 12, 7814.71, 125982410, 667
16058, 232, 521, 1465, 0, 0, 12.74%, 0, 0, 12, 7791.28, 126022325, 667
16063, 232, 304, 1465, 0, 0, 12.74%, 0, 0, 12, 7809.98, 126062365, 667
16069, 232, 815, 1465, 0, 0, 12.74%, 0, 0, 12, 7819.16, 126102186, 667
16074, 232, 304, 1465, 0, 0, 12.74%, 0, 0, 12, 7807.41, 126141989, 667
16079, 232, 166, 1465, 0, 0, 12.74%, 0, 0, 12, 7753.24, 126181034, 667
16084, 232, 126, 1465, 0, 0, 12.74%, 0, 0, 12, 7808.95, 126220650, 667
16089, 232, 456, 1465, 0, 0, 12.74%, 0, 0, 12, 7754.72, 126260079, 667
16094, 232, 13, 1465, 0, 0, 12.74%, 0, 0, 12, 7757.72, 126299207, 667
16099, 232, 42, 1465, 0, 0, 12.74%, 0, 0, 12, 7791.95, 126338870, 667
16104, 232, 164, 1465, 0, 0, 12.74%, 0, 0, 12, 7771.51, 126378312, 667
16109, 232, 50, 1465, 0, 0, 12.74%, 0, 0, 12, 7824.49, 126418152, 667
16114, 232, 13, 1465, 0, 0, 12.74%, 0, 0, 12, 7800.16, 126457747, 667
16119, 232, 456, 1465, 0, 0, 12.74%, 0, 0, 12, 7790.03, 126497443, 667
16124, 233, 122, 1465, 0, 0, 12.74%, 0, 0, 12, 7725.48, 126536754, 667
16129, 233, 173, 1465, 0, 0, 12.74%, 0, 0, 12, 7739.95, 126576066, 667
16135, 233, 33, 1465, 0, 0, 12.74%, 0, 0, 12, 7789.00, 126615664, 667
16140, 233, 521, 1465, 0, 0, 12.74%, 0, 0, 12, 7769.82, 126655083, 667
16145, 233, 13, 1465, 0, 0, 12.74%, 0, 0, 12, 7820.22, 126694895, 667
16150, 233, 804, 1465, 0, 0, 12.74%, 0, 0, 12, 7767.62, 126734202, 667
16155, 233, 832, 1465, 0, 0, 12.74%, 0, 0, 12, 7814.11, 126773813, 667
16160, 233, 13, 1465, 0, 0, 12.74%, 0, 0, 12, 7818.34, 126813768, 667
16165, 233, 93, 1465, 0, 0, 12.74%, 0, 0, 12, 7821.59, 126853484, 667
16170, 233, 802, 1465, 0, 0, 12.74%, 0, 0, 12, 7801.70, 126892976, 667
16175, 233, 120, 1465, 0, 0, 12.74%, 0, 0, 12, 7777.64, 126932670, 667
16180, 233, 176, 1465, 0, 0, 12.74%, 0, 0, 12, 7831.45, 126972989, 667
16185, 233, 345, 1466, 1, 0, 12.74%, 0, 0, 12, 7863.97, 127013429, 667
16191, 233, 535, 1466, 1, 0, 12.74%, 0, 0, 12, 7850.65, 127053646, 667
16196, 233, 458, 1466, 1, 0, 12.74%, 0, 0, 12, 7816.44, 127093214, 667
16201, 234, 828, 1466, 0, 0, 12.74%, 0, 0, 12, 7839.90, 127133182, 667
16206, 234, 50, 1466, 0, 0, 12.74%, 0, 0, 12, 7863.62, 127172807, 667
16211, 234, 93, 1466, 0, 0, 12.74%, 0, 0, 12, 7778.25, 127212433, 667
16216, 234, 211, 1466, 0, 0, 12.74%, 0, 0, 12, 7817.30, 127252291, 667
16221, 234, 468, 1466, 0, 0, 12.74%, 0, 0, 12, 7808.62, 127291947, 667
16226, 234, 42, 1466, 0, 0, 12.74%, 0, 0, 12, 7839.45, 127331622, 667
16231, 234, 220, 1466, 0, 0, 12.74%, 0, 0, 12, 7842.27, 127371499, 667
16236, 234, 33, 1466, 0, 0, 12.74%, 0, 0, 12, 7833.50, 127411688, 667
16241, 234, 13, 1466, 0, 0, 12.74%, 0, 0, 12, 7846.08, 127451556, 667
16247, 234, 185, 1466, 0, 0, 12.74%, 0, 0, 12, 7848.34, 127491768, 667
16252, 234, 13, 1466, 0, 0, 12.74%, 0, 0, 12, 7861.91, 127531809, 667
16257, 234, 483, 1466, 0, 0, 12.74%, 0, 0, 12, 7854.38, 127571755, 667
16262, 234, 456, 1466, 0, 0, 12.74%, 0, 0, 12, 7828.92, 127611343, 667
16267, 234, 190, 1466, 0, 0, 12.74%, 0, 0, 12, 7852.11, 127651182, 667
16272, 235, 13, 1466, 0, 0, 12.74%, 0, 0, 12, 7866.11, 127690941, 667
16277, 235, 11, 1466, 0, 0, 12.74%, 0, 0, 12, 7840.16, 127730755, 667
16282, 235, 276, 1466, 0, 0, 12.74%, 0, 0, 12, 7861.14, 127770563, 667
16287, 235, 815, 1466, 0, 0, 12.74%, 0, 0, 12, 7876.83, 127810570, 667
16292, 235, 91, 1466, 0, 0, 12.74%, 0, 0, 12, 7851.28, 127850530, 667
16297, 235, 42, 1466, 0, 0, 12.74%, 0, 0, 12, 7853.93, 127890312, 667
16302, 235, 126, 1466, 0, 0, 12.74%, 0, 0, 12, 7842.58, 127930094, 667
16307, 235, 596, 1466, 0, 0, 12.74%, 0, 0, 12, 7862.81, 127969923, 667
16312, 235, 176, 1466, 0, 0, 12.74%, 0, 0, 12, 7800.87, 128009145, 667
16318, 235, 599, 1466, 0, 0, 12.74%, 0, 0, 12, 7827.63, 128048954, 667
16323, 235, 407, 1466, 0, 0, 12.74%, 0, 0, 12, 7826.95, 128088630, 667
16328, 235, 479, 1466, 0, 0, 12.74%, 0, 0, 12, 7800.70, 128128404, 667
16333, 235, 276, 1466, 0, 0, 12.74%, 0, 0, 12, 7765.61, 128168151, 667
16338, 235, 410, 1466, 0, 0, 12.74%, 0, 0, 12, 7827.76, 128207578, 667
16343, 236, 428, 1466, 0, 0, 12.74%, 0, 0, 12, 7822.02, 128247065, 667
16348, 236, 616, 1466, 0, 0, 12.74%, 0, 0, 12, 7856.51, 128287102, 667
16353, 236, 657, 1466, 0, 0, 12.74%, 0, 0, 12, 7846.00, 128326906, 667
16358, 236, 41, 1466, 0, 0, 12.74%, 0, 0, 12, 7799.71, 128366188, 667
16363, 236, 472, 1466, 0, 0, 12.74%, 0, 0, 12, 7830.75, 128405984, 667
16368, 236, 42, 1466, 0, 0, 12.74%, 0, 0, 12, 7851.01, 128445742, 667
16373, 236, 466, 1466, 0, 0, 12.74%, 0, 0, 12, 7852.32, 128485468, 667
16378, 236, 306, 1466, 0, 0, 12.74%, 0, 0, 12, 7848.81, 128524815, 667
16383, 236, 50, 1466, 0, 0, 12.74%, 0, 0, 12, 7856.94, 128564506, 667
16388, 236, 832, 1466, 0, 0, 12.74%, 0, 0, 12, 7845.45, 128604216, 667
16394, 236, 136, 1466, 0, 0, 12.74%, 0, 0, 12, 7762.16, 128643715, 667
16399, 236, 721, 1466, 0, 0, 12.74%, 0, 0, 12, 7821.46, 128683824, 667
16404, 236, 466, 1466, 0, 0, 12.74%, 0, 0, 12, 7836.60, 128724121, 667
16409, 236, 42, 1466, 0, 0, 12.74%, 0, 0, 12, 7868.66, 128764283, 667
16414, 237, 603, 1466, 0, 0, 12.74%, 0, 0, 12, 7880.83, 128804752, 667
16419, 237, 596, 1466, 0, 0, 12.74%, 0, 0, 12, 7842.93, 128844577, 667
16424, 237, 461, 1466, 0, 0, 12.74%, 0, 0, 12, 7828.52, 128884435, 667
16429, 237, 457, 1466, 0, 0, 12.74%, 0, 0, 12, 7848.84, 128924459, 667
16434, 237, 35, 1466, 0, 0, 12.74%, 0, 0, 12, 7854.17, 128964565, 667
16439, 237, 276, 1466, 0, 0, 12.74%, 0, 0, 12, 7855.83, 129004374, 667
16445, 237, 13, 1466, 0, 0, 12.74%, 0, 0, 12, 7866.42, 129044325, 667
16450, 237, 33, 1466, 0, 0, 12.74%, 0, 0, 12, 7883.61, 129084516, 667
16455, 237, 734, 1466, 0, 0, 12.74%, 0, 0, 12, 7806.16, 129124200, 667
16460, 237, 456, 1466, 0, 0, 12.74%, 0, 0, 12, 7787.18, 129163625, 667
16465, 237, 505, 1466, 0, 0, 12.74%, 0, 0, 12, 7780.87, 129202825, 667
16470, 237, 352, 1466, 0, 0, 12.74%, 0, 0, 12, 7798.84, 129242716, 667
16475, 237, 42, 1466, 0, 0, 12.74%, 0, 0, 12, 7766.51, 129282566, 667
16480, 237, 176, 1466, 0, 0, 12.74%, 0, 0, 12, 7828.35, 129322452, 667
16485, 238, 657, 1466, 0, 0, 12.74%, 0, 0, 12, 7853.63, 129362995, 667
16490, 238, 828, 1466, 0, 0, 12.74%, 0, 0, 12, 7825.74, 129402803, 667
16495, 238, 50, 1466, 0, 0, 12.74%, 0, 0, 12, 7816.78, 129442496, 667
16501, 238, 601, 1466, 0, 0, 12.74%, 0, 0, 12, 7852.70, 129482438, 667
16506, 238, 209, 1466, 0, 0, 12.74%, 0, 0, 12, 7830.53, 129521837, 667
16511, 238, 537, 1466, 0, 0, 12.74%, 0, 0, 12, 7841.79, 129561567, 667
16516, 238, 472, 1466, 0, 0, 12.74%, 0, 0, 12, 7829.38, 129601567, 667
16521, 238, 422, 1466, 0, 0, 12.74%, 0, 0, 12, 7787.04, 129641402, 667
16526, 238, 126, 1466, 0, 0, 12.74%, 0, 0, 12, 7787.12, 129680969, 667
16531, 238, 396, 1466, 0, 0, 12.74%, 0, 0, 12, 7850.34, 129720901, 667
16536, 238, 804, 1466, 0, 0, 12.74%, 0, 0, 12, 7834.55, 129760823, 667
16541, 238, 336, 1466, 0, 0, 12.74%, 0, 0, 12, 7844.93, 129801076, 667
16546, 238, 452, 1466, 0, 0, 12.74%, 0, 0, 12, 7863.52, 129841217, 667
16551, 238, 42, 1466, 0, 0, 12.74%, 0, 0, 12, 7867.94, 129881515, 667
16556, 238, 458, 1466, 0, 0, 12.74%, 0, 0, 12, 7904.46, 129921425, 667
16562, 239, 13, 1467, 1, 0, 12.74%, 0, 0, 12, 7870.53, 129961609, 667
16567, 239, 784, 1467, 1, 0, 12.74%, 0, 0, 12, 7814.93, 130001383, 667
16572, 239, 812, 1467, 1, 0, 12.74%, 0, 0, 12, 7815.98, 130041259, 667
16577, 239, 492, 1467, 1, 0, 12.74%, 0, 0, 12, 7851.71, 130081261, 667
16582, 239, 52, 1467, 1, 0, 12.74%, 0, 0, 12, 7874.28, 130120832, 667
16587, 239, 457, 1467, 1, 0, 12.74%, 0, 0, 12, 7855.12, 130160862, 667
16592, 239, 42, 1467, 1, 0, 12.74%, 0, 0, 12, 7807.04, 130200335, 667
16597, 239, 13, 1467, 1, 0, 12.74%, 0, 0, 12, 7855.46, 130240375, 667
16602, 239, 457, 1467, 1, 0, 12.74%, 0, 0, 12, 7837.02, 130280224, 667
16607, 239, 166, 1467, 1, 0, 12.74%, 0, 0, 12, 7873.01, 130320380, 667
16612, 239, 657, 1467, 1, 0, 12.74%, 0, 0, 12, 7832.77, 130359987, 667
16618, 239, 448, 1467, 1, 0, 12.74%, 0, 0, 12, 7826.49, 130399871, 667
16623, 239, 274, 1467, 1, 0, 12.74%, 0, 0, 12, 7823.05, 130439747, 667
16628, 239, 1466, 1467, 1, 0, 12.74%, 0, 0, 12, 7707.05, 130478801, 667
16633, 240, 828, 1467, 0, 0, 12.74%, 0, 0, 12, 7764.52, 130518440, 667
16638, 240, 802, 1467, 0, 0, 12.74%, 0, 0, 12, 7802.60, 130558024, 667
16643, 240, 166, 1467, 0, 0, 12.74%, 0, 0, 12, 7794.58, 130597630, 667
16648, 240, 13, 1467, 0, 0, 12.74%, 0, 0, 12, 7842.01, 130637715, 667
16653, 240, 158, 1467, 0, 0, 12.74%, 0, 0, 12, 7833.02, 130677693, 667
16658, 240, 221, 1467, 0, 0, 12.74%, 0, 0, 12, 7831.84, 130717622, 667
16663, 240, 452, 1467, 0, 0, 12.74%, 0, 0, 12, 7802.63, 130757010, 667
16668, 240, 462, 1467, 0, 0, 12.74%, 0, 0, 12, 7826.68, 130797479, 667
16674, 240, 149, 1467, 0, 0, 12.74%, 0, 0, 12, 7848.54, 130837280, 667
16679, 240, 176, 1467, 0, 0, 12.74%, 0, 0, 12, 7873.37, 130877548, 667
16684, 240, 461, 1467, 0, 0, 12.74%, 0, 0, 12, 7824.32, 130917329, 667
16689, 240, 13, 1467, 0, 0, 12.74%, 0, 0, 12, 7807.84, 130956941, 667
16694, 240, 657, 1467, 0, 0, 12.74%, 0, 0, 12, 7834.34, 130996898, 667
16699, 240, 815, 1467, 0, 0, 12.74%, 0, 0, 12, 7840.92, 131036552, 667
16704, 240, 50, 1467, 0, 0, 12.74%, 0, 0, 12, 7812.95, 131075846, 667
16709, 241, 462, 1467, 0, 0, 12.74%, 0, 0, 12, 7876.99, 131116264, 667
16714, 241, 410, 1467, 0, 0, 12.74%, 0, 0, 12, 7799.35, 131156303, 667
16719, 241, 812, 1467, 0, 0, 12.74%, 0, 0, 12, 7837.58, 131196167, 667
16724, 241, 50, 1467, 0, 0, 12.74%, 0, 0, 12, 7834.72, 131236045, 667
16730, 241, 176, 1467, 0, 0, 12.74%, 0, 0, 12, 7828.78, 131275837, 667
16735, 241, 13, 1467, 0, 0, 12.74%, 0, 0, 12, 7805.79, 131315424, 667
16740, 241, 42, 1467, 0, 0, 12.74%, 0, 0, 12, 7842.86, 131355138, 667
16745, 241, 566, 1467, 0, 0, 12.74%, 0, 0, 12, 7854.66, 131394671, 667
16750, 241, 16, 1467, 0, 0, 12.74%, 0, 0, 12, 7850.74, 131434315, 667
16755, 241, 101, 1467, 0, 0, 12.74%, 0, 0, 12, 7832.18, 131474004, 667
16760, 241, 802, 1467, 0, 0, 12.74%, 0, 0, 12, 7814.83, 131513795, 667
16765, 241, 50, 1467, 0, 0, 12.74%, 0, 0, 12, 7834.12, 131553580, 667
16770, 241, 949, 1467, 0, 0, 12.74%, 0, 0, 12, 7813.02, 131593080, 667
16775, 242, 721, 1467, 0, 0, 12.74%, 0, 0, 12, 7836.99, 131632796, 667
16780, 242, 931, 1467, 0, 0, 12.74%, 0, 0, 12, 7794.66, 131672124, 667
16785, 242, 306, 1467, 0, 0, 12.74%, 0, 0, 12, 7820.68, 131711873, 667
16790, 242, 164, 1467, 0, 0, 12.74%, 0, 0, 12, 7835.71, 131751593, 667
16795, 242, 42, 1467, 0, 0, 12.74%, 0, 0, 12, 7831.45, 131791708, 667
16801, 242, 537, 1467, 0, 0, 12.74%, 0, 0, 12, 7869.16, 131832066, 667
16806, 242, 13, 1467, 0, 0, 12.74%, 0, 0, 12, 7844.56, 131871957, 667
16811, 242, 832, 1467, 0, 0, 12.74%, 0, 0, 12, 7836.12, 131911624, 667
16816, 242, 424, 1467, 0, 0, 12.74%, 0, 0, 12, 7817.66, 131950944, 667
16821, 242, 298, 1467, 0, 0, 12.74%, 0, 0, 12, 7776.86, 131990613, 667
16826, 242, 537, 1467, 0, 0, 12.74%, 0, 0, 12, 7793.82, 132030299, 667
16831, 242, 295, 1467, 0, 0, 12.74%, 0, 0, 12, 7861.48, 132070219, 667
16836, 242, 42, 1467, 0, 0, 12.74%, 0, 0, 12, 7866.17, 132110161, 667
16841, 242, 402, 1467, 0, 0, 12.74%, 0, 0, 12, 7788.89, 132149603, 667
16846, 242, 176, 1467, 0, 0, 12.74%, 0, 0, 12, 7743.80, 132188771, 667
16851, 243, 558, 1467, 0, 0, 12.74%, 0, 0, 12, 7784.97, 132228476, 667
16856, 243, 830, 1467, 0, 0, 12.74%, 0, 0, 12, 7768.97, 132267839, 667
16861, 243, 535, 1467, 0, 0, 12.74%, 0, 0, 12, 7811.92, 132307578, 667
16866, 243, 456, 1467, 0, 0, 12.74%, 0, 0, 12, 7842.67, 132347428, 667
16872, 243, 537, 1467, 0, 0, 12.74%, 0, 0, 12, 7822.14, 132386864, 667
16877, 243, 537, 1467, 0, 0, 12.74%, 0, 0, 12, 7838.09, 132426487, 667
16882, 243, 35, 1467, 0, 0, 12.74%, 0, 0, 12, 7854.73, 132466447, 667
16887, 243, 93, 1467, 0, 0, 12.74%, 0, 0, 12, 7864.36, 132506434, 667
16892, 243, 42, 1467, 0, 0, 12.74%, 0, 0, 12, 7809.47, 132546093, 667
16897, 243, 812, 1467, 0, 0, 12.74%, 0, 0, 12, 7799.50, 132586219, 667
16902, 243, 492, 1467, 0, 0, 12.74%, 0, 0, 12, 7728.70, 132625242, 667
16907, 243, 306, 1467, 0, 0, 12.74%, 0, 0, 12, 7821.13, 132664894, 667
16912, 243, 466, 1467, 0, 0, 12.74%, 0, 0, 12, 7838.67, 132704893, 667
16917, 243, 13, 1467, 0, 0, 12.74%, 0, 0, 12, 7818.45, 132744605, 667
16922, 244, 295, 1467, 0, 0, 12.74%, 0, 0, 12, 7826.25, 132784680, 667
16927, 244, 176, 1467, 0, 0, 12.74%, 0, 0, 12, 7841.83, 132824254, 667
16933, 244, 452, 1467, 0, 0, 12.74%, 0, 0, 12, 7836.96, 132864065, 667
16938, 244, 620, 1467, 0, 0, 12.74%, 0, 0, 12, 7828.08, 132903629, 667
16943, 244, 457, 1467, 0, 0, 12.74%, 0, 0, 12, 7828.97, 132943565, 667
16948, 244, 978, 1467, 0, 0, 12.74%, 0, 0, 12, 7755.93, 132983217, 667
16953, 244, 50, 1467, 0, 0, 12.74%, 0, 0, 12, 7798.51, 133023253, 667
16958, 244, 802, 1467, 0, 0, 12.74%, 0, 0, 12, 7816.09, 133062920, 667
16963, 244, 457, 1467, 0, 0, 12.74%, 0, 0, 12, 7820.87, 133102470, 667
16968, 244, 176, 1467, 0, 0, 12.74%, 0, 0, 12, 7835.25, 133142803, 667
16973, 244, 274, 1467, 0, 0, 12.74%, 0, 0, 12, 7806.79, 133182465, 667
16978, 244, 299, 1467, 0, 0, 12.74%, 0, 0, 12, 7852.50, 133222606, 667
16983, 244, 122, 1467, 0, 0, 12.74%, 0, 0, 12, 7794.51, 133261892, 667
16988, 244, 175, 1467, 0, 0, 12.74%, 0, 0, 12, 7802.14, 133301549, 667
16994, 245, 42, 1467, 0, 0, 12.74%, 0, 0, 12, 7855.29, 133341136, 667
16999, 245, 42, 1467, 0, 0, 12.74%, 0, 0, 12, 7840.92, 133380803, 667
17004, 245, 822, 1467, 0, 0, 12.74%, 0, 0, 12, 7849.99, 133420704, 667
17009, 245, 35, 1467, 0, 0, 12.74%, 0, 0, 12, 7839.96, 133460649, 667
17014, 245, 537, 1467, 0, 0, 12.74%, 0, 0, 12, 7846.44, 133500303, 667
17019, 245, 69, 1467, 0, 0, 12.74%, 0, 0, 12, 7870.91, 133540218, 667
17024, 245, 42, 1467, 0, 0, 12.74%, 0, 0, 12, 7875.67, 133580406, 667
17029, 245, 458, 1467, 0, 0, 12.74%, 0, 0, 12, 7876.62, 133620504, 667
17034, 245, 13, 1467, 0, 0, 12.74%, 0, 0, 12, 7852.77, 133660497, 667
17039, 245, 457, 1467, 0, 0, 12.74%, 0, 0, 12, 7858.52, 133700216, 667
17044, 245, 68, 1467, 0, 0, 12.74%, 0, 0, 12, 7780.22, 133739718, 667
17049, 245, 42, 1467, 0, 0, 12.74%, 0, 0, 12, 7803.66, 133779067, 667
17054, 245, 537, 1467, 0, 0, 12.74%, 0, 0, 12, 7871.37, 133819116, 667
17060, 245, 812, 1467, 0, 0, 12.74%, 0, 0, 12, 7855.73, 133859328, 667
17065, 246, 546, 1467, 0, 0, 12.74%, 0, 0, 12, 7781.34, 133899240, 667
17070, 246, 13, 1467, 0, 0, 12.74%, 0, 0, 12, 7821.20, 133938849, 667
17075, 246, 448, 1467, 0, 0, 12.74%, 0, 0, 12, 7812.19, 133979081, 667
17080, 246, 456, 1467, 0, 0, 12.74%, 0, 0, 12, 7754.53, 134018317, 667
17085, 246, 448, 1467, 0, 0, 12.74%, 0, 0, 12, 7824.97, 134057733, 667
17090, 246, 42, 1467, 0, 0, 12.74%, 0, 0, 12, 7870.17, 134097876, 667
17095, 246, 13, 1467, 0, 0, 12.74%, 0, 0, 12, 7829.47, 134137567, 667
17100, 246, 812, 1467, 0, 0, 12.74%, 0, 0, 12, 7843.89, 134177157, 667
17105, 246, 274, 1467, 0, 0, 12.74%, 0, 0, 12, 7869.43, 134217165, 667
17110, 246, 13, 1467, 0, 0, 12.74%, 0, 0, 12, 7868.78, 134256896, 667
17115, 246, 274, 1467, 0, 0, 12.74%, 0, 0, 12, 7834.31, 134296786, 667
17121, 246, 176, 1467, 0, 0, 12.74%, 0, 0, 12, 7818.65, 134336429, 667
17126, 246, 931, 1467, 0, 0, 12.74%, 0, 0, 12, 7776.72, 134375719, 667
17131, 246, 185, 1467, 0, 0, 12.74%, 0, 0, 12, 7796.16, 134415008, 667
17136, 246, 524, 1467, 0, 0, 12.74%, 0, 0, 12, 7786.08, 134454320, 667
17141, 247, 306, 1467, 0, 0, 12.74%, 0, 0, 12, 7811.47, 134493892, 667
17146, 247, 815, 1467, 0, 0, 12.74%, 0, 0, 12, 7811.04, 134533558, 667
17151, 247, 456, 1467, 0, 0, 12.74%, 0, 0, 12, 7853.58, 134573006, 667
17156, 247, 276, 1467, 0, 0, 12.74%, 0, 0, 12, 7805.82, 134612618, 667
17161, 247, 616, 1467, 0, 0, 12.74%, 0, 0, 12, 7814.59, 134652190, 667
17166, 247, 176, 1467, 0, 0, 12.74%, 0, 0, 12, 7837.57, 134691763, 667
17171, 247, 33, 1467, 0, 0, 12.74%, 0, 0, 12, 7833.21, 134731333, 667
17176, 247, 13, 1467, 0, 0, 12.74%, 0, 0, 12, 7808.68, 134771208, 667
17181, 247, 822, 1467, 0, 0, 12.74%, 0, 0, 12, 7856.66, 134811455, 667
17186, 247, 13, 1467, 0, 0, 12.74%, 0, 0, 12, 7813.13, 134850840, 667
17191, 247, 390, 1467, 0, 0, 12.74%, 0, 0, 12, 7860.80, 134890810, 667
17197, 247, 42, 1467, 0, 0, 12.74%, 0, 0, 12, 7813.67, 134930372, 667
17202, 247, 13, 1467, 0, 0, 12.74%, 0, 0, 12, 7852.17, 134970585, 667
17207, 247, 42, 1467, 0, 0, 12.74%, 0, 0, 12, 7809.10, 135009996, 667
17212, 248, 949, 1467, 0, 0, 12.74%, 0, 0, 12, 7825.82, 135049623, 667
17217, 248, 601, 1467, 0, 0, 12.74%, 0, 0, 12, 7832.14, 135089275, 667
17222, 248, 461, 1467, 0, 0, 12.74%, 0, 0, 12, 7759.51, 135128973, 667
17227, 248, 13, 1467, 0, 0, 12.74%, 0, 0, 12, 7828.61, 135168813, 667
17232, 248, 826, 1467, 0, 0, 12.74%, 0, 0, 12, 7802.39, 135208643, 667
17237, 248, 51, 1467, 0, 0, 12.74%, 0, 0, 12, 7841.29, 135248267, 667
17242, 248, 13, 1467, 0, 0, 12.74%, 0, 0, 12, 7808.51, 135288127, 667
17247, 248, 456, 1467, 0, 0, 12.74%, 0, 0, 12, 7826.32, 135328058, 667
17252, 248, 319, 1467, 0, 0, 12.74%, 0, 0, 12, 7840.40, 135368090, 667
17258, 248, 468, 1467, 0, 0, 12.74%, 0, 0, 12, 7838.55, 135408070, 667
17263, 248, 33, 1467, 0, 0, 12.74%, 0, 0, 12, 7781.26, 135447667, 667
17268, 248, 521, 1467, 0, 0, 12.74%, 0, 0, 12, 7849.84, 135487596, 667
17273, 248, 458, 1467, 0, 0, 12.74%, 0, 0, 12, 7805.39, 135527224, 667
17278, 248, 830, 1467, 0, 0, 12.74%, 0, 0, 12, 7799.17, 135566621, 667
17283, 249, 306, 1467, 0, 0, 12.74%, 0, 0, 12, 7789.23, 135606000, 667
17288, 249, 136, 1467, 0, 0, 12.74%, 0, 0, 12, 7856.58, 135645861, 667
17293, 249, 452, 1467, 0, 0, 12.74%, 0, 0, 12, 7858.73, 135685974, 667
17298, 249, 50, 1467, 0, 0, 12.74%, 0, 0, 12, 7850.05, 135725959, 667
17303, 249, 190, 1467, 0, 0, 12.74%, 0, 0, 12, 7849.35, 135766021, 667
17308, 249, 13, 1467, 0, 0, 12.74%, 0, 0, 12, 7833.00, 135805731, 667
17313, 249, 492, 1467, 0, 0, 12.74%, 0, 0, 12, 7839.21, 135845770, 667
17319, 249, 100, 1467, 0, 0, 12.74%, 0, 0, 12, 7839.82, 135885811, 667
17324, 249, 566, 1467, 0, 0, 12.74%, 0, 0, 12, 7851.13, 135925558, 667
17329, 249, 321, 1467, 0, 0, 12.74%, 0, 0, 12, 7841.69, 135965624, 667
17334, 249, 832, 1467, 0, 0, 12.74%, 0, 0, 12, 7814.47, 136005609, 667
17339, 249, 802, 1467, 0, 0, 12.74%, 0, 0, 12, 7790.96, 136044995, 667
17344, 249, 306, 1467, 0, 0, 12.74%, 0, 0, 12, 7823.88, 136084649, 667
17349, 249, 596, 1467, 0, 0, 12.74%, 0, 0, 12, 7814.84, 136124236, 667
17354, 249, 456, 1467, 0, 0, 12.74%, 0, 0, 12, 7788.62, 136163601, 667
17359, 250, 274, 1467, 0, 0, 12.74%, 0, 0, 12, 7732.56, 136203075, 667
17364, 250, 304, 1467, 0, 0, 12.74%, 0, 0, 12, 7782.39, 136243115, 667
17369, 250, 13, 1467, 0, 0, 12.74%, 0, 0, 12, 7855.99, 136283204, 667
17374, 250, 734, 1467, 0, 0, 12.74%, 0, 0, 12, 7838.72, 136322953, 667
17380, 250, 466, 1467, 0, 0, 12.74%, 0, 0, 12, 7829.18, 136362859, 667
17385, 250, 306, 1467, 0, 0, 12.74%, 0, 0, 12, 7869.22, 136402989, 667
17390, 250, 537, 1467, 0, 0, 12.74%, 0, 0, 12, 7776.35, 136442594, 667
17395, 250, 462, 1467, 0, 0, 12.74%, 0, 0, 12, 7770.25, 136481879, 667
17400, 250, 456, 1467, 0, 0, 12.74%, 0, 0, 12, 7760.94, 136521162, 667
17405, 250, 138, 1467, 0, 0, 12.74%, 0, 0, 12, 7808.03, 136560669, 667
17410, 250, 321, 1467, 0, 0, 12.74%, 0, 0, 12, 7846.28, 136600281, 667
17415, 250, 407, 1467, 0, 0, 12.74%, 0, 0, 12, 7816.49, 136639872, 667
17420, 250, 301, 1467, 0, 0, 12.74%, 0, 0, 12, 7819.57, 136679588, 667
17425, 250, 424, 1467, 0, 0, 12.74%, 0, 0, 12, 7824.36, 136719928, 667
17430, 251, 521, 1467, 0, 0, 12.74%, 0, 0, 12, 7811.19, 136759469, 667
17435, 251, 721, 1467, 0, 0, 12.74%, 0, 0, 12, 7853.48, 136799291, 667
17441, 251, 532, 1467, 0, 0, 12.74%, 0, 0, 12, 7778.63, 136838664, 667
17446, 251, 13, 1467, 0, 0, 12.74%, 0, 0, 12, 7842.62, 136878540, 667
17451, 251, 468, 1467, 0, 0, 12.74%, 0, 0, 12, 7820.67, 136918023, 667
17456, 251, 352, 1467, 0, 0, 12.74%, 0, 0, 12, 7814.93, 136957725, 667
17461, 251, 126, 1467, 0, 0, 12.74%, 0, 0, 12, 7831.40, 136997499, 667
17466, 251, 126, 1467, 0, 0, 12.74%, 0, 0, 12, 7788.89, 137036930, 667
17471, 251, 390, 1467, 0, 0, 12.74%, 0, 0, 12, 7861.65, 137076841, 667
17476, 251, 721, 1467, 0, 0, 12.74%, 0, 0, 12, 7797.29, 137116774, 667
17481, 251, 321, 1467, 0, 0, 12.74%, 0, 0, 12, 7865.24, 137156641, 667
17486, 251, 456, 1467, 0, 0, 12.74%, 0, 0, 12, 7857.64, 137196658, 667
17491, 251, 826, 1467, 0, 0, 12.74%, 0, 0, 12, 7834.63, 137236196, 667
17496, 251, 306, 1467, 0, 0, 12.74%, 0, 0, 12, 7855.45, 137276186, 667
17501, 252, 13, 1467, 0, 0, 12.74%, 0, 0, 12, 7722.69, 137315166, 667
17506, 252, 220, 1467, 0, 0, 12.74%, 0, 0, 12, 7818.19, 137354876, 667
17512, 252, 504, 1467, 0, 0, 12.74%, 0, 0, 12, 7848.48, 137394556, 667
17517, 252, 410, 1467, 0, 0, 12.74%, 0, 0, 12, 7834.22, 137434104, 667
17522, 252, 505, 1467, 0, 0, 12.74%, 0, 0, 12, 7831.88, 137474334, 667
17527, 252, 1122, 1467, 0, 0, 12.74%, 0, 0, 12, 7788.67, 137514064, 667
17532, 252, 822, 1467, 0, 0, 12.74%, 0, 0, 12, 7827.91, 137553830, 667
17537, 252, 537, 1467, 0, 0, 12.74%, 0, 0, 12, 7861.54, 137593549, 667
17542, 252, 16, 1467, 0, 0, 12.74%, 0, 0, 12, 7835.28, 137633457, 667
17547, 252, 804, 1467, 0, 0, 12.74%, 0, 0, 12, 7843.27, 137673516, 667
17552, 252, 721, 1467, 0, 0, 12.74%, 0, 0, 12, 7759.41, 137712810, 667
17557, 252, 220, 1467, 0, 0, 12.74%, 0, 0, 12, 7808.24, 137752829, 667
17562, 252, 68, 1467, 0, 0, 12.74%, 0, 0, 12, 7769.82, 137792311, 667
17567, 252, 176, 1467, 0, 0, 12.74%, 0, 0, 12, 7781.62, 137831788, 667
17573, 253, 458, 1467, 0, 0, 12.74%, 0, 0, 12, 7727.36, 137870992, 667
17578, 253, 483, 1467, 0, 0, 12.74%, 0, 0, 12, 7810.28, 137910767, 667
17583, 253, 456, 1467, 0, 0, 12.74%, 0, 0, 12, 7774.10, 137950460, 667
17588, 253, 396, 1467, 0, 0, 12.74%, 0, 0, 12, 7808.97, 137990350, 667
17593, 253, 303, 1467, 0, 0, 12.74%, 0, 0, 12, 7806.19, 138029810, 667
17598, 253, 13, 1467, 0, 0, 12.74%, 0, 0, 12, 7810.40, 138069398, 667
17603, 253, 13, 1467, 0, 0, 12.74%, 0, 0, 12, 7793.90, 138108858, 667
17608, 253, 462, 1467, 0, 0, 12.74%, 0, 0, 12, 7820.31, 138148373, 667
17613, 253, 734, 1467, 0, 0, 12.74%, 0, 0, 12, 7791.17, 138187773, 667
17618, 253, 42, 1467, 0, 0, 12.74%, 0, 0, 12, 7788.89, 138227158, 667
17623, 253, 869, 1467, 0, 0, 12.74%, 0, 0, 12, 7800.51, 138266738, 667
17628, 253, 537, 1467, 0, 0, 12.74%, 0, 0, 12, 7767.98, 138306172, 667
17633, 253, 184, 1467, 0, 0, 12.74%, 0, 0, 12, 7847.18, 138346225, 667
17639, 253, 815, 1467, 0, 0, 12.74%, 0, 0, 12, 7767.62, 138385629, 667
17644, 254, 164, 1467, 0, 0, 12.74%, 0, 0, 12, 7785.04, 138425226, 667
17649, 254, 59, 1467, 0, 0, 12.74%, 0, 0, 12, 7776.12, 138464871, 667
17654, 254, 35, 1467, 0, 0, 12.74%, 0, 0, 12, 7803.96, 138504378, 667
17659, 254, 176, 1467, 0, 0, 12.74%, 0, 0, 12, 7798.55, 138544289, 667
17664, 254, 305, 1467, 0, 0, 12.74%, 0, 0, 12, 7803.48, 138583914, 667
17669, 254, 295, 1467, 0, 0, 12.74%, 0, 0, 12, 7805.46, 138623554, 667
17674, 254, 428, 1467, 0, 0, 12.74%, 0, 0, 12, 7803.69, 138663313, 667
17679, 254, 51, 1467, 0, 0, 12.74%, 0, 0, 12, 7815.63, 138702980, 667
17684, 254, 50, 1467, 0, 0, 12.74%, 0, 0, 12, 7785.41, 138742713, 667
17689, 254, 255, 1467, 0, 0, 12.74%, 0, 0, 12, 7824.34, 138782669, 667
17694, 254, 804, 1467, 0, 0, 12.74%, 0, 0, 12, 7783.12, 138822221, 667
17700, 254, 175, 1467, 0, 0, 12.74%, 0, 0, 12, 7814.99, 138861906, 667
17705, 254, 802, 1467, 0, 0, 12.74%, 0, 0, 12, 7824.16, 138901672, 667
17710, 254, 158, 1467, 0, 0, 12.74%, 0, 0, 12, 7851.09, 138941492, 667
17715, 254, 718, 1467, 0, 0, 12.74%, 0, 0, 12, 7820.60, 138980997, 667
17720, 255, 249, 1467, 0, 0, 12.74%, 0, 0, 12, 7823.35, 139020954, 667
17725, 255, 50, 1467, 0, 0, 12.74%, 0, 0, 12, 7821.61, 139060466, 667
17730, 255, 407, 1467, 0, 0, 12.74%, 0, 0, 12, 7821.47, 139100284, 667
17735, 255, 220, 1467, 0, 0, 12.74%, 0, 0, 12, 7819.13, 139139854, 667
17740, 255, 457, 1467, 0, 0, 12.74%, 0, 0, 12, 7801.65, 139179712, 667
17745, 255, 407, 1467, 0, 0, 12.74%, 0, 0, 12, 7802.51, 139219262, 667
17750, 255, 832, 1467, 0, 0, 12.74%, 0, 0, 12, 7815.32, 139259174, 667
17755, 255, 802, 1467, 0, 0, 12.74%, 0, 0, 12, 7823.03, 139298881, 667
17761, 255, 126, 1467, 0, 0, 12.74%, 0, 0, 12, 7809.76, 139338355, 667
17766, 255, 209, 1467, 0, 0, 12.74%, 0, 0, 12, 7828.69, 139378239, 667
17771, 255, 620, 1467, 0, 0, 12.74%, 0, 0, 12, 7835.50, 139418462, 667
17776, 255, 815, 1467, 0, 0, 12.74%, 0, 0, 12, 7751.62, 139457755, 667
17781, 255, 830, 1467, 0, 0, 12.74%, 0, 0, 12, 7777.23, 139497565, 667
17786, 255, 537, 1467, 0, 0, 12.74%, 0, 0, 12, 7795.38, 139537403, 667
17791, 256, 784, 1467, 0, 0, 12.74%, 0, 0, 12, 7801.90, 139577207, 667
17796, 256, 249, 1467, 0, 0, 12.74%, 0, 0, 12, 7827.68, 139617066, 667
17801, 256, 466, 1467, 0, 0, 12.74%, 0, 0, 12, 7821.93, 139656808, 667
17806, 256, 466, 1467, 0, 0, 12.74%, 0, 0, 12, 7778.93, 139696012, 667
17811, 256, 462, 1467, 0, 0, 12.74%, 0, 0, 12, 7771.32, 139735584, 667
17817, 256, 91, 1467, 0, 0, 12.74%, 0, 0, 12, 7763.49, 139775081, 667
17822, 256, 42, 1467, 0, 0, 12.74%, 0, 0, 12, 7789.69, 139814698, 667
17827, 256, 462, 1467, 0, 0, 12.74%, 0, 0, 12, 7778.09, 139854154, 667
17832, 256, 949, 1467, 0, 0, 12.74%, 0, 0, 12, 7691.25, 139893201, 667
17837, 256, 462, 1467, 0, 0, 12.74%, 0, 0, 12, 7771.91, 139932451, 667
17842, 256, 470, 1467, 0, 0, 12.74%, 0, 0, 12, 7822.85, 139972304, 667
17847, 256, 306, 1467, 0, 0, 12.74%, 0, 0, 12, 7819.67, 140012255, 667
17852, 256, 336, 1467, 0, 0, 12.74%, 0, 0, 12, 7818.64, 140052355, 667
17857, 256, 466, 1467, 0, 0, 12.74%, 0, 0, 12, 7794.97, 140092136, 667
17862, 257, 456, 1467, 0, 0, 12.74%, 0, 0, 12, 7801.40, 140131592, 667
17867, 257, 13, 1467, 0, 0, 12.74%, 0, 0, 12, 7773.59, 140171220, 667
17873, 257, 254, 1467, 0, 0, 12.74%, 0, 0, 12, 7829.19, 140211351, 667
17878, 257, 42, 1467, 0, 0, 12.74%, 0, 0, 12, 7807.75, 140251127, 667
17883, 257, 931, 1467, 0, 0, 12.74%, 0, 0, 12, 7847.59, 140290808, 667
17888, 257, 185, 1467, 0, 0, 12.74%, 0, 0, 12, 7831.22, 140330966, 667
17893, 257, 192, 1467, 0, 0, 12.74%, 0, 0, 12, 7829.51, 140370827, 667
17898, 257, 164, 1467, 0, 0, 12.74%, 0, 0, 12, 7827.75, 140410397, 667
17903, 257, 822, 1467, 0, 0, 12.74%, 0, 0, 12, 7785.05, 140449814, 667
17908, 257, 176, 1467, 0, 0, 12.74%, 0, 0, 12, 7786.76, 140489280, 667
17913, 257, 42, 1467, 0, 0, 12.74%, 0, 0, 12, 7802.89, 140528786, 667
17918, 257, 122, 1467, 0, 0, 12.74%, 0, 0, 12, 7826.26, 140568648, 667
17923, 257, 524, 1467, 0, 0, 12.74%, 0, 0, 12, 7795.20, 140608498, 667
17929, 257, 13, 1467, 0, 0, 12.74%, 0, 0, 12, 7787.08, 140648064, 667
17934, 258, 42, 1467, 0, 0, 12.74%, 0, 0, 12, 7785.19, 140687979, 667
17939, 258, 148, 1467, 0, 0, 12.74%, 0, 0, 12, 7826.77, 140727858, 667
17944, 258, 558, 1467, 0, 0, 12.74%, 0, 0, 12, 7801.89, 140767064, 667
17949, 258, 185, 1467, 0, 0, 12.74%, 0, 0, 12, 7786.29, 140806324, 667
17954, 258, 90, 1467, 0, 0, 12.74%, 0, 0, 12, 7802.73, 140845900, 667
17959, 258, 13, 1467, 0, 0, 12.74%, 0, 0, 12, 7805.43, 140885107, 667
17964, 258, 535, 1467, 0, 0, 12.74%, 0, 0, 12, 7787.69, 140924373, 667
17969, 258, 13, 1467, 0, 0, 12.74%, 0, 0, 12, 7782.74, 140964135, 667
17974, 258, 484, 1467, 0, 0, 12.74%, 0, 0, 12, 7805.59, 141004075, 667
17979, 258, 13, 1467, 0, 0, 12.74%, 0, 0, 12, 7826.22, 141043964, 667
17984, 258, 176, 1467, 0, 0, 12.74%, 0, 0, 12, 7793.74, 141083589, 667
17989, 258, 472, 1467, 0, 0, 12.74%, 0, 0, 12, 7841.85, 141123124, 667
17995, 258, 336, 1467, 0, 0, 12.74%, 0, 0, 12, 7824.50, 141162719, 667
18000, 258, 184, 1467, 0, 0, 12.74%, 0, 0, 12, 7820.83, 141202408, 667
18005, 259, 456, 1467, 0, 0, 12.74%, 0, 0, 12, 7821.40, 141241931, 667
18010, 259, 804, 1468, 1, 0, 12.74%, 0, 0, 12, 7801.07, 141281783, 667
18015, 259, 457, 1468, 1, 0, 12.74%, 0, 0, 12, 7848.14, 141321639, 667
18020, 259, 504, 1468, 1, 0, 12.74%, 0, 0, 12, 7794.80, 141361299, 667
18025, 259, 13, 1468, 1, 0, 12.74%, 0, 0, 12, 7747.28, 141400690, 667
18030, 259, 367, 1468, 1, 0, 12.74%, 0, 0, 12, 7788.45, 141440574, 667
18035, 259, 808, 1468, 1, 0, 12.74%, 0, 0, 12, 7796.61, 141480378, 667
18040, 259, 830, 1468, 1, 0, 12.74%, 0, 0, 12, 7807.22, 141520045, 667
18045, 259, 126, 1468, 1, 0, 12.74%, 0, 0, 12, 7852.66, 141559761, 667
18050, 259, 826, 1468, 1, 0, 12.74%, 0, 0, 12, 7834.57, 141599822, 667
18056, 259, 176, 1468, 1, 0, 12.74%, 0, 0, 12, 7814.16, 141639358, 667
18060, 259, 830, 1468, 1, 0, 12.74%, 0, 0, 12, 7835.63, 141670511, 667
