# relative_time, cycles_done, cur_item, corpus_count, pending_total, pending_favs, map_size, saved_crashes, saved_hangs, max_depth, execs_per_sec, total_execs, edges_found
61, 0, 124, 546, 416, 0, 11.78%, 0, 0, 5, 7876.19, 466149, 617
66, 0, 187, 549, 419, 0, 11.78%, 0, 0, 5, 7908.32, 506594, 617
71, 0, 83, 554, 421, 0, 11.78%, 0, 0, 5, 7908.75, 547193, 617
76, 0, 187, 557, 422, 0, 11.78%, 0, 0, 5, 7895.34, 587552, 617
81, 1, 38, 560, 424, 0, 11.78%, 0, 0, 5, 7886.67, 627909, 617
87, 1, 130, 563, 424, 0, 11.78%, 0, 0, 5, 7893.16, 668249, 617
92, 1, 564, 570, 424, 0, 11.78%, 0, 0, 5, 7874.51, 708929, 617
97, 1, 262, 582, 433, 0, 11.78%, 0, 0, 6, 7868.56, 749153, 617
102, 1, 15, 593, 437, 0, 11.78%, 0, 0, 6, 7874.96, 789564, 617
107, 1, 198, 603, 442, 0, 11.78%, 0, 0, 6, 7854.76, 829490, 617
112, 1, 102, 604, 441, 0, 11.78%, 0, 0, 6, 7886.70, 869735, 617
117, 1, 600, 609, 444, 0, 11.78%, 0, 0, 6, 7894.27, 910390, 617
122, 1, 109, 617, 450, 0, 11.78%, 0, 0, 6, 7867.68, 950525, 617
128, 1, 192, 619, 450, 0, 11.78%, 0, 0, 6, 7871.67, 990733, 617
133, 1, 502, 630, 459, 0, 11.78%, 0, 0, 7, 7845.92, 1030733, 617
138, 1, 109, 630, 453, 0, 11.78%, 0, 0, 7, 7863.88, 1070717, 617
143, 1, 120, 630, 447, 0, 11.78%, 0, 0, 7, 7861.13, 1110646, 617
148, 1, 87, 632, 443, 0, 11.78%, 0, 0, 7, 7882.20, 1150622, 617
153, 1, 109, 633, 437, 0, 11.78%, 0, 0, 7, 7878.16, 1190934, 617
158, 1, 167, 633, 432, 0, 11.78%, 0, 0, 7, 7891.26, 1231463, 617
163, 2, 120, 635, 427, 0, 11.78%, 0, 0, 7, 7868.64, 1272167, 617
168, 2, 177, 636, 423, 0, 11.78%, 0, 0, 7, 7896.34, 1312524, 617
173, 2, 87, 636, 421, 0, 11.78%, 0, 0, 7, 7893.56, 1352668, 617
179, 2, 252, 637, 419, 0, 11.78%, 0, 0, 7, 7883.75, 1392782, 617
184, 2, 192, 638, 418, 0, 11.78%, 0, 0, 7, 7877.82, 1433099, 617
189, 2, 59, 638, 414, 0, 11.78%, 0, 0, 7, 7889.47, 1473042, 617
194, 2, 106, 641, 414, 0, 11.78%, 0, 0, 8, 7883.28, 1513339, 617
199, 2, 80, 642, 412, 0, 11.78%, 0, 0, 8, 7900.76, 1553709, 617
204, 2, 85, 642, 412, 0, 11.78%, 0, 0, 8, 7884.88, 1594124, 617
209, 2, 120, 642, 408, 0, 11.78%, 0, 0, 8, 7873.88, 1634305, 617
214, 2, 107, 642, 404, 0, 11.78%, 0, 0, 8, 7900.26, 1674419, 617
219, 2, 191, 661, 417, 0, 12.03%, 0, 0, 8, 7817.24, 1714535, 630
224, 2, 106, 665, 415, 0, 12.03%, 0, 0, 8, 7872.05, 1754719, 630
230, 2, 198, 667, 415, 0, 12.03%, 0, 0, 8, 7864.12, 1795128, 630
235, 2, 87, 668, 411, 0, 12.03%, 0, 0, 8, 7893.49, 1835402, 630
240, 2, 102, 669, 409, 0, 12.03%, 0, 0, 8, 7857.99, 1875556, 630
245, 3, 645, 672, 408, 0, 12.03%, 0, 0, 9, 7890.45, 1916147, 630
250, 3, 204, 675, 410, 0, 12.03%, 0, 0, 9, 7906.97, 1956274, 630
255, 3, 9, 676, 405, 0, 12.03%, 0, 0, 9, 7898.74, 1996477, 630
260, 3, 83, 677, 400, 0, 12.03%, 0, 0, 9, 7869.38, 2036705, 630
265, 3, 610, 677, 397, 0, 12.03%, 0, 0, 9, 7854.19, 2076632, 630
270, 3, 160, 685, 401, 0, 12.09%, 0, 0, 9, 7883.64, 2117090, 633
276, 3, 87, 688, 402, 0, 12.09%, 0, 0, 9, 7886.80, 2157200, 633
281, 3, 87, 691, 399, 0, 12.09%, 0, 0, 9, 7886.46, 2197379, 633
286, 3, 220, 692, 398, 0, 12.09%, 0, 0, 9, 7893.76, 2237730, 633
291, 3, 252, 693, 395, 0, 12.09%, 0, 0, 9, 7895.81, 2278248, 633
296, 3, 689, 696, 396, 0, 12.09%, 0, 0, 9, 7873.33, 2318644, 633
301, 3, 107, 701, 396, 0, 12.09%, 0, 0, 10, 7696.89, 2358324, 633
306, 3, 645, 702, 393, 0, 12.09%, 0, 0, 11, 7813.35, 2398230, 633
311, 3, 192, 703, 392, 0, 12.09%, 0, 0, 11, 7882.06, 2438597, 633
316, 3, 129, 703, 391, 0, 12.09%, 0, 0, 11, 7892.55, 2478943, 633
322, 3, 87, 703, 387, 0, 12.09%, 0, 0, 11, 7892.51, 2518945, 633
327, 3, 10, 704, 384, 0, 12.09%, 0, 0, 11, 7886.10, 2559194, 633
332, 4, 287, 705, 383, 0, 12.09%, 0, 0, 11, 7887.16, 2599411, 633
337, 4, 142, 705, 381, 0, 12.09%, 0, 0, 11, 7890.87, 2639863, 633
342, 4, 63, 705, 380, 0, 12.09%, 0, 0, 11, 7875.02, 2680345, 633
347, 4, 87, 705, 377, 0, 12.09%, 0, 0, 11, 7887.01, 2720590, 633
352, 4, 198, 706, 372, 0, 12.09%, 0, 0, 11, 7852.79, 2760838, 633
357, 4, 28, 706, 371, 0, 12.09%, 0, 0, 11, 7857.72, 2800974, 633
362, 4, 10, 708, 372, 0, 12.09%, 0, 0, 11, 7874.15, 2841276, 633
368, 4, 198, 708, 371, 0, 12.09%, 0, 0, 11, 7880.07, 2881492, 633
373, 4, 107, 708, 368, 0, 12.09%, 0, 0, 11, 7904.60, 2921992, 633
378, 4, 109, 708, 364, 0, 12.09%, 0, 0, 11, 7886.72, 2962144, 633
383, 4, 109, 709, 359, 0, 12.09%, 0, 0, 11, 7868.12, 3002604, 633
388, 4, 55, 711, 359, 0, 12.09%, 0, 0, 11, 7884.11, 3042815, 633
393, 4, 25, 711, 356, 0, 12.09%, 0, 0, 11, 7875.17, 3083278, 633
398, 4, 167, 712, 355, 0, 12.09%, 0, 0, 11, 7894.16, 3123568, 633
403, 4, 198, 714, 355, 0, 12.09%, 0, 0, 11, 7871.85, 3163717, 633
408, 4, 87, 715, 354, 0, 12.09%, 0, 0, 11, 7881.27, 3203890, 633
414, 5, 187, 715, 349, 0, 12.09%, 0, 0, 11, 7916.18, 3244337, 633
419, 5, 55, 715, 348, 0, 12.09%, 0, 0, 11, 7903.65, 3284765, 633
424, 5, 10, 716, 346, 0, 12.09%, 0, 0, 11, 7901.86, 3325111, 633
429, 5, 105, 716, 344, 0, 12.09%, 0, 0, 11, 7887.63, 3365274, 633
434, 5, 120, 716, 339, 0, 12.09%, 0, 0, 11, 7898.06, 3405699, 633
439, 5, 66, 717, 337, 0, 12.09%, 0, 0, 11, 7900.71, 3446107, 633
444, 5, 10, 717, 335, 0, 12.09%, 0, 0, 11, 7899.75, 3486156, 633
449, 5, 142, 717, 334, 0, 12.09%, 0, 0, 11, 7884.83, 3526451, 633
454, 5, 77, 718, 329, 0, 12.09%, 0, 0, 11, 7874.85, 3566755, 633
460, 5, 91, 718, 327, 0, 12.09%, 0, 0, 11, 7863.27, 3607068, 633
465, 5, 77, 718, 327, 0, 12.09%, 0, 0, 11, 7877.36, 3647349, 633
470, 5, 187, 718, 327, 0, 12.09%, 0, 0, 11, 7877.93, 3687646, 633
475, 5, 106, 718, 325, 0, 12.09%, 0, 0, 11, 7903.86, 3727778, 633
480, 5, 109, 719, 324, 0, 12.09%, 0, 0, 11, 7875.24, 3768210, 633
485, 5, 474, 720, 323, 0, 12.09%, 0, 0, 11, 7895.08, 3808346, 633
490, 5, 34, 720, 320, 0, 12.09%, 0, 0, 11, 7920.72, 3848799, 633
495, 5, 38, 720, 317, 0, 12.09%, 0, 0, 11, 7888.00, 3889012, 633
500, 5, 170, 721, 314, 0, 12.09%, 0, 0, 11, 7866.43, 3929319, 633
505, 6, 106, 721, 314, 0, 12.09%, 0, 0, 11, 7899.43, 3969670, 633
511, 6, 53, 721, 314, 0, 12.09%, 0, 0, 11, 7896.96, 4009816, 633
516, 6, 198, 722, 314, 0, 12.09%, 0, 0, 11, 7898.35, 4049984, 633
521, 6, 53, 722, 313, 0, 12.09%, 0, 0, 11, 7883.79, 4090629, 633
526, 6, 92, 722, 310, 0, 12.09%, 0, 0, 11, 7890.71, 4130788, 633
531, 6, 28, 722, 308, 0, 12.09%, 0, 0, 11, 7887.44, 4171243, 633
536, 6, 106, 723, 307, 0, 12.09%, 0, 0, 11, 7871.58, 4211415, 633
541, 6, 183, 723, 306, 0, 12.09%, 0, 0, 11, 7874.17, 4251558, 633
546, 6, 170, 724, 307, 0, 12.09%, 0, 0, 11, 7879.08, 4291523, 633
551, 6, 183, 725, 304, 0, 12.11%, 0, 0, 11, 7868.02, 4331606, 634
556, 6, 106, 725, 303, 0, 12.11%, 0, 0, 11, 7870.90, 4371606, 634
562, 6, 105, 726, 301, 0, 12.17%, 0, 0, 11, 7860.82, 4411757, 637
567, 6, 87, 728, 301, 0, 12.17%, 0, 0, 11, 7868.78, 4452124, 637
572, 6, 183, 730, 302, 0, 12.17%, 0, 0, 11, 7889.24, 4492344, 637
577, 6, 85, 730, 300, 0, 12.17%, 0, 0, 11, 7876.93, 4532719, 637
582, 6, 106, 730, 296, 0, 12.17%, 0, 0, 11, 7870.87, 4573360, 637
587, 6, 55, 730, 295, 0, 12.17%, 0, 0, 11, 7869.83, 4613503, 637
592, 6, 142, 730, 293, 0, 12.17%, 0, 0, 11, 7873.64, 4653902, 637
597, 7, 645, 731, 291, 0, 12.22%, 0, 0, 11, 7864.12, 4694324, 640
603, 7, 170, 755, 314, 0, 12.45%, 0, 0, 11, 7435.66, 4731825, 652
608, 7, 63, 783, 341, 0, 12.45%, 0, 0, 11, 7707.97, 4771646, 652
613, 7, 192, 800, 352, 0, 12.51%, 0, 0, 11, 7523.91, 4810299, 655
618, 7, 94, 815, 366, 0, 12.51%, 0, 0, 11, 7793.57, 4850220, 655
623, 7, 185, 820, 369, 0, 12.51%, 0, 0, 11, 7850.72, 4890515, 655
628, 7, 109, 826, 373, 0, 12.51%, 0, 0, 11, 7850.67, 4930608, 655
633, 7, 170, 831, 376, 0, 12.51%, 0, 0, 11, 7823.24, 4970560, 655
638, 7, 192, 836, 379, 0, 12.51%, 0, 0, 11, 7777.34, 5010413, 655
644, 7, 147, 841, 384, 0, 12.51%, 0, 0, 11, 7824.62, 5050623, 655
649, 7, 134, 843, 383, 0, 12.51%, 0, 0, 11, 7821.61, 5091037, 655
654, 7, 170, 845, 381, 0, 12.51%, 0, 0, 11, 7811.93, 5131182, 655
659, 7, 174, 848, 383, 0, 12.51%, 0, 0, 11, 7845.42, 5171335, 655
664, 7, 120, 852, 382, 0, 12.51%, 0, 0, 11, 7832.55, 5211895, 655
669, 7, 133, 857, 384, 0, 12.51%, 0, 0, 11, 7827.44, 5251592, 655
674, 7, 107, 862, 384, 0, 12.51%, 0, 0, 11, 7776.72, 5291333, 655
679, 7, 120, 864, 385, 0, 12.51%, 0, 0, 11, 7802.82, 5331186, 655
685, 7, 48, 867, 386, 0, 12.51%, 0, 0, 11, 7823.58, 5371323, 655
690, 7, 852, 872, 387, 0, 12.51%, 0, 0, 11, 7766.46, 5411167, 655
695, 7, 63, 879, 390, 0, 12.57%, 0, 0, 11, 7814.59, 5451025, 658
700, 7, 167, 882, 391, 0, 12.62%, 0, 0, 11, 7776.40, 5491013, 661
705, 7, 170, 886, 391, 0, 12.68%, 0, 0, 11, 7755.12, 5530462, 664
710, 7, 191, 899, 402, 0, 12.68%, 0, 0, 11, 7666.21, 5569452, 664
715, 7, 900, 906, 407, 0, 12.68%, 0, 0, 13, 7549.05, 5608413, 664
721, 7, 135, 909, 409, 0, 12.68%, 0, 0, 13, 7757.82, 5648839, 664
726, 8, 245, 909, 406, 0, 12.68%, 0, 0, 13, 7701.13, 5688499, 664
731, 8, 420, 912, 409, 0, 12.68%, 0, 0, 13, 7772.03, 5728454, 664
736, 8, 165, 917, 413, 0, 12.68%, 0, 0, 13, 7794.29, 5768335, 664
741, 8, 85, 918, 414, 0, 12.68%, 0, 0, 13, 7810.62, 5808379, 664
746, 8, 191, 919, 409, 0, 12.68%, 0, 0, 13, 7805.08, 5848453, 664
751, 8, 48, 920, 406, 0, 12.68%, 0, 0, 13, 7780.65, 5888153, 664
756, 8, 160, 923, 406, 0, 12.68%, 0, 0, 13, 7798.29, 5928185, 664
762, 8, 128, 925, 404, 0, 12.68%, 0, 0, 13, 7773.63, 5968008, 664
767, 8, 107, 925, 402, 0, 12.68%, 0, 0, 13, 7808.65, 6007921, 664
772, 8, 92, 929, 403, 0, 12.68%, 0, 0, 13, 7817.94, 6048181, 664
777, 8, 645, 929, 401, 0, 12.68%, 0, 0, 13, 7808.83, 6088294, 664
782, 8, 120, 931, 402, 0, 12.68%, 0, 0, 13, 7844.80, 6128587, 664
787, 8, 125, 932, 400, 0, 12.68%, 0, 0, 13, 7768.73, 6168469, 664
792, 8, 125, 934, 401, 0, 12.68%, 0, 0, 13, 7792.94, 6208392, 664
797, 8, 463, 935, 402, 0, 12.68%, 0, 0, 13, 7823.26, 6248544, 664
803, 8, 120, 936, 402, 0, 12.68%, 0, 0, 13, 7801.17, 6288285, 664
808, 8, 133, 937, 401, 0, 12.68%, 0, 0, 13, 7827.54, 6328674, 664
813, 8, 174, 938, 402, 0, 12.68%, 0, 0, 13, 7813.86, 6368640, 664
818, 8, 198, 939, 401, 0, 12.68%, 0, 0, 13, 7807.93, 6408423, 664
823, 8, 178, 939, 398, 0, 12.68%, 0, 0, 13, 7766.89, 6448076, 664
828, 8, 44, 941, 398, 0, 12.68%, 0, 0, 13, 7770.14, 6487991, 664
833, 8, 109, 943, 396, 0, 12.68%, 0, 0, 13, 7756.08, 6527394, 664
838, 8, 252, 944, 396, 0, 12.68%, 0, 0, 13, 7706.25, 6567043, 664
844, 8, 106, 945, 396, 0, 12.68%, 0, 0, 13, 7813.77, 6607190, 664
849, 9, 48, 945, 393, 0, 12.68%, 0, 0, 13, 7805.70, 6646958, 664
854, 9, 9, 946, 390, 0, 12.68%, 0, 0, 14, 7813.56, 6686867, 664
859, 9, 287, 946, 388, 0, 12.68%, 0, 0, 14, 7816.92, 6726929, 664
864, 9, 187, 947, 387, 0, 12.68%, 0, 0, 14, 7778.63, 6766572, 664
869, 9, 106, 948, 388, 0, 12.68%, 0, 0, 14, 7833.38, 6806613, 664
874, 9, 92, 948, 385, 0, 12.68%, 0, 0, 14, 7827.32, 6846805, 664
879, 9, 135, 949, 383, 0, 12.68%, 0, 0, 14, 7803.20, 6886704, 664
884, 9, 720, 949, 380, 0, 12.68%, 0, 0, 14, 7827.63, 6926642, 664
890, 9, 204, 951, 379, 0, 12.68%, 0, 0, 14, 7841.39, 6966649, 664
895, 9, 178, 951, 379, 0, 12.68%, 0, 0, 14, 7821.42, 7006686, 664
900, 9, 89, 951, 378, 0, 12.68%, 0, 0, 14, 7826.34, 7047004, 664
905, 9, 59, 951, 378, 0, 12.68%, 0, 0, 14, 7812.01, 7086950, 664
910, 9, 48, 952, 376, 0, 12.68%, 0, 0, 14, 7737.59, 7126353, 664
915, 9, 48, 954, 374, 0, 12.68%, 0, 0, 14, 7785.31, 7166266, 664
920, 9, 102, 956, 374, 0, 12.68%, 0, 0, 14, 7780.24, 7206012, 664
925, 9, 97, 957, 371, 0, 12.68%, 0, 0, 14, 7791.70, 7245790, 664
930, 9, 187, 957, 370, 0, 12.68%, 0, 0, 14, 7844.69, 7285852, 664
936, 9, 25, 957, 369, 0, 12.68%, 0, 0, 14, 7770.51, 7325846, 664
941, 9, 130, 958, 370, 0, 12.68%, 0, 0, 14, 7809.51, 7365839, 664
946, 9, 167, 959, 371, 0, 12.68%, 0, 0, 14, 7806.66, 7405830, 664
951, 9, 92, 961, 371, 0, 12.68%, 0, 0, 14, 7816.03, 7445517, 664
956, 9, 252, 961, 371, 0, 12.68%, 0, 0, 14, 7817.81, 7485821, 664
961, 9, 191, 962, 372, 0, 12.68%, 0, 0, 14, 7813.56, 7525967, 664
966, 10, 283, 963, 372, 0, 12.68%, 0, 0, 14, 7806.17, 7565849, 664
971, 10, 106, 963, 372, 0, 12.68%, 0, 0, 14, 7804.59, 7605733, 664
977, 10, 48, 963, 371, 0, 12.68%, 0, 0, 14, 7811.32, 7645996, 664
982, 10, 790, 964, 372, 0, 12.68%, 0, 0, 14, 7832.60, 7686299, 664
987, 10, 120, 968, 372, 0, 12.68%, 0, 0, 14, 7793.56, 7726371, 664
992, 10, 48, 968, 371, 0, 12.68%, 0, 0, 14, 7807.02, 7766505, 664
997, 10, 198, 969, 371, 0, 12.68%, 0, 0, 14, 7790.70, 7806813, 664
1002, 10, 85, 969, 367, 0, 12.68%, 0, 0, 14, 7794.98, 7846773, 664
1007, 10, 135, 970, 366, 0, 12.68%, 0, 0, 14, 7812.61, 7886692, 664
1013, 10, 476, 971, 365, 0, 12.68%, 0, 0, 14, 7834.63, 7926442, 664
1018, 10, 105, 971, 361, 0, 12.68%, 0, 0, 14, 7839.67, 7966807, 664
1023, 10, 252, 972, 360, 0, 12.68%, 0, 0, 14, 7801.34, 8006489, 664
1028, 10, 900, 972, 358, 0, 12.68%, 0, 0, 14, 7762.13, 8046229, 664
1033, 10, 106, 973, 357, 0, 12.68%, 0, 0, 14, 7792.62, 8086626, 664
1038, 10, 10, 974, 357, 0, 12.68%, 0, 0, 14, 7745.87, 8126428, 664
1043, 10, 10, 974, 356, 0, 12.68%, 0, 0, 14, 7813.19, 8166572, 664
1048, 10, 187, 975, 356, 0, 12.68%, 0, 0, 14, 7843.00, 8206681, 664
1054, 10, 167, 975, 356, 0, 12.68%, 0, 0, 14, 7808.97, 8246883, 664
1059, 10, 147, 976, 355, 0, 12.68%, 0, 0, 14, 7792.85, 8286955, 664
1064, 10, 106, 976, 353, 0, 12.68%, 0, 0, 14, 7766.24, 8326814, 664
1069, 10, 106, 976, 351, 0, 12.68%, 0, 0, 14, 7818.96, 8366638, 664
1074, 10, 106, 977, 350, 0, 12.68%, 0, 0, 14, 7756.63, 8406557, 664
1079, 10, 120, 978, 350, 0, 12.68%, 0, 0, 14, 7806.54, 8446848, 664
1084, 10, 97, 978, 348, 0, 12.68%, 0, 0, 14, 7836.30, 8486942, 664
1089, 10, 94, 978, 345, 0, 12.68%, 0, 0, 14, 7826.37, 8527158, 664
1095, 11, 872, 979, 343, 0, 12.68%, 0, 0, 14, 7812.34, 8566940, 664
1100, 11, 109, 979, 341, 0, 12.68%, 0, 0, 14, 7783.18, 8606642, 664
1105, 11, 167, 980, 340, 0, 12.68%, 0, 0, 14, 7794.97, 8646509, 664
1110, 11, 109, 980, 340, 0, 12.68%, 0, 0, 14, 7809.19, 8686457, 664
1115, 11, 887, 980, 340, 0, 12.68%, 0, 0, 14, 7767.46, 8726555, 664
1120, 11, 900, 985, 340, 0, 12.72%, 0, 0, 14, 7722.43, 8766063, 666
1125, 11, 142, 985, 340, 0, 12.72%, 0, 0, 14, 7817.96, 8806372, 666
1131, 11, 28, 990, 341, 0, 12.72%, 0, 0, 14, 7644.71, 8845137, 666
1136, 11, 191, 990, 340, 0, 12.72%, 0, 0, 14, 7782.40, 8885122, 666
1141, 11, 77, 991, 339, 0, 12.72%, 0, 0, 14, 7771.47, 8924761, 666
1146, 11, 198, 992, 340, 0, 12.72%, 0, 0, 14, 7808.41, 8964570, 666
1151, 11, 92, 993, 341, 0, 12.72%, 0, 0, 14, 7797.07, 9004382, 666
1156, 11, 48, 993, 341, 0, 12.72%, 0, 0, 14, 7787.32, 9043977, 666
1161, 11, 28, 993, 339, 0, 12.72%, 0, 0, 14, 7806.00, 9084160, 666
1166, 11, 9, 994, 338, 0, 12.72%, 0, 0, 14, 7804.61, 9123855, 666
1171, 11, 667, 994, 336, 0, 12.72%, 0, 0, 14, 7800.28, 9163809, 666
1177, 11, 177, 996, 335, 0, 12.72%, 0, 0, 14, 7741.59, 9203572, 666
1182, 11, 15, 996, 334, 0, 12.72%, 0, 0, 14, 7781.06, 9243767, 666
1187, 11, 160, 1005, 341, 0, 12.74%, 0, 0, 14, 6549.69, 9275815, 667
1192, 11, 160, 1007, 342, 0, 12.74%, 0, 0, 14, 7549.77, 9315529, 667
1197, 11, 109, 1007, 342, 0, 12.74%, 0, 0, 14, 7694.18, 9355068, 667
1202, 11, 106, 1007, 341, 0, 12.74%, 0, 0, 14, 7767.37, 9395241, 667
1207, 11, 700, 1007, 338, 0, 12.74%, 0, 0, 14, 7750.16, 9434985, 667
1212, 11, 125, 1010, 339, 0, 12.74%, 0, 0, 14, 7812.09, 9475103, 667
1218, 11, 174, 1010, 335, 0, 12.74%, 0, 0, 14, 7627.57, 9514641, 667
1223, 12, 130, 1011, 336, 0, 12.74%, 0, 0, 14, 7786.24, 9554540, 667
1228, 12, 187, 1011, 336, 0, 12.74%, 0, 0, 14, 7788.26, 9594582, 667
1233, 12, 106, 1011, 335, 0, 12.74%, 0, 0, 14, 7805.53, 9634618, 667
1238, 12, 165, 1011, 331, 0, 12.74%, 0, 0, 14, 7806.83, 9674906, 667
1243, 12, 106, 1011, 331, 0, 12.74%, 0, 0, 14, 7799.92, 9714789, 667
1248, 12, 185, 1011, 330, 0, 12.74%, 0, 0, 14, 7804.75, 9754533, 667
1254, 12, 178, 1011, 329, 0, 12.74%, 0, 0, 14, 7803.41, 9794772, 667
1259, 12, 106, 1012, 329, 0, 12.74%, 0, 0, 14, 7798.00, 9834754, 667
1264, 12, 94, 1012, 328, 0, 12.74%, 0, 0, 14, 7802.34, 9874665, 667
1269, 12, 198, 1012, 327, 0, 12.74%, 0, 0, 14, 7788.60, 9914621, 667
1274, 12, 982, 1012, 327, 0, 12.74%, 0, 0, 14, 7810.68, 9954764, 667
1279, 12, 135, 1012, 326, 0, 12.74%, 0, 0, 14, 7760.78, 9994323, 667
1284, 12, 85, 1013, 326, 0, 12.74%, 0, 0, 14, 7822.19, 10034315, 667
1289, 12, 31, 1013, 326, 0, 12.74%, 0, 0, 14, 7806.04, 10074458, 667
1295, 12, 178, 1013, 324, 0, 12.74%, 0, 0, 14, 7796.81, 10114474, 667
1300, 12, 287, 1013, 324, 0, 12.74%, 0, 0, 14, 7780.18, 10154388, 667
1305, 12, 59, 1013, 322, 0, 12.74%, 0, 0, 14, 7761.93, 10194380, 667
1310, 12, 135, 1013, 321, 0, 12.74%, 0, 0, 14, 7746.66, 10234228, 667
1315, 12, 125, 1013, 319, 0, 12.74%, 0, 0, 14, 7791.90, 10274100, 667
1320, 12, 102, 1015, 321, 0, 12.74%, 0, 0, 14, 7811.95, 10313816, 667
1325, 12, 142, 1015, 318, 0, 12.74%, 0, 0, 14, 7815.78, 10353766, 667
1330, 12, 128, 1016, 319, 0, 12.74%, 0, 0, 14, 7737.89, 10393493, 667
1336, 12, 125, 1016, 319, 0, 12.74%, 0, 0, 14, 7774.51, 10433394, 667
1341, 12, 167, 1018, 318, 0, 12.74%, 0, 0, 14, 7782.72, 10473188, 667
1346, 12, 198, 1018, 316, 0, 12.74%, 0, 0, 14, 7751.48, 10513190, 667
1351, 13, 192, 1018, 316, 0, 12.74%, 0, 0, 14, 7801.71, 10553147, 667
1356, 13, 195, 1018, 315, 0, 12.74%, 0, 0, 14, 7732.85, 10592690, 667
1361, 13, 191, 1018, 313, 0, 12.74%, 0, 0, 14, 7690.57, 10632019, 667
1366, 13, 128, 1019, 312, 0, 12.74%, 0, 0, 14, 7748.40, 10671792, 667
1371, 13, 129, 1019, 312, 0, 12.74%, 0, 0, 14, 7779.21, 10711768, 667
1377, 13, 120, 1019, 311, 0, 12.74%, 0, 0, 14, 7693.44, 10750371, 667
1382, 13, 66, 1019, 311, 0, 12.74%, 0, 0, 14, 7804.12, 10790389, 667
1387, 13, 63, 1020, 311, 0, 12.74%, 0, 0, 14, 7663.36, 10829359, 667
1392, 13, 59, 1020, 310, 0, 12.74%, 0, 0, 14, 7759.43, 10869177, 667
1397, 13, 280, 1020, 309, 0, 12.74%, 0, 0, 14, 7740.55, 10908967, 667
1402, 13, 109, 1020, 308, 0, 12.74%, 0, 0, 14, 7792.96, 10948818, 667
1407, 13, 106, 1020, 304, 0, 12.74%, 0, 0, 14, 7792.35, 10988837, 667
1412, 13, 28, 1020, 302, 0, 12.74%, 0, 0, 14, 7788.81, 11029002, 667
1418, 13, 59, 1021, 300, 0, 12.74%, 0, 0, 14, 7765.34, 11069029, 667
1423, 13, 982, 1021, 298, 0, 12.74%, 0, 0, 14, 7796.13, 11109117, 667
1428, 13, 128, 1021, 298, 0, 12.74%, 0, 0, 14, 7812.41, 11149249, 667
1433, 13, 165, 1021, 298, 0, 12.74%, 0, 0, 14, 7792.79, 11189330, 667
1438, 13, 128, 1024, 299, 0, 12.74%, 0, 0, 14, 7815.06, 11229370, 667
1443, 13, 60, 1024, 296, 0, 12.74%, 0, 0, 14, 7817.90, 11269233, 667
1448, 13, 63, 1024, 295, 0, 12.74%, 0, 0, 14, 7710.34, 11308723, 667
1454, 13, 77, 1024, 294, 0, 12.74%, 0, 0, 14, 7774.00, 11348837, 667
1459, 13, 183, 1025, 295, 0, 12.74%, 0, 0, 14, 7765.82, 11388759, 667
1464, 13, 120, 1025, 295, 0, 12.74%, 0, 0, 14, 7748.89, 11428659, 667
1469, 13, 63, 1026, 294, 0, 12.74%, 0, 0, 14, 7802.90, 11468683, 667
1474, 13, 53, 1027, 293, 0, 12.74%, 0, 0, 14, 7807.04, 11508611, 667
1479, 13, 128, 1027, 291, 0, 12.74%, 0, 0, 14, 7726.90, 11548014, 667
1484, 14, 28, 1027, 291, 0, 12.74%, 0, 0, 14, 7783.28, 11587971, 667
1489, 14, 187, 1027, 291, 0, 12.74%, 0, 0, 14, 7814.35, 11627667, 667
1494, 14, 198, 1027, 290, 0, 12.74%, 0, 0, 14, 7807.16, 11667863, 667
1500, 14, 142, 1027, 288, 0, 12.74%, 0, 0, 14, 7817.20, 11707893, 667
1505, 14, 198, 1027, 286, 0, 12.74%, 0, 0, 14, 7816.25, 11747764, 667
1510, 14, 48, 1027, 286, 0, 12.74%, 0, 0, 14, 7816.36, 11788122, 667
1515, 14, 130, 1027, 284, 0, 12.74%, 0, 0, 14, 7791.61, 11828215, 667
1520, 14, 170, 1027, 282, 0, 12.74%, 0, 0, 14, 7811.54, 11867993, 667
1525, 14, 94, 1027, 281, 0, 12.74%, 0, 0, 14, 7755.40, 11907436, 667
1530, 14, 458, 1028, 281, 0, 12.74%, 0, 0, 14, 7795.29, 11947481, 667
1535, 14, 196, 1028, 281, 0, 12.74%, 0, 0, 14, 7803.48, 11987459, 667
1541, 14, 85, 1028, 281, 0, 12.74%, 0, 0, 14, 7791.78, 12027512, 667
1546, 14, 92, 1028, 279, 0, 12.74%, 0, 0, 14, 7794.49, 12067236, 667
1551, 14, 198, 1028, 278, 0, 12.74%, 0, 0, 14, 7770.22, 12107255, 667
1556, 14, 60, 1028, 278, 0, 12.74%, 0, 0, 14, 7800.80, 12147243, 667
1561, 14, 177, 1028, 276, 0, 12.74%, 0, 0, 14, 7811.27, 12187069, 667
1566, 14, 142, 1028, 275, 0, 12.74%, 0, 0, 14, 7810.18, 12227130, 667
1571, 14, 92, 1028, 273, 0, 12.74%, 0, 0, 14, 7792.86, 12267250, 667
1577, 14, 120, 1029, 272, 0, 12.74%, 0, 0, 14, 7787.84, 12307168, 667
1582, 14, 183, 1029, 271, 0, 12.74%, 0, 0, 14, 7811.89, 12347309, 667
1587, 14, 59, 1029, 268, 0, 12.74%, 0, 0, 14, 7729.05, 12386988, 667
1592, 14, 183, 1029, 268, 0, 12.74%, 0, 0, 14, 7801.32, 12427256, 667
1597, 14, 198, 1029, 267, 0, 12.74%, 0, 0, 14, 7794.99, 12466971, 667
1602, 14, 142, 1030, 265, 0, 12.74%, 0, 0, 14, 7737.99, 12506546, 667
1607, 14, 28, 1030, 265, 0, 12.74%, 0, 0, 14, 7774.17, 12546481, 667
1612, 15, 82, 1030, 263, 0, 12.74%, 0, 0, 14, 7636.91, 12585581, 667
1618, 15, 125, 1030, 261, 0, 12.74%, 0, 0, 14, 7761.08, 12625616, 667
1623, 15, 178, 1030, 258, 0, 12.74%, 0, 0, 14, 7797.97, 12665773, 667
1628, 15, 456, 1031, 259, 0, 12.74%, 0, 0, 14, 7816.69, 12706060, 667
1633, 15, 63, 1031, 259, 0, 12.74%, 0, 0, 14, 7824.13, 12746416, 667
1638, 15, 130, 1031, 259, 0, 12.74%, 0, 0, 14, 7782.01, 12786062, 667
1643, 15, 165, 1035, 262, 0, 12.74%, 0, 0, 14, 7812.98, 12826104, 667
1648, 15, 886, 1036, 263, 0, 12.74%, 0, 0, 14, 7799.62, 12865957, 667
1653, 15, 66, 1037, 263, 0, 12.74%, 0, 0, 14, 7792.48, 12905899, 667
1659, 15, 128, 1037, 263, 0, 12.74%, 0, 0, 14, 7813.11, 12945738, 667
1664, 15, 128, 1037, 261, 0, 12.74%, 0, 0, 14, 7566.40, 12984824, 667
1669, 15, 998, 1037, 261, 0, 12.74%, 0, 0, 14, 1526.97, 13023433, 667
1674, 15, 198, 1037, 257, 0, 12.74%, 0, 0, 14, 6404.57, 13061177, 667
1679, 15, 183, 1037, 255, 0, 12.74%, 0, 0, 14, 7476.55, 13100847, 667
1684, 15, 48, 1037, 255, 0, 12.74%, 0, 0, 14, 7712.36, 13140909, 667
1689, 15, 97, 1037, 255, 0, 12.74%, 0, 0, 14, 7750.77, 13180788, 667
1695, 15, 105, 1037, 255, 0, 12.74%, 0, 0, 14, 7784.47, 13220810, 667
1700, 15, 120, 1037, 254, 0, 12.74%, 0, 0, 14, 7794.76, 13260568, 667
1705, 15, 183, 1037, 254, 0, 12.74%, 0, 0, 14, 7809.83, 13300636, 667
1710, 15, 109, 1037, 254, 0, 12.74%, 0, 0, 14, 7783.42, 13340554, 667
1715, 15, 77, 1037, 254, 0, 12.74%, 0, 0, 14, 7802.52, 13380241, 667
1720, 15, 195, 1037, 253, 0, 12.74%, 0, 0, 14, 7792.47, 13420233, 667
1725, 15, 645, 1038, 253, 0, 12.74%, 0, 0, 14, 7816.67, 13459937, 667
1730, 15, 25, 1038, 253, 0, 12.74%, 0, 0, 14, 7813.33, 13499842, 667
1735, 15, 185, 1038, 252, 0, 12.74%, 0, 0, 14, 7707.62, 13539151, 667
1740, 15, 85, 1038, 252, 0, 12.74%, 0, 0, 14, 7781.08, 13578956, 667
1746, 16, 187, 1039, 252, 0, 12.74%, 0, 0, 14, 7786.19, 13618858, 667
1751, 16, 85, 1039, 252, 0, 12.74%, 0, 0, 14, 7793.64, 13658852, 667
1756, 16, 106, 1039, 251, 0, 12.74%, 0, 0, 14, 7782.02, 13698737, 667
1761, 16, 130, 1039, 250, 0, 12.74%, 0, 0, 14, 7765.64, 13738651, 667
1766, 16, 53, 1039, 248, 0, 12.74%, 0, 0, 14, 7785.40, 13778768, 667
1771, 16, 109, 1040, 248, 0, 12.74%, 0, 0, 14, 7746.51, 13818763, 667
1776, 16, 195, 1040, 246, 0, 12.74%, 0, 0, 14, 7757.92, 13858570, 667
1782, 16, 120, 1040, 244, 0, 12.74%, 0, 0, 14, 7744.62, 13898459, 667
1787, 16, 965, 1041, 244, 0, 12.74%, 0, 0, 14, 7710.89, 13938387, 667
1792, 16, 528, 1042, 244, 0, 12.74%, 0, 0, 14, 7762.38, 13978103, 667
1797, 16, 142, 1042, 242, 0, 12.74%, 0, 0, 14, 7793.00, 14018349, 667
1802, 16, 252, 1042, 241, 0, 12.74%, 0, 0, 14, 7714.48, 14057701, 667
1807, 16, 696, 1043, 241, 0, 12.74%, 0, 0, 14, 7767.39, 14097781, 667
1812, 16, 198, 1043, 240, 0, 12.74%, 0, 0, 14, 7783.23, 14137800, 667
1818, 16, 109, 1043, 240, 0, 12.74%, 0, 0, 14, 7792.35, 14177627, 667
1823, 16, 48, 1043, 238, 0, 12.74%, 0, 0, 14, 7788.84, 14217641, 667
1828, 16, 109, 1044, 237, 0, 12.74%, 0, 0, 14, 7758.18, 14257632, 667
1833, 16, 120, 1044, 237, 0, 12.74%, 0, 0, 14, 7774.87, 14297296, 667
1838, 16, 92, 1044, 237, 0, 12.74%, 0, 0, 14, 7737.66, 14336634, 667
1843, 16, 187, 1044, 237, 0, 12.74%, 0, 0, 14, 7777.50, 14376497, 667
1848, 16, 129, 1044, 236, 0, 12.74%, 0, 0, 14, 7805.74, 14416318, 667
1853, 16, 44, 1044, 235, 0, 12.74%, 0, 0, 14, 7799.41, 14456261, 667
1859, 16, 120, 1044, 235, 0, 12.74%, 0, 0, 14, 7781.22, 14496215, 667
1864, 16, 165, 1044, 235, 0, 12.74%, 0, 0, 14, 7764.33, 14535812, 667
1869, 16, 170, 1044, 235, 0, 12.74%, 0, 0, 14, 7810.85, 14575761, 667
1874, 16, 886, 1044, 235, 0, 12.74%, 0, 0, 14, 7763.73, 14615613, 667
1879, 17, 198, 1044, 235, 0, 12.74%, 0, 0, 14, 7765.30, 14655518, 667
1884, 17, 130, 1044, 235, 0, 12.74%, 0, 0, 14, 7766.85, 14695216, 667
1889, 17, 34, 1044, 233, 0, 12.74%, 0, 0, 14, 7795.73, 14735097, 667
1894, 17, 85, 1044, 231, 0, 12.74%, 0, 0, 14, 7748.73, 14774858, 667
1900, 17, 198, 1044, 228, 0, 12.74%, 0, 0, 14, 7790.13, 14814891, 667
1905, 17, 170, 1045, 228, 0, 12.74%, 0, 0, 14, 7710.38, 14854665, 667
1910, 17, 31, 1045, 226, 0, 12.74%, 0, 0, 14, 7774.13, 14894405, 667
1915, 17, 133, 1045, 226, 0, 12.74%, 0, 0, 14, 7786.19, 14934265, 667
1920, 17, 160, 1045, 224, 0, 12.74%, 0, 0, 14, 7715.53, 14973335, 667
1925, 17, 135, 1045, 223, 0, 12.74%, 0, 0, 14, 7648.37, 15012955, 667
1930, 17, 191, 1045, 223, 0, 12.74%, 0, 0, 14, 7777.73, 15053048, 667
1935, 17, 85, 1045, 222, 0, 12.74%, 0, 0, 14, 7759.11, 15092855, 667
1941, 17, 130, 1045, 222, 0, 12.74%, 0, 0, 14, 7802.14, 15132723, 667
1946, 17, 183, 1045, 221, 0, 12.74%, 0, 0, 14, 7793.29, 15172797, 667
1951, 17, 107, 1045, 220, 0, 12.74%, 0, 0, 14, 7822.59, 15213135, 667
1956, 17, 170, 1046, 221, 0, 12.74%, 0, 0, 14, 7795.74, 15253034, 667
1961, 17, 160, 1046, 221, 0, 12.74%, 0, 0, 14, 7742.75, 15292958, 667
1966, 17, 198, 1046, 219, 0, 12.74%, 0, 0, 14, 7800.52, 15332873, 667
1971, 17, 645, 1046, 219, 0, 12.74%, 0, 0, 14, 7802.51, 15372696, 667
1976, 17, 59, 1047, 220, 0, 12.74%, 0, 0, 14, 7780.92, 15412381, 667
1982, 17, 187, 1047, 219, 0, 12.74%, 0, 0, 14, 7803.11, 15452293, 667
1987, 17, 142, 1047, 217, 0, 12.74%, 0, 0, 14, 7786.26, 15492486, 667
1992, 17, 287, 1047, 215, 0, 12.74%, 0, 0, 14, 7703.18, 15531979, 667
1997, 17, 259, 1047, 214, 0, 12.74%, 0, 0, 14, 7732.01, 15571606, 667
2002, 17, 109, 1047, 212, 0, 12.74%, 0, 0, 14, 7781.54, 15611811, 667
2007, 18, 106, 1047, 210, 0, 12.74%, 0, 0, 14, 7588.43, 15650484, 667
2012, 18, 106, 1047, 210, 0, 12.74%, 0, 0, 14, 7780.19, 15690256, 667
2018, 18, 66, 1047, 209, 0, 12.74%, 0, 0, 14, 7790.13, 15730510, 667
2023, 18, 106, 1047, 209, 0, 12.74%, 0, 0, 14, 7789.91, 15770263, 667
2028, 18, 15, 1047, 208, 0, 12.74%, 0, 0, 14, 7812.89, 15810505, 667
2033, 18, 183, 1047, 206, 0, 12.74%, 0, 0, 14, 7773.29, 15850377, 667
2038, 18, 130, 1047, 203, 0, 12.74%, 0, 0, 14, 7714.97, 15889931, 667
2043, 18, 109, 1047, 201, 0, 12.74%, 0, 0, 14, 7745.99, 15929641, 667
2048, 18, 59, 1047, 199, 0, 12.74%, 0, 0, 14, 7737.28, 15968870, 667
2053, 18, 48, 1048, 197, 0, 12.74%, 0, 0, 14, 7782.19, 16008699, 667
2059, 18, 220, 1048, 196, 0, 12.74%, 0, 0, 14, 7749.94, 16048707, 667
2064, 18, 94, 1048, 196, 0, 12.74%, 0, 0, 14, 7781.49, 16089011, 667
2069, 18, 53, 1048, 195, 0, 12.74%, 0, 0, 14, 7775.60, 16128987, 667
2074, 18, 259, 1048, 192, 0, 12.74%, 0, 0, 14, 7811.58, 16168901, 667
2079, 18, 85, 1048, 190, 0, 12.74%, 0, 0, 14, 7739.50, 16208605, 667
2084, 18, 106, 1051, 191, 0, 12.74%, 0, 0, 14, 7773.48, 16248544, 667
2089, 18, 28, 1051, 188, 0, 12.74%, 0, 0, 14, 7777.90, 16288063, 667
2094, 18, 135, 1051, 188, 0, 12.74%, 0, 0, 14, 7805.34, 16328059, 667
2100, 18, 85, 1051, 188, 0, 12.74%, 0, 0, 14, 7806.44, 16368031, 667
2105, 18, 198, 1052, 188, 0, 12.74%, 0, 0, 14, 7801.04, 16407653, 667
2110, 18, 48, 1052, 186, 0, 12.74%, 0, 0, 14, 7822.01, 16447617, 667
2115, 18, 135, 1052, 184, 0, 12.74%, 0, 0, 14, 7748.40, 16486149, 667
2120, 18, 165, 1052, 184, 0, 12.74%, 0, 0, 14, 7801.37, 16526124, 667
2125, 19, 48, 1052, 183, 0, 12.74%, 0, 0, 14, 7809.28, 16566167, 667
2130, 19, 165, 1052, 182, 0, 12.74%, 0, 0, 14, 7821.41, 16606247, 667
2135, 19, 120, 1052, 181, 0, 12.74%, 0, 0, 14, 7832.25, 16646171, 667
2140, 19, 82, 1052, 180, 0, 12.74%, 0, 0, 14, 7813.63, 16686249, 667
2145, 19, 982, 1052, 176, 0, 12.74%, 0, 0, 14, 7779.37, 16726210, 667
2151, 19, 109, 1052, 176, 0, 12.74%, 0, 0, 14, 7809.53, 16766452, 667
2156, 19, 187, 1052, 176, 0, 12.74%, 0, 0, 14, 7822.85, 16806328, 667
2161, 19, 106, 1052, 175, 0, 12.74%, 0, 0, 14, 7823.93, 16846607, 667
2166, 19, 519, 1052, 174, 0, 12.74%, 0, 0, 14, 7844.25, 16886550, 667
2171, 19, 109, 1052, 174, 0, 12.74%, 0, 0, 14, 7799.49, 16926568, 667
2176, 19, 48, 1052, 173, 0, 12.74%, 0, 0, 14, 7815.65, 16966699, 667
2181, 19, 89, 1052, 173, 0, 12.74%, 0, 0, 14, 7770.33, 17006428, 667
2186, 19, 59, 1052, 172, 0, 12.74%, 0, 0, 14, 7760.58, 17046193, 667
2192, 19, 71, 1052, 170, 0, 12.74%, 0, 0, 14, 7660.81, 17085667, 667
2197, 19, 125, 1052, 168, 0, 12.74%, 0, 0, 14, 7769.61, 17125833, 667
2202, 19, 59, 1052, 167, 0, 12.74%, 0, 0, 14, 7634.89, 17164671, 667
2207, 19, 198, 1052, 167, 0, 12.74%, 0, 0, 14, 7788.10, 17204776, 667
2212, 19, 85, 1053, 168, 0, 12.74%, 0, 0, 14, 7831.97, 17244997, 667
2217, 19, 252, 1054, 168, 0, 12.74%, 0, 0, 14, 7798.35, 17284649, 667
2222, 19, 133, 1054, 168, 0, 12.74%, 0, 0, 14, 7765.74, 17324523, 667
2228, 19, 142, 1054, 168, 0, 12.74%, 0, 0, 14, 7783.24, 17364464, 667
2233, 19, 198, 1054, 168, 0, 12.74%, 0, 0, 14, 7809.95, 17404779, 667
2238, 19, 191, 1054, 167, 0, 12.74%, 0, 0, 14, 7818.73, 17444673, 667
2243, 19, 109, 1054, 166, 0, 12.74%, 0, 0, 14, 7772.24, 17484129, 667
2248, 20, 790, 1054, 166, 0, 12.74%, 0, 0, 14, 7746.05, 17523941, 667
2253, 20, 178, 1054, 166, 0, 12.74%, 0, 0, 14, 7794.70, 17563689, 667
2258, 20, 178, 1054, 166, 0, 12.74%, 0, 0, 14, 7802.02, 17603807, 667
2263, 20, 142, 1054, 164, 0, 12.74%, 0, 0, 14, 7779.49, 17643562, 667
2268, 20, 94, 1054, 164, 0, 12.74%, 0, 0, 14, 7813.96, 17683264, 667
2274, 20, 109, 1054, 163, 0, 12.74%, 0, 0, 14, 7796.24, 17723281, 667
2279, 20, 415, 1054, 160, 0, 12.74%, 0, 0, 14, 7801.50, 17763097, 667
2284, 20, 135, 1054, 156, 0, 12.74%, 0, 0, 14, 7724.49, 17802824, 667
2289, 20, 174, 1054, 155, 0, 12.74%, 0, 0, 14, 7786.80, 17843020, 667
2294, 20, 982, 1054, 155, 0, 12.74%, 0, 0, 14, 7815.45, 17883119, 667
2299, 20, 109, 1054, 154, 0, 12.74%, 0, 0, 14, 7780.76, 17923204, 667
2304, 20, 183, 1054, 153, 0, 12.74%, 0, 0, 14, 7777.18, 17963365, 667
2310, 20, 59, 1054, 153, 0, 12.74%, 0, 0, 14, 7769.66, 18003159, 667
2315, 20, 1051, 1054, 151, 0, 12.74%, 0, 0, 14, 7756.29, 18043146, 667
2320, 20, 170, 1054, 150, 0, 12.74%, 0, 0, 14, 7778.11, 18083354, 667
2325, 20, 106, 1054, 149, 0, 12.74%, 0, 0, 14, 7802.12, 18123592, 667
2330, 20, 106, 1054, 149, 0, 12.74%, 0, 0, 14, 7809.04, 18163565, 667
2335, 20, 198, 1054, 149, 0, 12.74%, 0, 0, 14, 7805.42, 18203506, 667
2340, 20, 982, 1054, 146, 0, 12.74%, 0, 0, 14, 7790.36, 18243313, 667
2345, 20, 170, 1054, 146, 0, 12.74%, 0, 0, 14, 7800.80, 18283247, 667
2351, 20, 106, 1054, 145, 0, 12.74%, 0, 0, 14, 7805.02, 18323056, 667
2356, 20, 538, 1054, 144, 0, 12.74%, 0, 0, 14, 7807.93, 18363280, 667
2361, 20, 66, 1054, 144, 0, 12.74%, 0, 0, 14, 7776.66, 18403218, 667
2366, 21, 106, 1054, 143, 0, 12.74%, 0, 0, 14, 7785.11, 18443240, 667
2371, 21, 105, 1054, 143, 0, 12.74%, 0, 0, 14, 7830.72, 18483103, 667
2376, 21, 252, 1054, 142, 0, 12.74%, 0, 0, 14, 7784.15, 18522950, 667
2381, 21, 106, 1054, 139, 0, 12.74%, 0, 0, 14, 7760.64, 18562714, 667
2386, 21, 106, 1054, 137, 0, 12.74%, 0, 0, 14, 7778.78, 18602597, 667
2392, 21, 120, 1054, 137, 0, 12.74%, 0, 0, 14, 7779.33, 18642390, 667
2397, 21, 92, 1054, 137, 0, 12.74%, 0, 0, 14, 7795.18, 18682492, 667
2402, 21, 109, 1054, 137, 0, 12.74%, 0, 0, 14, 7779.50, 18722560, 667
2407, 21, 109, 1054, 136, 0, 12.74%, 0, 0, 14, 7783.15, 18762375, 667
2412, 21, 196, 1054, 135, 0, 12.74%, 0, 0, 14, 7789.77, 18802161, 667
2417, 21, 85, 1054, 134, 0, 12.74%, 0, 0, 14, 7782.03, 18841922, 667
2422, 21, 83, 1054, 134, 0, 12.74%, 0, 0, 14, 7777.59, 18881547, 667
2427, 21, 235, 1054, 134, 0, 12.74%, 0, 0, 14, 7789.38, 18921299, 667
2433, 21, 754, 1054, 132, 0, 12.74%, 0, 0, 14, 7764.42, 18960690, 667
2438, 21, 60, 1054, 132, 0, 12.74%, 0, 0, 14, 7787.60, 19000287, 667
2443, 21, 34, 1054, 129, 0, 12.74%, 0, 0, 14, 7736.71, 19039479, 667
2448, 21, 198, 1054, 129, 0, 12.74%, 0, 0, 14, 7779.87, 19079041, 667
2453, 21, 191, 1054, 128, 0, 12.74%, 0, 0, 14, 7780.74, 19118770, 667
2458, 21, 133, 1054, 128, 0, 12.74%, 0, 0, 14, 7782.03, 19158440, 667
2463, 21, 980, 1054, 128, 0, 12.74%, 0, 0, 14, 7752.50, 19198321, 667
2468, 22, 60, 1054, 128, 0, 12.74%, 0, 0, 14, 7781.22, 19238070, 667
2473, 22, 198, 1054, 128, 0, 12.74%, 0, 0, 14, 7785.13, 19277955, 667
2478, 22, 724, 1054, 128, 0, 12.74%, 0, 0, 14, 7802.29, 19317839, 667
2484, 22, 109, 1054, 127, 0, 12.74%, 0, 0, 14, 7763.67, 19357714, 667
2489, 22, 460, 1054, 126, 0, 12.74%, 0, 0, 14, 7751.27, 19397223, 667
2494, 22, 128, 1054, 126, 0, 12.74%, 0, 0, 14, 7804.26, 19437044, 667
2499, 22, 198, 1054, 126, 0, 12.74%, 0, 0, 14, 7813.33, 19477113, 667
2504, 22, 220, 1054, 125, 0, 12.74%, 0, 0, 14, 7820.87, 19516728, 667
2509, 22, 211, 1054, 125, 0, 12.74%, 0, 0, 14, 7819.36, 19556848, 667
2514, 22, 120, 1054, 124, 0, 12.74%, 0, 0, 14, 7809.44, 19596641, 667
2519, 22, 53, 1054, 124, 0, 12.74%, 0, 0, 14, 7781.05, 19636492, 667
2524, 22, 25, 1054, 122, 0, 12.74%, 0, 0, 14, 7812.89, 19676433, 667
2530, 22, 59, 1054, 121, 0, 12.74%, 0, 0, 14, 7663.25, 19715563, 667
2535, 22, 177, 1054, 121, 0, 12.74%, 0, 0, 14, 7774.56, 19755358, 667
2540, 22, 109, 1054, 121, 0, 12.74%, 0, 0, 14, 7791.34, 19795256, 667
2545, 22, 187, 1054, 121, 0, 12.74%, 0, 0, 14, 7771.95, 19834857, 667
2550, 22, 191, 1054, 121, 0, 12.74%, 0, 0, 14, 7764.15, 19874302, 667
2555, 22, 198, 1054, 121, 0, 12.74%, 0, 0, 14, 7781.05, 19913976, 667
2560, 22, 83, 1054, 121, 0, 12.74%, 0, 0, 14, 7754.75, 19953471, 667
2565, 23, 97, 1054, 120, 0, 12.74%, 0, 0, 14, 7556.39, 19992094, 667
2570, 23, 83, 1054, 119, 0, 12.74%, 0, 0, 14, 7725.16, 20031550, 667
2575, 23, 252, 1054, 119, 0, 12.74%, 0, 0, 14, 7727.57, 20071017, 667
2581, 23, 170, 1054, 118, 0, 12.74%, 0, 0, 14, 7766.60, 20110581, 667
2586, 23, 252, 1054, 118, 0, 12.74%, 0, 0, 14, 7787.90, 20150520, 667
2591, 23, 252, 1054, 118, 0, 12.74%, 0, 0, 14, 7781.69, 20190333, 667
2596, 23, 9, 1054, 118, 0, 12.74%, 0, 0, 14, 7806.11, 20230393, 667
2601, 23, 252, 1054, 118, 0, 12.74%, 0, 0, 14, 7789.20, 20269895, 667
2606, 23, 48, 1055, 119, 0, 12.74%, 0, 0, 14, 7785.21, 20309688, 667
2611, 23, 658, 1055, 118, 0, 12.74%, 0, 0, 14, 7752.20, 20349050, 667
2616, 23, 128, 1055, 117, 0, 12.74%, 0, 0, 14, 7747.73, 20388508, 667
2621, 23, 28, 1055, 117, 0, 12.74%, 0, 0, 14, 7737.07, 20428307, 667
2626, 23, 142, 1055, 115, 0, 12.74%, 0, 0, 14, 7754.48, 20467790, 667
2632, 23, 120, 1055, 115, 0, 12.74%, 0, 0, 14, 7780.39, 20507703, 667
2637, 23, 192, 1055, 115, 0, 12.74%, 0, 0, 14, 7798.63, 20547538, 667
2642, 23, 97, 1055, 115, 0, 12.74%, 0, 0, 14, 7760.03, 20587092, 667
2647, 23, 48, 1055, 115, 0, 12.74%, 0, 0, 14, 7770.85, 20626803, 667
2652, 23, 125, 1055, 115, 0, 12.74%, 0, 0, 14, 7776.27, 20666159, 667
2657, 23, 198, 1056, 115, 0, 12.74%, 0, 0, 14, 7754.02, 20705780, 667
2662, 24, 106, 1056, 115, 0, 12.74%, 0, 0, 14, 7759.52, 20745339, 667
2667, 24, 106, 1056, 113, 0, 12.74%, 0, 0, 14, 7779.70, 20784939, 667
2672, 24, 120, 1056, 112, 0, 12.74%, 0, 0, 14, 7794.25, 20824893, 667
2678, 24, 220, 1056, 112, 0, 12.74%, 0, 0, 14, 7776.32, 20864480, 667
2683, 24, 191, 1056, 111, 0, 12.74%, 0, 0, 14, 7756.82, 20904543, 667
2688, 24, 15, 1056, 111, 0, 12.74%, 0, 0, 14, 7753.18, 20943890, 667
2693, 24, 252, 1056, 111, 0, 12.74%, 0, 0, 14, 7767.99, 20983744, 667
2698, 24, 89, 1057, 112, 0, 12.74%, 0, 0, 14, 7781.62, 21023712, 667
2703, 24, 198, 1057, 111, 0, 12.74%, 0, 0, 14, 7767.44, 21063173, 667
2708, 24, 643, 1057, 111, 0, 12.74%, 0, 0, 14, 7772.16, 21103092, 667
2713, 24, 94, 1057, 111, 0, 12.74%, 0, 0, 14, 7722.18, 21142236, 667
2718, 24, 198, 1058, 112, 0, 12.74%, 0, 0, 14, 7765.11, 21181881, 667
2724, 24, 106, 1058, 111, 0, 12.74%, 0, 0, 14, 7748.12, 21221491, 667
2729, 24, 538, 1058, 111, 0, 12.74%, 0, 0, 14, 7784.03, 21261227, 667
2734, 24, 183, 1058, 110, 0, 12.74%, 0, 0, 14, 7783.76, 21301179, 667
2739, 24, 259, 1058, 110, 0, 12.74%, 0, 0, 14, 7742.86, 21340602, 667
2744, 24, 460, 1058, 109, 0, 12.74%, 0, 0, 14, 7749.00, 21380393, 667
2749, 24, 66, 1058, 109, 0, 12.74%, 0, 0, 14, 7781.96, 21420142, 667
2754, 25, 128, 1058, 108, 0, 12.74%, 0, 0, 14, 7636.72, 21459128, 667
2759, 25, 109, 1058, 107, 0, 12.74%, 0, 0, 14, 7743.66, 21498630, 667
2764, 25, 135, 1058, 105, 0, 12.74%, 0, 0, 14, 7787.42, 21538155, 667
2769, 25, 48, 1059, 104, 0, 12.74%, 0, 0, 14, 7733.98, 21577718, 667
2775, 25, 336, 1059, 104, 0, 12.74%, 0, 0, 14, 7760.60, 21617391, 667
2780, 25, 252, 1059, 104, 0, 12.74%, 0, 0, 14, 7770.13, 21657368, 667
2785, 25, 109, 1059, 104, 0, 12.74%, 0, 0, 14, 7760.99, 21697178, 667
2790, 25, 170, 1059, 104, 0, 12.74%, 0, 0, 14, 7746.57, 21736608, 667
2795, 25, 689, 1059, 103, 0, 12.74%, 0, 0, 14, 7752.22, 21775999, 667
2800, 25, 198, 1059, 102, 0, 12.74%, 0, 0, 14, 7776.55, 21815809, 667
2805, 25, 94, 1059, 101, 0, 12.74%, 0, 0, 14, 7710.79, 21855513, 667
2810, 25, 252, 1059, 100, 0, 12.74%, 0, 0, 14, 7743.16, 21894990, 667
2815, 25, 192, 1059, 100, 0, 12.74%, 0, 0, 14, 7747.52, 21934277, 667
2820, 25, 378, 1059, 100, 0, 12.74%, 0, 0, 14, 7767.65, 21974216, 667
2826, 25, 128, 1059, 99, 0, 12.74%, 0, 0, 14, 7774.91, 22014059, 667
2831, 25, 120, 1059, 98, 0, 12.74%, 0, 0, 14, 7786.35, 22053677, 667
2836, 25, 245, 1059, 97, 0, 12.74%, 0, 0, 14, 7786.58, 22093279, 667
2841, 25, 683, 1059, 96, 0, 12.74%, 0, 0, 14, 7771.15, 22132968, 667
2846, 26, 120, 1059, 95, 0, 12.74%, 0, 0, 14, 7782.96, 22172542, 667
2851, 26, 106, 1059, 95, 0, 12.74%, 0, 0, 14, 7789.83, 22212486, 667
2856, 26, 183, 1059, 94, 0, 12.74%, 0, 0, 14, 7791.02, 22252182, 667
2861, 26, 198, 1059, 94, 0, 12.74%, 0, 0, 14, 7779.75, 22291683, 667
2866, 26, 135, 1059, 93, 0, 12.74%, 0, 0, 14, 7772.43, 22331606, 667
2871, 26, 198, 1059, 92, 0, 12.74%, 0, 0, 14, 7765.49, 22370943, 667
2877, 26, 48, 1059, 91, 0, 12.74%, 0, 0, 14, 7785.98, 22411308, 667
2882, 26, 192, 1059, 90, 0, 12.74%, 0, 0, 14, 7792.33, 22450878, 667
2887, 26, 77, 1059, 90, 0, 12.74%, 0, 0, 14, 7737.65, 22490408, 667
2892, 26, 989, 1059, 89, 0, 12.74%, 0, 0, 14, 7722.09, 22529715, 667
2897, 26, 9, 1059, 89, 0, 12.74%, 0, 0, 14, 7770.23, 22569591, 667
2902, 26, 643, 1059, 88, 0, 12.74%, 0, 0, 14, 7782.00, 22609203, 667
2907, 26, 48, 1059, 88, 0, 12.74%, 0, 0, 14, 7743.00, 22648756, 667
2912, 26, 245, 1060, 88, 0, 12.74%, 0, 0, 14, 7724.27, 22688127, 667
2917, 26, 135, 1060, 88, 0, 12.74%, 0, 0, 14, 7741.95, 22727721, 667
2923, 26, 170, 1060, 88, 0, 12.74%, 0, 0, 14, 7765.46, 22767519, 667
2928, 26, 645, 1060, 88, 0, 12.74%, 0, 0, 14, 7771.38, 22806981, 667
2933, 26, 185, 1061, 88, 0, 12.74%, 0, 0, 14, 7765.21, 22846654, 667
2938, 27, 908, 1061, 87, 0, 12.74%, 0, 0, 14, 7774.51, 22886598, 667
2943, 27, 170, 1061, 86, 0, 12.74%, 0, 0, 14, 7784.55, 22926361, 667
2948, 27, 109, 1061, 86, 0, 12.74%, 0, 0, 14, 7796.57, 22966333, 667
2953, 27, 120, 1062, 86, 0, 12.74%, 0, 0, 14, 7662.27, 23005807, 667
2958, 27, 89, 1062, 85, 0, 12.74%, 0, 0, 14, 7725.21, 23045435, 667
2964, 27, 177, 1062, 85, 0, 12.74%, 0, 0, 14, 7773.87, 23085349, 667
2969, 27, 34, 1062, 85, 0, 12.74%, 0, 0, 14, 7756.56, 23125189, 667
2974, 27, 106, 1062, 85, 0, 12.74%, 0, 0, 14, 7779.60, 23164919, 667
2979, 27, 34, 1062, 85, 0, 12.74%, 0, 0, 14, 7760.35, 23204417, 667
2984, 27, 183, 1062, 85, 0, 12.74%, 0, 0, 14, 7770.52, 23244130, 667
2989, 27, 48, 1062, 84, 0, 12.74%, 0, 0, 14, 7783.75, 23283699, 667
2994, 27, 220, 1062, 83, 0, 12.74%, 0, 0, 14, 7784.87, 23323233, 667
2999, 27, 198, 1062, 83, 0, 12.74%, 0, 0, 14, 7750.33, 23362610, 667
3004, 27, 183, 1062, 83, 0, 12.74%, 0, 0, 14, 7766.96, 23402023, 667
3009, 27, 106, 1062, 82, 0, 12.74%, 0, 0, 14, 7774.13, 23441601, 667
3015, 27, 198, 1062, 81, 0, 12.74%, 0, 0, 14, 7750.55, 23481157, 667
3020, 27, 15, 1062, 81, 0, 12.74%, 0, 0, 14, 7749.12, 23520371, 667
3025, 27, 198, 1062, 81, 0, 12.74%, 0, 0, 14, 7788.88, 23560602, 667
3030, 27, 120, 1062, 80, 0, 12.74%, 0, 0, 14, 7764.29, 23600114, 667
3035, 28, 206, 1062, 80, 0, 12.74%, 0, 0, 14, 7751.07, 23639535, 667
3040, 28, 106, 1062, 79, 0, 12.74%, 0, 0, 14, 7781.86, 23679248, 667
3045, 28, 109, 1062, 78, 0, 12.74%, 0, 0, 14, 7785.38, 23719302, 667
3050, 28, 109, 1062, 78, 0, 12.74%, 0, 0, 14, 7766.43, 23758902, 667
3055, 28, 102, 1062, 78, 0, 12.74%, 0, 0, 14, 7763.30, 23798705, 667
3060, 28, 34, 1062, 78, 0, 12.74%, 0, 0, 14, 7773.81, 23838238, 667
3066, 28, 192, 1062, 78, 0, 12.74%, 0, 0, 14, 7748.44, 23877659, 667
3071, 28, 106, 1062, 77, 0, 12.74%, 0, 0, 14, 7771.93, 23917444, 667
3076, 28, 106, 1062, 77, 0, 12.74%, 0, 0, 14, 7761.82, 23956948, 667
3081, 28, 886, 1062, 76, 0, 12.74%, 0, 0, 14, 7685.01, 23996247, 667
3086, 28, 170, 1063, 77, 0, 12.74%, 0, 0, 14, 7785.78, 24035937, 667
3091, 28, 106, 1063, 77, 0, 12.74%, 0, 0, 14, 7783.08, 24075508, 667
3096, 28, 374, 1064, 78, 0, 12.74%, 0, 0, 14, 7732.47, 24115086, 667
3101, 28, 170, 1064, 78, 0, 12.74%, 0, 0, 14, 7764.21, 24154365, 667
3106, 28, 220, 1064, 78, 0, 12.74%, 0, 0, 14, 7730.05, 24193791, 667
3111, 28, 252, 1064, 76, 0, 12.74%, 0, 0, 14, 7740.87, 24233574, 667
3117, 28, 170, 1064, 76, 0, 12.74%, 0, 0, 14, 7791.56, 24273722, 667
3122, 28, 120, 1064, 76, 0, 12.74%, 0, 0, 14, 7767.46, 24313298, 667
3127, 28, 584, 1064, 75, 0, 12.74%, 0, 0, 14, 7439.11, 24351619, 667
3132, 29, 130, 1064, 74, 0, 12.74%, 0, 0, 14, 7688.56, 24391296, 667
3137, 29, 183, 1065, 74, 0, 12.74%, 0, 0, 14, 7689.11, 24430741, 667
3142, 29, 125, 1065, 74, 0, 12.74%, 0, 0, 14, 7754.91, 24469903, 667
3147, 29, 48, 1065, 74, 0, 12.74%, 0, 0, 14, 7786.55, 24509554, 667
3152, 29, 34, 1065, 74, 0, 12.74%, 0, 0, 14, 7780.20, 24549170, 667
3157, 29, 9, 1065, 74, 0, 12.74%, 0, 0, 14, 7799.01, 24588872, 667
3162, 29, 48, 1065, 74, 0, 12.74%, 0, 0, 14, 7767.32, 24628303, 667
3168, 29, 135, 1065, 74, 0, 12.74%, 0, 0, 14, 7742.14, 24667880, 667
3173, 29, 106, 1065, 74, 0, 12.74%, 0, 0, 14, 7767.28, 24707589, 667
3178, 29, 48, 1066, 75, 0, 12.74%, 0, 0, 14, 7769.65, 24747375, 667
3183, 29, 94, 1066, 75, 0, 12.74%, 0, 0, 14, 7787.43, 24787326, 667
3188, 29, 120, 1066, 74, 0, 12.74%, 0, 0, 14, 7783.08, 24827002, 667
3193, 29, 135, 1066, 73, 0, 12.74%, 0, 0, 14, 7759.22, 24866403, 667
3198, 29, 252, 1066, 72, 0, 12.74%, 0, 0, 14, 7786.07, 24906169, 667
3203, 29, 83, 1066, 71, 0, 12.74%, 0, 0, 14, 7778.31, 24945646, 667
3208, 29, 92, 1066, 70, 0, 12.74%, 0, 0, 14, 7788.69, 24985632, 667
3214, 29, 120, 1067, 71, 0, 12.74%, 0, 0, 14, 7784.44, 25025289, 667
3219, 29, 198, 1067, 70, 0, 12.74%, 0, 0, 14, 7755.25, 25064624, 667
3224, 29, 48, 1067, 69, 0, 12.74%, 0, 0, 14, 7775.72, 25104350, 667
3229, 30, 44, 1067, 68, 0, 12.74%, 0, 0, 14, 7784.39, 25144291, 667
3234, 30, 105, 1067, 68, 0, 12.74%, 0, 0, 14, 7773.73, 25183979, 667
3239, 30, 120, 1068, 69, 0, 12.74%, 0, 0, 14, 7789.55, 25223906, 667
3244, 30, 125, 1069, 70, 0, 12.74%, 0, 0, 14, 7776.10, 25263687, 667
3249, 30, 120, 1069, 70, 0, 12.74%, 0, 0, 14, 7746.84, 25303216, 667
3254, 30, 48, 1069, 70, 0, 12.74%, 0, 0, 14, 7764.48, 25342698, 667
3259, 30, 198, 1069, 70, 0, 12.74%, 0, 0, 14, 7737.44, 25381642, 667
3265, 30, 120, 1069, 70, 0, 12.74%, 0, 0, 14, 7752.33, 25421173, 667
3270, 30, 128, 1070, 71, 0, 12.74%, 0, 0, 14, 7757.57, 25460889, 667
3275, 30, 1053, 1070, 71, 0, 12.74%, 0, 0, 14, 7666.64, 25500311, 667
3280, 30, 63, 1070, 69, 0, 12.74%, 0, 0, 14, 7741.16, 25539859, 667
3285, 30, 886, 1070, 69, 0, 12.74%, 0, 0, 14, 7734.34, 25579180, 667
3290, 30, 584, 1070, 68, 0, 12.74%, 0, 0, 14, 7775.21, 25618817, 667
3295, 30, 183, 1070, 67, 0, 12.74%, 0, 0, 14, 7700.86, 25658004, 667
3300, 30, 591, 1070, 67, 0, 12.74%, 0, 0, 14, 7768.49, 25697893, 667
3305, 30, 982, 1070, 67, 0, 12.74%, 0, 0, 14, 7762.42, 25737461, 667
3310, 30, 106, 1070, 66, 0, 12.74%, 0, 0, 14, 7777.92, 25777230, 667
3316, 30, 106, 1071, 66, 0, 12.74%, 0, 0, 14, 7738.02, 25816359, 667
3321, 31, 109, 1072, 67, 0, 12.74%, 0, 0, 14, 7746.36, 25855681, 667
3326, 31, 1064, 1072, 67, 0, 12.74%, 0, 0, 14, 7391.62, 25893767, 667
3331, 31, 724, 1072, 66, 0, 12.74%, 0, 0, 14, 7673.94, 25933019, 667
3336, 31, 700, 1072, 66, 0, 12.74%, 0, 0, 14, 7731.36, 25972682, 667
3341, 31, 48, 1072, 65, 0, 12.74%, 0, 0, 14, 7708.87, 26011733, 667
3346, 31, 252, 1073, 66, 0, 12.74%, 0, 0, 14, 7743.42, 26051269, 667
3351, 31, 34, 1073, 66, 0, 12.74%, 0, 0, 14, 7761.19, 26091280, 667
3356, 31, 191, 1073, 66, 0, 12.74%, 0, 0, 14, 7778.66, 26131125, 667
3361, 31, 454, 1073, 66, 0, 12.74%, 0, 0, 14, 7737.48, 26170480, 667
3367, 31, 160, 1073, 66, 0, 12.74%, 0, 0, 14, 7761.56, 26210114, 667
3372, 31, 120, 1073, 66, 0, 12.74%, 0, 0, 14, 7764.41, 26249901, 667
3377, 31, 15, 1073, 66, 0, 12.74%, 0, 0, 14, 7765.87, 26289121, 667
3382, 31, 44, 1073, 66, 0, 12.74%, 0, 0, 14, 7766.34, 26328743, 667
3387, 31, 252, 1073, 66, 0, 12.74%, 0, 0, 14, 7770.45, 26368379, 667
3392, 31, 85, 1073, 66, 0, 12.74%, 0, 0, 14, 7745.87, 26408558, 667
3397, 31, 85, 1073, 65, 0, 12.74%, 0, 0, 14, 7775.14, 26448160, 667
3402, 31, 196, 1073, 65, 0, 12.74%, 0, 0, 14, 7781.97, 26487803, 667
3407, 31, 287, 1073, 63, 0, 12.74%, 0, 0, 14, 7762.77, 26527123, 667
3413, 32, 106, 1073, 63, 0, 12.74%, 0, 0, 14, 7770.25, 26566740, 667
3418, 32, 220, 1073, 63, 0, 12.74%, 0, 0, 14, 7740.52, 26605987, 667
3423, 32, 160, 1073, 62, 0, 12.74%, 0, 0, 14, 7759.67, 26645432, 667
3428, 32, 48, 1073, 62, 0, 12.74%, 0, 0, 14, 7770.02, 26685056, 667
3433, 32, 287, 1073, 62, 0, 12.74%, 0, 0, 14, 7778.90, 26724739, 667
3438, 32, 106, 1073, 62, 0, 12.74%, 0, 0, 14, 7768.94, 26764235, 667
3443, 32, 106, 1073, 61, 0, 12.74%, 0, 0, 14, 7776.65, 26803839, 667
3448, 32, 724, 1074, 62, 0, 12.74%, 0, 0, 14, 7779.95, 26843594, 667
3453, 32, 92, 1074, 62, 0, 12.74%, 0, 0, 14, 7730.71, 26883356, 667
3458, 32, 34, 1074, 62, 0, 12.74%, 0, 0, 14, 7759.10, 26922715, 667
3464, 32, 109, 1074, 62, 0, 12.74%, 0, 0, 14, 7742.26, 26962688, 667
3469, 32, 183, 1074, 61, 0, 12.74%, 0, 0, 14, 7714.56, 27002005, 667
3474, 32, 60, 1074, 61, 0, 12.74%, 0, 0, 14, 7787.01, 27041440, 667
3479, 32, 28, 1076, 62, 0, 12.74%, 0, 0, 14, 7698.82, 27080743, 667
3484, 32, 538, 1076, 62, 0, 12.74%, 0, 0, 14, 7699.70, 27120314, 667
3489, 32, 97, 1076, 62, 0, 12.74%, 0, 0, 14, 7746.35, 27160073, 667
3494, 32, 106, 1077, 62, 0, 12.74%, 0, 0, 14, 7758.15, 27199635, 667
3499, 32, 25, 1077, 62, 0, 12.74%, 0, 0, 14, 7776.29, 27239483, 667
3504, 32, 92, 1077, 62, 0, 12.74%, 0, 0, 14, 7746.93, 27278995, 667
3510, 33, 120, 1077, 62, 0, 12.74%, 0, 0, 14, 7774.64, 27318779, 667
3515, 33, 220, 1077, 62, 0, 12.74%, 0, 0, 14, 7736.34, 27358081, 667
3520, 33, 170, 1077, 62, 0, 12.74%, 0, 0, 14, 7718.57, 27397629, 667
3525, 33, 25, 1077, 62, 0, 12.74%, 0, 0, 14, 7768.38, 27437496, 667
3530, 33, 106, 1077, 61, 0, 12.74%, 0, 0, 14, 7775.28, 27477158, 667
3535, 33, 198, 1082, 65, 0, 12.74%, 0, 0, 15, 7492.01, 27515595, 667
3540, 33, 142, 1083, 66, 0, 12.74%, 0, 0, 15, 7680.92, 27555166, 667
3545, 33, 1080, 1083, 66, 0, 12.74%, 0, 0, 15, 7605.03, 27594285, 667
3550, 33, 478, 1083, 65, 0, 12.74%, 0, 0, 15, 7733.79, 27633849, 667
3556, 33, 1078, 1085, 67, 0, 12.74%, 0, 0, 16, 7496.62, 27672732, 667
3561, 33, 187, 1085, 66, 0, 12.74%, 0, 0, 16, 7678.98, 27712143, 667
3566, 33, 105, 1085, 66, 0, 12.74%, 0, 0, 16, 7768.07, 27751729, 667
3571, 33, 142, 1085, 66, 0, 12.74%, 0, 0, 16, 7754.93, 27791238, 667
3576, 33, 109, 1085, 66, 0, 12.74%, 0, 0, 16, 7757.44, 27831091, 667
3581, 33, 245, 1085, 66, 0, 12.74%, 0, 0, 16, 7738.61, 27870266, 667
3586, 33, 252, 1085, 66, 0, 12.74%, 0, 0, 16, 7764.57, 27909989, 667
3591, 33, 362, 1085, 66, 0, 12.74%, 0, 0, 16, 7759.23, 27949478, 667
3596, 33, 178, 1085, 64, 0, 12.74%, 0, 0, 16, 7777.31, 27989129, 667
3601, 33, 519, 1085, 63, 0, 12.74%, 0, 0, 16, 7734.50, 28028330, 667
3607, 33, 85, 1085, 60, 0, 12.74%, 0, 0, 16, 7747.74, 28067869, 667
3612, 34, 252, 1085, 60, 0, 12.74%, 0, 0, 16, 7782.52, 28107918, 667
3617, 34, 245, 1085, 59, 0, 12.74%, 0, 0, 16, 7751.48, 28147349, 667
3622, 34, 130, 1085, 59, 0, 12.74%, 0, 0, 16, 7752.00, 28186798, 667
3627, 34, 133, 1085, 58, 0, 12.74%, 0, 0, 16, 7769.13, 28226218, 667
3632, 34, 109, 1085, 58, 0, 12.74%, 0, 0, 16, 7782.07, 28265761, 667
3637, 34, 109, 1085, 58, 0, 12.74%, 0, 0, 16, 7715.69, 28304878, 667
3642, 34, 106, 1085, 58, 0, 12.74%, 0, 0, 16, 7771.54, 28344816, 667
3647, 34, 130, 1086, 59, 0, 12.74%, 0, 0, 16, 7770.68, 28384588, 667
3652, 34, 48, 1086, 58, 0, 12.74%, 0, 0, 16, 7761.03, 28423884, 667
3658, 34, 195, 1086, 58, 0, 12.74%, 0, 0, 16, 7735.36, 28463469, 667
3663, 34, 31, 1086, 58, 0, 12.74%, 0, 0, 16, 7774.95, 28503502, 667
3668, 34, 1054, 1086, 57, 0, 12.74%, 0, 0, 16, 7764.47, 28543196, 667
3673, 34, 94, 1086, 56, 0, 12.74%, 0, 0, 16, 7755.24, 28582894, 667
3678, 34, 48, 1086, 56, 0, 12.74%, 0, 0, 16, 7736.16, 28622358, 667
3683, 34, 135, 1086, 55, 0, 12.74%, 0, 0, 16, 7752.67, 28661764, 667
3688, 34, 109, 1086, 55, 0, 12.74%, 0, 0, 16, 7762.11, 28701301, 667
3693, 34, 178, 1087, 56, 0, 12.74%, 0, 0, 16, 7756.53, 28740904, 667
3698, 34, 106, 1087, 56, 0, 12.74%, 0, 0, 16, 7750.58, 28780304, 667
3704, 34, 191, 1087, 56, 0, 12.74%, 0, 0, 16, 7770.87, 28820167, 667
3709, 35, 63, 1089, 58, 0, 12.74%, 0, 0, 16, 7804.22, 28860086, 667
3714, 35, 120, 1090, 59, 0, 12.74%, 0, 0, 16, 7742.72, 28899766, 667
3719, 35, 183, 1090, 59, 0, 12.74%, 0, 0, 16, 7759.92, 28939501, 667
3724, 35, 102, 1090, 59, 0, 12.74%, 0, 0, 16, 7735.48, 28978837, 667
3729, 35, 120, 1090, 59, 0, 12.74%, 0, 0, 16, 7774.46, 29018335, 667
3734, 35, 165, 1090, 58, 0, 12.74%, 0, 0, 16, 7780.99, 29058057, 667
3739, 35, 982, 1090, 58, 0, 12.74%, 0, 0, 16, 7764.15, 29097982, 667
3744, 35, 106, 1090, 57, 0, 12.74%, 0, 0, 16, 7762.65, 29137370, 667
3750, 35, 106, 1090, 57, 0, 12.74%, 0, 0, 16, 7768.41, 29177093, 667
3755, 35, 130, 1090, 57, 0, 12.74%, 0, 0, 16, 7706.59, 29216312, 667
3760, 35, 109, 1090, 57, 0, 12.74%, 0, 0, 16, 7776.54, 29255920, 667
3765, 35, 204, 1090, 57, 0, 12.74%, 0, 0, 16, 7771.47, 29295289, 667
3770, 35, 106, 1090, 57, 0, 12.74%, 0, 0, 16, 7775.84, 29335013, 667
3775, 35, 97, 1090, 57, 0, 12.74%, 0, 0, 16, 7771.37, 29374825, 667
3780, 35, 60, 1090, 57, 0, 12.74%, 0, 0, 16, 7763.48, 29414588, 667
3785, 35, 174, 1090, 56, 0, 12.74%, 0, 0, 16, 7581.29, 29453540, 667
3790, 35, 178, 1090, 55, 0, 12.74%, 0, 0, 16, 7720.41, 29493268, 667
3796, 35, 198, 1090, 54, 0, 12.74%, 0, 0, 16, 7690.11, 29532512, 667
3801, 35, 120, 1090, 54, 0, 12.74%, 0, 0, 16, 7744.84, 29572253, 667
3806, 36, 170, 1090, 53, 0, 12.74%, 0, 0, 16, 7702.70, 29611457, 667
3811, 36, 454, 1090, 51, 0, 12.74%, 0, 0, 16, 7711.32, 29651154, 667
3816, 36, 584, 1091, 52, 0, 12.74%, 0, 0, 16, 7702.69, 29690375, 667
3821, 36, 160, 1091, 52, 0, 12.74%, 0, 0, 16, 7779.01, 29730496, 667
3826, 36, 85, 1091, 52, 0, 12.74%, 0, 0, 16, 7749.56, 29770045, 667
3831, 36, 120, 1091, 52, 0, 12.74%, 0, 0, 16, 7752.90, 29809531, 667
3836, 36, 34, 1091, 52, 0, 12.74%, 0, 0, 16, 7752.72, 29848886, 667
3841, 36, 252, 1091, 52, 0, 12.74%, 0, 0, 16, 7748.67, 29887943, 667
3847, 36, 574, 1091, 51, 0, 12.74%, 0, 0, 16, 7801.00, 29927896, 667
3852, 36, 198, 1091, 51, 0, 12.74%, 0, 0, 16, 7783.24, 29967620, 667
3857, 36, 645, 1091, 51, 0, 12.74%, 0, 0, 16, 7750.86, 30007013, 667
3862, 36, 142, 1091, 51, 0, 12.74%, 0, 0, 16, 7729.24, 30046448, 667
3867, 36, 109, 1091, 51, 0, 12.74%, 0, 0, 16, 7769.30, 30086163, 667
3872, 36, 120, 1091, 51, 0, 12.74%, 0, 0, 16, 7782.23, 30126007, 667
3877, 36, 28, 1091, 51, 0, 12.74%, 0, 0, 16, 7724.39, 30165026, 667
3882, 36, 106, 1091, 50, 0, 12.74%, 0, 0, 16, 7701.95, 30204740, 667
3887, 36, 196, 1091, 50, 0, 12.74%, 0, 0, 16, 7742.84, 30244295, 667
3893, 36, 94, 1091, 50, 0, 12.74%, 0, 0, 16, 7771.07, 30283959, 667
3898, 36, 170, 1091, 50, 0, 12.74%, 0, 0, 16, 7757.67, 30323466, 667
3903, 37, 109, 1091, 50, 0, 12.74%, 0, 0, 16, 7785.16, 30363109, 667
3908, 37, 252, 1091, 50, 0, 12.74%, 0, 0, 16, 7762.83, 30402669, 667
3913, 37, 105, 1091, 50, 0, 12.74%, 0, 0, 16, 7752.65, 30442206, 667
3918, 37, 160, 1091, 50, 0, 12.74%, 0, 0, 16, 7794.28, 30482193, 667
3923, 37, 89, 1091, 50, 0, 12.74%, 0, 0, 16, 7779.61, 30522040, 667
3928, 37, 204, 1091, 50, 0, 12.74%, 0, 0, 16, 7803.48, 30562084, 667
3933, 37, 55, 1091, 50, 0, 12.74%, 0, 0, 16, 7779.75, 30601961, 667
3939, 37, 106, 1091, 50, 0, 12.74%, 0, 0, 16, 7761.55, 30641459, 667
3944, 37, 574, 1091, 50, 0, 12.74%, 0, 0, 16, 7772.89, 30681168, 667
3949, 37, 128, 1091, 49, 0, 12.74%, 0, 0, 16, 7723.73, 30720631, 667
3954, 37, 85, 1091, 49, 0, 12.74%, 0, 0, 16, 7774.01, 30760599, 667
3959, 37, 77, 1091, 49, 0, 12.74%, 0, 0, 16, 7793.96, 30800642, 667
3964, 37, 129, 1091, 49, 0, 12.74%, 0, 0, 16, 7729.12, 30840068, 667
3969, 37, 187, 1091, 49, 0, 12.74%, 0, 0, 16, 7782.49, 30879806, 667
3974, 37, 198, 1091, 49, 0, 12.74%, 0, 0, 16, 7747.29, 30919348, 667
3979, 37, 107, 1091, 49, 0, 12.74%, 0, 0, 16, 7724.82, 30958752, 667
3985, 37, 28, 1091, 49, 0, 12.74%, 0, 0, 16, 7742.19, 30998364, 667
3990, 37, 66, 1091, 49, 0, 12.74%, 0, 0, 16, 7770.70, 31037981, 667
3995, 38, 135, 1091, 49, 0, 12.74%, 0, 0, 16, 7754.49, 31077323, 667
4000, 38, 15, 1091, 49, 0, 12.74%, 0, 0, 16, 7748.90, 31116982, 667
4005, 38, 538, 1091, 49, 0, 12.74%, 0, 0, 16, 7740.80, 31156506, 667
4010, 38, 195, 1092, 49, 0, 12.74%, 0, 0, 16, 7698.26, 31195702, 667
4015, 38, 252, 1093, 50, 0, 12.74%, 0, 0, 16, 7723.76, 31235195, 667
4020, 38, 85, 1093, 50, 0, 12.74%, 0, 0, 16, 7743.80, 31274952, 667
4025, 38, 48, 1093, 50, 0, 12.74%, 0, 0, 16, 7743.57, 31314697, 667
4030, 38, 183, 1094, 51, 0, 12.74%, 0, 0, 16, 7726.70, 31353965, 667
4036, 38, 77, 1094, 51, 0, 12.74%, 0, 0, 16, 7733.09, 31393394, 667
4041, 38, 107, 1094, 51, 0, 12.74%, 0, 0, 16, 7737.34, 31432919, 667
4046, 38, 252, 1094, 51, 0, 12.74%, 0, 0, 16, 7742.66, 31472387, 667
4051, 38, 82, 1094, 51, 0, 12.74%, 0, 0, 16, 7741.25, 31511916, 667
4056, 38, 252, 1094, 51, 0, 12.74%, 0, 0, 16, 7757.43, 31551469, 667
4061, 38, 106, 1096, 53, 0, 12.74%, 0, 0, 16, 7774.92, 31591128, 667
4066, 38, 538, 1096, 53, 0, 12.74%, 0, 0, 16, 7763.63, 31630746, 667
4071, 38, 196, 1096, 52, 0, 12.74%, 0, 0, 16, 7768.64, 31670474, 667
4076, 38, 83, 1097, 53, 0, 12.74%, 0, 0, 16, 7767.87, 31710172, 667
4082, 38, 478, 1098, 53, 0, 12.74%, 0, 0, 16, 7738.04, 31749634, 667
4087, 38, 130, 1098, 52, 0, 12.74%, 0, 0, 16, 7762.29, 31789314, 667
4092, 39, 191, 1098, 51, 0, 12.74%, 0, 0, 16, 7630.81, 31828264, 667
4097, 39, 724, 1098, 51, 0, 12.74%, 0, 0, 16, 7709.83, 31867703, 667
4102, 39, 142, 1098, 51, 0, 12.74%, 0, 0, 16, 7754.48, 31907362, 667
4107, 39, 185, 1098, 51, 0, 12.74%, 0, 0, 16, 7748.56, 31946738, 667
4112, 39, 187, 1098, 50, 0, 12.74%, 0, 0, 16, 7700.08, 31986438, 667
4117, 39, 252, 1098, 50, 0, 12.74%, 0, 0, 16, 7749.79, 32026055, 667
4122, 39, 85, 1098, 50, 0, 12.74%, 0, 0, 16, 7738.81, 32065673, 667
4128, 39, 252, 1098, 50, 0, 12.74%, 0, 0, 16, 7738.75, 32105276, 667
4133, 39, 66, 1098, 50, 0, 12.74%, 0, 0, 16, 7722.68, 32144436, 667
4138, 39, 252, 1098, 50, 0, 12.74%, 0, 0, 16, 7731.60, 32183843, 667
4143, 39, 53, 1098, 50, 0, 12.74%, 0, 0, 16, 7733.12, 32223441, 667
4148, 39, 198, 1098, 50, 0, 12.74%, 0, 0, 16, 7755.22, 32263615, 667
4153, 39, 723, 1098, 50, 0, 12.74%, 0, 0, 16, 7735.58, 32303027, 667
4158, 39, 120, 1098, 50, 0, 12.74%, 0, 0, 16, 7744.18, 32342475, 667
4163, 39, 280, 1098, 50, 0, 12.74%, 0, 0, 16, 7739.63, 32381754, 667
4168, 39, 185, 1098, 50, 0, 12.74%, 0, 0, 16, 7739.50, 32421084, 667
4173, 39, 94, 1098, 50, 0, 12.74%, 0, 0, 16, 7749.53, 32460823, 667
4179, 39, 128, 1098, 50, 0, 12.74%, 0, 0, 16, 7737.47, 32500390, 667
4184, 39, 97, 1098, 50, 0, 12.74%, 0, 0, 16, 7749.80, 32539872, 667
4189, 40, 60, 1098, 49, 0, 12.74%, 0, 0, 16, 7583.89, 32578877, 667
4194, 40, 590, 1098, 49, 0, 12.74%, 0, 0, 16, 7697.48, 32618446, 667
4199, 40, 85, 1100, 50, 0, 12.74%, 0, 0, 16, 7588.91, 32657555, 667
4204, 40, 170, 1100, 50, 0, 12.74%, 0, 0, 16, 7714.92, 32696926, 667
4209, 40, 574, 1101, 51, 0, 12.74%, 0, 0, 16, 7688.88, 32736010, 667
4214, 40, 177, 1101, 51, 0, 12.74%, 0, 0, 16, 7690.20, 32775333, 667
4219, 40, 34, 1101, 50, 0, 12.74%, 0, 0, 16, 7743.15, 32814984, 667
4225, 40, 89, 1101, 50, 0, 12.74%, 0, 0, 16, 7750.94, 32854586, 667
4230, 40, 66, 1101, 50, 0, 12.74%, 0, 0, 16, 7744.55, 32894134, 667
4235, 40, 160, 1101, 50, 0, 12.74%, 0, 0, 16, 7743.06, 32933636, 667
4240, 40, 191, 1101, 49, 0, 12.74%, 0, 0, 16, 7722.69, 32973048, 667
4245, 40, 85, 1101, 49, 0, 12.74%, 0, 0, 16, 7720.46, 33012595, 667
4250, 40, 89, 1101, 47, 0, 12.74%, 0, 0, 16, 7746.79, 33052120, 667
4255, 40, 89, 1101, 46, 0, 12.74%, 0, 0, 16, 7743.24, 33091629, 667
4260, 40, 44, 1101, 46, 0, 12.74%, 0, 0, 16, 7770.47, 33131361, 667
4265, 40, 683, 1101, 46, 0, 12.74%, 0, 0, 16, 7721.50, 33170861, 667
4271, 40, 252, 1101, 45, 0, 12.74%, 0, 0, 16, 7638.54, 33208960, 667
4276, 40, 362, 1101, 45, 0, 12.74%, 0, 0, 16, 7674.73, 33248194, 667
4281, 40, 109, 1101, 45, 0, 12.74%, 0, 0, 16, 7724.28, 33287466, 667
4286, 40, 787, 1101, 44, 0, 12.74%, 0, 0, 16, 7704.19, 33326482, 667
4291, 41, 66, 1101, 43, 0, 12.74%, 0, 0, 16, 7694.55, 33365398, 667
4296, 41, 94, 1101, 41, 0, 12.74%, 0, 0, 16, 7622.64, 33403929, 667
4301, 41, 178, 1101, 41, 0, 12.74%, 0, 0, 16, 7730.39, 33443762, 667
4306, 41, 109, 1101, 41, 0, 12.74%, 0, 0, 16, 7725.14, 33483149, 667
4311, 41, 15, 1101, 41, 0, 12.74%, 0, 0, 16, 7759.54, 33523041, 667
4316, 41, 85, 1101, 41, 0, 12.74%, 0, 0, 16, 7743.27, 33562333, 667
4321, 41, 287, 1101, 40, 0, 12.74%, 0, 0, 16, 7762.53, 33601675, 667
4327, 41, 106, 1101, 40, 0, 12.74%, 0, 0, 16, 7701.36, 33640850, 667
4332, 41, 97, 1101, 40, 0, 12.74%, 0, 0, 16, 7723.18, 33680395, 667
4337, 41, 48, 1101, 40, 0, 12.74%, 0, 0, 16, 7651.47, 33719909, 667
4342, 41, 109, 1101, 39, 0, 12.74%, 0, 0, 16, 7610.64, 33758961, 667
4347, 41, 28, 1101, 39, 0, 12.74%, 0, 0, 16, 7692.53, 33798321, 667
4352, 41, 66, 1101, 39, 0, 12.74%, 0, 0, 16, 7735.80, 33837923, 667
4357, 41, 125, 1101, 39, 0, 12.74%, 0, 0, 16, 7733.36, 33877304, 667
4362, 41, 128, 1101, 38, 0, 12.74%, 0, 0, 16, 7698.47, 33916462, 667
4367, 41, 120, 1101, 37, 0, 12.74%, 0, 0, 16, 7722.21, 33955894, 667
4373, 41, 130, 1101, 37, 0, 12.74%, 0, 0, 16, 7768.76, 33995735, 667
4378, 41, 252, 1101, 36, 0, 12.74%, 0, 0, 16, 7741.28, 34035068, 667
4383, 41, 287, 1101, 36, 0, 12.74%, 0, 0, 16, 7751.67, 34074475, 667
4388, 42, 48, 1101, 36, 0, 12.74%, 0, 0, 16, 7750.19, 34113934, 667
4393, 42, 102, 1101, 36, 0, 12.74%, 0, 0, 16, 7776.63, 34153368, 667
4398, 42, 83, 1102, 37, 0, 12.74%, 0, 0, 17, 7631.83, 34191670, 667
4403, 42, 85, 1102, 36, 0, 12.74%, 0, 0, 17, 7745.08, 34231277, 667
4408, 42, 83, 1102, 36, 0, 12.74%, 0, 0, 17, 7717.25, 34270768, 667
4413, 42, 34, 1102, 36, 0, 12.74%, 0, 0, 17, 7718.91, 34310519, 667
4419, 42, 252, 1102, 36, 0, 12.74%, 0, 0, 17, 7719.69, 34350263, 667
4424, 42, 128, 1103, 36, 0, 12.74%, 0, 0, 17, 7732.86, 34389498, 667
4429, 42, 170, 1103, 36, 0, 12.74%, 0, 0, 17, 7737.54, 34428804, 667
4434, 42, 106, 1103, 36, 0, 12.74%, 0, 0, 17, 7750.56, 34468175, 667
4439, 42, 235, 1103, 36, 0, 12.74%, 0, 0, 17, 7758.80, 34507786, 667
4444, 42, 48, 1103, 35, 0, 12.74%, 0, 0, 17, 7759.16, 34547228, 667
4449, 42, 700, 1103, 35, 0, 12.74%, 0, 0, 17, 7742.44, 34586822, 667
4454, 42, 183, 1103, 35, 0, 12.74%, 0, 0, 17, 7740.34, 34626110, 667
4459, 42, 754, 1103, 35, 0, 12.74%, 0, 0, 17, 7714.06, 34665387, 667
4464, 42, 133, 1103, 35, 0, 12.74%, 0, 0, 17, 7756.18, 34704941, 667
4469, 42, 130, 1103, 35, 0, 12.74%, 0, 0, 17, 7716.88, 34744388, 667
4475, 42, 135, 1103, 35, 0, 12.74%, 0, 0, 17, 7762.40, 34784228, 667
4480, 42, 120, 1103, 34, 0, 12.74%, 0, 0, 17, 7761.18, 34823771, 667
4485, 43, 165, 1103, 34, 0, 12.74%, 0, 0, 17, 7771.42, 34863293, 667
4490, 43, 591, 1103, 33, 0, 12.74%, 0, 0, 17, 7669.28, 34902189, 667
4495, 43, 109, 1103, 33, 0, 12.74%, 0, 0, 17, 7750.84, 34942058, 667
4500, 43, 982, 1103, 33, 0, 12.74%, 0, 0, 17, 7737.40, 34981668, 667
4505, 43, 106, 1104, 33, 0, 12.74%, 0, 0, 17, 7753.08, 35021057, 667
4510, 43, 574, 1104, 33, 0, 12.74%, 0, 0, 17, 7728.73, 35060810, 667
4515, 43, 135, 1104, 33, 0, 12.74%, 0, 0, 17, 7748.88, 35100359, 667
4521, 43, 191, 1104, 32, 0, 12.74%, 0, 0, 17, 7646.59, 35139540, 667
4526, 43, 89, 1104, 31, 0, 12.74%, 0, 0, 17, 7707.03, 35178956, 667
4531, 43, 170, 1105, 31, 0, 12.74%, 0, 0, 17, 7662.45, 35217902, 667
4536, 43, 125, 1105, 30, 0, 12.74%, 0, 0, 17, 7729.14, 35257089, 667
4541, 43, 71, 1105, 30, 0, 12.74%, 0, 0, 17, 7755.13, 35296905, 667
4546, 43, 135, 1105, 30, 0, 12.74%, 0, 0, 17, 7731.92, 35336374, 667
4551, 43, 85, 1105, 30, 0, 12.74%, 0, 0, 17, 7744.53, 35375728, 667
4556, 43, 128, 1105, 30, 0, 12.74%, 0, 0, 17, 7756.53, 35415206, 667
4561, 43, 106, 1105, 30, 0, 12.74%, 0, 0, 17, 7743.81, 35454928, 667
4566, 43, 287, 1105, 30, 0, 12.74%, 0, 0, 17, 7730.31, 35494877, 667
4572, 43, 94, 1105, 30, 0, 12.74%, 0, 0, 17, 7692.87, 35534421, 667
4577, 43, 170, 1105, 30, 0, 12.74%, 0, 0, 17, 7721.04, 35574106, 667
4582, 44, 658, 1105, 30, 0, 12.74%, 0, 0, 17, 7740.68, 35613487, 667
4587, 44, 204, 1105, 30, 0, 12.74%, 0, 0, 17, 7738.55, 35653117, 667
4592, 44, 106, 1105, 30, 0, 12.74%, 0, 0, 17, 7755.82, 35692750, 667
4597, 44, 192, 1105, 30, 0, 12.74%, 0, 0, 17, 7742.48, 35732382, 667
4602, 44, 106, 1105, 29, 0, 12.74%, 0, 0, 17, 7759.65, 35771929, 667
4607, 44, 83, 1105, 29, 0, 12.74%, 0, 0, 17, 7761.62, 35811877, 667
4612, 44, 106, 1105, 29, 0, 12.74%, 0, 0, 17, 7759.95, 35851292, 667
4618, 44, 982, 1105, 29, 0, 12.74%, 0, 0, 17, 7739.96, 35890652, 667
4623, 44, 982, 1105, 29, 0, 12.74%, 0, 0, 17, 7741.43, 35930159, 667
4628, 44, 135, 1105, 29, 0, 12.74%, 0, 0, 17, 7752.65, 35969743, 667
4633, 44, 198, 1105, 29, 0, 12.74%, 0, 0, 17, 7747.41, 36009040, 667
4638, 44, 55, 1106, 30, 0, 12.74%, 0, 0, 17, 7757.96, 36048781, 667
4643, 44, 185, 1107, 31, 0, 12.74%, 0, 0, 17, 7702.19, 36088050, 667
4648, 44, 55, 1108, 31, 0, 12.74%, 0, 0, 17, 7730.62, 36127384, 667
4653, 44, 15, 1108, 30, 0, 12.74%, 0, 0, 17, 7730.33, 36166802, 667
4658, 44, 105, 1109, 30, 0, 12.74%, 0, 0, 17, 7744.82, 36206033, 667
4663, 44, 235, 1109, 30, 0, 12.74%, 0, 0, 17, 7758.05, 36245588, 667
4668, 44, 196, 1109, 30, 0, 12.74%, 0, 0, 17, 7733.85, 36284857, 667
4674, 44, 85, 1109, 30, 0, 12.74%, 0, 0, 17, 7763.87, 36324361, 667
4679, 45, 187, 1109, 30, 0, 12.74%, 0, 0, 17, 7748.49, 36363655, 667
4684, 45, 44, 1110, 31, 0, 12.74%, 0, 0, 17, 7757.91, 36403141, 667
4689, 45, 106, 1110, 31, 0, 12.74%, 0, 0, 17, 7746.13, 36442624, 667
4694, 45, 1101, 1122, 43, 0, 12.74%, 0, 0, 18, 7113.55, 36480059, 667
4699, 45, 1120, 1127, 47, 0, 12.74%, 0, 0, 19, 6910.61, 36516771, 667
4704, 45, 170, 1128, 47, 0, 12.74%, 0, 0, 19, 7531.35, 36555816, 667
4709, 45, 15, 1128, 47, 0, 12.74%, 0, 0, 19, 7694.12, 36595373, 667
4714, 45, 106, 1128, 47, 0, 12.74%, 0, 0, 19, 7736.99, 36634732, 667
4720, 45, 198, 1128, 47, 0, 12.74%, 0, 0, 19, 7737.41, 36674209, 667
4725, 45, 89, 1128, 47, 0, 12.74%, 0, 0, 19, 7758.55, 36713922, 667
4730, 45, 44, 1129, 48, 0, 12.74%, 0, 0, 19, 7730.55, 36753342, 667
4735, 45, 1119, 1135, 54, 0, 12.74%, 0, 0, 19, 6982.63, 36790236, 667
4740, 45, 1134, 1148, 66, 0, 12.74%, 0, 0, 20, 6423.99, 36823778, 667
4745, 45, 48, 1149, 66, 0, 12.74%, 0, 0, 20, 7390.01, 36862060, 667
4750, 45, 82, 1149, 66, 0, 12.74%, 0, 0, 20, 7631.81, 36901318, 667
4755, 45, 645, 1149, 66, 0, 12.74%, 0, 0, 20, 7716.55, 36940843, 667
4761, 45, 106, 1149, 65, 0, 12.74%, 0, 0, 20, 7752.36, 36980508, 667
4766, 45, 886, 1149, 65, 0, 12.74%, 0, 0, 20, 7680.13, 37019622, 667
4771, 45, 94, 1149, 65, 0, 12.74%, 0, 0, 20, 7734.13, 37059081, 667
4776, 45, 109, 1149, 65, 0, 12.74%, 0, 0, 20, 7743.04, 37098272, 667
4781, 45, 31, 1151, 66, 0, 12.74%, 0, 0, 20, 7161.27, 37132376, 667
4786, 45, 59, 1152, 66, 0, 12.74%, 0, 0, 20, 7328.24, 37169925, 667
4791, 46, 92, 1152, 66, 0, 12.74%, 0, 0, 20, 7592.94, 37209438, 667
4796, 46, 1151, 1155, 69, 0, 12.74%, 0, 0, 21, 7367.24, 37248197, 667
4802, 46, 120, 1155, 68, 0, 12.74%, 0, 0, 21, 7537.93, 37286206, 667
4807, 46, 187, 1155, 68, 0, 12.74%, 0, 0, 21, 7689.03, 37325517, 667
4812, 46, 9, 1155, 68, 0, 12.74%, 0, 0, 21, 7749.20, 37365375, 667
4817, 46, 9, 1155, 68, 0, 12.74%, 0, 0, 21, 7732.34, 37404986, 667
4822, 46, 120, 1155, 68, 0, 12.74%, 0, 0, 21, 7733.05, 37444555, 667
4827, 46, 1123, 1155, 67, 0, 12.74%, 0, 0, 21, 7453.84, 37481582, 667
4832, 46, 125, 1155, 66, 0, 12.74%, 0, 0, 21, 7562.42, 37519402, 667
4837, 46, 1126, 1155, 66, 0, 12.74%, 0, 0, 21, 7248.02, 37557270, 667
4843, 46, 1139, 1155, 65, 0, 12.74%, 0, 0, 21, 7208.39, 37595418, 667
4848, 46, 109, 1157, 65, 0, 12.74%, 0, 0, 21, 7280.98, 37632074, 667
4853, 46, 160, 1160, 66, 0, 12.74%, 0, 0, 21, 6980.13, 37665266, 667
4858, 46, 185, 1160, 65, 0, 12.74%, 0, 0, 21, 6936.21, 37702528, 667
4863, 46, 198, 1160, 64, 0, 12.74%, 0, 0, 21, 7502.44, 37741067, 667
4868, 46, 1099, 1160, 64, 0, 12.74%, 0, 0, 21, 7538.55, 37780246, 667
4873, 46, 130, 1160, 62, 0, 12.74%, 0, 0, 21, 7393.98, 37817948, 667
4879, 46, 48, 1160, 60, 0, 12.74%, 0, 0, 21, 7587.92, 37856537, 667
4884, 46, 1128, 1161, 60, 0, 12.74%, 0, 0, 21, 7581.17, 37894818, 667
4889, 46, 109, 1161, 59, 0, 12.74%, 0, 0, 21, 7732.00, 37934301, 667
4894, 46, 508, 1161, 58, 0, 12.74%, 0, 0, 21, 7720.97, 37973754, 667
4899, 46, 204, 1161, 56, 0, 12.74%, 0, 0, 21, 7568.82, 38012649, 667
4904, 47, 106, 1161, 56, 0, 12.74%, 0, 0, 21, 7693.39, 38051988, 667
4909, 47, 416, 1161, 55, 0, 12.74%, 0, 0, 21, 7623.67, 38090864, 667
4914, 47, 77, 1161, 55, 0, 12.74%, 0, 0, 21, 7688.24, 38129823, 667
4919, 47, 187, 1161, 55, 0, 12.74%, 0, 0, 21, 7710.03, 38169152, 667
4925, 47, 89, 1162, 56, 0, 12.74%, 0, 0, 21, 7719.86, 38208599, 667
4930, 47, 252, 1162, 56, 0, 12.74%, 0, 0, 21, 7720.91, 38248131, 667
4935, 47, 25, 1162, 56, 0, 12.74%, 0, 0, 21, 7727.45, 38287800, 667
4940, 47, 107, 1162, 56, 0, 12.74%, 0, 0, 21, 7680.34, 38327096, 667
4945, 47, 1143, 1162, 56, 0, 12.74%, 0, 0, 21, 7432.94, 38365898, 667
4950, 47, 120, 1163, 55, 0, 12.74%, 0, 0, 21, 7592.12, 38404378, 667
4955, 47, 135, 1163, 55, 0, 12.74%, 0, 0, 21, 7704.76, 38443715, 667
4960, 47, 192, 1163, 54, 0, 12.74%, 0, 0, 21, 7589.81, 38481931, 667
4965, 47, 177, 1163, 54, 0, 12.74%, 0, 0, 21, 7691.06, 38521299, 667
4971, 47, 574, 1163, 54, 0, 12.74%, 0, 0, 21, 7719.00, 38560851, 667
4976, 47, 220, 1163, 54, 0, 12.74%, 0, 0, 21, 7711.36, 38600145, 667
4981, 47, 77, 1163, 54, 0, 12.74%, 0, 0, 21, 7736.91, 38639596, 667
4986, 47, 584, 1163, 53, 0, 12.74%, 0, 0, 21, 7367.57, 38677428, 667
4991, 47, 252, 1163, 53, 0, 12.74%, 0, 0, 21, 7642.75, 38716819, 667
4996, 47, 109, 1164, 54, 0, 12.74%, 0, 0, 21, 7712.76, 38756526, 667
5001, 47, 89, 1165, 55, 0, 12.74%, 0, 0, 21, 7692.90, 38795964, 667
5006, 47, 83, 1165, 55, 0, 12.74%, 0, 0, 21, 7660.25, 38835091, 667
5011, 48, 85, 1165, 53, 0, 12.74%, 0, 0, 21, 7666.41, 38873712, 667
5017, 48, 142, 1165, 53, 0, 12.74%, 0, 0, 21, 7714.65, 38913246, 667
5022, 48, 1121, 1165, 52, 0, 12.74%, 0, 0, 21, 7350.23, 38950952, 667
5027, 48, 183, 1165, 50, 0, 12.74%, 0, 0, 21, 7292.80, 38988711, 667
5032, 48, 9, 1165, 50, 0, 12.74%, 0, 0, 21, 7636.17, 39028168, 667
5037, 48, 85, 1165, 50, 0, 12.74%, 0, 0, 21, 7730.61, 39067847, 667
5042, 48, 59, 1166, 50, 0, 12.74%, 0, 0, 21, 7527.85, 39105335, 667
5047, 48, 196, 1166, 50, 0, 12.74%, 0, 0, 21, 7679.36, 39144735, 667
5052, 48, 128, 1166, 50, 0, 12.74%, 0, 0, 21, 7724.35, 39184101, 667
5058, 48, 120, 1166, 50, 0, 12.74%, 0, 0, 21, 7740.33, 39223758, 667
5063, 48, 55, 1166, 49, 0, 12.74%, 0, 0, 21, 7715.69, 39263675, 667
5068, 48, 109, 1167, 48, 0, 12.74%, 0, 0, 21, 7563.83, 39301536, 667
5073, 48, 48, 1167, 48, 0, 12.74%, 0, 0, 21, 7689.63, 39341060, 667
5078, 48, 198, 1168, 49, 0, 12.74%, 0, 0, 21, 7729.14, 39380389, 667
5083, 48, 252, 1168, 49, 0, 12.74%, 0, 0, 21, 7731.28, 39419838, 667
5088, 48, 89, 1168, 49, 0, 12.74%, 0, 0, 21, 7714.75, 39459155, 667
5093, 48, 120, 1168, 49, 0, 12.74%, 0, 0, 21, 7716.49, 39498338, 667
5098, 48, 59, 1168, 49, 0, 12.74%, 0, 0, 21, 7723.42, 39537756, 667
5103, 48, 252, 1169, 50, 0, 12.74%, 0, 0, 21, 7682.08, 39577078, 667
5109, 48, 135, 1169, 50, 0, 12.74%, 0, 0, 21, 7713.32, 39616225, 667
5114, 48, 886, 1171, 50, 0, 12.74%, 0, 0, 21, 7409.50, 39654319, 667
5119, 49, 198, 1171, 49, 0, 12.74%, 0, 0, 21, 7299.01, 39692088, 667
5124, 49, 170, 1171, 47, 0, 12.74%, 0, 0, 21, 7173.18, 39728992, 667
5129, 49, 252, 1171, 47, 0, 12.74%, 0, 0, 21, 7594.47, 39768182, 667
5134, 49, 109, 1171, 47, 0, 12.74%, 0, 0, 21, 7690.55, 39807593, 667
5139, 49, 92, 1171, 47, 0, 12.74%, 0, 0, 21, 7744.21, 39847012, 667
5144, 49, 252, 1171, 46, 0, 12.74%, 0, 0, 21, 7571.23, 39885222, 667
5149, 49, 252, 1172, 47, 0, 12.74%, 0, 0, 21, 7682.47, 39924666, 667
5155, 49, 177, 1172, 44, 0, 12.74%, 0, 0, 21, 7407.39, 39962280, 667
5160, 49, 259, 1172, 44, 0, 12.74%, 0, 0, 21, 7667.77, 40001969, 667
5165, 49, 198, 1172, 44, 0, 12.74%, 0, 0, 21, 7702.51, 40041319, 667
5170, 49, 109, 1172, 44, 0, 12.74%, 0, 0, 21, 7738.53, 40080509, 667
5175, 49, 71, 1172, 44, 0, 12.74%, 0, 0, 21, 7693.02, 40119861, 667
5180, 49, 584, 1172, 44, 0, 12.74%, 0, 0, 21, 7704.40, 40159136, 667
5185, 49, 130, 1172, 44, 0, 12.74%, 0, 0, 21, 7701.25, 40198243, 667
5190, 49, 9, 1172, 44, 0, 12.74%, 0, 0, 21, 7699.76, 40237520, 667
5195, 49, 1054, 1172, 43, 0, 12.74%, 0, 0, 21, 7695.06, 40276741, 667
5200, 49, 196, 1172, 43, 0, 12.74%, 0, 0, 21, 7740.79, 40316326, 667
5206, 49, 204, 1172, 43, 0, 12.74%, 0, 0, 21, 7712.87, 40355741, 667
5211, 49, 142, 1172, 43, 0, 12.74%, 0, 0, 21, 7694.65, 40394898, 667
5216, 49, 92, 1172, 41, 0, 12.74%, 0, 0, 21, 7482.33, 40433090, 667
5221, 49, 187, 1172, 41, 0, 12.74%, 0, 0, 21, 7677.60, 40472576, 667
5226, 50, 142, 1172, 40, 0, 12.74%, 0, 0, 21, 7438.80, 40510778, 667
5231, 50, 183, 1172, 39, 0, 12.74%, 0, 0, 21, 7548.21, 40549641, 667
5236, 50, 25, 1172, 38, 0, 12.74%, 0, 0, 21, 7604.11, 40587834, 667
5241, 50, 183, 1172, 37, 0, 12.74%, 0, 0, 21, 7364.22, 40625931, 667
5246, 50, 106, 1172, 37, 0, 12.74%, 0, 0, 21, 7658.86, 40665425, 667
5252, 50, 191, 1172, 37, 0, 12.74%, 0, 0, 21, 7670.22, 40704510, 667
5257, 50, 105, 1172, 37, 0, 12.74%, 0, 0, 21, 7736.75, 40744233, 667
5262, 50, 280, 1172, 37, 0, 12.74%, 0, 0, 21, 7694.91, 40783454, 667
5267, 50, 187, 1172, 37, 0, 12.74%, 0, 0, 21, 7723.21, 40823106, 667
5272, 50, 801, 1172, 37, 0, 12.74%, 0, 0, 21, 7679.10, 40862219, 667
5277, 50, 198, 1172, 36, 0, 12.74%, 0, 0, 21, 7725.93, 40901812, 667
5282, 50, 120, 1172, 36, 0, 12.74%, 0, 0, 21, 7736.48, 40941440, 667
5287, 50, 1135, 1172, 36, 0, 12.74%, 0, 0, 21, 7409.48, 40979728, 667
5292, 50, 129, 1173, 35, 0, 12.74%, 0, 0, 22, 7558.34, 41018468, 667
5298, 50, 128, 1174, 36, 0, 12.74%, 0, 0, 22, 7648.35, 41057435, 667
5303, 50, 590, 1174, 36, 0, 12.74%, 0, 0, 22, 7693.01, 41096950, 667
5308, 50, 28, 1175, 37, 0, 12.74%, 0, 0, 22, 7696.24, 41136196, 667
5313, 50, 187, 1175, 37, 0, 12.74%, 0, 0, 22, 7704.04, 41175345, 667
5318, 50, 224, 1175, 36, 0, 12.74%, 0, 0, 22, 7753.43, 41214984, 667
5323, 50, 109, 1176, 36, 0, 12.74%, 0, 0, 22, 7403.62, 41252571, 667
5328, 51, 1110, 1176, 36, 0, 12.74%, 0, 0, 22, 7418.06, 41290998, 667
5333, 51, 53, 1176, 35, 0, 12.74%, 0, 0, 22, 7619.06, 41329978, 667
5338, 51, 34, 1176, 35, 0, 12.74%, 0, 0, 22, 7692.52, 41369259, 667
5343, 51, 170, 1176, 35, 0, 12.74%, 0, 0, 22, 7718.85, 41408733, 667
5349, 51, 574, 1176, 35, 0, 12.74%, 0, 0, 22, 7675.67, 41447761, 667
5354, 51, 48, 1176, 35, 0, 12.74%, 0, 0, 22, 7728.75, 41487341, 667
5359, 51, 584, 1176, 34, 0, 12.74%, 0, 0, 22, 7641.68, 41526143, 667
5364, 51, 252, 1176, 34, 0, 12.74%, 0, 0, 22, 7722.84, 41565753, 667
5369, 51, 252, 1176, 33, 0, 12.74%, 0, 0, 22, 7754.71, 41598907, 667
5374, 51, 886, 1176, 33, 0, 12.74%, 0, 0, 22, 7689.74, 41638025, 667
5379, 51, 160, 1176, 32, 0, 12.74%, 0, 0, 22, 7692.50, 41677323, 667
5384, 51, 790, 1176, 32, 0, 12.74%, 0, 0, 22, 7650.64, 41716196, 667
5389, 51, 59, 1176, 32, 0, 12.74%, 0, 0, 22, 7708.99, 41755797, 667
5394, 51, 83, 1176, 32, 0, 12.74%, 0, 0, 22, 7703.11, 41794957, 667
5399, 51, 120, 1176, 32, 0, 12.74%, 0, 0, 22, 7690.15, 41834264, 667
5405, 51, 645, 1176, 31, 0, 12.74%, 0, 0, 22, 7567.27, 41872798, 667
5410, 51, 28, 1176, 29, 0, 12.74%, 0, 0, 22, 7657.26, 41911955, 667
5415, 51, 252, 1176, 29, 0, 12.74%, 0, 0, 22, 7695.70, 41951155, 667
5420, 51, 55, 1176, 29, 0, 12.74%, 0, 0, 22, 7705.62, 41990391, 667
5425, 51, 220, 1176, 29, 0, 12.74%, 0, 0, 22, 7699.94, 42029446, 667
5430, 51, 105, 1176, 29, 0, 12.74%, 0, 0, 22, 7732.70, 42068944, 667
5435, 52, 198, 1176, 27, 0, 12.74%, 0, 0, 22, 7622.50, 42107957, 667
5440, 52, 130, 1176, 27, 0, 12.74%, 0, 0, 22, 7685.77, 42147128, 667
5445, 52, 109, 1176, 27, 0, 12.74%, 0, 0, 22, 7720.35, 42186605, 667
5450, 52, 160, 1176, 27, 0, 12.74%, 0, 0, 22, 7717.57, 42225894, 667
5456, 52, 183, 1176, 27, 0, 12.74%, 0, 0, 22, 7697.53, 42265481, 667
5461, 52, 142, 1176, 26, 0, 12.74%, 0, 0, 22, 7710.15, 42304662, 667
5466, 52, 48, 1177, 26, 0, 12.74%, 0, 0, 22, 7640.14, 42343290, 667
5471, 52, 142, 1177, 26, 0, 12.74%, 0, 0, 22, 7695.99, 42382690, 667
5476, 52, 71, 1177, 26, 0, 12.74%, 0, 0, 22, 7730.25, 42422327, 667
5481, 52, 191, 1177, 26, 0, 12.74%, 0, 0, 22, 7704.82, 42461411, 667
5486, 52, 198, 1177, 26, 0, 12.74%, 0, 0, 22, 7709.90, 42500835, 667
5491, 52, 106, 1177, 26, 0, 12.74%, 0, 0, 22, 7715.55, 42540193, 667
5496, 52, 109, 1177, 26, 0, 12.74%, 0, 0, 22, 7723.97, 42579630, 667
5502, 52, 1098, 1177, 26, 0, 12.74%, 0, 0, 22, 7517.04, 42618539, 667
5507, 52, 85, 1177, 25, 0, 12.74%, 0, 0, 22, 7656.58, 42657721, 667
5512, 52, 177, 1177, 25, 0, 12.74%, 0, 0, 22, 7728.08, 42697497, 667
5517, 52, 31, 1177, 25, 0, 12.74%, 0, 0, 22, 7720.41, 42736819, 667
5522, 52, 59, 1177, 25, 0, 12.74%, 0, 0, 22, 7688.93, 42775763, 667
5527, 52, 135, 1177, 25, 0, 12.74%, 0, 0, 22, 7734.78, 42815653, 667
5532, 52, 31, 1177, 25, 0, 12.74%, 0, 0, 22, 7725.57, 42855186, 667
5537, 53, 980, 1177, 25, 0, 12.74%, 0, 0, 22, 7698.26, 42894693, 667
5543, 53, 83, 1177, 25, 0, 12.74%, 0, 0, 22, 7727.14, 42934548, 667
5548, 53, 252, 1177, 25, 0, 12.74%, 0, 0, 22, 7730.83, 42974317, 667
5553, 53, 34, 1177, 25, 0, 12.74%, 0, 0, 22, 7717.75, 43013774, 667
5558, 53, 53, 1177, 25, 0, 12.74%, 0, 0, 22, 7658.78, 43053072, 667
5563, 53, 48, 1177, 25, 0, 12.74%, 0, 0, 22, 7729.26, 43092244, 667
5568, 53, 790, 1177, 25, 0, 12.74%, 0, 0, 22, 7731.75, 43131604, 667
5573, 53, 128, 1180, 28, 0, 12.74%, 0, 0, 22, 7706.24, 43170644, 667
5578, 53, 1179, 1182, 30, 0, 12.74%, 0, 0, 22, 7679.59, 43210052, 667
5583, 53, 59, 1183, 30, 0, 12.74%, 0, 0, 22, 7683.10, 43249090, 667
5588, 53, 60, 1183, 30, 0, 12.74%, 0, 0, 22, 7738.65, 43288745, 667
5594, 53, 160, 1183, 30, 0, 12.74%, 0, 0, 22, 7719.01, 43328086, 667
5599, 53, 48, 1183, 29, 0, 12.74%, 0, 0, 22, 7725.29, 43367581, 667
5604, 53, 1182, 1183, 29, 0, 12.74%, 0, 0, 22, 7625.74, 43406795, 667
5609, 53, 198, 1183, 27, 0, 12.74%, 0, 0, 22, 7578.25, 43445554, 667
5614, 53, 187, 1183, 27, 0, 12.74%, 0, 0, 22, 7685.07, 43485089, 667
5619, 53, 48, 1183, 27, 0, 12.74%, 0, 0, 22, 7707.96, 43524391, 667
5624, 53, 174, 1188, 32, 0, 12.74%, 0, 0, 22, 7687.47, 43563796, 667
5629, 53, 982, 1188, 32, 0, 12.74%, 0, 0, 22, 7729.60, 43603332, 667
5634, 53, 185, 1188, 32, 0, 12.74%, 0, 0, 22, 7723.49, 43642884, 667
5640, 53, 109, 1188, 32, 0, 12.74%, 0, 0, 22, 7705.79, 43682237, 667
5645, 54, 44, 1188, 32, 0, 12.74%, 0, 0, 22, 7717.71, 43721480, 667
5650, 54, 574, 1188, 32, 0, 12.74%, 0, 0, 22, 7707.82, 43760961, 667
5655, 54, 508, 1188, 32, 0, 12.74%, 0, 0, 22, 7717.70, 43800331, 667
5660, 54, 85, 1188, 32, 0, 12.74%, 0, 0, 22, 7679.01, 43839260, 667
5665, 54, 125, 1188, 32, 0, 12.74%, 0, 0, 22, 7691.36, 43878343, 667
5670, 54, 192, 1189, 33, 0, 12.74%, 0, 0, 22, 7692.67, 43918082, 667
5675, 54, 183, 1189, 33, 0, 12.74%, 0, 0, 22, 7692.36, 43957032, 667
5680, 54, 55, 1189, 33, 0, 12.74%, 0, 0, 22, 7727.17, 43996523, 667
5685, 54, 133, 1189, 33, 0, 12.74%, 0, 0, 22, 7720.64, 44035868, 667
5691, 54, 15, 1189, 33, 0, 12.74%, 0, 0, 22, 7660.82, 44075071, 667
5696, 54, 388, 1189, 32, 0, 12.74%, 0, 0, 22, 7579.84, 44113664, 667
5701, 54, 396, 1189, 32, 0, 12.74%, 0, 0, 22, 7710.10, 44152881, 667
5706, 54, 25, 1189, 32, 0, 12.74%, 0, 0, 22, 7749.13, 44192549, 667
5711, 54, 187, 1189, 32, 0, 12.74%, 0, 0, 22, 7745.97, 44232062, 667
5716, 54, 195, 1189, 32, 0, 12.74%, 0, 0, 22, 7767.45, 44271706, 667
5721, 54, 31, 1189, 32, 0, 12.74%, 0, 0, 22, 7779.33, 44311413, 667
5726, 54, 125, 1189, 31, 0, 12.74%, 0, 0, 22, 7625.48, 44349392, 667
5731, 54, 170, 1189, 31, 0, 12.74%, 0, 0, 22, 7743.22, 44388980, 667
5737, 54, 195, 1189, 31, 0, 12.74%, 0, 0, 22, 7758.76, 44428378, 667
5742, 54, 142, 1190, 32, 0, 12.74%, 0, 0, 22, 7743.47, 44467883, 667
5747, 54, 109, 1190, 32, 0, 12.74%, 0, 0, 22, 7742.72, 44507291, 667
5752, 55, 106, 1190, 31, 0, 12.74%, 0, 0, 22, 7715.89, 44546570, 667
5757, 55, 97, 1190, 31, 0, 12.74%, 0, 0, 22, 7739.32, 44586180, 667
5762, 55, 106, 1190, 31, 0, 12.74%, 0, 0, 22, 7702.29, 44625486, 667
5767, 55, 198, 1190, 31, 0, 12.74%, 0, 0, 22, 7726.76, 44665058, 667
5772, 55, 109, 1190, 31, 0, 12.74%, 0, 0, 22, 7717.87, 44704172, 667
5777, 55, 191, 1190, 31, 0, 12.74%, 0, 0, 22, 7742.90, 44743919, 667
5782, 55, 106, 1190, 31, 0, 12.74%, 0, 0, 22, 7745.30, 44783356, 667
5788, 55, 170, 1190, 31, 0, 12.74%, 0, 0, 22, 7699.14, 44822156, 667
5793, 55, 170, 1190, 30, 0, 12.74%, 0, 0, 22, 7700.00, 44861660, 667
5798, 55, 53, 1190, 30, 0, 12.74%, 0, 0, 22, 7720.96, 44900889, 667
5803, 55, 170, 1190, 30, 0, 12.74%, 0, 0, 22, 7722.46, 44940313, 667
5808, 55, 60, 1190, 30, 0, 12.74%, 0, 0, 22, 7726.35, 44979739, 667
5813, 55, 66, 1190, 30, 0, 12.74%, 0, 0, 22, 7747.22, 45019431, 667
5818, 55, 683, 1190, 30, 0, 12.74%, 0, 0, 22, 7750.46, 45058791, 667
5823, 55, 683, 1190, 30, 0, 12.74%, 0, 0, 22, 7719.28, 45098224, 667
5828, 55, 187, 1190, 30, 0, 12.74%, 0, 0, 22, 7723.71, 45138043, 667
5834, 55, 178, 1190, 30, 0, 12.74%, 0, 0, 22, 7699.47, 45177702, 667
5839, 55, 106, 1190, 29, 0, 12.74%, 0, 0, 22, 7714.86, 45217209, 667
5844, 55, 135, 1190, 28, 0, 12.74%, 0, 0, 22, 7421.46, 45254906, 667
5849, 55, 255, 1190, 28, 0, 12.74%, 0, 0, 22, 7657.01, 45294099, 667
5854, 56, 120, 1190, 28, 0, 12.74%, 0, 0, 22, 7721.17, 45333548, 667
5859, 56, 170, 1190, 28, 0, 12.74%, 0, 0, 22, 7714.94, 45372752, 667
5864, 56, 106, 1190, 28, 0, 12.74%, 0, 0, 22, 7728.43, 45412080, 667
5869, 56, 982, 1190, 28, 0, 12.74%, 0, 0, 22, 7744.14, 45451834, 667
5874, 56, 982, 1190, 27, 0, 12.74%, 0, 0, 22, 7717.30, 45491457, 667
5879, 56, 178, 1190, 27, 0, 12.74%, 0, 0, 22, 7703.48, 45530970, 667
5885, 56, 135, 1190, 27, 0, 12.74%, 0, 0, 22, 7746.40, 45570374, 667
5890, 56, 109, 1190, 25, 0, 12.74%, 0, 0, 22, 7455.89, 45608950, 667
5895, 56, 252, 1190, 25, 0, 12.74%, 0, 0, 22, 7679.29, 45648559, 667
5900, 56, 252, 1190, 25, 0, 12.74%, 0, 0, 22, 7713.04, 45687979, 667
5905, 56, 252, 1190, 25, 0, 12.74%, 0, 0, 22, 7737.19, 45727736, 667
5910, 56, 252, 1190, 25, 0, 12.74%, 0, 0, 22, 7746.87, 45767308, 667
5915, 56, 170, 1190, 25, 0, 12.74%, 0, 0, 22, 7774.71, 45807186, 667
5920, 56, 198, 1190, 25, 0, 12.74%, 0, 0, 22, 7655.55, 45846683, 667
5925, 56, 28, 1191, 26, 0, 12.74%, 0, 0, 22, 7676.04, 45885890, 667
5931, 56, 185, 1192, 27, 0, 12.74%, 0, 0, 22, 7745.28, 45925422, 667
5936, 56, 92, 1192, 27, 0, 12.74%, 0, 0, 22, 7750.73, 45964876, 667
5941, 56, 259, 1192, 27, 0, 12.74%, 0, 0, 22, 7721.05, 46004268, 667
5946, 56, 252, 1192, 27, 0, 12.74%, 0, 0, 22, 7731.61, 46043817, 667
5951, 56, 107, 1192, 27, 0, 12.74%, 0, 0, 22, 7736.01, 46083646, 667
5956, 56, 135, 1193, 27, 0, 12.74%, 0, 0, 22, 7724.96, 46122821, 667
5961, 57, 107, 1193, 27, 0, 12.74%, 0, 0, 22, 7706.63, 46162349, 667
5966, 57, 259, 1193, 25, 0, 12.74%, 0, 0, 22, 7580.78, 46200471, 667
5971, 57, 645, 1193, 25, 0, 12.74%, 0, 0, 22, 7724.42, 46240050, 667
5977, 57, 109, 1193, 25, 0, 12.74%, 0, 0, 22, 7721.63, 46279437, 667
5982, 57, 192, 1193, 25, 0, 12.74%, 0, 0, 22, 7671.00, 46318149, 667
5987, 57, 528, 1193, 25, 0, 12.74%, 0, 0, 22, 7747.11, 46357520, 667
5992, 57, 85, 1193, 25, 0, 12.74%, 0, 0, 22, 7732.65, 46397051, 667
5997, 57, 198, 1193, 25, 0, 12.74%, 0, 0, 22, 7768.71, 46436812, 667
6002, 57, 196, 1193, 25, 0, 12.74%, 0, 0, 22, 7724.88, 46476439, 667
6007, 57, 60, 1193, 25, 0, 12.74%, 0, 0, 22, 7732.09, 46515813, 667
6012, 57, 48, 1193, 25, 0, 12.74%, 0, 0, 22, 7757.49, 46555326, 667
6017, 57, 120, 1193, 24, 0, 12.74%, 0, 0, 22, 7630.70, 46593959, 667
6022, 57, 133, 1195, 26, 0, 12.74%, 0, 0, 22, 7715.68, 46633276, 667
6028, 57, 31, 1195, 25, 0, 12.74%, 0, 0, 22, 7535.52, 46671915, 667
6033, 57, 109, 1195, 25, 0, 12.74%, 0, 0, 22, 7709.11, 46711502, 667
6038, 57, 31, 1195, 24, 0, 12.74%, 0, 0, 22, 7687.42, 46750678, 667
6043, 57, 109, 1195, 24, 0, 12.74%, 0, 0, 22, 7699.22, 46789937, 667
6048, 57, 48, 1195, 24, 0, 12.74%, 0, 0, 22, 7736.19, 46829941, 667
6053, 57, 28, 1195, 24, 0, 12.74%, 0, 0, 22, 7749.94, 46869420, 667
6058, 57, 120, 1195, 24, 0, 12.74%, 0, 0, 22, 7722.83, 46909076, 667
6063, 57, 165, 1195, 23, 0, 12.74%, 0, 0, 22, 7731.89, 46948431, 667
6069, 58, 120, 1195, 23, 0, 12.74%, 0, 0, 22, 7764.84, 46988148, 667
6074, 58, 120, 1195, 23, 0, 12.74%, 0, 0, 22, 7752.17, 47027577, 667
6079, 58, 82, 1195, 23, 0, 12.74%, 0, 0, 22, 7761.30, 47067215, 667
6084, 58, 129, 1195, 23, 0, 12.74%, 0, 0, 22, 7740.95, 47106646, 667
6089, 58, 48, 1195, 23, 0, 12.74%, 0, 0, 22, 7764.11, 47146472, 667
6094, 58, 135, 1195, 23, 0, 12.74%, 0, 0, 22, 7750.62, 47185849, 667
6099, 58, 252, 1195, 23, 0, 12.74%, 0, 0, 22, 7661.80, 47225239, 667
6104, 58, 1192, 1196, 24, 0, 12.74%, 0, 0, 22, 7663.44, 47264499, 667
6109, 58, 48, 1196, 23, 0, 12.74%, 0, 0, 22, 7733.69, 47303810, 667
6114, 58, 192, 1196, 23, 0, 12.74%, 0, 0, 22, 7719.35, 47343251, 667
6120, 58, 754, 1196, 23, 0, 12.74%, 0, 0, 22, 7729.46, 47382504, 667
6125, 58, 160, 1196, 23, 0, 12.74%, 0, 0, 22, 7677.99, 47421557, 667
6130, 58, 252, 1196, 23, 0, 12.74%, 0, 0, 22, 7691.73, 47461045, 667
6135, 58, 287, 1196, 22, 0, 12.74%, 0, 0, 22, 7422.13, 47499076, 667
6140, 58, 15, 1196, 22, 0, 12.74%, 0, 0, 22, 7645.43, 47538064, 667
6145, 58, 66, 1196, 22, 0, 12.74%, 0, 0, 22, 7720.20, 47577545, 667
6150, 58, 106, 1196, 20, 0, 12.74%, 0, 0, 22, 7638.86, 47616158, 667
6155, 58, 388, 1196, 20, 0, 12.74%, 0, 0, 22, 7722.18, 47655770, 667
6160, 58, 135, 1196, 20, 0, 12.74%, 0, 0, 22, 7736.82, 47695218, 667
6165, 58, 83, 1196, 20, 0, 12.74%, 0, 0, 22, 7746.43, 47734753, 667
6171, 58, 85, 1196, 20, 0, 12.74%, 0, 0, 22, 7754.69, 47774367, 667
6176, 59, 66, 1196, 20, 0, 12.74%, 0, 0, 22, 7683.80, 47813506, 667
6181, 59, 48, 1196, 20, 0, 12.74%, 0, 0, 22, 7714.93, 47852898, 667
6186, 59, 198, 1196, 20, 0, 12.74%, 0, 0, 22, 7760.89, 47892428, 667
6191, 59, 97, 1196, 20, 0, 12.74%, 0, 0, 22, 7718.28, 47931791, 667
6196, 59, 94, 1196, 20, 0, 12.74%, 0, 0, 22, 7732.90, 47971060, 667
6201, 59, 170, 1196, 20, 0, 12.74%, 0, 0, 22, 7739.36, 48010384, 667
6206, 59, 252, 1196, 20, 0, 12.74%, 0, 0, 22, 7726.58, 48049755, 667
6211, 59, 396, 1196, 19, 0, 12.74%, 0, 0, 22, 7435.48, 48088199, 667
6216, 59, 342, 1196, 19, 0, 12.74%, 0, 0, 22, 7639.89, 48127613, 667
6222, 59, 1188, 1196, 19, 0, 12.74%, 0, 0, 22, 7164.54, 48165296, 667
6227, 59, 48, 1196, 18, 0, 12.74%, 0, 0, 22, 7576.21, 48204121, 667
6232, 59, 980, 1196, 18, 0, 12.74%, 0, 0, 22, 7678.57, 48243511, 667
6237, 59, 252, 1196, 18, 0, 12.74%, 0, 0, 22, 7755.62, 48283000, 667
6242, 59, 259, 1196, 18, 0, 12.74%, 0, 0, 22, 7737.68, 48322468, 667
6247, 59, 106, 1196, 18, 0, 12.74%, 0, 0, 22, 7748.54, 48362346, 667
6252, 59, 187, 1196, 17, 0, 12.74%, 0, 0, 22, 7651.64, 48401568, 667
6257, 59, 165, 1197, 17, 0, 12.74%, 0, 0, 22, 7700.77, 48441100, 667
6263, 59, 89, 1197, 17, 0, 12.74%, 0, 0, 22, 7723.80, 48480314, 667
6268, 59, 1194, 1203, 23, 0, 12.74%, 0, 0, 22, 7614.47, 48519755, 667
6273, 59, 191, 1206, 25, 0, 12.74%, 0, 0, 22, 7608.58, 48558880, 667
6278, 59, 109, 1206, 25, 0, 12.74%, 0, 0, 22, 7675.78, 48598039, 667
6283, 60, 982, 1206, 25, 0, 12.74%, 0, 0, 22, 7696.92, 48637434, 667
6288, 60, 170, 1206, 25, 0, 12.74%, 0, 0, 22, 7716.89, 48676947, 667
6293, 60, 252, 1206, 25, 0, 12.74%, 0, 0, 22, 7724.94, 48716321, 667
6298, 60, 183, 1206, 25, 0, 12.74%, 0, 0, 22, 7619.82, 48754844, 667
6304, 60, 178, 1206, 24, 0, 12.74%, 0, 0, 22, 7714.98, 48794439, 667
6309, 60, 48, 1206, 23, 0, 12.74%, 0, 0, 22, 7702.90, 48833601, 667
6314, 60, 135, 1206, 23, 0, 12.74%, 0, 0, 22, 7723.64, 48872891, 667
6319, 60, 192, 1206, 23, 0, 12.74%, 0, 0, 22, 7728.88, 48911997, 667
6324, 60, 287, 1206, 23, 0, 12.74%, 0, 0, 22, 7670.12, 48951062, 667
6329, 60, 174, 1206, 23, 0, 12.74%, 0, 0, 22, 7691.08, 48990563, 667
6334, 60, 287, 1206, 23, 0, 12.74%, 0, 0, 22, 7725.73, 49030327, 667
6339, 60, 198, 1207, 24, 0, 12.74%, 0, 0, 22, 7692.65, 49069253, 667
6344, 60, 165, 1207, 22, 0, 12.74%, 0, 0, 22, 7674.84, 49108283, 667
6349, 60, 683, 1207, 22, 0, 12.74%, 0, 0, 22, 7735.84, 49147840, 667
6354, 60, 252, 1207, 22, 0, 12.74%, 0, 0, 22, 7700.41, 49186766, 667
6360, 61, 191, 1207, 22, 0, 12.74%, 0, 0, 22, 7716.34, 49226323, 667
6365, 61, 303, 1207, 22, 0, 12.74%, 0, 0, 22, 7713.06, 49265682, 667
6370, 61, 185, 1207, 21, 0, 12.74%, 0, 0, 22, 7662.59, 49304550, 667
6375, 61, 196, 1207, 21, 0, 12.74%, 0, 0, 22, 7728.09, 49344030, 667
6380, 61, 724, 1207, 21, 0, 12.74%, 0, 0, 22, 7703.30, 49383179, 667
6385, 61, 60, 1207, 21, 0, 12.74%, 0, 0, 22, 7717.71, 49422834, 667
6390, 61, 1146, 1207, 21, 0, 12.74%, 0, 0, 22, 7674.84, 49462157, 667
6395, 61, 125, 1207, 21, 0, 12.74%, 0, 0, 22, 7697.50, 49501530, 667
6400, 61, 130, 1207, 21, 0, 12.74%, 0, 0, 22, 7719.21, 49540965, 667
6405, 61, 183, 1207, 21, 0, 12.74%, 0, 0, 22, 7731.22, 49580024, 667
6411, 61, 109, 1208, 21, 0, 12.74%, 0, 0, 22, 7691.18, 49619537, 667
6416, 61, 508, 1208, 21, 0, 12.74%, 0, 0, 22, 7700.56, 49658779, 667
6421, 61, 120, 1208, 20, 0, 12.74%, 0, 0, 22, 7671.27, 49698380, 667
6426, 61, 89, 1208, 20, 0, 12.74%, 0, 0, 22, 7706.54, 49738113, 667
6431, 61, 120, 1208, 20, 0, 12.74%, 0, 0, 22, 7732.38, 49777421, 667
6436, 62, 689, 1208, 20, 0, 12.74%, 0, 0, 22, 7732.64, 49816719, 667
6441, 62, 92, 1208, 20, 0, 12.74%, 0, 0, 22, 7774.29, 49856237, 667
6446, 62, 28, 1208, 20, 0, 12.74%, 0, 0, 22, 7744.09, 49895859, 667
6451, 62, 109, 1208, 20, 0, 12.74%, 0, 0, 22, 7720.16, 49935115, 667
6456, 62, 135, 1208, 20, 0, 12.74%, 0, 0, 22, 7731.54, 49974352, 667
6462, 62, 220, 1208, 20, 0, 12.74%, 0, 0, 22, 7697.86, 50013692, 667
6467, 62, 82, 1208, 20, 0, 12.74%, 0, 0, 22, 7705.88, 50053400, 667
6472, 62, 71, 1208, 20, 0, 12.74%, 0, 0, 22, 7732.75, 50092872, 667
6477, 62, 252, 1208, 20, 0, 12.74%, 0, 0, 22, 7739.48, 50132365, 667
6482, 62, 89, 1208, 20, 0, 12.74%, 0, 0, 22, 7711.72, 50171628, 667
6487, 62, 790, 1208, 20, 0, 12.74%, 0, 0, 22, 7723.33, 50210903, 667
6492, 62, 92, 1209, 21, 0, 12.74%, 0, 0, 22, 7725.94, 50250554, 667
6497, 62, 31, 1209, 21, 0, 12.74%, 0, 0, 22, 7734.23, 50290089, 667
6502, 62, 71, 1209, 21, 0, 12.74%, 0, 0, 22, 7756.03, 50330168, 667
6508, 62, 102, 1209, 21, 0, 12.74%, 0, 0, 22, 7728.95, 50369647, 667
6513, 63, 287, 1209, 21, 0, 12.74%, 0, 0, 22, 7704.81, 50408728, 667
6518, 63, 85, 1211, 22, 0, 12.74%, 0, 0, 22, 7596.24, 50447804, 667
6523, 63, 128, 1211, 21, 0, 12.74%, 0, 0, 22, 7686.11, 50487207, 667
6528, 63, 198, 1211, 20, 0, 12.74%, 0, 0, 22, 7601.61, 50525537, 667
6533, 63, 120, 1212, 20, 0, 12.74%, 0, 0, 22, 7698.01, 50564716, 667
6538, 63, 1181, 1212, 20, 0, 12.74%, 0, 0, 22, 7507.96, 50603404, 667
6543, 63, 109, 1212, 19, 0, 12.74%, 0, 0, 22, 7619.30, 50641797, 667
6548, 63, 191, 1212, 19, 0, 12.74%, 0, 0, 22, 7709.13, 50681096, 667
6554, 63, 980, 1212, 19, 0, 12.74%, 0, 0, 22, 7697.55, 50720133, 667
6559, 63, 584, 1213, 20, 0, 12.74%, 0, 0, 22, 7704.80, 50759436, 667
6564, 63, 170, 1213, 20, 0, 12.74%, 0, 0, 22, 7696.43, 50798793, 667
6569, 63, 252, 1213, 20, 0, 12.74%, 0, 0, 22, 7687.14, 50838122, 667
6574, 63, 109, 1213, 20, 0, 12.74%, 0, 0, 22, 7710.35, 50877501, 667
6579, 63, 109, 1213, 19, 0, 12.74%, 0, 0, 22, 7652.42, 50916201, 667
6584, 63, 89, 1213, 19, 0, 12.74%, 0, 0, 22, 7668.00, 50955249, 667
6589, 63, 9, 1213, 19, 0, 12.74%, 0, 0, 22, 7670.46, 50994496, 667
6594, 64, 191, 1213, 19, 0, 12.74%, 0, 0, 22, 7714.81, 51033507, 667
6599, 64, 142, 1213, 19, 0, 12.74%, 0, 0, 22, 7694.19, 51072429, 667
6604, 64, 71, 1213, 19, 0, 12.74%, 0, 0, 22, 7691.75, 51111505, 667
6610, 64, 15, 1213, 19, 0, 12.74%, 0, 0, 22, 7743.96, 51150902, 667
6615, 64, 128, 1213, 18, 0, 12.74%, 0, 0, 22, 7724.21, 51190253, 667
6620, 64, 574, 1213, 18, 0, 12.74%, 0, 0, 22, 7714.27, 51229770, 667
6625, 64, 106, 1213, 18, 0, 12.74%, 0, 0, 22, 7706.74, 51268726, 667
6630, 64, 120, 1213, 18, 0, 12.74%, 0, 0, 22, 7724.08, 51308137, 667
6635, 64, 128, 1213, 18, 0, 12.74%, 0, 0, 22, 7728.51, 51347710, 667
6640, 64, 106, 1213, 18, 0, 12.74%, 0, 0, 22, 7700.71, 51387185, 667
6645, 64, 160, 1213, 18, 0, 12.74%, 0, 0, 22, 7711.23, 51426258, 667
6650, 64, 252, 1215, 20, 0, 12.74%, 0, 0, 22, 7715.73, 51465483, 667
6655, 64, 53, 1215, 20, 0, 12.74%, 0, 0, 22, 7729.69, 51504679, 667
6660, 64, 886, 1215, 20, 0, 12.74%, 0, 0, 22, 7642.44, 51543506, 667
6666, 64, 129, 1215, 20, 0, 12.74%, 0, 0, 22, 7709.66, 51582941, 667
6671, 65, 82, 1215, 20, 0, 12.74%, 0, 0, 22, 7688.24, 51622183, 667
6676, 65, 106, 1215, 20, 0, 12.74%, 0, 0, 22, 7728.31, 51661562, 667
6681, 65, 432, 1215, 20, 0, 12.74%, 0, 0, 22, 7729.91, 51700969, 667
6686, 65, 160, 1215, 20, 0, 12.74%, 0, 0, 22, 7698.45, 51740313, 667
6691, 65, 92, 1215, 20, 0, 12.74%, 0, 0, 22, 7682.49, 51779516, 667
6696, 65, 92, 1215, 20, 0, 12.74%, 0, 0, 22, 7705.40, 51818629, 667
6701, 65, 185, 1215, 20, 0, 12.74%, 0, 0, 22, 7708.27, 51857948, 667
6706, 65, 195, 1216, 21, 0, 12.74%, 0, 0, 22, 7710.83, 51897071, 667
6711, 65, 120, 1216, 21, 0, 12.74%, 0, 0, 22, 7752.78, 51936591, 667
6717, 65, 44, 1218, 22, 0, 12.74%, 0, 0, 22, 7553.76, 51975582, 667
6722, 65, 48, 1218, 22, 0, 12.74%, 0, 0, 22, 7679.69, 52014769, 667
6727, 65, 106, 1218, 22, 0, 12.74%, 0, 0, 22, 7698.25, 52054198, 667
6732, 65, 198, 1218, 22, 0, 12.74%, 0, 0, 22, 7716.12, 52093143, 667
6737, 65, 28, 1218, 22, 0, 12.74%, 0, 0, 22, 7665.01, 52131955, 667
6742, 65, 590, 1218, 22, 0, 12.74%, 0, 0, 22, 7682.06, 52171607, 667
6747, 65, 97, 1218, 22, 0, 12.74%, 0, 0, 22, 7710.58, 52211030, 667
6752, 66, 198, 1219, 22, 0, 12.74%, 0, 0, 22, 7646.13, 52250024, 667
6757, 66, 106, 1219, 21, 0, 12.74%, 0, 0, 22, 7718.25, 52289229, 667
6763, 66, 128, 1219, 21, 0, 12.74%, 0, 0, 22, 7696.78, 52328281, 667
6768, 66, 790, 1219, 21, 0, 12.74%, 0, 0, 22, 7722.83, 52367321, 667
6773, 66, 980, 1219, 21, 0, 12.74%, 0, 0, 22, 7639.34, 52406019, 667
6778, 66, 106, 1219, 21, 0, 12.74%, 0, 0, 22, 7724.81, 52445557, 667
6783, 66, 645, 1219, 21, 0, 12.74%, 0, 0, 22, 7748.18, 52485123, 667
6788, 66, 1218, 1223, 25, 0, 12.74%, 0, 0, 22, 7369.04, 52523725, 667
6793, 66, 196, 1224, 25, 0, 12.74%, 0, 0, 22, 7573.07, 52562412, 667
6798, 66, 109, 1224, 25, 0, 12.74%, 0, 0, 22, 7699.57, 52601651, 667
6803, 66, 109, 1226, 26, 0, 12.74%, 0, 0, 22, 7636.14, 52640545, 667
6808, 66, 105, 1226, 26, 0, 12.74%, 0, 0, 22, 7653.31, 52679552, 667
6813, 66, 204, 1227, 27, 0, 12.74%, 0, 0, 22, 7712.37, 52718783, 667
6819, 66, 109, 1227, 27, 0, 12.74%, 0, 0, 22, 7709.68, 52758152, 667
6824, 66, 28, 1228, 28, 0, 12.74%, 0, 0, 22, 7715.89, 52797265, 667
6829, 67, 306, 1228, 28, 0, 12.74%, 0, 0, 22, 7724.10, 52836856, 667
6834, 67, 643, 1228, 28, 0, 12.74%, 0, 0, 22, 7700.70, 52876032, 667
6839, 67, 28, 1228, 27, 0, 12.74%, 0, 0, 22, 7714.91, 52915401, 667
6844, 67, 198, 1228, 27, 0, 12.74%, 0, 0, 22, 7714.57, 52955131, 667
6849, 67, 48, 1228, 27, 0, 12.74%, 0, 0, 22, 7739.58, 52994641, 667
6854, 67, 120, 1228, 27, 0, 12.74%, 0, 0, 22, 7601.33, 53033580, 667
6859, 67, 106, 1228, 27, 0, 12.74%, 0, 0, 22, 7647.31, 53072338, 667
6864, 67, 187, 1228, 27, 0, 12.74%, 0, 0, 22, 7698.73, 53111616, 667
6870, 67, 478, 1228, 27, 0, 12.74%, 0, 0, 22, 7697.41, 53150776, 667
6875, 67, 1222, 1228, 27, 0, 12.74%, 0, 0, 22, 7408.47, 53188928, 667
6880, 67, 53, 1228, 26, 0, 12.74%, 0, 0, 22, 7663.43, 53228355, 667
6885, 67, 160, 1228, 25, 0, 12.74%, 0, 0, 22, 7572.33, 53267449, 667
6890, 67, 25, 1228, 25, 0, 12.74%, 0, 0, 22, 7691.80, 53307042, 667
6895, 67, 1185, 1228, 24, 0, 12.74%, 0, 0, 22, 7501.89, 53346012, 667
6900, 67, 106, 1228, 23, 0, 12.74%, 0, 0, 22, 7671.07, 53385438, 667
6905, 67, 198, 1228, 23, 0, 12.74%, 0, 0, 22, 7711.55, 53424560, 667
6910, 68, 48, 1228, 23, 0, 12.74%, 0, 0, 22, 7709.20, 53463878, 667
6916, 68, 97, 1228, 23, 0, 12.74%, 0, 0, 22, 7723.18, 53503531, 667
6921, 68, 220, 1228, 22, 0, 12.74%, 0, 0, 22, 7709.97, 53543082, 667
6926, 68, 724, 1228, 22, 0, 12.74%, 0, 0, 22, 7717.24, 53582230, 667
6931, 68, 700, 1229, 22, 0, 12.74%, 0, 0, 22, 7702.54, 53621421, 667
6936, 68, 585, 1229, 22, 0, 12.74%, 0, 0, 22, 7724.07, 53660710, 667
6941, 68, 120, 1229, 22, 0, 12.74%, 0, 0, 22, 7722.25, 53699909, 667
6946, 68, 590, 1229, 22, 0, 12.74%, 0, 0, 22, 7725.00, 53739238, 667
6951, 68, 53, 1229, 22, 0, 12.74%, 0, 0, 22, 7713.43, 53778374, 667
6956, 68, 252, 1229, 22, 0, 12.74%, 0, 0, 22, 7733.76, 53817829, 667
6961, 68, 538, 1229, 22, 0, 12.74%, 0, 0, 22, 7717.48, 53857366, 667
6967, 68, 120, 1229, 22, 0, 12.74%, 0, 0, 22, 7687.86, 53896768, 667
6972, 68, 120, 1229, 22, 0, 12.74%, 0, 0, 22, 7730.49, 53936249, 667
6977, 68, 120, 1229, 22, 0, 12.74%, 0, 0, 22, 7644.75, 53975217, 667
6982, 68, 128, 1229, 22, 0, 12.74%, 0, 0, 22, 7706.35, 54014320, 667
6987, 69, 1001, 1229, 22, 0, 12.74%, 0, 0, 22, 7511.80, 54052798, 667
6992, 69, 982, 1229, 21, 0, 12.74%, 0, 0, 22, 7637.08, 54091848, 667
6997, 69, 120, 1230, 21, 0, 12.74%, 0, 0, 22, 7690.15, 54130814, 667
7002, 69, 645, 1230, 20, 0, 12.74%, 0, 0, 22, 7591.91, 54169411, 667
7007, 69, 886, 1230, 20, 0, 12.74%, 0, 0, 22, 7654.34, 54208450, 667
7012, 69, 135, 1230, 20, 0, 12.74%, 0, 0, 22, 7645.37, 54247562, 667
7017, 69, 252, 1230, 20, 0, 12.74%, 0, 0, 22, 7721.89, 54287158, 667
7023, 69, 178, 1230, 20, 0, 12.74%, 0, 0, 22, 7731.79, 54326496, 667
7028, 69, 220, 1230, 20, 0, 12.74%, 0, 0, 22, 7741.40, 54365666, 667
7033, 69, 48, 1230, 20, 0, 12.74%, 0, 0, 22, 7757.44, 54405219, 667
7038, 69, 105, 1230, 20, 0, 12.74%, 0, 0, 22, 7748.20, 54444595, 667
7043, 69, 106, 1230, 20, 0, 12.74%, 0, 0, 22, 7685.24, 54483740, 667
7048, 69, 120, 1231, 20, 0, 12.74%, 0, 0, 22, 7586.02, 54522396, 667
7053, 69, 700, 1231, 20, 0, 12.74%, 0, 0, 22, 7660.59, 54561746, 667
7058, 69, 170, 1231, 20, 0, 12.74%, 0, 0, 22, 7712.23, 54601195, 667
7063, 69, 804, 1231, 20, 0, 12.74%, 0, 0, 22, 7726.20, 54640950, 667
7069, 70, 59, 1231, 20, 0, 12.74%, 0, 0, 22, 7712.02, 54680282, 667
7074, 70, 82, 1232, 19, 0, 12.74%, 0, 0, 22, 6942.89, 54715615, 667
7079, 70, 120, 1233, 19, 0, 12.74%, 0, 0, 22, 7541.69, 54754698, 667
7084, 70, 187, 1233, 19, 0, 12.74%, 0, 0, 22, 7684.44, 54794152, 667
7089, 70, 1092, 1233, 19, 0, 12.74%, 0, 0, 22, 7714.02, 54833729, 667
7094, 70, 135, 1233, 19, 0, 12.74%, 0, 0, 22, 7696.43, 54872967, 667
7099, 70, 252, 1233, 19, 0, 12.74%, 0, 0, 22, 7716.67, 54912447, 667
7104, 70, 48, 1233, 19, 0, 12.74%, 0, 0, 22, 7724.86, 54951738, 667
7109, 70, 102, 1233, 19, 0, 12.74%, 0, 0, 22, 7738.90, 54991214, 667
7114, 70, 130, 1233, 19, 0, 12.74%, 0, 0, 22, 7739.08, 55030451, 667
7120, 70, 9, 1233, 19, 0, 12.74%, 0, 0, 22, 7708.41, 55069536, 667
7125, 70, 120, 1233, 19, 0, 12.74%, 0, 0, 22, 7709.09, 55108783, 667
7130, 70, 66, 1233, 19, 0, 12.74%, 0, 0, 22, 7735.12, 55148105, 667
7135, 70, 183, 1233, 18, 0, 12.74%, 0, 0, 22, 7643.98, 55186533, 667
7140, 70, 982, 1234, 19, 0, 12.74%, 0, 0, 22, 7687.42, 55225471, 667
7145, 70, 109, 1234, 18, 0, 12.74%, 0, 0, 22, 7727.63, 55264865, 667
7150, 71, 645, 1234, 18, 0, 12.74%, 0, 0, 22, 7712.46, 55304376, 667
7155, 71, 102, 1236, 20, 0, 12.74%, 0, 0, 22, 7657.39, 55343130, 667
7160, 71, 106, 1236, 20, 0, 12.74%, 0, 0, 22, 7705.06, 55382453, 667
7165, 71, 174, 1236, 20, 0, 12.74%, 0, 0, 22, 7737.10, 55421887, 667
7170, 71, 183, 1236, 20, 0, 12.74%, 0, 0, 22, 7730.20, 55461148, 667
7176, 71, 259, 1236, 20, 0, 12.74%, 0, 0, 22, 7705.28, 55500101, 667
7181, 71, 287, 1236, 20, 0, 12.74%, 0, 0, 22, 7726.78, 55539584, 667
7186, 71, 287, 1236, 20, 0, 12.74%, 0, 0, 22, 7719.39, 55578734, 667
7191, 71, 135, 1236, 19, 0, 12.74%, 0, 0, 22, 7519.90, 55616546, 667
7196, 71, 170, 1236, 19, 0, 12.74%, 0, 0, 22, 7703.27, 55655610, 667
7201, 71, 125, 1236, 19, 0, 12.74%, 0, 0, 22, 7696.63, 55694899, 667
7206, 71, 198, 1236, 19, 0, 12.74%, 0, 0, 22, 7730.70, 55734402, 667
7211, 71, 584, 1236, 19, 0, 12.74%, 0, 0, 22, 7736.25, 55773517, 667
7216, 71, 120, 1236, 19, 0, 12.74%, 0, 0, 22, 7721.21, 55812640, 667
7221, 71, 252, 1236, 19, 0, 12.74%, 0, 0, 22, 7741.35, 55852169, 667
7226, 72, 53, 1238, 20, 0, 12.74%, 0, 0, 22, 7369.82, 55888810, 667
7232, 72, 31, 1238, 20, 0, 12.74%, 0, 0, 22, 7665.57, 55928171, 667
7237, 72, 106, 1238, 20, 0, 12.74%, 0, 0, 22, 7684.28, 55967244, 667
7242, 72, 508, 1238, 20, 0, 12.74%, 0, 0, 22, 7672.43, 56006247, 667
7247, 72, 48, 1238, 20, 0, 12.74%, 0, 0, 22, 7702.92, 56045871, 667
7252, 72, 94, 1238, 20, 0, 12.74%, 0, 0, 22, 7719.12, 56084884, 667
7257, 72, 388, 1238, 20, 0, 12.74%, 0, 0, 22, 7707.60, 56124162, 667
7262, 72, 107, 1238, 20, 0, 12.74%, 0, 0, 22, 7711.41, 56163182, 667
7267, 72, 170, 1238, 20, 0, 12.74%, 0, 0, 22, 7721.13, 56202601, 667
7272, 72, 109, 1238, 20, 0, 12.74%, 0, 0, 22, 7673.47, 56241798, 667
7277, 72, 128, 1238, 20, 0, 12.74%, 0, 0, 22, 7673.16, 56280950, 667
7282, 72, 259, 1238, 20, 0, 12.74%, 0, 0, 22, 7694.66, 56319897, 667
7288, 72, 15, 1238, 20, 0, 12.74%, 0, 0, 22, 7703.01, 56359254, 667
7293, 72, 106, 1238, 20, 0, 12.74%, 0, 0, 22, 7670.36, 56398519, 667
7298, 72, 1192, 1238, 20, 0, 12.74%, 0, 0, 22, 7721.33, 56437829, 667
7303, 73, 252, 1238, 20, 0, 12.74%, 0, 0, 22, 7739.29, 56477399, 667
7308, 73, 160, 1238, 20, 0, 12.74%, 0, 0, 22, 7726.20, 56516589, 667
7313, 73, 195, 1238, 20, 0, 12.74%, 0, 0, 22, 7718.40, 56555898, 667
7318, 73, 683, 1238, 20, 0, 12.74%, 0, 0, 22, 7710.48, 56595071, 667
7323, 73, 53, 1238, 20, 0, 12.74%, 0, 0, 22, 7700.04, 56634337, 667
7328, 73, 198, 1238, 20, 0, 12.74%, 0, 0, 22, 7700.71, 56674029, 667
7333, 73, 106, 1238, 20, 0, 12.74%, 0, 0, 22, 7702.60, 56713169, 667
7339, 73, 584, 1238, 20, 0, 12.74%, 0, 0, 22, 7684.94, 56752655, 667
7344, 73, 109, 1238, 20, 0, 12.74%, 0, 0, 22, 7712.64, 56791737, 667
7349, 73, 454, 1238, 20, 0, 12.74%, 0, 0, 22, 7726.87, 56831029, 667
7354, 73, 109, 1238, 20, 0, 12.74%, 0, 0, 22, 7727.69, 56870467, 667
7359, 73, 31, 1238, 20, 0, 12.74%, 0, 0, 22, 7706.59, 56909723, 667
7364, 73, 128, 1238, 20, 0, 12.74%, 0, 0, 22, 7671.21, 56949073, 667
7369, 73, 187, 1238, 20, 0, 12.74%, 0, 0, 22, 7726.81, 56988278, 667
7374, 73, 109, 1238, 20, 0, 12.74%, 0, 0, 22, 7656.59, 57027337, 667
7379, 73, 135, 1238, 20, 0, 12.74%, 0, 0, 22, 7664.18, 57066201, 667
7384, 74, 120, 1238, 20, 0, 12.74%, 0, 0, 22, 7695.61, 57105942, 667
7390, 74, 252, 1238, 20, 0, 12.74%, 0, 0, 22, 7665.46, 57145300, 667
7395, 74, 77, 1238, 20, 0, 12.74%, 0, 0, 22, 7693.30, 57184487, 667
7400, 74, 135, 1238, 20, 0, 12.74%, 0, 0, 22, 7722.08, 57223571, 667
7405, 74, 63, 1238, 20, 0, 12.74%, 0, 0, 22, 7737.72, 57263086, 667
7410, 74, 508, 1238, 19, 0, 12.74%, 0, 0, 22, 7499.85, 57301069, 667
7415, 74, 120, 1238, 19, 0, 12.74%, 0, 0, 22, 7701.85, 57340560, 667
7420, 74, 9, 1238, 18, 0, 12.74%, 0, 0, 22, 7630.08, 57379425, 667
7425, 74, 982, 1238, 18, 0, 12.74%, 0, 0, 22, 7670.86, 57418402, 667
7430, 74, 109, 1238, 18, 0, 12.74%, 0, 0, 22, 7708.56, 57457493, 667
7435, 74, 106, 1238, 18, 0, 12.74%, 0, 0, 22, 7719.29, 57496760, 667
7440, 74, 252, 1238, 18, 0, 12.74%, 0, 0, 22, 7750.34, 57536357, 667
7446, 74, 15, 1238, 18, 0, 12.74%, 0, 0, 22, 7655.27, 57575311, 667
7451, 74, 109, 1238, 18, 0, 12.74%, 0, 0, 22, 7697.04, 57614806, 667
7456, 74, 252, 1238, 17, 0, 12.74%, 0, 0, 22, 7674.11, 57653572, 667
7461, 75, 106, 1238, 17, 0, 12.74%, 0, 0, 22, 7734.89, 57693338, 667
7466, 75, 574, 1238, 17, 0, 12.74%, 0, 0, 22, 7712.64, 57733087, 667
7471, 75, 120, 1238, 17, 0, 12.74%, 0, 0, 22, 7675.62, 57772240, 667
7476, 75, 177, 1238, 17, 0, 12.74%, 0, 0, 22, 7684.04, 57811334, 667
7481, 75, 196, 1238, 16, 0, 12.74%, 0, 0, 22, 7516.63, 57848205, 667
7486, 75, 85, 1239, 16, 0, 12.74%, 0, 0, 22, 7632.58, 57887372, 667
7492, 75, 198, 1239, 16, 0, 12.74%, 0, 0, 22, 7718.31, 57927058, 667
7497, 75, 89, 1239, 16, 0, 12.74%, 0, 0, 22, 7730.26, 57966380, 667
7502, 75, 1236, 1239, 16, 0, 12.74%, 0, 0, 22, 7450.73, 58005030, 667
7507, 75, 183, 1239, 15, 0, 12.74%, 0, 0, 22, 7666.82, 58044251, 667
7512, 75, 106, 1239, 14, 0, 12.74%, 0, 0, 22, 7677.32, 58083252, 667
7517, 75, 252, 1239, 14, 0, 12.74%, 0, 0, 22, 7649.63, 58121876, 667
7522, 75, 71, 1239, 14, 0, 12.74%, 0, 0, 22, 7664.39, 58161234, 667
7527, 75, 142, 1239, 14, 0, 12.74%, 0, 0, 22, 7724.71, 58200777, 667
7532, 75, 128, 1239, 14, 0, 12.74%, 0, 0, 22, 7704.71, 58239878, 667
7537, 75, 120, 1239, 13, 0, 12.74%, 0, 0, 22, 7622.45, 58278914, 667
7543, 76, 429, 1239, 13, 0, 12.74%, 0, 0, 22, 7680.71, 58318010, 667
7548, 76, 25, 1239, 13, 0, 12.74%, 0, 0, 22, 7735.04, 58357273, 667
7553, 76, 89, 1239, 13, 0, 12.74%, 0, 0, 22, 7715.87, 58396756, 667
7558, 76, 120, 1239, 13, 0, 12.74%, 0, 0, 22, 7730.85, 58436443, 667
7563, 76, 220, 1239, 13, 0, 12.74%, 0, 0, 22, 7725.66, 58475512, 667
7568, 76, 102, 1239, 13, 0, 12.74%, 0, 0, 22, 7718.54, 58515037, 667
7573, 76, 125, 1239, 13, 0, 12.74%, 0, 0, 22, 7729.97, 58554630, 667
7578, 76, 643, 1239, 13, 0, 12.74%, 0, 0, 22, 7719.07, 58593644, 667
7583, 76, 85, 1239, 13, 0, 12.74%, 0, 0, 22, 7685.33, 58632917, 667
7588, 76, 34, 1239, 13, 0, 12.74%, 0, 0, 22, 7690.50, 58671972, 667
7593, 76, 252, 1239, 13, 0, 12.74%, 0, 0, 22, 7653.81, 58711146, 667
7599, 76, 94, 1239, 13, 0, 12.74%, 0, 0, 22, 7695.57, 58750346, 667
7604, 76, 129, 1239, 13, 0, 12.74%, 0, 0, 22, 7669.07, 58789399, 667
7609, 76, 177, 1239, 13, 0, 12.74%, 0, 0, 22, 7699.28, 58828497, 667
7614, 76, 174, 1239, 13, 0, 12.74%, 0, 0, 22, 7708.22, 58867703, 667
7619, 77, 574, 1239, 13, 0, 12.74%, 0, 0, 22, 7717.02, 58907219, 667
7624, 77, 454, 1239, 13, 0, 12.74%, 0, 0, 22, 7716.38, 58946254, 667
7629, 77, 590, 1239, 13, 0, 12.74%, 0, 0, 22, 7698.42, 58985475, 667
7634, 77, 120, 1239, 13, 0, 12.74%, 0, 0, 22, 7666.19, 59024753, 667
7639, 77, 106, 1240, 13, 0, 12.74%, 0, 0, 22, 7600.40, 59063093, 667
7644, 77, 105, 1240, 13, 0, 12.74%, 0, 0, 22, 7623.40, 59102249, 667
7650, 77, 170, 1240, 13, 0, 12.74%, 0, 0, 22, 7704.36, 59141545, 667
7655, 77, 77, 1240, 13, 0, 12.74%, 0, 0, 22, 7698.78, 59180728, 667
7660, 77, 191, 1240, 13, 0, 12.74%, 0, 0, 22, 7691.66, 59220040, 667
7665, 77, 48, 1240, 13, 0, 12.74%, 0, 0, 22, 7719.02, 59259347, 667
7670, 77, 106, 1240, 13, 0, 12.74%, 0, 0, 22, 7741.15, 59298619, 667
7675, 77, 120, 1240, 13, 0, 12.74%, 0, 0, 22, 7733.65, 59337712, 667
7680, 77, 135, 1240, 13, 0, 12.74%, 0, 0, 22, 7705.47, 59376956, 667
7685, 77, 109, 1241, 14, 0, 12.74%, 0, 0, 22, 7686.92, 59416087, 667
7690, 77, 106, 1241, 14, 0, 12.74%, 0, 0, 22, 7713.12, 59455003, 667
7695, 77, 252, 1241, 14, 0, 12.74%, 0, 0, 22, 7718.70, 59494847, 667
7701, 78, 15, 1241, 14, 0, 12.74%, 0, 0, 22, 7734.04, 59534090, 667
7706, 78, 109, 1241, 14, 0, 12.74%, 0, 0, 22, 7663.62, 59573260, 667
7711, 78, 252, 1241, 14, 0, 12.74%, 0, 0, 22, 7709.88, 59612695, 667
7716, 78, 683, 1241, 14, 0, 12.74%, 0, 0, 22, 7723.73, 59651441, 667
7721, 78, 198, 1241, 14, 0, 12.74%, 0, 0, 22, 7693.31, 59690986, 667
7726, 78, 130, 1241, 13, 0, 12.74%, 0, 0, 22, 7531.26, 59728526, 667
7731, 78, 135, 1241, 13, 0, 12.74%, 0, 0, 22, 7628.76, 59767294, 667
7736, 78, 1240, 1241, 13, 0, 12.74%, 0, 0, 22, 7499.36, 59805958, 667
7741, 78, 584, 1241, 12, 0, 12.74%, 0, 0, 22, 7669.30, 59845264, 667
7746, 78, 48, 1241, 12, 0, 12.74%, 0, 0, 22, 7702.07, 59884723, 667
7751, 78, 97, 1241, 12, 0, 12.74%, 0, 0, 22, 7710.66, 59924101, 667
7757, 78, 109, 1241, 12, 0, 12.74%, 0, 0, 22, 7653.96, 59963508, 667
7762, 78, 89, 1241, 11, 0, 12.74%, 0, 0, 22, 7662.26, 60002643, 667
7767, 78, 170, 1241, 10, 0, 12.74%, 0, 0, 22, 7617.82, 60040964, 667
7772, 78, 252, 1241, 10, 0, 12.74%, 0, 0, 22, 7665.57, 60079848, 667
7777, 79, 44, 1241, 10, 0, 12.74%, 0, 0, 22, 7712.64, 60119047, 667
7782, 79, 198, 1241, 10, 0, 12.74%, 0, 0, 22, 7698.78, 60158099, 667
7787, 79, 252, 1241, 10, 0, 12.74%, 0, 0, 22, 7730.04, 60197281, 667
7792, 79, 1236, 1242, 11, 0, 12.74%, 0, 0, 22, 7411.18, 60235736, 667
7798, 79, 142, 1243, 12, 0, 12.74%, 0, 0, 22, 7479.82, 60273917, 667
7803, 79, 48, 1244, 13, 0, 12.74%, 0, 0, 22, 7643.85, 60313119, 667
7808, 79, 388, 1244, 13, 0, 12.74%, 0, 0, 22, 7711.79, 60352471, 667
7813, 79, 97, 1244, 13, 0, 12.74%, 0, 0, 22, 7720.29, 60391719, 667
7818, 79, 252, 1244, 12, 0, 12.74%, 0, 0, 22, 7506.56, 60429491, 667
7823, 79, 252, 1245, 12, 0, 12.74%, 0, 0, 22, 7612.13, 60468682, 667
7828, 79, 191, 1245, 12, 0, 12.74%, 0, 0, 22, 7692.66, 60508304, 667
7833, 79, 192, 1245, 11, 0, 12.74%, 0, 0, 22, 7604.89, 60547182, 667
7838, 79, 362, 1245, 11, 0, 12.74%, 0, 0, 22, 7655.73, 60586657, 667
7844, 79, 170, 1245, 11, 0, 12.74%, 0, 0, 22, 7699.95, 60625636, 667
7849, 79, 245, 1245, 11, 0, 12.74%, 0, 0, 22, 7690.78, 60664763, 667
7854, 79, 105, 1245, 11, 0, 12.74%, 0, 0, 22, 7694.22, 60703901, 667
7859, 79, 643, 1245, 11, 0, 12.74%, 0, 0, 22, 7708.05, 60742920, 667
7864, 80, 198, 1245, 11, 0, 12.74%, 0, 0, 22, 7698.40, 60782140, 667
7869, 80, 198, 1245, 11, 0, 12.74%, 0, 0, 22, 7638.22, 60820821, 667
7874, 80, 55, 1245, 11, 0, 12.74%, 0, 0, 22, 7669.19, 60859860, 667
7879, 80, 92, 1245, 11, 0, 12.74%, 0, 0, 22, 7676.19, 60898812, 667
7884, 80, 287, 1245, 11, 0, 12.74%, 0, 0, 22, 7678.32, 60938055, 667
7889, 80, 177, 1245, 11, 0, 12.74%, 0, 0, 22, 7669.46, 60976769, 667
7894, 80, 106, 1245, 11, 0, 12.74%, 0, 0, 22, 7700.16, 61015682, 667
7899, 80, 135, 1245, 11, 0, 12.74%, 0, 0, 22, 7665.06, 61054546, 667
7904, 80, 980, 1245, 11, 0, 12.74%, 0, 0, 22, 7668.26, 61093476, 667
7910, 80, 645, 1245, 11, 0, 12.74%, 0, 0, 22, 7649.31, 61132541, 667
7915, 80, 109, 1245, 11, 0, 12.74%, 0, 0, 22, 7689.30, 61171663, 667
7920, 80, 106, 1245, 11, 0, 12.74%, 0, 0, 22, 7682.53, 61211006, 667
7925, 80, 1244, 1245, 11, 0, 12.74%, 0, 0, 22, 7689.38, 61250337, 667
7930, 80, 252, 1245, 10, 0, 12.74%, 0, 0, 22, 7669.12, 61289516, 667
7935, 80, 106, 1245, 10, 0, 12.74%, 0, 0, 22, 7674.48, 61328747, 667
7940, 80, 174, 1245, 10, 0, 12.74%, 0, 0, 22, 7668.61, 61367457, 667
7945, 81, 9, 1245, 9, 0, 12.74%, 0, 0, 22, 7663.87, 61406416, 667
7950, 81, 109, 1245, 9, 0, 12.74%, 0, 0, 22, 7691.11, 61445843, 667
7955, 81, 82, 1245, 9, 0, 12.74%, 0, 0, 22, 7702.90, 61484970, 667
7961, 81, 252, 1245, 9, 0, 12.74%, 0, 0, 22, 7705.10, 61524321, 667
7966, 81, 287, 1245, 9, 0, 12.74%, 0, 0, 22, 7725.65, 61564039, 667
7971, 81, 1084, 1245, 9, 0, 12.74%, 0, 0, 22, 7704.54, 61603561, 667
7976, 81, 105, 1245, 9, 0, 12.74%, 0, 0, 22, 7699.91, 61642566, 667
7981, 81, 120, 1245, 9, 0, 12.74%, 0, 0, 22, 7628.44, 61681382, 667
7986, 81, 198, 1245, 9, 0, 12.74%, 0, 0, 22, 7660.08, 61720284, 667
7991, 81, 645, 1245, 9, 0, 12.74%, 0, 0, 22, 7715.11, 61759831, 667
7996, 81, 128, 1245, 9, 0, 12.74%, 0, 0, 22, 7733.90, 61799230, 667
8001, 81, 306, 1245, 9, 0, 12.74%, 0, 0, 22, 7725.81, 61838558, 667
8006, 81, 102, 1245, 8, 0, 12.74%, 0, 0, 22, 7549.96, 61876877, 667
8012, 81, 252, 1245, 8, 0, 12.74%, 0, 0, 22, 7686.11, 61916407, 667
8017, 81, 982, 1245, 8, 0, 12.74%, 0, 0, 22, 7696.65, 61955483, 667
8022, 82, 706, 1245, 8, 0, 12.74%, 0, 0, 22, 7706.74, 61994994, 667
8027, 82, 287, 1245, 8, 0, 12.74%, 0, 0, 22, 7687.62, 62034235, 667
8032, 82, 59, 1245, 8, 0, 12.74%, 0, 0, 22, 7699.06, 62073594, 667
8037, 82, 198, 1245, 8, 0, 12.74%, 0, 0, 22, 7681.29, 62112543, 667
8042, 82, 198, 1245, 8, 0, 12.74%, 0, 0, 22, 7693.19, 62151554, 667
8047, 82, 252, 1245, 8, 0, 12.74%, 0, 0, 22, 7709.82, 62190706, 667
8052, 82, 187, 1245, 8, 0, 12.74%, 0, 0, 22, 7722.53, 62229883, 667
8057, 82, 252, 1245, 8, 0, 12.74%, 0, 0, 22, 7738.99, 62269093, 667
8062, 82, 170, 1245, 8, 0, 12.74%, 0, 0, 22, 7745.93, 62308400, 667
8068, 82, 183, 1245, 8, 0, 12.74%, 0, 0, 22, 7687.20, 62347430, 667
8073, 82, 109, 1245, 7, 0, 12.74%, 0, 0, 22, 7633.49, 62385791, 667
8078, 82, 160, 1245, 7, 0, 12.74%, 0, 0, 22, 7668.38, 62424649, 667
8083, 82, 192, 1245, 7, 0, 12.74%, 0, 0, 22, 7687.40, 62464152, 667
8088, 82, 85, 1245, 7, 0, 12.74%, 0, 0, 22, 7711.68, 62503504, 667
8093, 82, 519, 1245, 7, 0, 12.74%, 0, 0, 22, 7727.09, 62542538, 667
8098, 83, 287, 1245, 7, 0, 12.74%, 0, 0, 22, 7703.46, 62581653, 667
8103, 83, 106, 1245, 7, 0, 12.74%, 0, 0, 22, 7707.47, 62620525, 667
8108, 83, 48, 1245, 7, 0, 12.74%, 0, 0, 22, 7733.44, 62659816, 667
8113, 83, 106, 1245, 7, 0, 12.74%, 0, 0, 22, 7735.50, 62699124, 667
8118, 83, 63, 1245, 7, 0, 12.74%, 0, 0, 22, 7705.66, 62738335, 667
8123, 83, 259, 1245, 7, 0, 12.74%, 0, 0, 22, 7709.90, 62777573, 667
8128, 83, 92, 1245, 7, 0, 12.74%, 0, 0, 22, 7736.49, 62816743, 667
8134, 83, 196, 1245, 7, 0, 12.74%, 0, 0, 22, 7735.19, 62856523, 667
8139, 83, 27, 1245, 7, 0, 12.74%, 0, 0, 22, 7716.90, 62895720, 667
8144, 83, 106, 1245, 7, 0, 12.74%, 0, 0, 22, 7709.99, 62934835, 667
8149, 83, 287, 1245, 7, 0, 12.74%, 0, 0, 22, 7706.93, 62973698, 667
8154, 83, 120, 1245, 7, 0, 12.74%, 0, 0, 22, 7713.50, 63012891, 667
8159, 83, 120, 1245, 7, 0, 12.74%, 0, 0, 22, 7709.12, 63052150, 667
8164, 83, 160, 1245, 7, 0, 12.74%, 0, 0, 22, 7687.18, 63091412, 667
8169, 83, 15, 1245, 7, 0, 12.74%, 0, 0, 22, 7651.11, 63130401, 667
8174, 83, 82, 1245, 7, 0, 12.74%, 0, 0, 22, 7662.13, 63169355, 667
8179, 84, 135, 1245, 7, 0, 12.74%, 0, 0, 22, 7686.42, 63208544, 667
8184, 84, 85, 1245, 7, 0, 12.74%, 0, 0, 22, 7641.30, 63247381, 667
8190, 84, 508, 1245, 7, 0, 12.74%, 0, 0, 22, 7645.26, 63286121, 667
8195, 84, 316, 1245, 7, 0, 12.74%, 0, 0, 22, 7631.74, 63324705, 667
8200, 84, 195, 1245, 7, 0, 12.74%, 0, 0, 22, 7682.28, 63363872, 667
8205, 84, 643, 1245, 7, 0, 12.74%, 0, 0, 22, 7695.40, 63403258, 667
8210, 84, 982, 1245, 7, 0, 12.74%, 0, 0, 22, 7697.05, 63442670, 667
8215, 84, 109, 1245, 7, 0, 12.74%, 0, 0, 22, 7701.81, 63482044, 667
8220, 84, 886, 1245, 7, 0, 12.74%, 0, 0, 22, 7700.10, 63521343, 667
8225, 84, 187, 1245, 7, 0, 12.74%, 0, 0, 22, 7715.35, 63560626, 667
8230, 84, 170, 1245, 7, 0, 12.74%, 0, 0, 22, 7693.96, 63599963, 667
8235, 84, 85, 1245, 7, 0, 12.74%, 0, 0, 22, 7688.13, 63639181, 667
8241, 84, 48, 1245, 7, 0, 12.74%, 0, 0, 22, 7623.18, 63678045, 667
8246, 84, 89, 1245, 7, 0, 12.74%, 0, 0, 22, 7727.89, 63717311, 667
8251, 84, 667, 1245, 7, 0, 12.74%, 0, 0, 22, 7694.99, 63756061, 667
8256, 85, 85, 1245, 7, 0, 12.74%, 0, 0, 22, 7678.91, 63794947, 667
8261, 85, 129, 1245, 7, 0, 12.74%, 0, 0, 22, 7712.52, 63833889, 667
8266, 85, 252, 1245, 7, 0, 12.74%, 0, 0, 22, 7694.71, 63872993, 667
8271, 85, 584, 1245, 7, 0, 12.74%, 0, 0, 22, 7695.90, 63911722, 667
8276, 85, 105, 1245, 7, 0, 12.74%, 0, 0, 22, 7728.47, 63951032, 667
8281, 85, 252, 1245, 7, 0, 12.74%, 0, 0, 22, 7718.13, 63990551, 667
8286, 85, 130, 1245, 7, 0, 12.74%, 0, 0, 22, 7708.73, 64029600, 667
8291, 85, 109, 1245, 7, 0, 12.74%, 0, 0, 22, 7675.77, 64069007, 667
8296, 85, 59, 1245, 7, 0, 12.74%, 0, 0, 22, 7721.81, 64108169, 667
8301, 85, 287, 1245, 7, 0, 12.74%, 0, 0, 22, 7726.61, 64147624, 667
8307, 85, 170, 1245, 7, 0, 12.74%, 0, 0, 22, 7732.55, 64187210, 667
8312, 85, 135, 1245, 7, 0, 12.74%, 0, 0, 22, 7711.80, 64226323, 667
8317, 85, 429, 1245, 7, 0, 12.74%, 0, 0, 22, 7708.30, 64265658, 667
8322, 85, 181, 1245, 7, 0, 12.74%, 0, 0, 22, 7697.48, 64304438, 667
8327, 85, 85, 1245, 7, 0, 12.74%, 0, 0, 22, 7689.83, 64343581, 667
8332, 86, 252, 1245, 7, 0, 12.74%, 0, 0, 22, 7687.79, 64382320, 667
8337, 86, 28, 1245, 7, 0, 12.74%, 0, 0, 22, 7707.24, 64421714, 667
8342, 86, 1242, 1245, 7, 0, 12.74%, 0, 0, 22, 7736.25, 64461215, 667
8347, 86, 128, 1246, 7, 0, 12.74%, 0, 0, 22, 7620.30, 64499614, 667
8352, 86, 120, 1246, 7, 0, 12.74%, 0, 0, 22, 7693.00, 64539007, 667
8357, 86, 109, 1246, 7, 0, 12.74%, 0, 0, 22, 7702.64, 64578015, 667
8362, 86, 77, 1246, 7, 0, 12.74%, 0, 0, 22, 7695.93, 64616963, 667
8368, 86, 458, 1246, 7, 0, 12.74%, 0, 0, 22, 7709.17, 64656128, 667
8373, 86, 1054, 1246, 7, 0, 12.74%, 0, 0, 22, 7678.75, 64695178, 667
8378, 86, 107, 1246, 7, 0, 12.74%, 0, 0, 22, 7636.07, 64734025, 667
8383, 86, 191, 1246, 7, 0, 12.74%, 0, 0, 22, 7688.40, 64773232, 667
8388, 86, 378, 1246, 7, 0, 12.74%, 0, 0, 22, 7692.70, 64812360, 667
8393, 86, 109, 1246, 7, 0, 12.74%, 0, 0, 22, 7678.16, 64851543, 667
8398, 86, 429, 1246, 7, 0, 12.74%, 0, 0, 22, 7712.66, 64890922, 667
8403, 86, 342, 1246, 6, 0, 12.74%, 0, 0, 22, 7669.74, 64930263, 667
8408, 86, 66, 1246, 6, 0, 12.74%, 0, 0, 22, 7661.29, 64969525, 667
8414, 87, 109, 1246, 6, 0, 12.74%, 0, 0, 22, 7700.66, 65008891, 667
8419, 87, 198, 1246, 6, 0, 12.74%, 0, 0, 22, 7719.74, 65048044, 667
8424, 87, 106, 1246, 5, 0, 12.74%, 0, 0, 22, 7682.98, 65086926, 667
8429, 87, 133, 1246, 4, 0, 12.74%, 0, 0, 22, 7413.90, 65123515, 667
8434, 87, 60, 1246, 4, 0, 12.74%, 0, 0, 22, 7672.48, 65162841, 667
8439, 87, 178, 1246, 4, 0, 12.74%, 0, 0, 22, 7705.76, 65202247, 667
8444, 87, 66, 1246, 4, 0, 12.74%, 0, 0, 22, 7735.67, 65241620, 667
8449, 87, 125, 1246, 4, 0, 12.74%, 0, 0, 22, 7675.12, 65280698, 667
8454, 87, 283, 1246, 4, 0, 12.74%, 0, 0, 22, 7682.48, 65319636, 667
8459, 87, 34, 1247, 5, 0, 12.74%, 0, 0, 22, 7732.71, 65358946, 667
8464, 87, 135, 1247, 5, 0, 12.74%, 0, 0, 22, 7690.45, 65398146, 667
8470, 87, 170, 1247, 5, 0, 12.74%, 0, 0, 22, 7712.83, 65437282, 667
8475, 87, 196, 1247, 5, 0, 12.74%, 0, 0, 22, 7722.23, 65476794, 667
8480, 87, 105, 1247, 5, 0, 12.74%, 0, 0, 22, 7743.60, 65516373, 667
8485, 87, 106, 1247, 5, 0, 12.74%, 0, 0, 22, 7727.38, 65555759, 667
8490, 87, 886, 1247, 5, 0, 12.74%, 0, 0, 22, 7701.75, 65594758, 667
8495, 88, 135, 1247, 5, 0, 12.74%, 0, 0, 22, 7717.93, 65634160, 667
8500, 88, 187, 1247, 5, 0, 12.74%, 0, 0, 22, 7710.15, 65673593, 667
8505, 88, 135, 1247, 5, 0, 12.74%, 0, 0, 22, 7740.01, 65712711, 667
8510, 88, 106, 1248, 6, 0, 12.74%, 0, 0, 22, 7712.21, 65752122, 667
8515, 88, 133, 1248, 6, 0, 12.74%, 0, 0, 22, 7720.76, 65791263, 667
8520, 88, 454, 1248, 6, 0, 12.74%, 0, 0, 22, 7752.14, 65830467, 667
8526, 88, 187, 1248, 6, 0, 12.74%, 0, 0, 22, 7706.51, 65869649, 667
8531, 88, 130, 1248, 6, 0, 12.74%, 0, 0, 22, 7715.84, 65908994, 667
8536, 88, 198, 1248, 6, 0, 12.74%, 0, 0, 22, 7708.61, 65948035, 667
8541, 88, 107, 1248, 6, 0, 12.74%, 0, 0, 22, 7734.61, 65987318, 667
8546, 88, 982, 1248, 6, 0, 12.74%, 0, 0, 22, 7752.20, 66026567, 667
8551, 88, 198, 1248, 6, 0, 12.74%, 0, 0, 22, 7708.71, 66065638, 667
8556, 88, 204, 1248, 6, 0, 12.74%, 0, 0, 22, 7695.29, 66104824, 667
8561, 88, 508, 1248, 6, 0, 12.74%, 0, 0, 22, 7660.87, 66144010, 667
8566, 88, 109, 1248, 6, 0, 12.74%, 0, 0, 22, 7640.90, 66183069, 667
8571, 89, 59, 1248, 6, 0, 12.74%, 0, 0, 22, 7694.25, 66222458, 667
8576, 89, 135, 1248, 6, 0, 12.74%, 0, 0, 22, 7680.04, 66261540, 667
8581, 89, 982, 1248, 6, 0, 12.74%, 0, 0, 22, 7700.67, 66300400, 667
8587, 89, 196, 1248, 6, 0, 12.74%, 0, 0, 22, 7717.74, 66339772, 667
8592, 89, 94, 1248, 6, 0, 12.74%, 0, 0, 22, 7732.71, 66379244, 667
8597, 89, 142, 1248, 6, 0, 12.74%, 0, 0, 22, 7715.82, 66418931, 667
8602, 89, 106, 1248, 6, 0, 12.74%, 0, 0, 22, 7690.22, 66458302, 667
8607, 89, 107, 1248, 6, 0, 12.74%, 0, 0, 22, 7695.18, 66497445, 667
8612, 89, 120, 1248, 6, 0, 12.74%, 0, 0, 22, 7696.95, 66536704, 667
8617, 89, 982, 1248, 6, 0, 12.74%, 0, 0, 22, 7724.45, 66576082, 667
8622, 89, 390, 1248, 6, 0, 12.74%, 0, 0, 22, 7730.85, 66615621, 667
8627, 89, 187, 1248, 6, 0, 12.74%, 0, 0, 22, 7692.99, 66655110, 667
8633, 89, 192, 1248, 6, 0, 12.74%, 0, 0, 22, 7716.25, 66694437, 667
8638, 89, 198, 1248, 6, 0, 12.74%, 0, 0, 22, 7700.67, 66733513, 667
8643, 89, 120, 1248, 6, 0, 12.74%, 0, 0, 22, 7692.56, 66772838, 667
8648, 90, 106, 1248, 6, 0, 12.74%, 0, 0, 22, 7690.59, 66812373, 667
8653, 90, 643, 1248, 6, 0, 12.74%, 0, 0, 22, 7739.08, 66851673, 667
8658, 90, 63, 1248, 6, 0, 12.74%, 0, 0, 22, 7685.88, 66890674, 667
8663, 90, 187, 1248, 6, 0, 12.74%, 0, 0, 22, 7747.20, 66930115, 667
8668, 90, 85, 1248, 6, 0, 12.74%, 0, 0, 22, 7715.35, 66969059, 667
8673, 90, 102, 1248, 6, 0, 12.74%, 0, 0, 22, 7732.15, 67008665, 667
8678, 90, 185, 1248, 6, 0, 12.74%, 0, 0, 22, 7734.95, 67048066, 667
8683, 90, 170, 1250, 7, 0, 12.74%, 0, 0, 22, 7640.87, 67086747, 667
8689, 90, 109, 1250, 7, 0, 12.74%, 0, 0, 22, 7721.57, 67125945, 667
8694, 90, 129, 1250, 7, 0, 12.74%, 0, 0, 22, 7707.66, 67165304, 667
8699, 90, 107, 1250, 7, 0, 12.74%, 0, 0, 22, 7714.19, 67204468, 667
8704, 90, 170, 1250, 7, 0, 12.74%, 0, 0, 22, 7712.89, 67243545, 667
8709, 90, 125, 1250, 7, 0, 12.74%, 0, 0, 22, 7680.64, 67282549, 667
8714, 90, 120, 1250, 7, 0, 12.74%, 0, 0, 22, 7710.01, 67322030, 667
8719, 90, 109, 1250, 7, 0, 12.74%, 0, 0, 22, 7716.43, 67361389, 667
8724, 90, 66, 1250, 7, 0, 12.74%, 0, 0, 22, 7730.70, 67400994, 667
8729, 91, 135, 1250, 7, 0, 12.74%, 0, 0, 22, 7731.71, 67440149, 667
8734, 91, 109, 1250, 7, 0, 12.74%, 0, 0, 22, 7682.59, 67479592, 667
8739, 91, 85, 1250, 7, 0, 12.74%, 0, 0, 22, 7714.49, 67518718, 667
8745, 91, 53, 1250, 7, 0, 12.74%, 0, 0, 22, 7712.59, 67558398, 667
8750, 91, 120, 1250, 7, 0, 12.74%, 0, 0, 22, 7699.48, 67597750, 667
8755, 91, 48, 1250, 7, 0, 12.74%, 0, 0, 22, 7719.71, 67636936, 667
8760, 91, 106, 1250, 7, 0, 12.74%, 0, 0, 22, 7741.00, 67676329, 667
8765, 91, 508, 1250, 7, 0, 12.74%, 0, 0, 22, 7680.94, 67715357, 667
8770, 91, 135, 1250, 6, 0, 12.74%, 0, 0, 22, 7686.73, 67754744, 667
8775, 91, 128, 1250, 6, 0, 12.74%, 0, 0, 22, 7735.88, 67794375, 667
8780, 91, 31, 1250, 6, 0, 12.74%, 0, 0, 22, 7700.61, 67833677, 667
8785, 91, 177, 1250, 6, 0, 12.74%, 0, 0, 22, 7667.23, 67872829, 667
8791, 91, 128, 1250, 6, 0, 12.74%, 0, 0, 22, 7724.41, 67912334, 667
8796, 91, 259, 1250, 6, 0, 12.74%, 0, 0, 22, 7742.85, 67951841, 667
8801, 91, 130, 1250, 6, 0, 12.74%, 0, 0, 22, 7723.20, 67991400, 667
8806, 92, 287, 1250, 6, 0, 12.74%, 0, 0, 22, 7709.31, 68030715, 667
8811, 92, 259, 1250, 6, 0, 12.74%, 0, 0, 22, 7717.44, 68070052, 667
8816, 92, 66, 1250, 6, 0, 12.74%, 0, 0, 22, 7746.75, 68109887, 667
8821, 92, 89, 1250, 6, 0, 12.74%, 0, 0, 22, 7721.00, 68149145, 667
8826, 92, 667, 1250, 6, 0, 12.74%, 0, 0, 22, 7725.04, 68188886, 667
8831, 92, 48, 1250, 6, 0, 12.74%, 0, 0, 22, 7715.74, 68228112, 667
8837, 92, 178, 1250, 5, 0, 12.74%, 0, 0, 22, 7722.64, 68267090, 667
8842, 92, 584, 1250, 5, 0, 12.74%, 0, 0, 22, 7706.74, 68306666, 667
8847, 92, 28, 1250, 5, 0, 12.74%, 0, 0, 22, 7700.26, 68345557, 667
8852, 92, 287, 1250, 5, 0, 12.74%, 0, 0, 22, 7732.68, 68384876, 667
8857, 92, 683, 1250, 5, 0, 12.74%, 0, 0, 22, 7709.67, 68423923, 667
8862, 92, 170, 1250, 5, 0, 12.74%, 0, 0, 22, 7722.19, 68463222, 667
8867, 92, 48, 1250, 5, 0, 12.74%, 0, 0, 22, 7728.27, 68502681, 667
8872, 92, 89, 1250, 5, 0, 12.74%, 0, 0, 22, 7655.50, 68541799, 667
8877, 92, 170, 1250, 5, 0, 12.74%, 0, 0, 22, 7712.83, 68581199, 667
8882, 93, 252, 1250, 5, 0, 12.74%, 0, 0, 22, 7673.76, 68620487, 667
8887, 93, 109, 1250, 5, 0, 12.74%, 0, 0, 22, 7708.11, 68660017, 667
8893, 93, 982, 1250, 5, 0, 12.74%, 0, 0, 22, 7715.47, 68699408, 667
8898, 93, 25, 1250, 5, 0, 12.74%, 0, 0, 22, 7666.68, 68738717, 667
8903, 93, 195, 1250, 5, 0, 12.74%, 0, 0, 22, 7715.01, 68778131, 667
8908, 93, 106, 1250, 5, 0, 12.74%, 0, 0, 22, 7684.01, 68816973, 667
8913, 93, 60, 1250, 5, 0, 12.74%, 0, 0, 22, 7698.58, 68856088, 667
8918, 93, 109, 1250, 5, 0, 12.74%, 0, 0, 22, 7713.57, 68895635, 667
8923, 93, 252, 1251, 6, 0, 12.74%, 0, 0, 22, 7703.95, 68935188, 667
8928, 93, 700, 1251, 6, 0, 12.74%, 0, 0, 22, 7658.66, 68974099, 667
8933, 93, 643, 1251, 6, 0, 12.74%, 0, 0, 22, 7654.53, 69013071, 667
8938, 93, 195, 1252, 6, 0, 12.74%, 0, 0, 22, 7710.97, 69052259, 667
8944, 93, 106, 1252, 6, 0, 12.74%, 0, 0, 22, 7726.12, 69091651, 667
8949, 93, 584, 1252, 6, 0, 12.74%, 0, 0, 22, 7739.13, 69131228, 667
8954, 93, 109, 1252, 6, 0, 12.74%, 0, 0, 22, 7684.20, 69170069, 667
8959, 93, 55, 1252, 6, 0, 12.74%, 0, 0, 22, 7673.28, 69209335, 667
8964, 94, 196, 1252, 6, 0, 12.74%, 0, 0, 22, 7725.66, 69248480, 667
8969, 94, 886, 1252, 6, 0, 12.74%, 0, 0, 22, 7700.65, 69287870, 667
8974, 94, 178, 1252, 6, 0, 12.74%, 0, 0, 22, 7740.94, 69327233, 667
8979, 94, 128, 1252, 6, 0, 12.74%, 0, 0, 22, 7756.25, 69366748, 667
8984, 94, 574, 1252, 6, 0, 12.74%, 0, 0, 22, 7704.40, 69405879, 667
8989, 94, 128, 1252, 6, 0, 12.74%, 0, 0, 22, 7736.64, 69445010, 667
8995, 94, 66, 1252, 6, 0, 12.74%, 0, 0, 22, 7742.08, 69484626, 667
9000, 94, 94, 1252, 6, 0, 12.74%, 0, 0, 22, 7696.55, 69523872, 667
9005, 94, 754, 1253, 7, 0, 12.74%, 0, 0, 22, 7709.75, 69562935, 667
9010, 94, 109, 1253, 7, 0, 12.74%, 0, 0, 22, 7689.76, 69602303, 667
9015, 94, 120, 1253, 7, 0, 12.74%, 0, 0, 22, 7723.03, 69641585, 667
9020, 94, 97, 1253, 7, 0, 12.74%, 0, 0, 22, 7720.02, 69680901, 667
9025, 94, 645, 1253, 7, 0, 12.74%, 0, 0, 22, 7674.60, 69720105, 667
9030, 94, 66, 1253, 7, 0, 12.74%, 0, 0, 22, 7749.15, 69759760, 667
9035, 94, 105, 1253, 7, 0, 12.74%, 0, 0, 22, 7721.45, 69799179, 667
9040, 95, 429, 1253, 7, 0, 12.74%, 0, 0, 22, 7708.86, 69838282, 667
9045, 95, 982, 1253, 7, 0, 12.74%, 0, 0, 22, 7714.80, 69877641, 667
9051, 95, 590, 1254, 7, 0, 12.74%, 0, 0, 22, 7722.37, 69917467, 667
9056, 95, 706, 1254, 7, 0, 12.74%, 0, 0, 22, 7711.58, 69956848, 667
9061, 95, 44, 1254, 7, 0, 12.74%, 0, 0, 22, 7728.20, 69996667, 667
9066, 95, 89, 1254, 7, 0, 12.74%, 0, 0, 22, 7725.42, 70035922, 667
9071, 95, 128, 1254, 7, 0, 12.74%, 0, 0, 22, 7692.14, 70075261, 667
9076, 95, 135, 1254, 7, 0, 12.74%, 0, 0, 22, 7681.11, 70114295, 667
9081, 95, 191, 1254, 7, 0, 12.74%, 0, 0, 22, 7759.34, 70153843, 667
9086, 95, 48, 1254, 7, 0, 12.74%, 0, 0, 22, 7724.02, 70192934, 667
9091, 95, 287, 1254, 7, 0, 12.74%, 0, 0, 22, 7729.52, 70232209, 667
9097, 95, 689, 1254, 7, 0, 12.74%, 0, 0, 22, 7715.28, 70271385, 667
9102, 95, 85, 1254, 7, 0, 12.74%, 0, 0, 22, 7702.19, 70311152, 667
9107, 95, 71, 1254, 7, 0, 12.74%, 0, 0, 22, 7711.51, 70350200, 667
9112, 95, 584, 1254, 7, 0, 12.74%, 0, 0, 22, 7699.90, 70389388, 667
9117, 95, 83, 1254, 7, 0, 12.74%, 0, 0, 22, 7717.07, 70428413, 667
9122, 96, 106, 1254, 7, 0, 12.74%, 0, 0, 22, 7728.56, 70467922, 667
9127, 96, 48, 1254, 7, 0, 12.74%, 0, 0, 22, 7722.31, 70507082, 667
9132, 96, 106, 1254, 7, 0, 12.74%, 0, 0, 22, 7664.81, 70545939, 667
9137, 96, 195, 1254, 7, 0, 12.74%, 0, 0, 22, 7709.46, 70585267, 667
9142, 96, 160, 1254, 7, 0, 12.74%, 0, 0, 22, 7725.54, 70624343, 667
9147, 96, 220, 1254, 7, 0, 12.74%, 0, 0, 22, 7714.85, 70663551, 667
9153, 96, 53, 1254, 7, 0, 12.74%, 0, 0, 22, 7715.14, 70702914, 667
9158, 96, 66, 1254, 7, 0, 12.74%, 0, 0, 22, 7710.19, 70742245, 667
9163, 96, 187, 1254, 7, 0, 12.74%, 0, 0, 22, 7733.04, 70781688, 667
9168, 96, 886, 1254, 7, 0, 12.74%, 0, 0, 22, 7738.17, 70821362, 667
9173, 96, 92, 1254, 7, 0, 12.74%, 0, 0, 22, 7738.00, 70860873, 667
9178, 96, 280, 1254, 7, 0, 12.74%, 0, 0, 22, 7725.87, 70900272, 667
9183, 96, 120, 1254, 7, 0, 12.74%, 0, 0, 22, 7746.97, 70940001, 667
9188, 96, 198, 1254, 7, 0, 12.74%, 0, 0, 22, 7715.02, 70979539, 667
9193, 96, 102, 1254, 7, 0, 12.74%, 0, 0, 22, 7744.53, 71018897, 667
9199, 97, 48, 1254, 7, 0, 12.74%, 0, 0, 22, 7684.58, 71057867, 667
9204, 97, 390, 1254, 7, 0, 12.74%, 0, 0, 22, 7694.66, 71097193, 667
9209, 97, 388, 1254, 7, 0, 12.74%, 0, 0, 22, 7722.69, 71137272, 667
9214, 97, 133, 1254, 6, 0, 12.74%, 0, 0, 22, 7511.03, 71175593, 667
9219, 97, 85, 1254, 6, 0, 12.74%, 0, 0, 22, 7644.39, 71214653, 667
9224, 97, 89, 1254, 6, 0, 12.74%, 0, 0, 22, 7687.71, 71253956, 667
9229, 97, 886, 1254, 6, 0, 12.74%, 0, 0, 22, 7683.09, 71293115, 667
9234, 97, 178, 1254, 6, 0, 12.74%, 0, 0, 22, 7697.47, 71332130, 667
9239, 97, 183, 1254, 6, 0, 12.74%, 0, 0, 22, 7718.90, 71371644, 667
9244, 97, 94, 1254, 6, 0, 12.74%, 0, 0, 22, 7663.45, 71410527, 667
9249, 97, 109, 1254, 6, 0, 12.74%, 0, 0, 22, 7725.39, 71449618, 667
9255, 97, 77, 1254, 6, 0, 12.74%, 0, 0, 22, 7723.42, 71488729, 667
9260, 97, 980, 1254, 6, 0, 12.74%, 0, 0, 22, 7705.24, 71528017, 667
9265, 97, 193, 1254, 6, 0, 12.74%, 0, 0, 22, 7726.63, 71567069, 667
9270, 97, 220, 1254, 6, 0, 12.74%, 0, 0, 22, 7629.76, 71605968, 667
9275, 97, 48, 1254, 6, 0, 12.74%, 0, 0, 22, 7721.01, 71645666, 667
9280, 98, 48, 1254, 6, 0, 12.74%, 0, 0, 22, 7712.93, 71684762, 667
9285, 98, 724, 1254, 6, 0, 12.74%, 0, 0, 22, 7693.99, 71723844, 667
9290, 98, 129, 1254, 6, 0, 12.74%, 0, 0, 22, 7633.81, 71762930, 667
9295, 98, 252, 1254, 6, 0, 12.74%, 0, 0, 22, 7701.76, 71802042, 667
9300, 98, 590, 1254, 6, 0, 12.74%, 0, 0, 22, 7715.90, 71841317, 667
9305, 98, 53, 1254, 6, 0, 12.74%, 0, 0, 22, 7728.42, 71880642, 667
9311, 98, 15, 1254, 6, 0, 12.74%, 0, 0, 22, 7721.08, 71920026, 667
9316, 98, 109, 1254, 5, 0, 12.74%, 0, 0, 22, 7473.43, 71958134, 667
9321, 98, 198, 1254, 5, 0, 12.74%, 0, 0, 22, 7683.97, 71997656, 667
9326, 98, 170, 1254, 5, 0, 12.74%, 0, 0, 22, 7725.99, 72037013, 667
9331, 98, 105, 1254, 5, 0, 12.74%, 0, 0, 22, 7737.99, 72076573, 667
9336, 98, 130, 1254, 5, 0, 12.74%, 0, 0, 22, 7692.13, 72115767, 667
9341, 98, 77, 1254, 5, 0, 12.74%, 0, 0, 22, 7692.18, 72154714, 667
9346, 98, 252, 1254, 5, 0, 12.74%, 0, 0, 22, 7704.90, 72194142, 667
9351, 98, 106, 1254, 5, 0, 12.74%, 0, 0, 22, 7695.70, 72233238, 667
9356, 99, 109, 1254, 5, 0, 12.74%, 0, 0, 22, 7719.86, 72272757, 667
9361, 99, 136, 1254, 5, 0, 12.74%, 0, 0, 22, 7716.69, 72311707, 667
9367, 99, 106, 1254, 5, 0, 12.74%, 0, 0, 22, 7683.71, 72351100, 667
9372, 99, 106, 1254, 5, 0, 12.74%, 0, 0, 22, 7708.92, 72390238, 667
9377, 99, 204, 1254, 5, 0, 12.74%, 0, 0, 22, 7645.01, 72429152, 667
9382, 99, 170, 1254, 5, 0, 12.74%, 0, 0, 22, 7719.02, 72468427, 667
9387, 99, 105, 1254, 5, 0, 12.74%, 0, 0, 22, 7729.18, 72507901, 667
9392, 99, 252, 1255, 6, 0, 12.74%, 0, 0, 22, 7701.48, 72547206, 667
9397, 99, 94, 1255, 6, 0, 12.74%, 0, 0, 22, 7704.14, 72586420, 667
9402, 99, 160, 1255, 6, 0, 12.74%, 0, 0, 22, 7712.10, 72626000, 667
9407, 99, 645, 1255, 6, 0, 12.74%, 0, 0, 22, 7696.64, 72665347, 667
9412, 99, 66, 1255, 6, 0, 12.74%, 0, 0, 22, 7734.67, 72704861, 667
9418, 99, 790, 1255, 6, 0, 12.74%, 0, 0, 22, 7714.92, 72744104, 667
9423, 99, 106, 1255, 6, 0, 12.74%, 0, 0, 22, 7723.74, 72783408, 667
9428, 99, 584, 1255, 6, 0, 12.74%, 0, 0, 22, 7720.73, 72822389, 667
9433, 100, 120, 1255, 6, 0, 12.74%, 0, 0, 22, 7734.76, 72861630, 667
9438, 100, 645, 1255, 6, 0, 12.74%, 0, 0, 22, 7732.54, 72900818, 667
9443, 100, 191, 1255, 6, 0, 12.74%, 0, 0, 22, 7725.67, 72939871, 667
9448, 100, 120, 1255, 6, 0, 12.74%, 0, 0, 22, 7721.44, 72979213, 667
9453, 100, 724, 1255, 6, 0, 12.74%, 0, 0, 22, 7723.99, 73018510, 667
9458, 100, 128, 1255, 6, 0, 12.74%, 0, 0, 22, 7711.87, 73057769, 667
9463, 100, 177, 1255, 5, 0, 12.74%, 0, 0, 22, 7649.96, 73096575, 667
9468, 100, 252, 1255, 5, 0, 12.74%, 0, 0, 22, 7703.06, 73136449, 667
9474, 100, 886, 1255, 5, 0, 12.74%, 0, 0, 22, 7696.84, 73175515, 667
9479, 100, 574, 1255, 5, 0, 12.74%, 0, 0, 22, 7675.57, 73214268, 667
9484, 100, 287, 1255, 5, 0, 12.74%, 0, 0, 22, 7694.30, 73253208, 667
9489, 100, 120, 1255, 5, 0, 12.74%, 0, 0, 22, 7700.36, 73292208, 667
9494, 100, 55, 1255, 5, 0, 12.74%, 0, 0, 22, 7708.41, 73331299, 667
9499, 100, 34, 1255, 5, 0, 12.74%, 0, 0, 22, 7709.95, 73370425, 667
9504, 100, 142, 1255, 5, 0, 12.74%, 0, 0, 22, 7607.84, 73409490, 667
9509, 100, 198, 1255, 5, 0, 12.74%, 0, 0, 22, 7710.95, 73448894, 667
9514, 101, 106, 1255, 5, 0, 12.74%, 0, 0, 22, 7723.14, 73488050, 667
9519, 101, 130, 1255, 5, 0, 12.74%, 0, 0, 22, 7705.14, 73527530, 667
9524, 101, 130, 1255, 4, 0, 12.74%, 0, 0, 22, 7669.56, 73566830, 667
9530, 101, 178, 1255, 4, 0, 12.74%, 0, 0, 22, 7718.61, 73606515, 667
9535, 101, 723, 1255, 4, 0, 12.74%, 0, 0, 22, 7698.02, 73645968, 667
9540, 101, 658, 1255, 4, 0, 12.74%, 0, 0, 22, 7725.81, 73685356, 667
9545, 101, 106, 1255, 4, 0, 12.74%, 0, 0, 22, 7716.55, 73724490, 667
9550, 101, 564, 1255, 4, 0, 12.74%, 0, 0, 22, 7717.77, 73763531, 667
9555, 101, 44, 1255, 4, 0, 12.74%, 0, 0, 22, 7711.89, 73802945, 667
9560, 101, 97, 1255, 4, 0, 12.74%, 0, 0, 22, 7696.93, 73842565, 667
9565, 101, 31, 1255, 4, 0, 12.74%, 0, 0, 22, 7656.22, 73881265, 667
9570, 101, 1079, 1255, 4, 0, 12.74%, 0, 0, 22, 7684.71, 73920622, 667
9575, 101, 252, 1255, 4, 0, 12.74%, 0, 0, 22, 7635.94, 73959272, 667
9580, 101, 109, 1255, 4, 0, 12.74%, 0, 0, 22, 7685.23, 73998722, 667
9586, 101, 211, 1255, 4, 0, 12.74%, 0, 0, 22, 7683.90, 74037727, 667
9591, 102, 44, 1255, 4, 0, 12.74%, 0, 0, 22, 7695.57, 74077321, 667
9596, 102, 109, 1255, 4, 0, 12.74%, 0, 0, 22, 7747.78, 74116651, 667
9601, 102, 982, 1255, 4, 0, 12.74%, 0, 0, 22, 7714.91, 74156031, 667
9606, 102, 66, 1256, 4, 0, 12.74%, 0, 0, 22, 7716.12, 74195494, 667
9611, 102, 102, 1256, 4, 0, 12.74%, 0, 0, 22, 7723.14, 74234847, 667
9616, 102, 59, 1256, 4, 0, 12.74%, 0, 0, 22, 7715.17, 74274391, 667
9621, 102, 538, 1256, 4, 0, 12.74%, 0, 0, 22, 7731.81, 74313944, 667
9626, 102, 133, 1256, 4, 0, 12.74%, 0, 0, 22, 7688.91, 74352949, 667
9631, 102, 183, 1256, 4, 0, 12.74%, 0, 0, 22, 7670.05, 74391833, 667
9637, 102, 66, 1256, 4, 0, 12.74%, 0, 0, 22, 7704.06, 74430968, 667
9642, 102, 92, 1256, 4, 0, 12.74%, 0, 0, 22, 7725.42, 74470350, 667
9647, 102, 790, 1256, 4, 0, 12.74%, 0, 0, 22, 7729.51, 74509601, 667
9652, 102, 48, 1256, 4, 0, 12.74%, 0, 0, 22, 7715.03, 74548837, 667
9657, 102, 170, 1256, 4, 0, 12.74%, 0, 0, 22, 7693.58, 74587694, 667
9662, 102, 128, 1256, 4, 0, 12.74%, 0, 0, 22, 7653.27, 74626779, 667
9667, 102, 15, 1256, 4, 0, 12.74%, 0, 0, 22, 7705.74, 74666110, 667
9672, 103, 28, 1256, 4, 0, 12.74%, 0, 0, 22, 7698.71, 74705010, 667
9677, 103, 160, 1256, 4, 0, 12.74%, 0, 0, 22, 7688.76, 74743871, 667
9682, 103, 109, 1256, 4, 0, 12.74%, 0, 0, 22, 7747.49, 74783361, 667
9687, 103, 700, 1256, 4, 0, 12.74%, 0, 0, 22, 7721.43, 74822425, 667
9692, 103, 683, 1256, 4, 0, 12.74%, 0, 0, 22, 7719.68, 74861524, 667
9697, 103, 55, 1256, 4, 0, 12.74%, 0, 0, 22, 7716.00, 74900753, 667
9703, 103, 28, 1256, 4, 0, 12.74%, 0, 0, 22, 7673.08, 74940139, 667
9708, 103, 106, 1256, 4, 0, 12.74%, 0, 0, 22, 7706.43, 74979306, 667
9713, 103, 130, 1256, 4, 0, 12.74%, 0, 0, 22, 7654.03, 75018553, 667
9718, 103, 1255, 1257, 5, 0, 12.74%, 0, 0, 22, 7615.74, 75057761, 667
9723, 103, 220, 1257, 4, 0, 12.74%, 0, 0, 22, 7671.10, 75097053, 667
9728, 103, 48, 1257, 4, 0, 12.74%, 0, 0, 22, 7717.05, 75136497, 667
9733, 103, 584, 1257, 4, 0, 12.74%, 0, 0, 22, 7650.57, 75175537, 667
9738, 103, 429, 1257, 4, 0, 12.74%, 0, 0, 22, 7736.28, 75215242, 667
9743, 103, 160, 1257, 4, 0, 12.74%, 0, 0, 22, 7716.57, 75254708, 667
9749, 104, 165, 1257, 4, 0, 12.74%, 0, 0, 22, 7697.18, 75293611, 667
9754, 104, 886, 1257, 4, 0, 12.74%, 0, 0, 22, 7702.56, 75332706, 667
9759, 104, 109, 1257, 4, 0, 12.74%, 0, 0, 22, 7709.92, 75372133, 667
9764, 104, 120, 1257, 4, 0, 12.74%, 0, 0, 22, 7695.53, 75411075, 667
9769, 104, 191, 1257, 4, 0, 12.74%, 0, 0, 22, 7740.06, 75450858, 667
9774, 104, 458, 1257, 4, 0, 12.74%, 0, 0, 22, 7760.38, 75490329, 667
9779, 104, 9, 1257, 4, 0, 12.74%, 0, 0, 22, 7743.72, 75529698, 667
9784, 104, 106, 1257, 4, 0, 12.74%, 0, 0, 22, 7733.98, 75568939, 667
9789, 104, 60, 1257, 4, 0, 12.74%, 0, 0, 22, 7674.23, 75607700, 667
9794, 104, 220, 1257, 4, 0, 12.74%, 0, 0, 22, 7708.61, 75646693, 667
9799, 104, 252, 1257, 4, 0, 12.74%, 0, 0, 22, 7739.18, 75686176, 667
9805, 104, 192, 1257, 4, 0, 12.74%, 0, 0, 22, 7755.47, 75726076, 667
9810, 104, 196, 1257, 4, 0, 12.74%, 0, 0, 22, 7731.68, 75765414, 667
9815, 104, 790, 1257, 4, 0, 12.74%, 0, 0, 22, 7710.61, 75804690, 667
9820, 104, 89, 1257, 4, 0, 12.74%, 0, 0, 22, 7702.10, 75843735, 667
9825, 105, 187, 1257, 4, 0, 12.74%, 0, 0, 22, 7740.38, 75883647, 667
9830, 105, 429, 1257, 4, 0, 12.74%, 0, 0, 22, 7705.72, 75922895, 667
9835, 105, 83, 1257, 4, 0, 12.74%, 0, 0, 22, 7709.21, 75962192, 667
9840, 105, 591, 1257, 4, 0, 12.74%, 0, 0, 22, 7702.63, 76001258, 667
9845, 105, 135, 1257, 4, 0, 12.74%, 0, 0, 22, 7628.76, 76040625, 667
9850, 105, 48, 1257, 4, 0, 12.74%, 0, 0, 22, 7710.85, 76079730, 667
9855, 105, 790, 1257, 4, 0, 12.74%, 0, 0, 22, 7698.01, 76118683, 667
9861, 105, 174, 1257, 4, 0, 12.74%, 0, 0, 22, 7713.63, 76158117, 667
9866, 105, 591, 1257, 4, 0, 12.74%, 0, 0, 22, 7720.00, 76197100, 667
9871, 105, 287, 1257, 4, 0, 12.74%, 0, 0, 22, 7721.96, 76236444, 667
9876, 105, 135, 1257, 4, 0, 12.74%, 0, 0, 22, 7727.70, 76275730, 667
9881, 105, 185, 1257, 4, 0, 12.74%, 0, 0, 22, 7709.74, 76314605, 667
9886, 105, 106, 1257, 4, 0, 12.74%, 0, 0, 22, 7721.08, 76354200, 667
9891, 105, 106, 1257, 4, 0, 12.74%, 0, 0, 22, 7736.73, 76393864, 667
9896, 105, 53, 1257, 4, 0, 12.74%, 0, 0, 22, 7619.93, 76432927, 667
9901, 105, 107, 1257, 4, 0, 12.74%, 0, 0, 22, 7709.17, 76472315, 667
9906, 106, 183, 1257, 4, 0, 12.74%, 0, 0, 22, 7708.82, 76511650, 667
9912, 106, 170, 1257, 4, 0, 12.74%, 0, 0, 22, 7719.40, 76551081, 667
9917, 106, 198, 1257, 4, 0, 12.74%, 0, 0, 22, 7714.64, 76589993, 667
9922, 106, 120, 1257, 4, 0, 12.74%, 0, 0, 22, 7722.73, 76629659, 667
9927, 106, 187, 1257, 4, 0, 12.74%, 0, 0, 22, 7700.84, 76668772, 667
9932, 106, 106, 1257, 4, 0, 12.74%, 0, 0, 22, 7679.08, 76708005, 667
9937, 106, 287, 1257, 4, 0, 12.74%, 0, 0, 22, 7709.97, 76747579, 667
9942, 106, 120, 1257, 4, 0, 12.74%, 0, 0, 22, 7724.61, 76787002, 667
9947, 106, 120, 1257, 4, 0, 12.74%, 0, 0, 22, 7692.11, 76826510, 667
9952, 106, 643, 1257, 4, 0, 12.74%, 0, 0, 22, 7709.15, 76865685, 667
9957, 106, 982, 1257, 4, 0, 12.74%, 0, 0, 22, 7721.36, 76904925, 667
9963, 106, 204, 1257, 4, 0, 12.74%, 0, 0, 22, 7735.98, 76944060, 667
9968, 106, 28, 1257, 4, 0, 12.74%, 0, 0, 22, 7737.33, 76983528, 667
9973, 106, 252, 1257, 4, 0, 12.74%, 0, 0, 22, 7663.36, 77022270, 667
9978, 106, 185, 1257, 4, 0, 12.74%, 0, 0, 22, 7680.10, 77061151, 667
9983, 106, 92, 1257, 4, 0, 12.74%, 0, 0, 22, 7724.67, 77100064, 667
9988, 107, 107, 1257, 4, 0, 12.74%, 0, 0, 22, 7690.24, 77139022, 667
9993, 107, 198, 1257, 4, 0, 12.74%, 0, 0, 22, 7693.17, 77178159, 667
9998, 107, 120, 1257, 4, 0, 12.74%, 0, 0, 22, 7711.00, 77217619, 667
10003, 107, 107, 1257, 4, 0, 12.74%, 0, 0, 22, 7720.40, 77257004, 667
10008, 107, 790, 1257, 4, 0, 12.74%, 0, 0, 22, 7705.20, 77296876, 667
10013, 107, 508, 1257, 4, 0, 12.74%, 0, 0, 22, 7704.35, 77336100, 667
10018, 107, 252, 1257, 4, 0, 12.74%, 0, 0, 22, 7720.27, 77375495, 667
10024, 107, 48, 1257, 4, 0, 12.74%, 0, 0, 22, 7687.88, 77414689, 667
10029, 107, 15, 1257, 4, 0, 12.74%, 0, 0, 22, 7686.48, 77453847, 667
10034, 107, 128, 1257, 4, 0, 12.74%, 0, 0, 22, 7720.17, 77493009, 667
10039, 107, 183, 1257, 4, 0, 12.74%, 0, 0, 22, 7715.46, 77532177, 667
10044, 107, 133, 1257, 4, 0, 12.74%, 0, 0, 22, 7725.59, 77571890, 667
10049, 107, 77, 1257, 4, 0, 12.74%, 0, 0, 22, 7732.47, 77610949, 667
10054, 107, 89, 1257, 4, 0, 12.74%, 0, 0, 22, 7698.66, 77650085, 667
10059, 107, 106, 1257, 4, 0, 12.74%, 0, 0, 22, 7739.33, 77689157, 667
10064, 108, 982, 1257, 4, 0, 12.74%, 0, 0, 22, 7716.70, 77728644, 667
10069, 108, 109, 1257, 4, 0, 12.74%, 0, 0, 22, 7718.79, 77767602, 667
10074, 108, 128, 1257, 4, 0, 12.74%, 0, 0, 22, 7736.25, 77806717, 667
10079, 108, 416, 1258, 4, 0, 12.74%, 0, 0, 22, 7646.18, 77845778, 667
10085, 108, 106, 1258, 4, 0, 12.74%, 0, 0, 22, 7720.45, 77885402, 667
10090, 108, 48, 1258, 4, 0, 12.74%, 0, 0, 22, 7724.48, 77924903, 667
10095, 108, 15, 1258, 4, 0, 12.74%, 0, 0, 22, 7717.72, 77964067, 667
10100, 108, 585, 1258, 4, 0, 12.74%, 0, 0, 22, 7722.62, 78003467, 667
10105, 108, 1257, 1258, 4, 0, 12.74%, 0, 0, 22, 7624.27, 78042878, 667
10110, 108, 574, 1259, 4, 0, 12.74%, 0, 0, 22, 7669.18, 78081809, 667
10115, 108, 120, 1259, 4, 0, 12.74%, 0, 0, 22, 7678.28, 78120582, 667
10120, 108, 724, 1259, 4, 0, 12.74%, 0, 0, 22, 7631.21, 78159500, 667
10125, 108, 106, 1259, 4, 0, 12.74%, 0, 0, 22, 7712.29, 78199090, 667
10130, 108, 170, 1259, 4, 0, 12.74%, 0, 0, 22, 7720.76, 78238331, 667
10136, 108, 128, 1259, 4, 0, 12.74%, 0, 0, 22, 7728.81, 78277359, 667
10141, 109, 106, 1259, 4, 0, 12.74%, 0, 0, 22, 7739.28, 78316596, 667
10146, 109, 169, 1259, 4, 0, 12.74%, 0, 0, 22, 7735.66, 78355683, 667
10151, 109, 187, 1259, 4, 0, 12.74%, 0, 0, 22, 7727.02, 78394874, 667
10156, 109, 135, 1259, 4, 0, 12.74%, 0, 0, 22, 7751.17, 78434441, 667
10161, 109, 252, 1259, 4, 0, 12.74%, 0, 0, 22, 7700.38, 78473469, 667
10166, 109, 754, 1259, 4, 0, 12.74%, 0, 0, 22, 7675.89, 78512640, 667
10171, 109, 109, 1259, 4, 0, 12.74%, 0, 0, 22, 7679.11, 78551555, 667
10176, 109, 982, 1259, 4, 0, 12.74%, 0, 0, 22, 7703.30, 78590499, 667
10181, 109, 109, 1259, 4, 0, 12.74%, 0, 0, 22, 7704.20, 78629592, 667
10186, 109, 198, 1259, 4, 0, 12.74%, 0, 0, 22, 7688.59, 78668623, 667
10191, 109, 252, 1259, 4, 0, 12.74%, 0, 0, 22, 7698.02, 78707737, 667
10196, 109, 120, 1259, 4, 0, 12.74%, 0, 0, 22, 7710.20, 78746923, 667
10202, 109, 106, 1259, 4, 0, 12.74%, 0, 0, 22, 7695.63, 78786182, 667
10207, 109, 886, 1259, 4, 0, 12.74%, 0, 0, 22, 7679.81, 78825387, 667
10212, 109, 187, 1259, 4, 0, 12.74%, 0, 0, 22, 7677.36, 78864759, 667
10217, 109, 85, 1259, 4, 0, 12.74%, 0, 0, 22, 7739.11, 78903962, 667
10222, 110, 508, 1259, 4, 0, 12.74%, 0, 0, 22, 7699.23, 78943023, 667
10227, 110, 97, 1259, 4, 0, 12.74%, 0, 0, 22, 7723.41, 78982369, 667
10232, 110, 160, 1259, 4, 0, 12.74%, 0, 0, 22, 7712.97, 79021317, 667
10237, 110, 252, 1259, 4, 0, 12.74%, 0, 0, 22, 7701.56, 79060368, 667
10242, 110, 128, 1259, 3, 0, 12.74%, 0, 0, 22, 7494.54, 79098270, 667
10247, 110, 85, 1259, 3, 0, 12.74%, 0, 0, 22, 7651.87, 79137510, 667
10252, 110, 97, 1259, 3, 0, 12.74%, 0, 0, 22, 7697.32, 79176794, 667
10257, 110, 452, 1259, 3, 0, 12.74%, 0, 0, 22, 7722.09, 79216075, 667
10263, 110, 28, 1259, 3, 0, 12.74%, 0, 0, 22, 7700.10, 79255230, 667
10268, 110, 92, 1259, 3, 0, 12.74%, 0, 0, 22, 7737.35, 79294368, 667
10273, 110, 85, 1259, 3, 0, 12.74%, 0, 0, 22, 7712.54, 79333381, 667
10278, 110, 252, 1259, 3, 0, 12.74%, 0, 0, 22, 7724.64, 79372864, 667
10283, 110, 187, 1259, 3, 0, 12.74%, 0, 0, 22, 7639.58, 79411675, 667
10288, 110, 165, 1259, 3, 0, 12.74%, 0, 0, 22, 7690.15, 79450943, 667
10293, 110, 55, 1259, 3, 0, 12.74%, 0, 0, 22, 7692.26, 79490102, 667
10298, 111, 106, 1259, 3, 0, 12.74%, 0, 0, 22, 7653.45, 79529023, 667
10303, 111, 252, 1259, 3, 0, 12.74%, 0, 0, 22, 7713.02, 79568368, 667
10308, 111, 66, 1259, 3, 0, 12.74%, 0, 0, 22, 7704.84, 79607885, 667
10313, 111, 31, 1259, 3, 0, 12.74%, 0, 0, 22, 7732.79, 79647414, 667
10319, 111, 174, 1259, 3, 0, 12.74%, 0, 0, 22, 7702.88, 79686677, 667
10324, 111, 63, 1259, 3, 0, 12.74%, 0, 0, 22, 7727.57, 79726010, 667
10329, 111, 105, 1259, 3, 0, 12.74%, 0, 0, 22, 7715.33, 79765520, 667
10334, 111, 187, 1259, 3, 0, 12.74%, 0, 0, 22, 7725.75, 79804806, 667
10339, 111, 106, 1259, 3, 0, 12.74%, 0, 0, 22, 7696.99, 79843698, 667
10344, 111, 362, 1259, 3, 0, 12.74%, 0, 0, 22, 7707.18, 79883021, 667
10349, 111, 92, 1259, 3, 0, 12.74%, 0, 0, 22, 7712.68, 79922149, 667
10354, 111, 574, 1259, 3, 0, 12.74%, 0, 0, 22, 7714.30, 79961395, 667
10359, 111, 89, 1259, 3, 0, 12.74%, 0, 0, 22, 7708.44, 80000900, 667
10364, 111, 44, 1259, 3, 0, 12.74%, 0, 0, 22, 7721.68, 80040159, 667
10369, 111, 195, 1259, 3, 0, 12.74%, 0, 0, 22, 7691.59, 80079012, 667
10375, 112, 59, 1259, 3, 0, 12.74%, 0, 0, 22, 7717.49, 80118343, 667
10380, 112, 120, 1259, 3, 0, 12.74%, 0, 0, 22, 7730.02, 80157717, 667
10385, 112, 135, 1259, 3, 0, 12.74%, 0, 0, 22, 7750.93, 80196919, 667
10390, 112, 689, 1259, 3, 0, 12.74%, 0, 0, 22, 7701.40, 80236044, 667
10395, 112, 106, 1259, 3, 0, 12.74%, 0, 0, 22, 7687.79, 80275328, 667
10400, 112, 1047, 1259, 3, 0, 12.74%, 0, 0, 22, 7696.68, 80314641, 667
10405, 112, 55, 1259, 3, 0, 12.74%, 0, 0, 22, 7692.18, 80353863, 667
10410, 112, 287, 1259, 3, 0, 12.74%, 0, 0, 22, 7704.91, 80393135, 667
10415, 112, 198, 1259, 3, 0, 12.74%, 0, 0, 22, 7717.35, 80432196, 667
10420, 112, 85, 1260, 4, 0, 12.74%, 0, 0, 22, 7690.60, 80471236, 667
10425, 112, 48, 1260, 4, 0, 12.74%, 0, 0, 22, 7708.02, 80510453, 667
10431, 112, 645, 1260, 4, 0, 12.74%, 0, 0, 22, 7718.46, 80549829, 667
10436, 112, 252, 1260, 4, 0, 12.74%, 0, 0, 22, 7727.91, 80589152, 667
10441, 112, 28, 1260, 4, 0, 12.74%, 0, 0, 22, 7697.74, 80628428, 667
10446, 112, 790, 1260, 4, 0, 12.74%, 0, 0, 22, 7718.16, 80667644, 667
10451, 112, 643, 1260, 4, 0, 12.74%, 0, 0, 22, 7699.64, 80707011, 667
10456, 113, 85, 1260, 4, 0, 12.74%, 0, 0, 22, 7708.12, 80746211, 667
10461, 113, 388, 1260, 4, 0, 12.74%, 0, 0, 22, 7707.61, 80785410, 667
10466, 113, 128, 1260, 4, 0, 12.74%, 0, 0, 22, 7698.71, 80824812, 667
10471, 113, 120, 1260, 4, 0, 12.74%, 0, 0, 22, 7695.72, 80864021, 667
10476, 113, 1054, 1260, 4, 0, 12.74%, 0, 0, 22, 7688.65, 80903460, 667
10482, 113, 120, 1260, 3, 0, 12.74%, 0, 0, 22, 7319.70, 80941640, 667
10487, 113, 165, 1260, 3, 0, 12.74%, 0, 0, 22, 7611.68, 80980674, 667
10492, 113, 28, 1260, 3, 0, 12.74%, 0, 0, 22, 7686.19, 81019794, 667
10497, 113, 396, 1260, 3, 0, 12.74%, 0, 0, 22, 7710.43, 81059055, 667
10502, 113, 458, 1260, 3, 0, 12.74%, 0, 0, 22, 7724.52, 81098156, 667
10507, 113, 106, 1260, 3, 0, 12.74%, 0, 0, 22, 7739.05, 81137321, 667
10512, 113, 198, 1260, 3, 0, 12.74%, 0, 0, 22, 7715.35, 81176518, 667
10517, 113, 129, 1260, 3, 0, 12.74%, 0, 0, 22, 7712.37, 81215404, 667
10522, 113, 378, 1260, 3, 0, 12.74%, 0, 0, 22, 7716.14, 81254757, 667
10527, 113, 120, 1260, 3, 0, 12.74%, 0, 0, 22, 7705.40, 81293971, 667
10532, 113, 155, 1260, 3, 0, 12.74%, 0, 0, 22, 7705.71, 81333347, 667
10538, 114, 82, 1260, 3, 0, 12.74%, 0, 0, 22, 7697.51, 81372606, 667
10543, 114, 28, 1260, 3, 0, 12.74%, 0, 0, 22, 7703.50, 81411768, 667
10548, 114, 658, 1260, 3, 0, 12.74%, 0, 0, 22, 7715.56, 81451118, 667
10553, 114, 92, 1260, 3, 0, 12.74%, 0, 0, 22, 7714.78, 81490221, 667
10558, 114, 128, 1260, 3, 0, 12.74%, 0, 0, 22, 7714.06, 81529648, 667
10563, 114, 106, 1260, 3, 0, 12.74%, 0, 0, 22, 7704.61, 81568781, 667
10568, 114, 204, 1260, 3, 0, 12.74%, 0, 0, 22, 7691.88, 81608410, 667
10573, 114, 374, 1260, 3, 0, 12.74%, 0, 0, 22, 7713.75, 81647696, 667
10578, 114, 120, 1260, 3, 0, 12.74%, 0, 0, 22, 7677.26, 81686834, 667
10583, 114, 128, 1260, 3, 0, 12.74%, 0, 0, 22, 7705.65, 81726070, 667
10588, 114, 109, 1260, 3, 0, 12.74%, 0, 0, 22, 7705.97, 81765281, 667
10594, 114, 120, 1260, 3, 0, 12.74%, 0, 0, 22, 7717.04, 81804616, 667
10599, 114, 107, 1260, 3, 0, 12.74%, 0, 0, 22, 7724.74, 81843922, 667
10604, 114, 15, 1260, 3, 0, 12.74%, 0, 0, 22, 7730.75, 81883368, 667
10609, 114, 135, 1260, 3, 0, 12.74%, 0, 0, 22, 7673.75, 81922543, 667
10614, 115, 106, 1260, 3, 0, 12.74%, 0, 0, 22, 7721.11, 81961746, 667
10619, 115, 198, 1260, 3, 0, 12.74%, 0, 0, 22, 7712.45, 82001097, 667
10624, 115, 105, 1260, 3, 0, 12.74%, 0, 0, 22, 7702.37, 82040236, 667
10629, 115, 120, 1260, 3, 0, 12.74%, 0, 0, 22, 7726.03, 82079371, 667
10634, 115, 790, 1260, 3, 0, 12.74%, 0, 0, 22, 7740.90, 82118864, 667
10639, 115, 287, 1260, 3, 0, 12.74%, 0, 0, 22, 7711.12, 82158209, 667
10644, 115, 886, 1260, 3, 0, 12.74%, 0, 0, 22, 7736.59, 82197417, 667
10650, 115, 44, 1260, 3, 0, 12.74%, 0, 0, 22, 7710.43, 82236838, 667
10655, 115, 63, 1260, 3, 0, 12.74%, 0, 0, 22, 7706.37, 82276599, 667
10660, 115, 106, 1260, 3, 0, 12.74%, 0, 0, 22, 7721.31, 82316035, 667
10665, 115, 135, 1260, 3, 0, 12.74%, 0, 0, 22, 7701.28, 82355070, 667
10670, 115, 683, 1260, 3, 0, 12.74%, 0, 0, 22, 7703.30, 82394293, 667
10675, 115, 170, 1260, 3, 0, 12.74%, 0, 0, 22, 7698.30, 82433569, 667
10680, 115, 643, 1260, 3, 0, 12.74%, 0, 0, 22, 7709.55, 82473099, 667
10685, 115, 133, 1260, 3, 0, 12.74%, 0, 0, 22, 7731.26, 82512739, 667
10690, 115, 109, 1260, 3, 0, 12.74%, 0, 0, 22, 7668.06, 82551893, 667
10696, 116, 519, 1260, 3, 0, 12.74%, 0, 0, 22, 7699.32, 82591354, 667
10701, 116, 584, 1260, 3, 0, 12.74%, 0, 0, 22, 7687.96, 82630725, 667
10706, 116, 287, 1260, 3, 0, 12.74%, 0, 0, 22, 7758.72, 82670469, 667
10711, 116, 683, 1260, 3, 0, 12.74%, 0, 0, 22, 7720.22, 82709714, 667
10716, 116, 287, 1260, 3, 0, 12.74%, 0, 0, 22, 7724.80, 82749509, 667
10721, 116, 28, 1260, 3, 0, 12.74%, 0, 0, 22, 7703.49, 82788729, 667
10726, 116, 128, 1260, 3, 0, 12.74%, 0, 0, 22, 7731.04, 82828470, 667
10731, 116, 198, 1260, 3, 0, 12.74%, 0, 0, 22, 7729.29, 82867768, 667
10736, 116, 220, 1260, 3, 0, 12.74%, 0, 0, 22, 7691.80, 82906781, 667
10742, 116, 120, 1261, 4, 0, 12.74%, 0, 0, 22, 7744.71, 82946251, 667
10747, 116, 106, 1261, 4, 0, 12.74%, 0, 0, 22, 7729.09, 82985566, 667
10752, 116, 283, 1261, 4, 0, 12.74%, 0, 0, 22, 7715.27, 83024625, 667
10757, 116, 454, 1261, 4, 0, 12.74%, 0, 0, 22, 7710.57, 83063881, 667
10762, 116, 106, 1261, 4, 0, 12.74%, 0, 0, 22, 7728.87, 83103144, 667
10767, 116, 106, 1261, 4, 0, 12.74%, 0, 0, 22, 7738.53, 83142392, 667
10772, 117, 53, 1261, 4, 0, 12.74%, 0, 0, 22, 7715.19, 83181380, 667
10777, 117, 109, 1261, 4, 0, 12.74%, 0, 0, 22, 7742.09, 83221077, 667
10782, 117, 85, 1261, 4, 0, 12.74%, 0, 0, 22, 7729.53, 83260265, 667
10787, 117, 287, 1261, 4, 0, 12.74%, 0, 0, 22, 7718.11, 83299530, 667
10792, 117, 102, 1261, 4, 0, 12.74%, 0, 0, 22, 7734.32, 83338637, 667
10797, 117, 66, 1261, 4, 0, 12.74%, 0, 0, 22, 7715.04, 83378020, 667
10803, 117, 66, 1261, 4, 0, 12.74%, 0, 0, 22, 7729.70, 83417477, 667
10808, 117, 982, 1261, 4, 0, 12.74%, 0, 0, 22, 7748.04, 83456844, 667
10813, 117, 183, 1261, 4, 0, 12.74%, 0, 0, 22, 7745.36, 83496108, 667
10818, 117, 106, 1261, 4, 0, 12.74%, 0, 0, 22, 7752.27, 83535301, 667
10823, 117, 105, 1261, 4, 0, 12.74%, 0, 0, 22, 7741.66, 83574504, 667
10828, 117, 982, 1261, 4, 0, 12.74%, 0, 0, 22, 7716.93, 83613485, 667
10833, 117, 135, 1261, 4, 0, 12.74%, 0, 0, 22, 7737.27, 83653043, 667
10838, 117, 77, 1261, 4, 0, 12.74%, 0, 0, 22, 7741.92, 83692577, 667
10843, 117, 135, 1261, 4, 0, 12.74%, 0, 0, 22, 7740.41, 83731927, 667
10848, 117, 178, 1261, 4, 0, 12.74%, 0, 0, 22, 7759.87, 83771837, 667
10854, 118, 170, 1261, 4, 0, 12.74%, 0, 0, 22, 7748.26, 83811639, 667
10859, 118, 220, 1261, 4, 0, 12.74%, 0, 0, 22, 7726.20, 83851006, 667
10864, 118, 165, 1261, 4, 0, 12.74%, 0, 0, 22, 7746.52, 83890530, 667
10869, 118, 120, 1261, 4, 0, 12.74%, 0, 0, 22, 7712.02, 83929750, 667
10874, 118, 106, 1261, 4, 0, 12.74%, 0, 0, 22, 7688.78, 83968875, 667
10879, 118, 252, 1261, 4, 0, 12.74%, 0, 0, 22, 7734.28, 84008406, 667
10884, 118, 187, 1262, 5, 0, 12.74%, 0, 0, 22, 7709.81, 84047833, 667
10889, 118, 48, 1262, 5, 0, 12.74%, 0, 0, 22, 7735.40, 84087014, 667
10894, 118, 106, 1262, 4, 0, 12.74%, 0, 0, 22, 7738.43, 84126112, 667
10899, 118, 135, 1263, 5, 0, 12.74%, 0, 0, 22, 7714.97, 84165733, 667
10904, 118, 252, 1263, 5, 0, 12.74%, 0, 0, 22, 7741.23, 84205054, 667
10909, 118, 191, 1263, 5, 0, 12.74%, 0, 0, 22, 7714.57, 84244134, 667
10915, 118, 48, 1263, 5, 0, 12.74%, 0, 0, 22, 7690.90, 84283562, 667
10920, 118, 120, 1263, 5, 0, 12.74%, 0, 0, 22, 7685.41, 84323021, 667
10925, 118, 198, 1263, 5, 0, 12.74%, 0, 0, 22, 7701.82, 84362082, 667
10930, 119, 85, 1263, 5, 0, 12.74%, 0, 0, 22, 7753.56, 84401495, 667
10935, 119, 183, 1263, 5, 0, 12.74%, 0, 0, 22, 7739.16, 84440725, 667
10940, 119, 452, 1263, 5, 0, 12.74%, 0, 0, 22, 7717.45, 84480116, 667
10945, 119, 170, 1263, 5, 0, 12.74%, 0, 0, 22, 7724.69, 84519304, 667
10950, 119, 165, 1263, 5, 0, 12.74%, 0, 0, 22, 7673.53, 84558492, 667
10955, 119, 109, 1263, 5, 0, 12.74%, 0, 0, 22, 7736.17, 84597781, 667
10960, 119, 106, 1263, 5, 0, 12.74%, 0, 0, 22, 7710.63, 84636833, 667
10965, 119, 109, 1263, 5, 0, 12.74%, 0, 0, 22, 7732.65, 84675951, 667
10971, 119, 128, 1263, 5, 0, 12.74%, 0, 0, 22, 7734.55, 84715542, 667
10976, 119, 478, 1263, 5, 0, 12.74%, 0, 0, 22, 7760.04, 84755174, 667
10981, 119, 85, 1263, 5, 0, 12.74%, 0, 0, 22, 7707.40, 84794183, 667
10986, 119, 106, 1263, 5, 0, 12.74%, 0, 0, 22, 7721.29, 84833315, 667
10991, 119, 63, 1263, 5, 0, 12.74%, 0, 0, 22, 7698.99, 84872409, 667
10996, 119, 60, 1263, 5, 0, 12.74%, 0, 0, 22, 7694.11, 84911161, 667
11001, 119, 106, 1263, 5, 0, 12.74%, 0, 0, 22, 7671.72, 84950211, 667
11006, 120, 77, 1263, 5, 0, 12.74%, 0, 0, 22, 7697.99, 84989477, 667
11011, 120, 754, 1263, 5, 0, 12.74%, 0, 0, 22, 7710.71, 85028731, 667
11016, 120, 198, 1263, 5, 0, 12.74%, 0, 0, 22, 7705.92, 85068185, 667
11021, 120, 204, 1263, 5, 0, 12.74%, 0, 0, 22, 7693.02, 85107530, 667
11027, 120, 59, 1263, 5, 0, 12.74%, 0, 0, 22, 7683.54, 85147015, 667
11032, 120, 170, 1263, 5, 0, 12.74%, 0, 0, 22, 7725.72, 85186557, 667
11037, 120, 252, 1263, 5, 0, 12.74%, 0, 0, 22, 7705.59, 85225860, 667
11042, 120, 574, 1263, 5, 0, 12.74%, 0, 0, 22, 7697.27, 85264921, 667
11047, 120, 71, 1264, 6, 0, 12.74%, 0, 0, 22, 7713.36, 85303805, 667
11052, 120, 287, 1264, 6, 0, 12.74%, 0, 0, 22, 7720.65, 85342727, 667
11057, 120, 287, 1264, 6, 0, 12.74%, 0, 0, 22, 7666.83, 85381848, 667
11062, 120, 160, 1264, 6, 0, 12.74%, 0, 0, 22, 7708.29, 85421099, 667
11067, 120, 85, 1264, 6, 0, 12.74%, 0, 0, 22, 7714.62, 85460506, 667
11072, 120, 128, 1264, 5, 0, 12.74%, 0, 0, 22, 7497.76, 85498443, 667
11077, 120, 178, 1264, 5, 0, 12.74%, 0, 0, 22, 7551.15, 85537259, 667
11082, 120, 506, 1264, 5, 0, 12.74%, 0, 0, 22, 7664.39, 85576108, 667
11088, 121, 590, 1264, 5, 0, 12.74%, 0, 0, 22, 7694.78, 85615318, 667
11093, 121, 31, 1264, 5, 0, 12.74%, 0, 0, 22, 7723.52, 85654822, 667
11098, 121, 160, 1264, 5, 0, 12.74%, 0, 0, 22, 7731.78, 85694067, 667
11103, 121, 133, 1264, 5, 0, 12.74%, 0, 0, 22, 7720.09, 85733516, 667
11108, 121, 120, 1264, 5, 0, 12.74%, 0, 0, 22, 7704.98, 85772777, 667
11113, 121, 585, 1264, 5, 0, 12.74%, 0, 0, 22, 7694.53, 85812061, 667
11118, 121, 191, 1264, 5, 0, 12.74%, 0, 0, 22, 7683.80, 85851251, 667
11123, 121, 120, 1264, 5, 0, 12.74%, 0, 0, 22, 7710.20, 85890410, 667
11128, 121, 174, 1264, 4, 0, 12.74%, 0, 0, 22, 7466.07, 85928815, 667
11133, 121, 106, 1264, 4, 0, 12.74%, 0, 0, 22, 7674.89, 85968209, 667
11139, 121, 53, 1264, 4, 0, 12.74%, 0, 0, 22, 7695.00, 86007823, 667
11144, 121, 142, 1264, 4, 0, 12.74%, 0, 0, 22, 7707.50, 86047397, 667
11149, 121, 109, 1264, 4, 0, 12.74%, 0, 0, 22, 7714.38, 86086492, 667
11154, 121, 259, 1264, 4, 0, 12.74%, 0, 0, 22, 7686.06, 86125616, 667
11159, 121, 196, 1264, 4, 0, 12.74%, 0, 0, 22, 7728.09, 86164596, 667
11164, 122, 342, 1264, 4, 0, 12.74%, 0, 0, 22, 7733.96, 86204095, 667
11169, 122, 15, 1264, 4, 0, 12.74%, 0, 0, 22, 7728.51, 86243123, 667
11174, 122, 724, 1264, 4, 0, 12.74%, 0, 0, 22, 7680.76, 86281914, 667
11179, 122, 48, 1264, 4, 0, 12.74%, 0, 0, 22, 7716.44, 86321168, 667
11184, 122, 106, 1264, 4, 0, 12.74%, 0, 0, 22, 7715.77, 86360358, 667
11189, 122, 44, 1264, 4, 0, 12.74%, 0, 0, 22, 7689.95, 86399468, 667
11194, 122, 170, 1264, 4, 0, 12.74%, 0, 0, 22, 7724.84, 86438692, 667
11200, 122, 48, 1264, 4, 0, 12.74%, 0, 0, 22, 7725.87, 86478054, 667
11205, 122, 135, 1264, 4, 0, 12.74%, 0, 0, 22, 7728.50, 86517193, 667
11210, 122, 128, 1264, 4, 0, 12.74%, 0, 0, 22, 7744.84, 86556342, 667
11215, 122, 160, 1264, 4, 0, 12.74%, 0, 0, 22, 7742.27, 86595745, 667
11220, 122, 9, 1264, 4, 0, 12.74%, 0, 0, 22, 7762.34, 86635558, 667
11225, 122, 192, 1264, 4, 0, 12.74%, 0, 0, 22, 7710.43, 86674715, 667
11230, 122, 135, 1264, 4, 0, 12.74%, 0, 0, 22, 7721.15, 86714046, 667
11235, 122, 107, 1264, 4, 0, 12.74%, 0, 0, 22, 7745.01, 86753212, 667
11240, 123, 48, 1264, 4, 0, 12.74%, 0, 0, 22, 7699.05, 86792366, 667
11245, 123, 105, 1264, 4, 0, 12.74%, 0, 0, 22, 7688.54, 86831162, 667
11250, 123, 252, 1264, 4, 0, 12.74%, 0, 0, 22, 7719.04, 86870617, 667
11256, 123, 120, 1264, 4, 0, 12.74%, 0, 0, 22, 7725.66, 86910246, 667
11261, 123, 374, 1264, 4, 0, 12.74%, 0, 0, 22, 7740.51, 86949371, 667
11266, 123, 160, 1264, 4, 0, 12.74%, 0, 0, 22, 7702.30, 86988389, 667
11271, 123, 252, 1264, 4, 0, 12.74%, 0, 0, 22, 7720.03, 87027533, 667
11276, 123, 508, 1264, 4, 0, 12.74%, 0, 0, 22, 7733.00, 87067088, 667
11281, 123, 66, 1264, 4, 0, 12.74%, 0, 0, 22, 7745.68, 87106849, 667
11286, 123, 196, 1264, 4, 0, 12.74%, 0, 0, 22, 7709.59, 87146010, 667
11291, 123, 105, 1264, 4, 0, 12.74%, 0, 0, 22, 7724.40, 87185543, 667
11296, 123, 109, 1264, 4, 0, 12.74%, 0, 0, 22, 7734.46, 87225442, 667
11301, 123, 128, 1264, 4, 0, 12.74%, 0, 0, 22, 7694.98, 87264499, 667
11306, 123, 77, 1264, 4, 0, 12.74%, 0, 0, 22, 7739.55, 87303662, 667
11312, 123, 135, 1264, 4, 0, 12.74%, 0, 0, 22, 7731.80, 87343096, 667
11317, 123, 128, 1264, 4, 0, 12.74%, 0, 0, 22, 7720.52, 87382256, 667
11322, 124, 252, 1264, 4, 0, 12.74%, 0, 0, 22, 7715.63, 87422006, 667
11327, 124, 34, 1264, 4, 0, 12.74%, 0, 0, 22, 7720.69, 87461251, 667
11332, 124, 982, 1264, 3, 0, 12.74%, 0, 0, 22, 7675.50, 87500413, 667
11337, 124, 174, 1264, 3, 0, 12.74%, 0, 0, 22, 7715.78, 87540148, 667
11342, 124, 245, 1264, 3, 0, 12.74%, 0, 0, 22, 7748.51, 87579553, 667
11347, 124, 198, 1264, 3, 0, 12.74%, 0, 0, 22, 7727.18, 87618907, 667
11352, 124, 1054, 1264, 3, 0, 12.74%, 0, 0, 22, 7698.17, 87657849, 667
11357, 124, 519, 1264, 3, 0, 12.74%, 0, 0, 22, 7662.95, 87696975, 667
11363, 124, 192, 1264, 3, 0, 12.74%, 0, 0, 22, 7683.52, 87736064, 667
11368, 124, 174, 1264, 3, 0, 12.74%, 0, 0, 22, 7682.15, 87775010, 667
11373, 124, 106, 1264, 3, 0, 12.74%, 0, 0, 22, 7741.66, 87814289, 667
11378, 124, 109, 1264, 2, 0, 12.74%, 0, 0, 22, 7470.91, 87852516, 667
11383, 124, 187, 1264, 2, 0, 12.74%, 0, 0, 22, 7685.77, 87892426, 667
11388, 124, 659, 1264, 2, 0, 12.74%, 0, 0, 22, 7668.69, 87931264, 667
11393, 124, 109, 1264, 2, 0, 12.74%, 0, 0, 22, 7731.95, 87970646, 667
11398, 124, 645, 1264, 2, 0, 12.74%, 0, 0, 22, 7752.23, 88010098, 667
11403, 125, 135, 1264, 2, 0, 12.74%, 0, 0, 22, 7725.39, 88049540, 667
11408, 125, 1261, 1264, 2, 0, 12.74%, 0, 0, 22, 7616.91, 88088662, 667
11414, 125, 528, 1264, 2, 0, 12.74%, 0, 0, 22, 7694.41, 88127778, 667
11419, 125, 135, 1264, 2, 0, 12.74%, 0, 0, 22, 7724.37, 88167499, 667
11424, 125, 198, 1264, 2, 0, 12.74%, 0, 0, 22, 7732.38, 88206839, 667
11429, 125, 28, 1264, 2, 0, 12.74%, 0, 0, 22, 7741.09, 88246246, 667
11434, 125, 192, 1264, 2, 0, 12.74%, 0, 0, 22, 7728.56, 88285831, 667
11439, 125, 178, 1264, 2, 0, 12.74%, 0, 0, 22, 7740.21, 88325289, 667
11444, 125, 198, 1264, 2, 0, 12.74%, 0, 0, 22, 7724.08, 88364930, 667
11449, 125, 170, 1264, 2, 0, 12.74%, 0, 0, 22, 7735.16, 88404580, 667
11454, 125, 982, 1264, 2, 0, 12.74%, 0, 0, 22, 7723.37, 88443908, 667
11459, 125, 643, 1264, 2, 0, 12.74%, 0, 0, 22, 7675.91, 88482779, 667
11465, 125, 160, 1264, 2, 0, 12.74%, 0, 0, 22, 7676.18, 88521773, 667
11470, 125, 48, 1265, 3, 0, 12.74%, 0, 0, 22, 7710.96, 88561064, 667
11475, 125, 170, 1265, 3, 0, 12.74%, 0, 0, 22, 7709.73, 88600466, 667
11480, 126, 982, 1265, 3, 0, 12.74%, 0, 0, 22, 7743.07, 88640052, 667
11485, 126, 34, 1265, 3, 0, 12.74%, 0, 0, 22, 7669.29, 88679114, 667
11490, 126, 198, 1265, 3, 0, 12.74%, 0, 0, 22, 7735.02, 88718681, 667
11495, 126, 245, 1265, 3, 0, 12.74%, 0, 0, 22, 7759.83, 88758119, 667
11500, 126, 198, 1265, 3, 0, 12.74%, 0, 0, 22, 7734.33, 88797402, 667
11505, 126, 109, 1265, 3, 0, 12.74%, 0, 0, 22, 7736.65, 88836618, 667
11510, 126, 120, 1265, 3, 0, 12.74%, 0, 0, 22, 7716.35, 88875977, 667
11515, 126, 97, 1265, 3, 0, 12.74%, 0, 0, 22, 7704.47, 88915440, 667
11521, 126, 92, 1265, 3, 0, 12.74%, 0, 0, 22, 7672.83, 88954908, 667
11526, 126, 120, 1265, 3, 0, 12.74%, 0, 0, 22, 7727.19, 88994339, 667
11531, 126, 191, 1265, 3, 0, 12.74%, 0, 0, 22, 7736.01, 89034101, 667
11536, 126, 31, 1265, 3, 0, 12.74%, 0, 0, 22, 7728.01, 89073486, 667
11541, 126, 252, 1265, 3, 0, 12.74%, 0, 0, 22, 7697.72, 89112448, 667
11546, 126, 306, 1265, 3, 0, 12.74%, 0, 0, 22, 7707.89, 89151796, 667
11551, 126, 128, 1265, 3, 0, 12.74%, 0, 0, 22, 7720.81, 89191129, 667
11556, 126, 259, 1265, 3, 0, 12.74%, 0, 0, 22, 7726.47, 89230746, 667
11561, 127, 187, 1266, 3, 0, 12.74%, 0, 0, 22, 7685.01, 89269764, 667
11566, 127, 34, 1266, 3, 0, 12.74%, 0, 0, 22, 7723.38, 89309038, 667
11572, 127, 252, 1266, 3, 0, 12.74%, 0, 0, 22, 7722.76, 89348125, 667
11577, 127, 106, 1266, 3, 0, 12.74%, 0, 0, 22, 7706.66, 89387187, 667
11582, 127, 178, 1266, 3, 0, 12.74%, 0, 0, 22, 7727.35, 89426424, 667
11587, 127, 31, 1266, 2, 0, 12.74%, 0, 0, 22, 7655.53, 89465507, 667
11592, 127, 135, 1266, 2, 0, 12.74%, 0, 0, 22, 7712.47, 89504931, 667
11597, 127, 48, 1266, 2, 0, 12.74%, 0, 0, 22, 7730.70, 89544347, 667
11602, 127, 454, 1266, 2, 0, 12.74%, 0, 0, 22, 7706.33, 89583782, 667
11607, 127, 63, 1266, 2, 0, 12.74%, 0, 0, 22, 7696.90, 89622819, 667
11612, 127, 135, 1266, 2, 0, 12.74%, 0, 0, 22, 7706.98, 89662113, 667
11617, 127, 107, 1266, 2, 0, 12.74%, 0, 0, 22, 7735.30, 89701672, 667
11622, 127, 105, 1266, 2, 0, 12.74%, 0, 0, 22, 7669.23, 89740411, 667
11628, 127, 287, 1266, 2, 0, 12.74%, 0, 0, 22, 7718.57, 89779611, 667
11633, 127, 198, 1266, 2, 0, 12.74%, 0, 0, 22, 7714.11, 89818742, 667
11638, 128, 252, 1266, 2, 0, 12.74%, 0, 0, 22, 7742.90, 89858008, 667
11643, 128, 196, 1266, 2, 0, 12.74%, 0, 0, 22, 7741.88, 89897299, 667
11648, 128, 92, 1266, 2, 0, 12.74%, 0, 0, 22, 7734.39, 89936615, 667
11653, 128, 128, 1266, 2, 0, 12.74%, 0, 0, 22, 7705.69, 89976055, 667
11658, 128, 60, 1266, 2, 0, 12.74%, 0, 0, 22, 7741.04, 90015432, 667
11663, 128, 109, 1266, 2, 0, 12.74%, 0, 0, 22, 7716.62, 90054535, 667
11668, 128, 185, 1266, 2, 0, 12.74%, 0, 0, 22, 7729.12, 90093583, 667
11673, 128, 432, 1266, 2, 0, 12.74%, 0, 0, 22, 7727.30, 90132912, 667
11678, 128, 34, 1266, 2, 0, 12.74%, 0, 0, 22, 7618.64, 90171522, 667
11683, 128, 177, 1266, 2, 0, 12.74%, 0, 0, 22, 7708.31, 90210627, 667
11689, 128, 508, 1266, 2, 0, 12.74%, 0, 0, 22, 7723.00, 90250072, 667
11694, 128, 458, 1266, 1, 0, 12.74%, 0, 0, 22, 7107.85, 90286382, 667
11699, 128, 683, 1266, 1, 0, 12.74%, 0, 0, 22, 7600.84, 90325803, 667
11704, 128, 886, 1266, 1, 0, 12.74%, 0, 0, 22, 7687.80, 90365052, 667
11709, 128, 706, 1266, 1, 0, 12.74%, 0, 0, 22, 7704.09, 90404254, 667
11714, 128, 187, 1266, 1, 0, 12.74%, 0, 0, 22, 7735.05, 90443597, 667
11719, 129, 187, 1266, 1, 0, 12.74%, 0, 0, 22, 7734.50, 90483024, 667
11724, 129, 120, 1266, 1, 0, 12.74%, 0, 0, 22, 7654.43, 90522599, 667
11729, 129, 130, 1266, 1, 0, 12.74%, 0, 0, 22, 7726.70, 90561879, 667
11734, 129, 109, 1266, 1, 0, 12.74%, 0, 0, 22, 7720.93, 90601496, 667
11739, 129, 192, 1266, 1, 0, 12.74%, 0, 0, 22, 7740.40, 90640887, 667
11745, 129, 591, 1266, 1, 0, 12.74%, 0, 0, 22, 7687.05, 90679733, 667
11750, 129, 982, 1266, 1, 0, 12.74%, 0, 0, 22, 7724.47, 90718792, 667
11755, 129, 120, 1266, 1, 0, 12.74%, 0, 0, 22, 7714.93, 90758101, 667
11760, 129, 198, 1267, 2, 0, 12.74%, 0, 0, 22, 7683.94, 90797335, 667
11765, 129, 165, 1267, 2, 0, 12.74%, 0, 0, 22, 7708.88, 90836641, 667
11770, 129, 378, 1267, 2, 0, 12.74%, 0, 0, 22, 7705.97, 90875638, 667
11775, 129, 106, 1267, 2, 0, 12.74%, 0, 0, 22, 7713.16, 90914928, 667
11780, 129, 135, 1267, 2, 0, 12.74%, 0, 0, 22, 7707.02, 90953808, 667
11785, 129, 106, 1267, 2, 0, 12.74%, 0, 0, 22, 7760.38, 90993191, 667
11790, 129, 590, 1267, 2, 0, 12.74%, 0, 0, 22, 7741.64, 91032478, 667
11795, 130, 287, 1267, 2, 0, 12.74%, 0, 0, 22, 7746.78, 91071922, 667
11800, 130, 210, 1267, 2, 0, 12.74%, 0, 0, 22, 7757.03, 91111177, 667
11806, 130, 982, 1267, 2, 0, 12.74%, 0, 0, 22, 7758.38, 91150913, 667
11811, 130, 574, 1267, 2, 0, 12.74%, 0, 0, 22, 7704.63, 91190163, 667
11816, 130, 191, 1267, 2, 0, 12.74%, 0, 0, 22, 7696.52, 91229661, 667
11821, 130, 92, 1267, 2, 0, 12.74%, 0, 0, 22, 7725.58, 91268856, 667
11826, 130, 109, 1267, 2, 0, 12.74%, 0, 0, 22, 7760.13, 91308530, 667
11831, 130, 106, 1267, 2, 0, 12.74%, 0, 0, 22, 7701.73, 91347346, 667
11836, 130, 187, 1267, 2, 0, 12.74%, 0, 0, 22, 7685.98, 91386980, 667
11841, 130, 982, 1267, 2, 0, 12.74%, 0, 0, 22, 7670.71, 91426148, 667
11846, 130, 667, 1267, 2, 0, 12.74%, 0, 0, 22, 7704.06, 91465163, 667
11851, 130, 198, 1267, 2, 0, 12.74%, 0, 0, 22, 7714.76, 91504432, 667
11856, 130, 204, 1267, 2, 0, 12.74%, 0, 0, 22, 7707.79, 91543555, 667
11862, 130, 198, 1267, 2, 0, 12.74%, 0, 0, 22, 7710.92, 91582578, 667
11867, 130, 1266, 1267, 2, 0, 12.74%, 0, 0, 22, 7594.40, 91621187, 667
11872, 130, 120, 1267, 1, 0, 12.74%, 0, 0, 22, 7593.63, 91659024, 667
11877, 131, 48, 1267, 1, 0, 12.74%, 0, 0, 22, 7700.26, 91698403, 667
11882, 131, 48, 1267, 1, 0, 12.74%, 0, 0, 22, 7727.26, 91737796, 667
11887, 131, 105, 1267, 1, 0, 12.74%, 0, 0, 22, 7736.57, 91776794, 667
11892, 131, 135, 1267, 1, 0, 12.74%, 0, 0, 22, 7724.72, 91815847, 667
11897, 131, 109, 1267, 1, 0, 12.74%, 0, 0, 22, 7716.97, 91854961, 667
11902, 131, 252, 1267, 1, 0, 12.74%, 0, 0, 22, 7706.76, 91893955, 667
11907, 131, 9, 1267, 1, 0, 12.74%, 0, 0, 22, 7718.01, 91933402, 667
11912, 131, 106, 1267, 1, 0, 12.74%, 0, 0, 22, 7702.69, 91972588, 667
11917, 131, 66, 1267, 1, 0, 12.74%, 0, 0, 22, 7726.24, 92011910, 667
11922, 131, 287, 1267, 1, 0, 12.74%, 0, 0, 22, 7730.87, 92051071, 667
11928, 131, 170, 1267, 1, 0, 12.74%, 0, 0, 22, 7724.73, 92090226, 667
11933, 131, 31, 1267, 1, 0, 12.74%, 0, 0, 22, 7715.78, 92129450, 667
11938, 131, 94, 1267, 1, 0, 12.74%, 0, 0, 22, 7673.01, 92168390, 667
11943, 131, 66, 1267, 1, 0, 12.74%, 0, 0, 22, 7659.60, 92207340, 667
11948, 131, 106, 1267, 1, 0, 12.74%, 0, 0, 22, 7733.98, 92246642, 667
11953, 131, 245, 1267, 1, 0, 12.74%, 0, 0, 22, 7755.13, 92286627, 667
11958, 132, 980, 1267, 1, 0, 12.74%, 0, 0, 22, 7686.93, 92325736, 667
11963, 132, 130, 1267, 1, 0, 12.74%, 0, 0, 22, 7711.95, 92364887, 667
11968, 132, 886, 1267, 1, 0, 12.74%, 0, 0, 22, 7722.88, 92404238, 667
11973, 132, 306, 1267, 1, 0, 12.74%, 0, 0, 22, 7735.40, 92443854, 667
11978, 132, 66, 1267, 1, 0, 12.74%, 0, 0, 22, 7687.54, 92482943, 667
11984, 132, 287, 1268, 2, 0, 12.74%, 0, 0, 22, 7698.76, 92522215, 667
11989, 132, 416, 1268, 2, 0, 12.74%, 0, 0, 22, 7717.62, 92561623, 667
11994, 132, 187, 1268, 2, 0, 12.74%, 0, 0, 22, 7693.90, 92600684, 667
11999, 132, 220, 1268, 2, 0, 12.74%, 0, 0, 22, 7700.03, 92640215, 667
12004, 132, 235, 1268, 2, 0, 12.74%, 0, 0, 22, 7710.79, 92679595, 667
12009, 132, 109, 1268, 2, 0, 12.74%, 0, 0, 22, 7685.68, 92718575, 667
12014, 132, 109, 1268, 2, 0, 12.74%, 0, 0, 22, 7633.24, 92757218, 667
12019, 132, 584, 1268, 2, 0, 12.74%, 0, 0, 22, 7695.74, 92796845, 667
12024, 132, 53, 1268, 2, 0, 12.74%, 0, 0, 22, 7691.74, 92835750, 667
12030, 132, 44, 1268, 2, 0, 12.74%, 0, 0, 22, 7699.27, 92875157, 667
12035, 133, 262, 1269, 3, 0, 12.74%, 0, 0, 22, 7661.66, 92913643, 667
12040, 133, 120, 1269, 3, 0, 12.74%, 0, 0, 22, 7686.71, 92952768, 667
12045, 133, 66, 1269, 3, 0, 12.74%, 0, 0, 22, 7695.80, 92991886, 667
12050, 133, 15, 1269, 3, 0, 12.74%, 0, 0, 22, 7705.15, 93031509, 667
12055, 133, 34, 1269, 3, 0, 12.74%, 0, 0, 22, 7710.16, 93070615, 667
12060, 133, 25, 1269, 3, 0, 12.74%, 0, 0, 22, 7713.53, 93110273, 667
12065, 133, 591, 1269, 3, 0, 12.74%, 0, 0, 22, 7728.34, 93149456, 667
12070, 133, 109, 1269, 3, 0, 12.74%, 0, 0, 22, 7728.34, 93188853, 667
12075, 133, 94, 1269, 3, 0, 12.74%, 0, 0, 22, 7742.64, 93228247, 667
12080, 133, 109, 1269, 2, 0, 12.74%, 0, 0, 22, 7504.73, 93266170, 667
12085, 133, 109, 1269, 2, 0, 12.74%, 0, 0, 22, 7679.51, 93305284, 667
12091, 133, 170, 1269, 2, 0, 12.74%, 0, 0, 22, 7712.02, 93345034, 667
12096, 133, 177, 1269, 2, 0, 12.74%, 0, 0, 22, 7731.51, 93384086, 667
12101, 133, 220, 1269, 2, 0, 12.74%, 0, 0, 22, 7718.43, 93423074, 667
12106, 133, 1267, 1275, 8, 0, 12.74%, 0, 0, 23, 6977.54, 93459628, 667
12111, 133, 106, 1275, 7, 0, 12.74%, 0, 0, 23, 7522.16, 93498856, 667
12116, 134, 198, 1275, 6, 0, 12.74%, 0, 0, 23, 7476.02, 93537297, 667
12121, 134, 198, 1275, 6, 0, 12.74%, 0, 0, 23, 7687.18, 93576784, 667
12126, 134, 1273, 1277, 8, 0, 12.74%, 0, 0, 24, 6923.15, 93612543, 667
12132, 134, 63, 1277, 7, 0, 12.74%, 0, 0, 24, 7546.10, 93651884, 667
12137, 134, 109, 1277, 7, 0, 12.74%, 0, 0, 24, 7672.27, 93691154, 667
12142, 134, 982, 1277, 7, 0, 12.74%, 0, 0, 24, 7709.28, 93730706, 667
12147, 134, 546, 1277, 7, 0, 12.74%, 0, 0, 24, 7721.15, 93769982, 667
12152, 134, 374, 1277, 7, 0, 12.74%, 0, 0, 24, 7699.83, 93809259, 667
12157, 134, 286, 1277, 7, 0, 12.74%, 0, 0, 24, 7716.46, 93848433, 667
12162, 134, 252, 1277, 7, 0, 12.74%, 0, 0, 24, 7660.33, 93887602, 667
12167, 134, 109, 1277, 6, 0, 12.74%, 0, 0, 24, 7371.43, 93925474, 667
12172, 134, 886, 1277, 6, 0, 12.74%, 0, 0, 24, 7643.94, 93964640, 667
12177, 134, 97, 1277, 6, 0, 12.74%, 0, 0, 24, 7673.50, 94003594, 667
12183, 134, 590, 1277, 6, 0, 12.74%, 0, 0, 24, 7699.28, 94043427, 667
12188, 134, 252, 1277, 6, 0, 12.74%, 0, 0, 24, 7730.83, 94082845, 667
12193, 134, 109, 1277, 6, 0, 12.74%, 0, 0, 24, 7694.19, 94121728, 667
12198, 135, 1272, 1277, 6, 0, 12.74%, 0, 0, 24, 7404.46, 94159980, 667
12203, 135, 192, 1277, 5, 0, 12.74%, 0, 0, 24, 7615.38, 94199168, 667
12208, 135, 252, 1277, 5, 0, 12.74%, 0, 0, 24, 7699.86, 94238374, 667
12213, 135, 82, 1277, 5, 0, 12.74%, 0, 0, 24, 7686.44, 94277296, 667
12218, 135, 120, 1278, 6, 0, 12.74%, 0, 0, 24, 7726.71, 94316763, 667
12223, 135, 723, 1278, 6, 0, 12.74%, 0, 0, 24, 7689.86, 94355977, 667
12228, 135, 120, 1278, 6, 0, 12.74%, 0, 0, 24, 7691.92, 94395359, 667
12234, 135, 120, 1278, 6, 0, 12.74%, 0, 0, 24, 7654.18, 94434398, 667
12239, 135, 83, 1278, 6, 0, 12.74%, 0, 0, 24, 7674.39, 94473649, 667
12244, 135, 198, 1278, 6, 0, 12.74%, 0, 0, 24, 7716.21, 94512894, 667
12249, 135, 125, 1278, 6, 0, 12.74%, 0, 0, 24, 7724.87, 94551974, 667
12254, 135, 130, 1278, 5, 0, 12.74%, 0, 0, 24, 7348.87, 94589322, 667
12259, 135, 886, 1278, 4, 0, 12.74%, 0, 0, 24, 7579.03, 94628683, 667
12264, 135, 982, 1278, 4, 0, 12.74%, 0, 0, 24, 7659.07, 94668173, 667
12269, 135, 130, 1278, 4, 0, 12.74%, 0, 0, 24, 7706.84, 94707268, 667
12274, 135, 170, 1278, 3, 0, 12.74%, 0, 0, 24, 7399.20, 94744920, 667
12279, 136, 48, 1278, 3, 0, 12.74%, 0, 0, 24, 7649.23, 94784159, 667
12285, 136, 192, 1278, 3, 0, 12.74%, 0, 0, 24, 7698.63, 94823711, 667
12290, 136, 135, 1278, 3, 0, 12.74%, 0, 0, 24, 7691.33, 94863195, 667
12295, 136, 463, 1278, 3, 0, 12.74%, 0, 0, 24, 7698.88, 94902534, 667
12300, 136, 28, 1278, 3, 0, 12.74%, 0, 0, 24, 7714.90, 94941891, 667
12305, 136, 128, 1278, 3, 0, 12.74%, 0, 0, 24, 7732.66, 94980989, 667
12310, 136, 178, 1278, 3, 0, 12.74%, 0, 0, 24, 7711.24, 95020203, 667
12315, 136, 48, 1278, 3, 0, 12.74%, 0, 0, 24, 7710.43, 95059103, 667
12320, 136, 89, 1278, 3, 0, 12.74%, 0, 0, 24, 7668.85, 95098142, 667
12325, 136, 109, 1278, 2, 0, 12.74%, 0, 0, 24, 7313.00, 95135929, 667
12330, 136, 252, 1278, 2, 0, 12.74%, 0, 0, 24, 7620.91, 95175427, 667
12336, 136, 60, 1278, 2, 0, 12.74%, 0, 0, 24, 7695.81, 95214709, 667
12341, 136, 142, 1278, 2, 0, 12.74%, 0, 0, 24, 7707.76, 95253842, 667
12346, 136, 187, 1278, 2, 0, 12.74%, 0, 0, 24, 7675.76, 95292871, 667
12351, 136, 25, 1278, 2, 0, 12.74%, 0, 0, 24, 7713.91, 95332210, 667
12356, 136, 312, 1278, 2, 0, 12.74%, 0, 0, 24, 7675.67, 95371388, 667
12361, 137, 28, 1278, 2, 0, 12.74%, 0, 0, 24, 7698.40, 95410843, 667
12366, 137, 187, 1278, 2, 0, 12.74%, 0, 0, 24, 7685.97, 95450125, 667
12371, 137, 82, 1278, 2, 0, 12.74%, 0, 0, 24, 7733.76, 95489514, 667
12376, 137, 48, 1278, 2, 0, 12.74%, 0, 0, 24, 7725.69, 95528545, 667
12381, 137, 183, 1278, 2, 0, 12.74%, 0, 0, 24, 7734.22, 95568322, 667
12387, 137, 94, 1278, 2, 0, 12.74%, 0, 0, 24, 7675.02, 95607326, 667
12392, 137, 15, 1278, 2, 0, 12.74%, 0, 0, 24, 7713.57, 95646634, 667
12397, 137, 60, 1278, 2, 0, 12.74%, 0, 0, 24, 7687.72, 95685698, 667
12402, 137, 432, 1278, 2, 0, 12.74%, 0, 0, 24, 7664.28, 95724558, 667
12407, 137, 135, 1278, 2, 0, 12.74%, 0, 0, 24, 7701.32, 95764087, 667
12412, 137, 77, 1278, 2, 0, 12.74%, 0, 0, 24, 7638.55, 95802687, 667
12417, 137, 130, 1279, 2, 0, 12.74%, 0, 0, 25, 7297.34, 95838754, 667
12422, 137, 83, 1279, 2, 0, 12.74%, 0, 0, 25, 7607.62, 95877507, 667
12427, 137, 120, 1279, 2, 0, 12.74%, 0, 0, 25, 7667.50, 95916258, 667
12432, 137, 429, 1279, 2, 0, 12.74%, 0, 0, 25, 7710.98, 95955694, 667
12437, 137, 60, 1279, 2, 0, 12.74%, 0, 0, 25, 7731.60, 95995235, 667
12443, 138, 85, 1279, 2, 0, 12.74%, 0, 0, 25, 7718.12, 96034497, 667
12448, 138, 980, 1279, 2, 0, 12.74%, 0, 0, 25, 7624.50, 96073225, 667
12453, 138, 77, 1279, 2, 0, 12.74%, 0, 0, 25, 7683.59, 96112290, 667
12458, 138, 63, 1279, 2, 0, 12.74%, 0, 0, 25, 7698.41, 96151298, 667
12463, 138, 886, 1279, 2, 0, 12.74%, 0, 0, 25, 7697.87, 96190552, 667
12468, 138, 82, 1279, 2, 0, 12.74%, 0, 0, 25, 7722.18, 96230028, 667
12473, 138, 106, 1279, 1, 0, 12.74%, 0, 0, 25, 7536.99, 96267122, 667
12478, 138, 220, 1279, 1, 0, 12.74%, 0, 0, 25, 7659.34, 96306223, 667
12483, 138, 519, 1279, 1, 0, 12.74%, 0, 0, 25, 7698.13, 96345360, 667
12488, 138, 198, 1279, 1, 0, 12.74%, 0, 0, 25, 7726.64, 96384753, 667
12493, 138, 886, 1279, 1, 0, 12.74%, 0, 0, 25, 7639.41, 96423642, 667
12499, 138, 66, 1279, 1, 0, 12.74%, 0, 0, 25, 7658.22, 96462399, 667
12504, 138, 120, 1279, 1, 0, 12.74%, 0, 0, 25, 7604.13, 96501422, 667
12509, 138, 71, 1279, 1, 0, 12.74%, 0, 0, 25, 7689.08, 96540616, 667
12514, 138, 170, 1279, 1, 0, 12.74%, 0, 0, 25, 7703.82, 96580208, 667
12519, 138, 538, 1279, 1, 0, 12.74%, 0, 0, 25, 7702.74, 96619200, 667
12524, 139, 53, 1279, 1, 0, 12.74%, 0, 0, 25, 7716.83, 96658723, 667
12529, 139, 689, 1279, 1, 0, 12.74%, 0, 0, 25, 7626.21, 96697426, 667
12534, 139, 388, 1279, 1, 0, 12.74%, 0, 0, 25, 7687.24, 96736545, 667
12539, 139, 28, 1279, 1, 0, 12.74%, 0, 0, 25, 7721.72, 96775660, 667
12544, 139, 59, 1279, 1, 0, 12.74%, 0, 0, 25, 7656.00, 96814828, 667
12550, 139, 135, 1279, 1, 0, 12.74%, 0, 0, 25, 7703.10, 96854186, 667
12555, 139, 85, 1279, 1, 0, 12.74%, 0, 0, 25, 7663.31, 96893159, 667
12560, 139, 886, 1279, 1, 0, 12.74%, 0, 0, 25, 7679.86, 96932209, 667
12565, 139, 198, 1279, 0, 0, 12.74%, 0, 0, 25, 7380.27, 96970316, 667
12570, 139, 287, 1279, 0, 0, 12.74%, 0, 0, 25, 7620.86, 97009444, 667
12575, 139, 92, 1279, 0, 0, 12.74%, 0, 0, 25, 7681.63, 97048546, 667
12580, 139, 55, 1279, 0, 0, 12.74%, 0, 0, 25, 7699.73, 97087478, 667
12585, 139, 390, 1279, 0, 0, 12.74%, 0, 0, 25, 7689.04, 97126622, 667
12590, 139, 198, 1279, 0, 0, 12.74%, 0, 0, 25, 7701.80, 97165830, 667
12595, 139, 287, 1279, 0, 0, 12.74%, 0, 0, 25, 7681.11, 97204635, 667
12600, 139, 645, 1279, 0, 0, 12.74%, 0, 0, 25, 7674.06, 97243454, 667
12605, 140, 83, 1279, 0, 0, 12.74%, 0, 0, 25, 7659.79, 97282366, 667
12610, 140, 584, 1279, 0, 0, 12.74%, 0, 0, 25, 7681.10, 97321355, 667
12616, 140, 584, 1279, 0, 0, 12.74%, 0, 0, 25, 7677.02, 97360308, 667
12621, 140, 28, 1279, 0, 0, 12.74%, 0, 0, 25, 7674.17, 97399630, 667
12626, 140, 170, 1279, 0, 0, 12.74%, 0, 0, 25, 7700.61, 97438858, 667
12631, 140, 89, 1279, 0, 0, 12.74%, 0, 0, 25, 7669.50, 97477608, 667
12636, 140, 205, 1279, 0, 0, 12.74%, 0, 0, 25, 7654.89, 97516388, 667
12641, 140, 160, 1279, 0, 0, 12.74%, 0, 0, 25, 7686.95, 97555530, 667
12646, 140, 591, 1279, 0, 0, 12.74%, 0, 0, 25, 7707.87, 97594610, 667
12651, 140, 109, 1279, 0, 0, 12.74%, 0, 0, 25, 7709.74, 97633675, 667
12656, 140, 48, 1279, 0, 0, 12.74%, 0, 0, 25, 7678.16, 97672581, 667
12661, 140, 982, 1279, 0, 0, 12.74%, 0, 0, 25, 7682.64, 97711606, 667
12666, 140, 120, 1279, 0, 0, 12.74%, 0, 0, 25, 7667.52, 97750827, 667
12671, 140, 252, 1279, 0, 0, 12.74%, 0, 0, 25, 7626.93, 97789302, 667
12677, 140, 198, 1279, 0, 0, 12.74%, 0, 0, 25, 7684.66, 97828553, 667
12682, 140, 546, 1279, 0, 0, 12.74%, 0, 0, 25, 7562.20, 97866688, 667
12687, 141, 198, 1279, 0, 0, 12.74%, 0, 0, 25, 7665.93, 97905733, 667
12692, 141, 982, 1279, 0, 0, 12.74%, 0, 0, 25, 7666.69, 97944618, 667
12697, 141, 584, 1279, 0, 0, 12.74%, 0, 0, 25, 7606.14, 97983387, 667
12702, 141, 120, 1279, 0, 0, 12.74%, 0, 0, 25, 7649.47, 98022336, 667
12707, 141, 71, 1279, 0, 0, 12.74%, 0, 0, 25, 7661.25, 98061576, 667
12712, 141, 28, 1279, 0, 0, 12.74%, 0, 0, 25, 7689.43, 98100522, 667
12717, 141, 429, 1279, 0, 0, 12.74%, 0, 0, 25, 7666.90, 98139614, 667
12722, 141, 252, 1279, 0, 0, 12.74%, 0, 0, 25, 7696.87, 98179000, 667
12728, 141, 106, 1279, 0, 0, 12.74%, 0, 0, 25, 7695.08, 98218617, 667
12733, 141, 60, 1279, 0, 0, 12.74%, 0, 0, 25, 7654.50, 98257642, 667
12738, 141, 66, 1279, 0, 0, 12.74%, 0, 0, 25, 7685.74, 98297005, 667
12743, 141, 454, 1279, 0, 0, 12.74%, 0, 0, 25, 7707.12, 98336224, 667
12748, 141, 128, 1279, 0, 0, 12.74%, 0, 0, 25, 7689.88, 98375335, 667
12753, 141, 106, 1279, 0, 0, 12.74%, 0, 0, 25, 7678.47, 98414481, 667
12758, 141, 982, 1279, 0, 0, 12.74%, 0, 0, 25, 7677.99, 98453520, 667
12763, 141, 89, 1279, 0, 0, 12.74%, 0, 0, 25, 7659.60, 98492435, 667
12768, 142, 66, 1279, 0, 0, 12.74%, 0, 0, 25, 7654.83, 98531527, 667
12773, 142, 120, 1279, 0, 0, 12.74%, 0, 0, 25, 7703.85, 98570795, 667
12778, 142, 886, 1279, 0, 0, 12.74%, 0, 0, 25, 7616.43, 98609587, 667
12784, 142, 109, 1279, 0, 0, 12.74%, 0, 0, 25, 7679.42, 98648986, 667
12789, 142, 120, 1279, 0, 0, 12.74%, 0, 0, 25, 7719.66, 98688375, 667
12794, 142, 574, 1279, 0, 0, 12.74%, 0, 0, 25, 7701.53, 98727498, 667
12799, 142, 312, 1279, 0, 0, 12.74%, 0, 0, 25, 7648.08, 98766159, 667
12804, 142, 220, 1279, 0, 0, 12.74%, 0, 0, 25, 7650.90, 98804957, 667
12809, 142, 83, 1279, 0, 0, 12.74%, 0, 0, 25, 7636.67, 98844080, 667
12814, 142, 259, 1279, 0, 0, 12.74%, 0, 0, 25, 7696.44, 98883619, 667
12819, 142, 287, 1279, 0, 0, 12.74%, 0, 0, 25, 7684.81, 98922843, 667
12824, 142, 48, 1279, 0, 0, 12.74%, 0, 0, 25, 7692.76, 98961940, 667
12829, 142, 187, 1279, 0, 0, 12.74%, 0, 0, 25, 7722.25, 99001213, 667
12834, 142, 220, 1279, 0, 0, 12.74%, 0, 0, 25, 7714.18, 99040219, 667
12840, 142, 59, 1279, 0, 0, 12.74%, 0, 0, 25, 7721.28, 99080086, 667
12845, 143, 125, 1279, 0, 0, 12.74%, 0, 0, 25, 7703.70, 99119228, 667
12850, 143, 130, 1279, 0, 0, 12.74%, 0, 0, 25, 7715.19, 99159059, 667
12855, 143, 31, 1279, 0, 0, 12.74%, 0, 0, 25, 7712.83, 99198084, 667
12860, 143, 886, 1279, 0, 0, 12.74%, 0, 0, 25, 7697.43, 99237293, 667
12865, 143, 191, 1279, 0, 0, 12.74%, 0, 0, 25, 7693.12, 99276135, 667
12870, 143, 60, 1279, 0, 0, 12.74%, 0, 0, 25, 7710.56, 99315562, 667
12875, 143, 886, 1279, 0, 0, 12.74%, 0, 0, 25, 7677.64, 99354635, 667
12880, 143, 106, 1279, 0, 0, 12.74%, 0, 0, 25, 7694.52, 99393653, 667
12885, 143, 584, 1279, 0, 0, 12.74%, 0, 0, 25, 7703.58, 99432739, 667
12891, 143, 106, 1279, 0, 0, 12.74%, 0, 0, 25, 7729.37, 99472200, 667
12896, 143, 287, 1279, 0, 0, 12.74%, 0, 0, 25, 7699.99, 99511235, 667
12901, 143, 259, 1279, 0, 0, 12.74%, 0, 0, 25, 7714.12, 99550524, 667
12906, 143, 1054, 1279, 0, 0, 12.74%, 0, 0, 25, 7711.19, 99589858, 667
12911, 143, 252, 1279, 0, 0, 12.74%, 0, 0, 25, 7709.09, 99629388, 667
12916, 143, 196, 1279, 0, 0, 12.74%, 0, 0, 25, 7718.79, 99668682, 667
12921, 143, 44, 1279, 0, 0, 12.74%, 0, 0, 25, 7713.56, 99707822, 667
12926, 144, 106, 1279, 0, 0, 12.74%, 0, 0, 25, 7706.22, 99746814, 667
12931, 144, 109, 1279, 0, 0, 12.74%, 0, 0, 25, 7703.95, 99785902, 667
12936, 144, 28, 1279, 0, 0, 12.74%, 0, 0, 25, 7683.58, 99824731, 667
12942, 144, 177, 1279, 0, 0, 12.74%, 0, 0, 25, 7699.76, 99864045, 667
12947, 144, 106, 1279, 0, 0, 12.74%, 0, 0, 25, 7722.51, 99903623, 667
12952, 144, 287, 1279, 0, 0, 12.74%, 0, 0, 25, 7717.48, 99943211, 667
12957, 144, 130, 1279, 0, 0, 12.74%, 0, 0, 25, 7708.28, 99982175, 667
12962, 144, 120, 1279, 0, 0, 12.74%, 0, 0, 25, 7733.83, 100021440, 667
12967, 144, 252, 1279, 0, 0, 12.74%, 0, 0, 25, 7732.57, 100060894, 667
12972, 144, 235, 1279, 0, 0, 12.74%, 0, 0, 25, 7711.59, 100100127, 667
12977, 144, 34, 1279, 0, 0, 12.74%, 0, 0, 25, 7714.18, 100139493, 667
12982, 144, 252, 1279, 0, 0, 12.74%, 0, 0, 25, 7732.37, 100178741, 667
12987, 144, 92, 1279, 0, 0, 12.74%, 0, 0, 25, 7708.83, 100218068, 667
12992, 144, 109, 1279, 0, 0, 12.74%, 0, 0, 25, 7726.50, 100257449, 667
12998, 144, 142, 1279, 0, 0, 12.74%, 0, 0, 25, 7694.70, 100296998, 667
13003, 144, 174, 1279, 0, 0, 12.74%, 0, 0, 25, 7737.07, 100336370, 667
13008, 145, 187, 1279, 0, 0, 12.74%, 0, 0, 25, 7728.43, 100375827, 667
13013, 145, 106, 1279, 0, 0, 12.74%, 0, 0, 25, 7729.27, 100414808, 667
13018, 145, 28, 1279, 0, 0, 12.74%, 0, 0, 25, 7685.67, 100453871, 667
13023, 145, 982, 1279, 0, 0, 12.74%, 0, 0, 25, 7716.64, 100493104, 667
13028, 145, 106, 1279, 0, 0, 12.74%, 0, 0, 25, 7754.94, 100532732, 667
13033, 145, 388, 1279, 0, 0, 12.74%, 0, 0, 25, 7753.19, 100572277, 667
13038, 145, 544, 1279, 0, 0, 12.74%, 0, 0, 25, 7720.52, 100611477, 667
13043, 145, 362, 1279, 0, 0, 12.74%, 0, 0, 25, 7688.31, 100650427, 667
13048, 145, 71, 1279, 0, 0, 12.74%, 0, 0, 25, 7711.76, 100689576, 667
13053, 145, 120, 1279, 0, 0, 12.74%, 0, 0, 25, 7694.19, 100728337, 667
13059, 145, 584, 1279, 0, 0, 12.74%, 0, 0, 25, 7725.51, 100767745, 667
13064, 145, 66, 1279, 0, 0, 12.74%, 0, 0, 25, 7708.63, 100807205, 667
13069, 145, 306, 1279, 0, 0, 12.74%, 0, 0, 25, 7712.01, 100846247, 667
13074, 145, 252, 1279, 0, 0, 12.74%, 0, 0, 25, 7721.36, 100885452, 667
13079, 145, 689, 1279, 0, 0, 12.74%, 0, 0, 25, 7684.85, 100924434, 667
13084, 146, 59, 1279, 0, 0, 12.74%, 0, 0, 25, 7695.23, 100963638, 667
13089, 146, 85, 1279, 0, 0, 12.74%, 0, 0, 25, 7701.92, 101002861, 667
13094, 146, 60, 1279, 0, 0, 12.74%, 0, 0, 25, 7718.96, 101041960, 667
13099, 146, 252, 1279, 0, 0, 12.74%, 0, 0, 25, 7685.34, 101081055, 667
13104, 146, 85, 1279, 0, 0, 12.74%, 0, 0, 25, 7714.44, 101120548, 667
13109, 146, 177, 1279, 0, 0, 12.74%, 0, 0, 25, 7692.10, 101159650, 667
13115, 146, 174, 1279, 0, 0, 12.74%, 0, 0, 25, 7713.15, 101198772, 667
13120, 146, 478, 1279, 0, 0, 12.74%, 0, 0, 25, 7696.99, 101237910, 667
13125, 146, 187, 1279, 0, 0, 12.74%, 0, 0, 25, 7673.65, 101277223, 667
13130, 146, 31, 1279, 0, 0, 12.74%, 0, 0, 25, 7703.63, 101316826, 667
13135, 146, 109, 1279, 0, 0, 12.74%, 0, 0, 25, 7712.37, 101356189, 667
13140, 146, 1054, 1279, 0, 0, 12.74%, 0, 0, 25, 7696.61, 101395334, 667
13145, 146, 83, 1279, 0, 0, 12.74%, 0, 0, 25, 7706.84, 101434728, 667
13150, 146, 160, 1279, 0, 0, 12.74%, 0, 0, 25, 7676.77, 101473879, 667
13155, 146, 508, 1279, 0, 0, 12.74%, 0, 0, 25, 7722.70, 101513129, 667
13160, 146, 83, 1279, 0, 0, 12.74%, 0, 0, 25, 7713.17, 101552145, 667
13165, 147, 165, 1279, 0, 0, 12.74%, 0, 0, 25, 7716.97, 101591147, 667
13171, 147, 584, 1279, 0, 0, 12.74%, 0, 0, 25, 7694.24, 101630297, 667
13176, 147, 658, 1279, 0, 0, 12.74%, 0, 0, 25, 7715.85, 101669847, 667
13181, 147, 34, 1279, 0, 0, 12.74%, 0, 0, 25, 7715.76, 101708990, 667
13186, 147, 252, 1279, 0, 0, 12.74%, 0, 0, 25, 7712.80, 101748152, 667
13191, 147, 886, 1279, 0, 0, 12.74%, 0, 0, 25, 7640.47, 101787045, 667
13196, 147, 66, 1279, 0, 0, 12.74%, 0, 0, 25, 7696.69, 101826393, 667
13201, 147, 128, 1279, 0, 0, 12.74%, 0, 0, 25, 7688.85, 101865382, 667
13206, 147, 135, 1279, 0, 0, 12.74%, 0, 0, 25, 7723.04, 101904320, 667
13211, 147, 89, 1279, 0, 0, 12.74%, 0, 0, 25, 7708.26, 101943556, 667
13216, 147, 130, 1279, 0, 0, 12.74%, 0, 0, 25, 7721.29, 101983104, 667
13221, 147, 452, 1279, 0, 0, 12.74%, 0, 0, 25, 7691.67, 102022422, 667
13227, 147, 66, 1279, 0, 0, 12.74%, 0, 0, 25, 7658.76, 102061572, 667
13232, 147, 120, 1279, 0, 0, 12.74%, 0, 0, 25, 7681.95, 102100856, 667
13237, 147, 109, 1279, 0, 0, 12.74%, 0, 0, 25, 7651.63, 102140217, 667
13242, 147, 109, 1279, 0, 0, 12.74%, 0, 0, 25, 7679.89, 102179221, 667
13247, 148, 120, 1279, 0, 0, 12.74%, 0, 0, 25, 7661.71, 102218027, 667
13252, 148, 53, 1279, 0, 0, 12.74%, 0, 0, 25, 7710.53, 102256928, 667
13257, 148, 142, 1279, 0, 0, 12.74%, 0, 0, 25, 7672.22, 102295990, 667
13262, 148, 48, 1279, 0, 0, 12.74%, 0, 0, 25, 7654.52, 102335047, 667
13267, 148, 48, 1279, 0, 0, 12.74%, 0, 0, 25, 7698.01, 102374237, 667
13272, 148, 85, 1279, 0, 0, 12.74%, 0, 0, 25, 7690.65, 102413338, 667
13278, 148, 198, 1279, 0, 0, 12.74%, 0, 0, 25, 7714.19, 102452678, 667
13283, 148, 109, 1279, 0, 0, 12.74%, 0, 0, 25, 7699.02, 102491697, 667
13288, 148, 25, 1279, 0, 0, 12.74%, 0, 0, 25, 7714.74, 102530659, 667
13293, 148, 287, 1279, 0, 0, 12.74%, 0, 0, 25, 7678.16, 102569520, 667
13298, 148, 170, 1279, 0, 0, 12.74%, 0, 0, 25, 7729.95, 102608817, 667
13303, 148, 187, 1279, 0, 0, 12.74%, 0, 0, 25, 7692.75, 102647944, 667
13308, 148, 48, 1279, 0, 0, 12.74%, 0, 0, 25, 7681.55, 102686980, 667
13313, 148, 109, 1279, 0, 0, 12.74%, 0, 0, 25, 7705.05, 102726258, 667
13318, 148, 287, 1279, 0, 0, 12.74%, 0, 0, 25, 7712.85, 102765461, 667
13323, 149, 53, 1279, 0, 0, 12.74%, 0, 0, 25, 7716.33, 102804818, 667
13328, 149, 109, 1279, 0, 0, 12.74%, 0, 0, 25, 7666.25, 102844115, 667
13333, 149, 109, 1279, 0, 0, 12.74%, 0, 0, 25, 7704.62, 102883296, 667
13339, 149, 204, 1279, 0, 0, 12.74%, 0, 0, 25, 7683.50, 102922310, 667
13344, 149, 109, 1279, 0, 0, 12.74%, 0, 0, 25, 7688.09, 102961337, 667
13349, 149, 170, 1279, 0, 0, 12.74%, 0, 0, 25, 7665.25, 103000048, 667
13354, 149, 83, 1279, 0, 0, 12.74%, 0, 0, 25, 7695.44, 103038972, 667
13359, 149, 519, 1279, 0, 0, 12.74%, 0, 0, 25, 7711.97, 103078681, 667
13364, 149, 106, 1279, 0, 0, 12.74%, 0, 0, 25, 7745.28, 103118072, 667
13369, 149, 105, 1279, 0, 0, 12.74%, 0, 0, 25, 7699.43, 103157405, 667
13374, 149, 187, 1279, 0, 0, 12.74%, 0, 0, 25, 7723.67, 103196331, 667
13379, 149, 129, 1279, 0, 0, 12.74%, 0, 0, 25, 7739.49, 103235637, 667
13384, 149, 198, 1279, 0, 0, 12.74%, 0, 0, 25, 7711.79, 103274591, 667
13389, 149, 170, 1279, 0, 0, 12.74%, 0, 0, 25, 7744.78, 103314026, 667
13394, 149, 142, 1279, 0, 0, 12.74%, 0, 0, 25, 7729.89, 103352867, 667
13400, 149, 252, 1279, 0, 0, 12.74%, 0, 0, 25, 7742.58, 103392590, 667
13405, 150, 71, 1279, 0, 0, 12.74%, 0, 0, 25, 7729.09, 103431685, 667
13410, 150, 57, 1279, 0, 0, 12.74%, 0, 0, 25, 7699.83, 103470940, 667
13415, 150, 160, 1279, 0, 0, 12.74%, 0, 0, 25, 7716.88, 103510286, 667
13420, 150, 92, 1279, 0, 0, 12.74%, 0, 0, 25, 7695.86, 103549204, 667
13425, 150, 120, 1279, 0, 0, 12.74%, 0, 0, 25, 7679.74, 103588518, 667
13430, 150, 83, 1279, 0, 0, 12.74%, 0, 0, 25, 7685.99, 103627830, 667
13435, 150, 53, 1279, 0, 0, 12.74%, 0, 0, 25, 7713.87, 103667520, 667
13440, 150, 252, 1279, 0, 0, 12.74%, 0, 0, 25, 7689.07, 103706581, 667
13445, 150, 109, 1279, 0, 0, 12.74%, 0, 0, 25, 7672.36, 103745712, 667
13451, 150, 283, 1279, 0, 0, 12.74%, 0, 0, 25, 7652.82, 103785150, 667
13456, 150, 198, 1279, 0, 0, 12.74%, 0, 0, 25, 7662.02, 103823956, 667
13461, 150, 106, 1279, 0, 0, 12.74%, 0, 0, 25, 7663.19, 103862793, 667
13466, 150, 109, 1279, 0, 0, 12.74%, 0, 0, 25, 7686.00, 103901881, 667
13471, 150, 106, 1279, 0, 0, 12.74%, 0, 0, 25, 7644.96, 103940781, 667
13476, 150, 105, 1279, 0, 0, 12.74%, 0, 0, 25, 7637.18, 103980038, 667
13481, 151, 187, 1279, 0, 0, 12.74%, 0, 0, 25, 7674.30, 104019206, 667
13486, 151, 83, 1279, 0, 0, 12.74%, 0, 0, 25, 7630.23, 104057752, 667
13491, 151, 85, 1279, 0, 0, 12.74%, 0, 0, 25, 7648.80, 104096309, 667
13496, 151, 198, 1279, 0, 0, 12.74%, 0, 0, 25, 7655.16, 104135424, 667
13501, 151, 48, 1279, 0, 0, 12.74%, 0, 0, 25, 7705.11, 104175059, 667
13507, 151, 591, 1279, 0, 0, 12.74%, 0, 0, 25, 7655.18, 104213975, 667
13512, 151, 66, 1279, 0, 0, 12.74%, 0, 0, 25, 7672.36, 104252740, 667
13517, 151, 109, 1279, 0, 0, 12.74%, 0, 0, 25, 7685.79, 104292002, 667
13522, 151, 142, 1279, 0, 0, 12.74%, 0, 0, 25, 7683.82, 104331168, 667
13527, 151, 187, 1279, 0, 0, 12.74%, 0, 0, 25, 7700.87, 104370847, 667
13532, 151, 106, 1279, 0, 0, 12.74%, 0, 0, 25, 7681.91, 104409980, 667
13537, 151, 85, 1279, 0, 0, 12.74%, 0, 0, 25, 7712.28, 104449617, 667
13542, 151, 85, 1279, 0, 0, 12.74%, 0, 0, 25, 7696.77, 104488695, 667
13547, 151, 60, 1279, 0, 0, 12.74%, 0, 0, 25, 7703.29, 104528011, 667
13552, 151, 120, 1279, 0, 0, 12.74%, 0, 0, 25, 7668.25, 104566924, 667
13558, 151, 192, 1279, 0, 0, 12.74%, 0, 0, 25, 7680.31, 104606435, 667
13563, 152, 374, 1279, 0, 0, 12.74%, 0, 0, 25, 7695.35, 104645808, 667
13568, 152, 130, 1279, 0, 0, 12.74%, 0, 0, 25, 7704.22, 104685090, 667
13573, 152, 178, 1279, 0, 0, 12.74%, 0, 0, 25, 7649.06, 104724160, 667
13578, 152, 106, 1279, 0, 0, 12.74%, 0, 0, 25, 7686.64, 104763316, 667
13583, 152, 128, 1279, 0, 0, 12.74%, 0, 0, 25, 7727.80, 104803005, 667
13588, 152, 135, 1279, 0, 0, 12.74%, 0, 0, 25, 7683.50, 104842079, 667
13593, 152, 120, 1279, 0, 0, 12.74%, 0, 0, 25, 7688.64, 104881285, 667
13598, 152, 312, 1279, 0, 0, 12.74%, 0, 0, 25, 7705.55, 104920422, 667
13604, 152, 135, 1279, 0, 0, 12.74%, 0, 0, 25, 7700.22, 104959678, 667
13609, 152, 643, 1279, 0, 0, 12.74%, 0, 0, 25, 7710.69, 104999209, 667
13614, 152, 109, 1279, 0, 0, 12.74%, 0, 0, 25, 7687.50, 105037926, 667
13619, 152, 120, 1279, 0, 0, 12.74%, 0, 0, 25, 7723.98, 105077188, 667
13624, 152, 463, 1279, 0, 0, 12.74%, 0, 0, 25, 7701.58, 105116344, 667
13629, 152, 109, 1279, 0, 0, 12.74%, 0, 0, 25, 7703.02, 105155399, 667
13634, 152, 183, 1279, 0, 0, 12.74%, 0, 0, 25, 7666.48, 105194169, 667
13639, 152, 546, 1279, 0, 0, 12.74%, 0, 0, 25, 7696.76, 105233080, 667
13644, 153, 82, 1279, 0, 0, 12.74%, 0, 0, 25, 7686.44, 105272200, 667
13649, 153, 142, 1279, 0, 0, 12.74%, 0, 0, 25, 7685.90, 105311696, 667
13654, 153, 432, 1279, 0, 0, 12.74%, 0, 0, 25, 7688.71, 105350590, 667
13659, 153, 106, 1279, 0, 0, 12.74%, 0, 0, 25, 7684.61, 105389891, 667
13665, 153, 982, 1279, 0, 0, 12.74%, 0, 0, 25, 7618.54, 105428669, 667
13670, 153, 120, 1279, 0, 0, 12.74%, 0, 0, 25, 7679.20, 105467756, 667
13675, 153, 60, 1279, 0, 0, 12.74%, 0, 0, 25, 7621.26, 105506951, 667
13680, 153, 63, 1279, 0, 0, 12.74%, 0, 0, 25, 7700.60, 105546178, 667
13685, 153, 85, 1279, 0, 0, 12.74%, 0, 0, 25, 7672.84, 105585090, 667
13690, 153, 252, 1279, 0, 0, 12.74%, 0, 0, 25, 7687.94, 105624425, 667
13695, 153, 44, 1279, 0, 0, 12.74%, 0, 0, 25, 7670.83, 105663885, 667
13700, 153, 187, 1279, 0, 0, 12.74%, 0, 0, 25, 7699.44, 105702829, 667
13705, 153, 689, 1279, 0, 0, 12.74%, 0, 0, 25, 7705.03, 105742061, 667
13710, 153, 48, 1279, 0, 0, 12.74%, 0, 0, 25, 7661.49, 105780891, 667
13716, 153, 48, 1279, 0, 0, 12.74%, 0, 0, 25, 7651.03, 105820277, 667
13721, 153, 71, 1279, 0, 0, 12.74%, 0, 0, 25, 7658.42, 105859254, 667
13726, 154, 105, 1279, 0, 0, 12.74%, 0, 0, 25, 7664.82, 105898307, 667
13731, 154, 252, 1279, 0, 0, 12.74%, 0, 0, 25, 7679.24, 105937281, 667
13736, 154, 590, 1279, 0, 0, 12.74%, 0, 0, 25, 7698.84, 105976443, 667
13741, 154, 89, 1279, 0, 0, 12.74%, 0, 0, 25, 7712.15, 106015834, 667
13746, 154, 252, 1279, 0, 0, 12.74%, 0, 0, 25, 7671.26, 106054815, 667
13751, 154, 106, 1279, 0, 0, 12.74%, 0, 0, 25, 7689.86, 106093934, 667
13756, 154, 198, 1279, 0, 0, 12.74%, 0, 0, 25, 7657.22, 106132964, 667
13761, 154, 724, 1279, 0, 0, 12.74%, 0, 0, 25, 7687.74, 106172179, 667
13766, 154, 120, 1279, 0, 0, 12.74%, 0, 0, 25, 7698.99, 106211317, 667
13772, 154, 195, 1279, 0, 0, 12.74%, 0, 0, 25, 7717.28, 106250806, 667
13777, 154, 102, 1279, 0, 0, 12.74%, 0, 0, 25, 7715.30, 106289943, 667
13782, 154, 432, 1279, 0, 0, 12.74%, 0, 0, 25, 7661.53, 106328992, 667
13787, 154, 378, 1279, 0, 0, 12.74%, 0, 0, 25, 7685.40, 106368010, 667
13792, 154, 48, 1279, 0, 0, 12.74%, 0, 0, 25, 7694.68, 106407105, 667
13797, 154, 109, 1279, 0, 0, 12.74%, 0, 0, 25, 7712.22, 106446728, 667
13802, 155, 259, 1279, 0, 0, 12.74%, 0, 0, 25, 7716.49, 106486078, 667
13807, 155, 196, 1279, 0, 0, 12.74%, 0, 0, 25, 7684.08, 106525055, 667
13812, 155, 135, 1279, 0, 0, 12.74%, 0, 0, 25, 7693.20, 106564290, 667
13817, 155, 508, 1279, 0, 0, 12.74%, 0, 0, 25, 7708.80, 106603555, 667
13823, 155, 109, 1279, 0, 0, 12.74%, 0, 0, 25, 7705.99, 106642791, 667
13828, 155, 185, 1279, 0, 0, 12.74%, 0, 0, 25, 7699.85, 106681851, 667
13833, 155, 130, 1279, 0, 0, 12.74%, 0, 0, 25, 7687.88, 106721069, 667
13838, 155, 235, 1279, 0, 0, 12.74%, 0, 0, 25, 7738.99, 106760745, 667
13843, 155, 109, 1279, 0, 0, 12.74%, 0, 0, 25, 7678.06, 106799521, 667
13848, 155, 48, 1279, 0, 0, 12.74%, 0, 0, 25, 7714.34, 106838588, 667
13853, 155, 306, 1279, 0, 0, 12.74%, 0, 0, 25, 7664.90, 106877567, 667
13858, 155, 120, 1279, 0, 0, 12.74%, 0, 0, 25, 7706.29, 106917032, 667
13863, 155, 683, 1279, 0, 0, 12.74%, 0, 0, 25, 7718.53, 106956257, 667
13868, 155, 187, 1279, 0, 0, 12.74%, 0, 0, 25, 7711.53, 106995740, 667
13873, 155, 128, 1279, 0, 0, 12.74%, 0, 0, 25, 7672.96, 107034820, 667
13879, 155, 220, 1279, 0, 0, 12.74%, 0, 0, 25, 7718.69, 107074248, 667
13884, 156, 120, 1279, 0, 0, 12.74%, 0, 0, 25, 7713.80, 107113153, 667
13889, 156, 252, 1279, 0, 0, 12.74%, 0, 0, 25, 7698.35, 107152320, 667
13894, 156, 83, 1279, 0, 0, 12.74%, 0, 0, 25, 7700.44, 107191256, 667
13899, 156, 1268, 1280, 1, 0, 12.74%, 0, 0, 25, 7522.96, 107229860, 667
13904, 156, 89, 1281, 2, 0, 12.74%, 0, 0, 25, 7574.86, 107268098, 667
13909, 156, 252, 1281, 2, 0, 12.74%, 0, 0, 25, 7688.68, 107307123, 667
13914, 156, 312, 1281, 2, 0, 12.74%, 0, 0, 25, 7716.37, 107346153, 667
13919, 156, 546, 1281, 2, 0, 12.74%, 0, 0, 25, 7731.07, 107385607, 667
13924, 156, 106, 1281, 2, 0, 12.74%, 0, 0, 25, 7746.23, 107425034, 667
13929, 156, 259, 1281, 2, 0, 12.74%, 0, 0, 25, 7753.95, 107464423, 667
13934, 156, 723, 1281, 2, 0, 12.74%, 0, 0, 25, 7717.34, 107503456, 667
13939, 156, 106, 1281, 2, 0, 12.74%, 0, 0, 25, 7653.19, 107542199, 667
13945, 156, 754, 1281, 2, 0, 12.74%, 0, 0, 25, 7717.32, 107581373, 667
13950, 156, 252, 1281, 2, 0, 12.74%, 0, 0, 25, 7742.00, 107620635, 667
13955, 156, 252, 1281, 2, 0, 12.74%, 0, 0, 25, 7725.74, 107660263, 667
13960, 156, 174, 1281, 2, 0, 12.74%, 0, 0, 25, 7665.06, 107699206, 667
13965, 157, 982, 1281, 2, 0, 12.74%, 0, 0, 25, 7702.83, 107738925, 667
13970, 157, 135, 1281, 2, 0, 12.74%, 0, 0, 25, 7700.62, 107777829, 667
13975, 157, 982, 1281, 2, 0, 12.74%, 0, 0, 25, 7675.72, 107816918, 667
13980, 157, 252, 1281, 2, 0, 12.74%, 0, 0, 25, 7690.78, 107856216, 667
13985, 157, 109, 1281, 2, 0, 12.74%, 0, 0, 25, 7719.11, 107896017, 667
13990, 157, 195, 1281, 2, 0, 12.74%, 0, 0, 25, 7687.48, 107935245, 667
13996, 157, 66, 1281, 2, 0, 12.74%, 0, 0, 25, 7707.46, 107974659, 667
14001, 157, 31, 1281, 2, 0, 12.74%, 0, 0, 25, 7681.85, 108013700, 667
14006, 157, 790, 1281, 2, 0, 12.74%, 0, 0, 25, 7735.84, 108053272, 667
14011, 157, 109, 1281, 2, 0, 12.74%, 0, 0, 25, 7744.62, 108092528, 667
14016, 157, 71, 1281, 2, 0, 12.74%, 0, 0, 25, 7683.01, 108132022, 667
14021, 157, 130, 1281, 2, 0, 12.74%, 0, 0, 25, 7661.15, 108171152, 667
14026, 157, 48, 1281, 2, 0, 12.74%, 0, 0, 25, 7688.89, 108210421, 667
14031, 157, 252, 1281, 2, 0, 12.74%, 0, 0, 25, 7717.86, 108249639, 667
14036, 157, 160, 1281, 2, 0, 12.74%, 0, 0, 25, 7745.22, 108289187, 667
14041, 157, 506, 1281, 2, 0, 12.74%, 0, 0, 25, 7744.07, 108328592, 667
14047, 158, 130, 1281, 2, 0, 12.74%, 0, 0, 25, 7753.94, 108368003, 667
14052, 158, 44, 1281, 2, 0, 12.74%, 0, 0, 25, 7752.39, 108407477, 667
14057, 158, 463, 1281, 2, 0, 12.74%, 0, 0, 25, 7758.22, 108447104, 667
14062, 158, 185, 1281, 2, 0, 12.74%, 0, 0, 25, 7668.75, 108486480, 667
14067, 158, 92, 1281, 2, 0, 12.74%, 0, 0, 25, 7727.26, 108526202, 667
14072, 158, 34, 1281, 2, 0, 12.74%, 0, 0, 25, 7715.28, 108565212, 667
14077, 158, 183, 1281, 2, 0, 12.74%, 0, 0, 25, 7701.57, 108604611, 667
14082, 158, 130, 1281, 2, 0, 12.74%, 0, 0, 25, 7663.75, 108643549, 667
14087, 158, 196, 1281, 2, 0, 12.74%, 0, 0, 25, 7678.05, 108682592, 667
14092, 158, 643, 1281, 2, 0, 12.74%, 0, 0, 25, 7744.13, 108721959, 667
14098, 158, 287, 1281, 2, 0, 12.74%, 0, 0, 25, 7719.17, 108761062, 667
14103, 158, 44, 1281, 2, 0, 12.74%, 0, 0, 25, 7672.36, 108800350, 667
14108, 158, 252, 1281, 2, 0, 12.74%, 0, 0, 25, 7704.27, 108839573, 667
14113, 158, 252, 1281, 2, 0, 12.74%, 0, 0, 25, 7736.24, 108878989, 667
14118, 158, 31, 1281, 2, 0, 12.74%, 0, 0, 25, 7705.91, 108918295, 667
14123, 158, 106, 1281, 2, 0, 12.74%, 0, 0, 25, 7707.23, 108957627, 667
14128, 159, 48, 1281, 2, 0, 12.74%, 0, 0, 25, 7721.16, 108997144, 667
14133, 159, 252, 1282, 3, 0, 12.74%, 0, 0, 25, 7712.69, 109036715, 667
14138, 159, 60, 1282, 3, 0, 12.74%, 0, 0, 25, 7701.05, 109075739, 667
14143, 159, 9, 1282, 3, 0, 12.74%, 0, 0, 25, 7725.41, 109114691, 667
14148, 159, 48, 1282, 3, 0, 12.74%, 0, 0, 25, 7732.71, 109154050, 667
14154, 159, 83, 1282, 3, 0, 12.74%, 0, 0, 25, 7713.63, 109193404, 667
14159, 159, 204, 1282, 3, 0, 12.74%, 0, 0, 25, 7695.56, 109232282, 667
14164, 159, 48, 1282, 3, 0, 12.74%, 0, 0, 25, 7720.57, 109272039, 667
14169, 159, 48, 1282, 3, 0, 12.74%, 0, 0, 25, 7717.53, 109311071, 667
14174, 159, 312, 1282, 3, 0, 12.74%, 0, 0, 25, 7714.72, 109350194, 667
14179, 159, 287, 1282, 3, 0, 12.74%, 0, 0, 25, 7639.41, 109389301, 667
14184, 159, 106, 1282, 3, 0, 12.74%, 0, 0, 25, 7672.89, 109427887, 667
14189, 159, 120, 1282, 3, 0, 12.74%, 0, 0, 25, 7718.94, 109467136, 667
14194, 159, 252, 1282, 3, 0, 12.74%, 0, 0, 25, 7722.14, 109506613, 667
14199, 159, 170, 1282, 3, 0, 12.74%, 0, 0, 25, 7707.77, 109546095, 667
14205, 160, 429, 1282, 3, 0, 12.74%, 0, 0, 25, 7700.37, 109585336, 667
14210, 160, 106, 1282, 3, 0, 12.74%, 0, 0, 25, 7746.66, 109624839, 667
14215, 160, 109, 1282, 3, 0, 12.74%, 0, 0, 25, 7616.44, 109663222, 667
14220, 160, 106, 1282, 3, 0, 12.74%, 0, 0, 25, 7647.81, 109702359, 667
14225, 160, 48, 1282, 3, 0, 12.74%, 0, 0, 25, 7676.02, 109741474, 667
14230, 160, 584, 1282, 3, 0, 12.74%, 0, 0, 25, 7714.88, 109780530, 667
14235, 160, 59, 1282, 3, 0, 12.74%, 0, 0, 25, 7684.73, 109819449, 667
14240, 160, 252, 1282, 3, 0, 12.74%, 0, 0, 25, 7735.38, 109858765, 667
14245, 160, 94, 1282, 3, 0, 12.74%, 0, 0, 25, 7704.41, 109898042, 667
14250, 160, 107, 1282, 3, 0, 12.74%, 0, 0, 25, 7735.45, 109937320, 667
14255, 160, 120, 1282, 3, 0, 12.74%, 0, 0, 25, 7742.84, 109976601, 667
14260, 160, 120, 1282, 3, 0, 12.74%, 0, 0, 25, 7731.29, 110016089, 667
14266, 160, 187, 1282, 3, 0, 12.74%, 0, 0, 25, 7689.05, 110055185, 667
14271, 160, 109, 1282, 3, 0, 12.74%, 0, 0, 25, 7700.11, 110094488, 667
14276, 160, 48, 1282, 3, 0, 12.74%, 0, 0, 25, 7720.40, 110133904, 667
14281, 160, 198, 1282, 3, 0, 12.74%, 0, 0, 25, 7702.86, 110172986, 667
14286, 161, 120, 1282, 3, 0, 12.74%, 0, 0, 25, 7695.65, 110212321, 667
14291, 161, 183, 1282, 3, 0, 12.74%, 0, 0, 25, 7725.22, 110251976, 667
14296, 161, 92, 1282, 3, 0, 12.74%, 0, 0, 25, 7639.81, 110290835, 667
14301, 161, 109, 1282, 3, 0, 12.74%, 0, 0, 25, 7654.77, 110330007, 667
14306, 161, 458, 1282, 3, 0, 12.74%, 0, 0, 25, 7702.21, 110369170, 667
14311, 161, 342, 1282, 3, 0, 12.74%, 0, 0, 25, 7720.74, 110408429, 667
14316, 161, 195, 1282, 3, 0, 12.74%, 0, 0, 25, 7712.20, 110447502, 667
14322, 161, 235, 1282, 3, 0, 12.74%, 0, 0, 25, 7737.93, 110486625, 667
14327, 161, 92, 1282, 3, 0, 12.74%, 0, 0, 25, 7748.45, 110526007, 667
14332, 161, 174, 1282, 2, 0, 12.74%, 0, 0, 25, 7715.92, 110565202, 667
14337, 161, 135, 1282, 1, 0, 12.74%, 0, 0, 25, 7596.11, 110603689, 667
14342, 161, 48, 1282, 1, 0, 12.74%, 0, 0, 25, 7723.84, 110643121, 667
14347, 161, 106, 1282, 1, 0, 12.74%, 0, 0, 25, 7709.37, 110682109, 667
14352, 161, 83, 1282, 1, 0, 12.74%, 0, 0, 25, 7717.87, 110721590, 667
14357, 161, 388, 1282, 1, 0, 12.74%, 0, 0, 25, 7707.98, 110760627, 667
14362, 161, 105, 1282, 1, 0, 12.74%, 0, 0, 25, 7714.12, 110799920, 667
14367, 162, 508, 1282, 1, 0, 12.74%, 0, 0, 25, 7733.51, 110839104, 667
14372, 162, 48, 1282, 1, 0, 12.74%, 0, 0, 25, 7685.85, 110878457, 667
14378, 162, 886, 1282, 1, 0, 12.74%, 0, 0, 25, 7645.82, 110917864, 667
14383, 162, 429, 1282, 1, 0, 12.74%, 0, 0, 25, 7662.98, 110956973, 667
14388, 162, 28, 1282, 1, 0, 12.74%, 0, 0, 25, 7651.50, 110995872, 667
14393, 162, 97, 1282, 1, 0, 12.74%, 0, 0, 25, 7700.85, 111035089, 667
14398, 162, 105, 1282, 1, 0, 12.74%, 0, 0, 25, 7709.19, 111074757, 667
14403, 162, 128, 1282, 1, 0, 12.74%, 0, 0, 25, 7725.60, 111113938, 667
14408, 162, 106, 1282, 1, 0, 12.74%, 0, 0, 25, 7733.67, 111153445, 667
14413, 162, 252, 1282, 1, 0, 12.74%, 0, 0, 25, 7652.36, 111192032, 667
14418, 162, 135, 1282, 1, 0, 12.74%, 0, 0, 25, 7607.31, 111230934, 667
14423, 162, 574, 1282, 1, 0, 12.74%, 0, 0, 25, 7698.35, 111270181, 667
14428, 162, 220, 1282, 1, 0, 12.74%, 0, 0, 25, 7703.96, 111309473, 667
14434, 162, 478, 1282, 1, 0, 12.74%, 0, 0, 25, 7699.93, 111348500, 667
14439, 162, 508, 1282, 1, 0, 12.74%, 0, 0, 25, 7724.63, 111388209, 667
14444, 162, 92, 1282, 1, 0, 12.74%, 0, 0, 25, 7700.58, 111427144, 667
14449, 163, 142, 1282, 1, 0, 12.74%, 0, 0, 25, 7726.87, 111466468, 667
14454, 163, 109, 1282, 1, 0, 12.74%, 0, 0, 25, 7690.36, 111505404, 667
14459, 163, 204, 1282, 1, 0, 12.74%, 0, 0, 25, 7652.24, 111544025, 667
14464, 163, 109, 1282, 1, 0, 12.74%, 0, 0, 25, 7721.77, 111583482, 667
14469, 163, 187, 1282, 1, 0, 12.74%, 0, 0, 25, 7726.03, 111622803, 667
14474, 163, 191, 1283, 2, 0, 12.74%, 0, 0, 25, 7739.28, 111662017, 667
14479, 163, 106, 1283, 2, 0, 12.74%, 0, 0, 25, 7682.49, 111701374, 667
14484, 163, 252, 1283, 2, 0, 12.74%, 0, 0, 25, 7664.65, 111740669, 667
14490, 163, 312, 1283, 2, 0, 12.74%, 0, 0, 25, 7669.58, 111779632, 667
14495, 163, 106, 1283, 2, 0, 12.74%, 0, 0, 25, 7682.73, 111818879, 667
14500, 163, 170, 1283, 2, 0, 12.74%, 0, 0, 25, 7698.38, 111858057, 667
14505, 163, 120, 1283, 2, 0, 12.74%, 0, 0, 25, 7735.93, 111897725, 667
14510, 163, 106, 1283, 2, 0, 12.74%, 0, 0, 25, 7696.05, 111936492, 667
14515, 163, 790, 1283, 2, 0, 12.74%, 0, 0, 25, 7704.86, 111975632, 667
14520, 163, 183, 1283, 2, 0, 12.74%, 0, 0, 25, 7706.96, 112014876, 667
14525, 163, 92, 1283, 2, 0, 12.74%, 0, 0, 25, 7732.67, 112054283, 667
14530, 164, 584, 1283, 2, 0, 12.74%, 0, 0, 25, 7684.20, 112093247, 667
14535, 164, 198, 1283, 2, 0, 12.74%, 0, 0, 25, 7664.29, 112132336, 667
14540, 164, 109, 1283, 2, 0, 12.74%, 0, 0, 25, 7711.14, 112171767, 667
14545, 164, 178, 1283, 2, 0, 12.74%, 0, 0, 25, 7652.28, 112210565, 667
14551, 164, 160, 1283, 2, 0, 12.74%, 0, 0, 25, 7677.67, 112250129, 667
14556, 164, 220, 1283, 2, 0, 12.74%, 0, 0, 25, 7677.17, 112289222, 667
14561, 164, 198, 1283, 2, 0, 12.74%, 0, 0, 25, 7668.97, 112328252, 667
14566, 164, 89, 1283, 2, 0, 12.74%, 0, 0, 25, 7716.91, 112367631, 667
14571, 164, 94, 1283, 2, 0, 12.74%, 0, 0, 25, 7700.27, 112406611, 667
14576, 164, 252, 1283, 2, 0, 12.74%, 0, 0, 25, 7712.50, 112445792, 667
14581, 164, 48, 1283, 2, 0, 12.74%, 0, 0, 25, 7740.86, 112485088, 667
14586, 164, 48, 1283, 2, 0, 12.74%, 0, 0, 25, 7694.56, 112524172, 667
14591, 164, 85, 1283, 2, 0, 12.74%, 0, 0, 25, 7710.99, 112563644, 667
14596, 164, 204, 1283, 2, 0, 12.74%, 0, 0, 25, 7678.37, 112602933, 667
14601, 164, 48, 1283, 2, 0, 12.74%, 0, 0, 25, 7689.69, 112641901, 667
14607, 165, 591, 1283, 2, 0, 12.74%, 0, 0, 25, 7662.78, 112680902, 667
14612, 165, 85, 1283, 2, 0, 12.74%, 0, 0, 25, 7699.68, 112720200, 667
14617, 165, 66, 1283, 2, 0, 12.74%, 0, 0, 25, 7709.86, 112759027, 667
14622, 165, 109, 1283, 2, 0, 12.74%, 0, 0, 25, 7722.57, 112798325, 667
14627, 165, 191, 1283, 2, 0, 12.74%, 0, 0, 25, 7725.52, 112837752, 667
14632, 165, 192, 1283, 2, 0, 12.74%, 0, 0, 25, 7696.04, 112877136, 667
14637, 165, 135, 1283, 2, 0, 12.74%, 0, 0, 25, 7679.79, 112915819, 667
14642, 165, 94, 1283, 2, 0, 12.74%, 0, 0, 25, 7702.06, 112955173, 667
14647, 165, 287, 1283, 2, 0, 12.74%, 0, 0, 25, 7714.76, 112994243, 667
14652, 165, 724, 1283, 2, 0, 12.74%, 0, 0, 25, 7684.15, 113033533, 667
14657, 165, 82, 1283, 2, 0, 12.74%, 0, 0, 25, 7702.99, 113072749, 667
14662, 165, 106, 1283, 2, 0, 12.74%, 0, 0, 25, 7724.82, 113112110, 667
14668, 165, 94, 1283, 2, 0, 12.74%, 0, 0, 25, 7687.04, 113151109, 667
14673, 165, 886, 1283, 2, 0, 12.74%, 0, 0, 25, 7706.47, 113190248, 667
14678, 165, 128, 1283, 2, 0, 12.74%, 0, 0, 25, 7727.33, 113229868, 667
14683, 165, 63, 1283, 2, 0, 12.74%, 0, 0, 25, 7725.67, 113269221, 667
14688, 166, 723, 1283, 1, 0, 12.74%, 0, 0, 25, 7678.01, 113308153, 667
14693, 166, 85, 1283, 1, 0, 12.74%, 0, 0, 25, 7632.24, 113346935, 667
14698, 166, 252, 1283, 1, 0, 12.74%, 0, 0, 25, 7709.61, 113386569, 667
14703, 166, 59, 1283, 1, 0, 12.74%, 0, 0, 25, 7705.27, 113425511, 667
14708, 166, 106, 1283, 1, 0, 12.74%, 0, 0, 25, 7690.86, 113464494, 667
14713, 166, 286, 1283, 1, 0, 12.74%, 0, 0, 25, 7621.75, 113503701, 667
14719, 166, 92, 1283, 1, 0, 12.74%, 0, 0, 25, 7701.67, 113543282, 667
14724, 166, 192, 1283, 1, 0, 12.74%, 0, 0, 25, 7745.55, 113582605, 667
14729, 166, 177, 1283, 1, 0, 12.74%, 0, 0, 25, 7722.34, 113621922, 667
14734, 166, 109, 1283, 1, 0, 12.74%, 0, 0, 25, 7680.67, 113661273, 667
14739, 166, 133, 1283, 1, 0, 12.74%, 0, 0, 25, 7679.83, 113700439, 667
14744, 166, 77, 1283, 1, 0, 12.74%, 0, 0, 25, 7646.24, 113739194, 667
14749, 166, 48, 1283, 1, 0, 12.74%, 0, 0, 25, 7708.55, 113778466, 667
14754, 166, 97, 1283, 1, 0, 12.74%, 0, 0, 25, 7705.11, 113818172, 667
14759, 166, 85, 1283, 1, 0, 12.74%, 0, 0, 25, 7728.70, 113857517, 667
14764, 166, 362, 1283, 1, 0, 12.74%, 0, 0, 25, 7707.97, 113896782, 667
14770, 167, 790, 1283, 1, 0, 12.74%, 0, 0, 25, 7732.78, 113936309, 667
14775, 167, 198, 1283, 1, 0, 12.74%, 0, 0, 25, 7686.57, 113975538, 667
14780, 167, 142, 1283, 1, 0, 12.74%, 0, 0, 25, 7689.20, 114014724, 667
14785, 167, 183, 1283, 1, 0, 12.74%, 0, 0, 25, 7713.24, 114053884, 667
14790, 167, 170, 1283, 1, 0, 12.74%, 0, 0, 25, 7648.19, 114092650, 667
14795, 167, 9, 1283, 1, 0, 12.74%, 0, 0, 25, 7701.81, 114132172, 667
14800, 167, 60, 1283, 1, 0, 12.74%, 0, 0, 25, 7693.98, 114170922, 667
14805, 167, 109, 1283, 1, 0, 12.74%, 0, 0, 25, 7670.34, 114210049, 667
14810, 167, 982, 1283, 1, 0, 12.74%, 0, 0, 25, 7705.33, 114249269, 667
14815, 167, 192, 1283, 1, 0, 12.74%, 0, 0, 25, 7720.62, 114288510, 667
14820, 167, 192, 1283, 1, 0, 12.74%, 0, 0, 25, 7712.38, 114327473, 667
14826, 167, 183, 1283, 1, 0, 12.74%, 0, 0, 25, 7738.00, 114367235, 667
14831, 167, 177, 1283, 1, 0, 12.74%, 0, 0, 25, 7704.40, 114406387, 667
14836, 167, 980, 1283, 1, 0, 12.74%, 0, 0, 25, 7668.87, 114445317, 667
14841, 167, 102, 1283, 1, 0, 12.74%, 0, 0, 25, 7661.92, 114484281, 667
14846, 167, 105, 1283, 1, 0, 12.74%, 0, 0, 25, 7680.35, 114523141, 667
14851, 168, 252, 1283, 1, 0, 12.74%, 0, 0, 25, 7658.09, 114561964, 667
14856, 168, 198, 1283, 1, 0, 12.74%, 0, 0, 25, 7710.55, 114601400, 667
14861, 168, 220, 1283, 1, 0, 12.74%, 0, 0, 25, 7708.53, 114640465, 667
14866, 168, 93, 1283, 1, 0, 12.74%, 0, 0, 25, 7720.89, 114679971, 667
14871, 168, 198, 1283, 1, 0, 12.74%, 0, 0, 25, 7703.87, 114718889, 667
14876, 168, 109, 1283, 1, 0, 12.74%, 0, 0, 25, 7679.62, 114758054, 667
14881, 168, 220, 1283, 1, 0, 12.74%, 0, 0, 25, 7700.64, 114797078, 667
14887, 168, 252, 1283, 1, 0, 12.74%, 0, 0, 25, 7692.56, 114836447, 667
14892, 168, 53, 1283, 1, 0, 12.74%, 0, 0, 25, 7712.13, 114876155, 667
14897, 168, 220, 1283, 1, 0, 12.74%, 0, 0, 25, 7651.55, 114915198, 667
14902, 168, 89, 1283, 1, 0, 12.74%, 0, 0, 25, 7703.10, 114954596, 667
14907, 168, 106, 1283, 1, 0, 12.74%, 0, 0, 25, 7712.82, 114993714, 667
14912, 168, 66, 1283, 1, 0, 12.74%, 0, 0, 25, 7693.89, 115032467, 667
14917, 168, 106, 1283, 1, 0, 12.74%, 0, 0, 25, 7539.00, 115071038, 667
14922, 168, 9, 1283, 1, 0, 12.74%, 0, 0, 25, 7691.87, 115110245, 667
14927, 168, 192, 1283, 1, 0, 12.74%, 0, 0, 25, 7652.63, 115149063, 667
14932, 169, 107, 1283, 1, 0, 12.74%, 0, 0, 25, 7719.46, 115188493, 667
14937, 169, 135, 1283, 1, 0, 12.74%, 0, 0, 25, 7729.24, 115227704, 667
14943, 169, 177, 1283, 1, 0, 12.74%, 0, 0, 25, 7709.84, 115266832, 667
14948, 169, 165, 1283, 1, 0, 12.74%, 0, 0, 25, 7723.17, 115306494, 667
14953, 169, 585, 1283, 1, 0, 12.74%, 0, 0, 25, 7718.23, 115346111, 667
14958, 169, 287, 1283, 1, 0, 12.74%, 0, 0, 25, 7729.61, 115385841, 667
14963, 169, 982, 1283, 1, 0, 12.74%, 0, 0, 25, 7707.94, 115425307, 667
14968, 169, 584, 1283, 1, 0, 12.74%, 0, 0, 25, 7693.65, 115464449, 667
14973, 169, 48, 1283, 1, 0, 12.74%, 0, 0, 25, 7662.92, 115503481, 667
14978, 169, 106, 1283, 1, 0, 12.74%, 0, 0, 25, 7716.81, 115543003, 667
14983, 169, 287, 1283, 1, 0, 12.74%, 0, 0, 25, 7699.21, 115582035, 667
14988, 169, 196, 1283, 1, 0, 12.74%, 0, 0, 25, 7685.23, 115620903, 667
14994, 169, 120, 1283, 1, 0, 12.74%, 0, 0, 25, 7707.04, 115660111, 667
14999, 169, 185, 1283, 1, 0, 12.74%, 0, 0, 25, 7703.93, 115699332, 667
15004, 169, 198, 1283, 1, 0, 12.74%, 0, 0, 25, 7714.50, 115738684, 667
15009, 169, 886, 1283, 1, 0, 12.74%, 0, 0, 25, 7704.21, 115777799, 667
15014, 170, 102, 1283, 1, 0, 12.74%, 0, 0, 25, 7713.25, 115816914, 667
15019, 170, 55, 1283, 1, 0, 12.74%, 0, 0, 25, 7708.74, 115855962, 667
15024, 170, 252, 1283, 1, 0, 12.74%, 0, 0, 25, 7725.19, 115895302, 667
15029, 170, 133, 1283, 1, 0, 12.74%, 0, 0, 25, 7690.73, 115934636, 667
15034, 170, 105, 1283, 1, 0, 12.74%, 0, 0, 25, 7671.00, 115973718, 667
15039, 170, 220, 1283, 1, 0, 12.74%, 0, 0, 25, 7699.98, 116012807, 667
15044, 170, 170, 1283, 1, 0, 12.74%, 0, 0, 25, 7708.85, 116051848, 667
15050, 170, 102, 1283, 1, 0, 12.74%, 0, 0, 25, 7738.37, 116091373, 667
15055, 170, 174, 1283, 1, 0, 12.74%, 0, 0, 25, 7728.79, 116130841, 667
15060, 170, 106, 1283, 1, 0, 12.74%, 0, 0, 25, 7725.83, 116169888, 667
15065, 170, 982, 1283, 1, 0, 12.74%, 0, 0, 25, 7719.77, 116209413, 667
15070, 170, 195, 1283, 1, 0, 12.74%, 0, 0, 25, 7697.29, 116249164, 667
15075, 170, 15, 1283, 1, 0, 12.74%, 0, 0, 25, 7740.48, 116288395, 667
15080, 170, 1054, 1283, 1, 0, 12.74%, 0, 0, 25, 7722.90, 116327910, 667
15085, 170, 109, 1283, 1, 0, 12.74%, 0, 0, 25, 7723.59, 116367083, 667
15090, 170, 55, 1283, 1, 0, 12.74%, 0, 0, 25, 7665.45, 116406030, 667
15095, 171, 60, 1283, 1, 0, 12.74%, 0, 0, 25, 7702.26, 116445364, 667
15101, 171, 374, 1283, 1, 0, 12.74%, 0, 0, 25, 7680.36, 116484603, 667
15106, 171, 252, 1283, 1, 0, 12.74%, 0, 0, 25, 7737.44, 116524017, 667
15111, 171, 53, 1283, 1, 0, 12.74%, 0, 0, 25, 7750.85, 116563047, 667
15116, 171, 133, 1283, 1, 0, 12.74%, 0, 0, 25, 7736.15, 116602251, 667
15121, 171, 120, 1283, 1, 0, 12.74%, 0, 0, 25, 7699.93, 116640996, 667
15126, 171, 584, 1283, 1, 0, 12.74%, 0, 0, 25, 7751.75, 116680531, 667
15131, 171, 66, 1283, 1, 0, 12.74%, 0, 0, 25, 7745.43, 116719658, 667
15136, 171, 178, 1283, 1, 0, 12.74%, 0, 0, 25, 7699.94, 116758761, 667
15141, 171, 183, 1283, 1, 0, 12.74%, 0, 0, 25, 7746.62, 116798001, 667
15146, 171, 15, 1283, 1, 0, 12.74%, 0, 0, 25, 7753.77, 116837612, 667
15151, 171, 538, 1283, 1, 0, 12.74%, 0, 0, 25, 7749.61, 116876966, 667
15156, 171, 85, 1283, 1, 0, 12.74%, 0, 0, 25, 7754.78, 116916784, 667
15161, 171, 92, 1283, 1, 0, 12.74%, 0, 0, 25, 7753.53, 116956426, 667
15167, 171, 28, 1283, 1, 0, 12.74%, 0, 0, 25, 7752.71, 116995791, 667
15172, 172, 60, 1283, 1, 0, 12.74%, 0, 0, 25, 7754.40, 117035116, 667
15177, 172, 183, 1283, 1, 0, 12.74%, 0, 0, 25, 7769.94, 117074589, 667
15182, 172, 574, 1283, 1, 0, 12.74%, 0, 0, 25, 7765.46, 117114289, 667
15187, 172, 48, 1283, 1, 0, 12.74%, 0, 0, 25, 7775.69, 117154009, 667
15192, 172, 106, 1283, 1, 0, 12.74%, 0, 0, 25, 7757.79, 117193588, 667
15197, 172, 106, 1283, 1, 0, 12.74%, 0, 0, 25, 7711.33, 117232621, 667
15202, 172, 60, 1283, 1, 0, 12.74%, 0, 0, 25, 7646.88, 117271553, 667
15207, 172, 198, 1283, 1, 0, 12.74%, 0, 0, 25, 7720.57, 117310878, 667
15212, 172, 125, 1283, 1, 0, 12.74%, 0, 0, 25, 7757.43, 117350343, 667
15217, 172, 183, 1283, 1, 0, 12.74%, 0, 0, 25, 7761.31, 117389733, 667
15223, 172, 31, 1283, 1, 0, 12.74%, 0, 0, 25, 7758.50, 117429358, 667
15228, 172, 259, 1283, 1, 0, 12.74%, 0, 0, 25, 7755.23, 117468758, 667
15233, 172, 982, 1283, 1, 0, 12.74%, 0, 0, 25, 7748.41, 117508032, 667
15238, 172, 362, 1283, 1, 0, 12.74%, 0, 0, 25, 7745.61, 117547573, 667
15243, 172, 195, 1283, 1, 0, 12.74%, 0, 0, 25, 7737.16, 117587657, 667
15248, 172, 48, 1283, 1, 0, 12.74%, 0, 0, 25, 7734.61, 117627208, 667
15253, 173, 252, 1283, 1, 0, 12.74%, 0, 0, 25, 7754.78, 117666928, 667
15258, 173, 882, 1284, 1, 0, 12.74%, 0, 0, 25, 7475.83, 117705353, 667
15263, 173, 106, 1284, 1, 0, 12.74%, 0, 0, 25, 7539.54, 117743412, 667
15269, 173, 287, 1284, 1, 0, 12.74%, 0, 0, 25, 7712.38, 117783181, 667
15274, 173, 106, 1284, 1, 0, 12.74%, 0, 0, 25, 7711.33, 117822298, 667
15279, 173, 519, 1284, 1, 0, 12.74%, 0, 0, 25, 7743.43, 117861727, 667
15284, 173, 120, 1284, 1, 0, 12.74%, 0, 0, 25, 7746.05, 117901211, 667
15289, 173, 396, 1284, 1, 0, 12.74%, 0, 0, 25, 7746.57, 117940940, 667
15294, 173, 109, 1284, 1, 0, 12.74%, 0, 0, 25, 7731.93, 117980323, 667
15299, 173, 252, 1284, 1, 0, 12.74%, 0, 0, 25, 7738.29, 118019764, 667
15304, 173, 142, 1284, 1, 0, 12.74%, 0, 0, 25, 7726.94, 118059380, 667
15309, 173, 48, 1284, 1, 0, 12.74%, 0, 0, 25, 7702.74, 118098830, 667
15314, 173, 48, 1284, 1, 0, 12.74%, 0, 0, 25, 7718.40, 118138024, 667
15320, 173, 198, 1284, 1, 0, 12.74%, 0, 0, 25, 7719.17, 118177824, 667
15325, 173, 120, 1284, 1, 0, 12.74%, 0, 0, 25, 7740.34, 118217224, 667
15330, 173, 980, 1284, 1, 0, 12.74%, 0, 0, 25, 7711.82, 118256733, 667
15335, 174, 66, 1284, 1, 0, 12.74%, 0, 0, 25, 7727.44, 118296202, 667
15340, 174, 170, 1285, 1, 0, 12.74%, 0, 0, 25, 7254.42, 118333838, 667
15345, 174, 31, 1285, 1, 0, 12.74%, 0, 0, 25, 7654.77, 118373355, 667
15350, 174, 135, 1285, 1, 0, 12.74%, 0, 0, 25, 7737.91, 118412606, 667
15355, 174, 1054, 1285, 1, 0, 12.74%, 0, 0, 25, 7740.08, 118451912, 667
15360, 174, 286, 1285, 1, 0, 12.74%, 0, 0, 25, 7703.14, 118491174, 667
15366, 174, 48, 1285, 1, 0, 12.74%, 0, 0, 25, 7727.64, 118530509, 667
15371, 174, 557, 1285, 1, 0, 12.74%, 0, 0, 25, 7755.96, 118569937, 667
15376, 174, 109, 1285, 1, 0, 12.74%, 0, 0, 25, 7745.29, 118609331, 667
15381, 174, 508, 1285, 1, 0, 12.74%, 0, 0, 25, 7766.10, 118649156, 667
15386, 174, 700, 1285, 1, 0, 12.74%, 0, 0, 25, 7758.39, 118688748, 667
15391, 174, 185, 1285, 1, 0, 12.74%, 0, 0, 25, 7741.32, 118727944, 667
15396, 174, 142, 1285, 1, 0, 12.74%, 0, 0, 25, 7781.91, 118767398, 667
15401, 174, 77, 1285, 1, 0, 12.74%, 0, 0, 25, 7754.78, 118806994, 667
15406, 174, 287, 1285, 1, 0, 12.74%, 0, 0, 25, 7742.91, 118846158, 667
15411, 175, 170, 1285, 1, 0, 12.74%, 0, 0, 25, 7760.96, 118885442, 667
15416, 175, 15, 1285, 1, 0, 12.74%, 0, 0, 25, 7759.34, 118924643, 667
15421, 175, 252, 1285, 1, 0, 12.74%, 0, 0, 25, 7710.58, 118963641, 667
15426, 175, 416, 1285, 1, 0, 12.74%, 0, 0, 25, 7760.66, 119003078, 667
15432, 175, 85, 1285, 1, 0, 12.74%, 0, 0, 25, 7755.13, 119042856, 667
15437, 175, 187, 1285, 1, 0, 12.74%, 0, 0, 25, 7744.71, 119082825, 667
15442, 175, 31, 1285, 1, 0, 12.74%, 0, 0, 25, 7755.66, 119122256, 667
15447, 175, 85, 1285, 1, 0, 12.74%, 0, 0, 25, 7716.11, 119161344, 667
15452, 175, 97, 1285, 1, 0, 12.74%, 0, 0, 25, 7724.16, 119201003, 667
15457, 175, 130, 1285, 1, 0, 12.74%, 0, 0, 25, 7699.00, 119239869, 667
15462, 175, 102, 1285, 0, 0, 12.74%, 0, 0, 25, 7493.11, 119277420, 667
15467, 175, 178, 1285, 0, 0, 12.74%, 0, 0, 25, 7690.22, 119316858, 667
15472, 175, 105, 1285, 0, 0, 12.74%, 0, 0, 25, 7720.39, 119356232, 667
15478, 175, 82, 1285, 0, 0, 12.74%, 0, 0, 25, 7736.11, 119395857, 667
15483, 175, 1054, 1285, 0, 0, 12.74%, 0, 0, 25, 7748.00, 119435437, 667
15488, 175, 183, 1285, 0, 0, 12.74%, 0, 0, 25, 7749.41, 119474801, 667
15493, 176, 198, 1285, 0, 0, 12.74%, 0, 0, 25, 7752.47, 119514608, 667
15498, 176, 591, 1285, 0, 0, 12.74%, 0, 0, 25, 7748.73, 119553949, 667
15503, 176, 94, 1285, 0, 0, 12.74%, 0, 0, 25, 7758.18, 119593212, 667
15508, 176, 142, 1285, 0, 0, 12.74%, 0, 0, 25, 7726.49, 119632946, 667
15513, 176, 106, 1285, 0, 0, 12.74%, 0, 0, 25, 7744.47, 119672334, 667
15518, 176, 886, 1286, 1, 0, 12.74%, 0, 0, 25, 7736.67, 119711695, 667
15523, 176, 106, 1286, 1, 0, 12.74%, 0, 0, 25, 7717.34, 119750960, 667
15529, 176, 183, 1286, 1, 0, 12.74%, 0, 0, 25, 7720.19, 119790339, 667
15534, 176, 106, 1286, 1, 0, 12.74%, 0, 0, 25, 7742.70, 119829696, 667
15539, 176, 574, 1286, 1, 0, 12.74%, 0, 0, 25, 7735.68, 119868930, 667
15544, 176, 252, 1286, 1, 0, 12.74%, 0, 0, 25, 7733.77, 119908484, 667
15549, 176, 198, 1286, 1, 0, 12.74%, 0, 0, 25, 7722.13, 119947998, 667
15554, 176, 287, 1286, 1, 0, 12.74%, 0, 0, 25, 7747.69, 119987228, 667
15559, 176, 286, 1286, 1, 0, 12.74%, 0, 0, 25, 7677.55, 120026226, 667
15564, 176, 89, 1286, 1, 0, 12.74%, 0, 0, 25, 7765.94, 120066000, 667
15569, 176, 252, 1286, 1, 0, 12.74%, 0, 0, 25, 7739.68, 120105087, 667
15574, 177, 82, 1286, 1, 0, 12.74%, 0, 0, 25, 7759.70, 120144440, 667
15579, 177, 287, 1286, 1, 0, 12.74%, 0, 0, 25, 7768.24, 120184169, 667
15584, 177, 198, 1286, 1, 0, 12.74%, 0, 0, 25, 7752.35, 120223326, 667
15590, 177, 1285, 1287, 2, 0, 12.74%, 0, 0, 25, 7743.30, 120263017, 667
15595, 177, 195, 1287, 1, 0, 12.74%, 0, 0, 25, 7756.92, 120302706, 667
15600, 177, 82, 1287, 1, 0, 12.74%, 0, 0, 25, 7763.46, 120342024, 667
15605, 177, 55, 1287, 1, 0, 12.74%, 0, 0, 25, 7751.78, 120381385, 667
15610, 177, 102, 1287, 1, 0, 12.74%, 0, 0, 25, 7758.77, 120420714, 667
15615, 177, 106, 1287, 1, 0, 12.74%, 0, 0, 25, 7732.10, 120460210, 667
15620, 177, 55, 1287, 1, 0, 12.74%, 0, 0, 25, 7746.67, 120499895, 667
15625, 177, 706, 1287, 1, 0, 12.74%, 0, 0, 25, 7731.41, 120539110, 667
15630, 177, 197, 1287, 1, 0, 12.74%, 0, 0, 25, 7737.53, 120578565, 667
15635, 177, 142, 1287, 1, 0, 12.74%, 0, 0, 25, 7744.52, 120617948, 667
15641, 177, 519, 1287, 1, 0, 12.74%, 0, 0, 25, 7738.29, 120657200, 667
15646, 177, 85, 1287, 1, 0, 12.74%, 0, 0, 25, 7761.75, 120696651, 667
15651, 178, 1144, 1287, 1, 0, 12.74%, 0, 0, 25, 7746.06, 120736410, 667
15656, 178, 97, 1287, 1, 0, 12.74%, 0, 0, 25, 7598.39, 120775069, 667
15661, 178, 259, 1287, 0, 0, 12.74%, 0, 0, 25, 7709.47, 120814519, 667
15666, 178, 170, 1287, 0, 0, 12.74%, 0, 0, 25, 7713.92, 120853887, 667
15671, 178, 982, 1287, 0, 0, 12.74%, 0, 0, 25, 7732.98, 120893790, 667
15676, 178, 170, 1287, 0, 0, 12.74%, 0, 0, 25, 7773.35, 120933181, 667
15681, 178, 191, 1287, 0, 0, 12.74%, 0, 0, 25, 7757.88, 120972523, 667
15686, 178, 982, 1287, 0, 0, 12.74%, 0, 0, 25, 7748.22, 121011843, 667
15691, 178, 584, 1287, 0, 0, 12.74%, 0, 0, 25, 7734.82, 121050802, 667
15697, 178, 135, 1287, 0, 0, 12.74%, 0, 0, 25, 7692.97, 121089932, 667
15702, 178, 700, 1287, 0, 0, 12.74%, 0, 0, 25, 7747.52, 121129300, 667
15707, 178, 287, 1287, 0, 0, 12.74%, 0, 0, 25, 7747.37, 121168977, 667
15712, 178, 28, 1287, 0, 0, 12.74%, 0, 0, 25, 7727.90, 121208375, 667
15717, 178, 128, 1287, 0, 0, 12.74%, 0, 0, 25, 7723.36, 121247841, 667
15722, 178, 55, 1287, 0, 0, 12.74%, 0, 0, 25, 7726.44, 121287160, 667
15727, 178, 142, 1287, 0, 0, 12.74%, 0, 0, 25, 7727.66, 121326691, 667
15732, 179, 252, 1287, 0, 0, 12.74%, 0, 0, 25, 7710.98, 121366411, 667
15737, 179, 120, 1287, 0, 0, 12.74%, 0, 0, 25, 7759.38, 121405973, 667
15742, 179, 252, 1287, 0, 0, 12.74%, 0, 0, 25, 7764.77, 121445432, 667
15748, 179, 85, 1287, 0, 0, 12.74%, 0, 0, 25, 7754.03, 121485401, 667
15753, 179, 196, 1287, 0, 0, 12.74%, 0, 0, 25, 7681.38, 121524554, 667
15758, 179, 754, 1287, 0, 0, 12.74%, 0, 0, 25, 7697.76, 121564170, 667
15763, 179, 195, 1287, 0, 0, 12.74%, 0, 0, 25, 7754.06, 121603717, 667
15768, 179, 63, 1287, 0, 0, 12.74%, 0, 0, 25, 7758.35, 121643003, 667
15773, 179, 178, 1287, 0, 0, 12.74%, 0, 0, 25, 7721.69, 121681877, 667
15778, 179, 125, 1287, 0, 0, 12.74%, 0, 0, 25, 7745.99, 121721265, 667
15783, 179, 128, 1287, 0, 0, 12.74%, 0, 0, 25, 7775.64, 121760657, 667
15788, 179, 211, 1287, 0, 0, 12.74%, 0, 0, 25, 7750.68, 121799936, 667
15793, 179, 85, 1287, 0, 0, 12.74%, 0, 0, 25, 7682.20, 121839098, 667
15798, 179, 388, 1287, 0, 0, 12.74%, 0, 0, 25, 7770.97, 121878754, 667
15804, 179, 107, 1287, 0, 0, 12.74%, 0, 0, 25, 7743.52, 121918662, 667
15809, 179, 645, 1287, 0, 0, 12.74%, 0, 0, 25, 7705.44, 121957703, 667
15814, 180, 66, 1287, 0, 0, 12.74%, 0, 0, 25, 7726.08, 121997061, 667
15819, 180, 538, 1287, 0, 0, 12.74%, 0, 0, 25, 7755.44, 122036568, 667
15824, 180, 506, 1287, 0, 0, 12.74%, 0, 0, 25, 7745.61, 122075926, 667
15829, 180, 142, 1287, 0, 0, 12.74%, 0, 0, 25, 7724.55, 122115073, 667
15834, 180, 198, 1287, 0, 0, 12.74%, 0, 0, 25, 7736.68, 122154539, 667
15839, 180, 109, 1287, 0, 0, 12.74%, 0, 0, 25, 7666.60, 122193458, 667
15844, 180, 528, 1287, 0, 0, 12.74%, 0, 0, 25, 7702.33, 122232811, 667
15849, 180, 170, 1287, 0, 0, 12.74%, 0, 0, 25, 7754.73, 122272513, 667
15855, 180, 192, 1287, 0, 0, 12.74%, 0, 0, 25, 7756.18, 122312104, 667
15860, 180, 135, 1287, 0, 0, 12.74%, 0, 0, 25, 7735.52, 122351231, 667
15865, 180, 89, 1287, 0, 0, 12.74%, 0, 0, 25, 7741.92, 122390908, 667
15870, 180, 252, 1287, 0, 0, 12.74%, 0, 0, 25, 7778.90, 122430483, 667
15875, 180, 280, 1287, 0, 0, 12.74%, 0, 0, 25, 7758.26, 122470112, 667
15880, 180, 120, 1287, 0, 0, 12.74%, 0, 0, 25, 7744.03, 122509218, 667
15885, 180, 85, 1287, 0, 0, 12.74%, 0, 0, 25, 7770.32, 122548710, 667
15890, 181, 683, 1287, 0, 0, 12.74%, 0, 0, 25, 7745.97, 122588022, 667
15895, 181, 109, 1287, 0, 0, 12.74%, 0, 0, 25, 7743.98, 122627125, 667
15900, 181, 106, 1287, 0, 0, 12.74%, 0, 0, 25, 7737.00, 122666491, 667
15905, 181, 109, 1287, 0, 0, 12.74%, 0, 0, 25, 7710.87, 122706014, 667
15911, 181, 53, 1287, 0, 0, 12.74%, 0, 0, 25, 7722.64, 122745547, 667
15916, 181, 142, 1287, 0, 0, 12.74%, 0, 0, 25, 7745.67, 122784987, 667
15921, 181, 25, 1287, 0, 0, 12.74%, 0, 0, 25, 7709.46, 122824415, 667
15926, 181, 252, 1287, 0, 0, 12.74%, 0, 0, 25, 7721.67, 122863743, 667
15931, 181, 643, 1287, 0, 0, 12.74%, 0, 0, 25, 7710.16, 122903299, 667
15936, 181, 286, 1287, 0, 0, 12.74%, 0, 0, 25, 7719.43, 122942630, 667
15941, 181, 982, 1287, 0, 0, 12.74%, 0, 0, 25, 7716.98, 122982070, 667
15946, 181, 60, 1287, 0, 0, 12.74%, 0, 0, 25, 7737.51, 123021556, 667
15951, 181, 85, 1287, 0, 0, 12.74%, 0, 0, 25, 7708.72, 123060826, 667
15956, 181, 89, 1287, 0, 0, 12.74%, 0, 0, 25, 7740.55, 123100230, 667
15962, 181, 92, 1287, 0, 0, 12.74%, 0, 0, 25, 7712.51, 123139220, 667
15967, 181, 170, 1287, 0, 0, 12.74%, 0, 0, 25, 7706.75, 123178703, 667
15972, 182, 259, 1287, 0, 0, 12.74%, 0, 0, 25, 7726.83, 123218470, 667
15977, 182, 390, 1287, 0, 0, 12.74%, 0, 0, 25, 7721.22, 123257821, 667
15982, 182, 94, 1287, 0, 0, 12.74%, 0, 0, 25, 7714.02, 123296878, 667
15987, 182, 170, 1287, 0, 0, 12.74%, 0, 0, 25, 7716.41, 123336354, 667
15992, 182, 105, 1287, 0, 0, 12.74%, 0, 0, 25, 7706.47, 123375429, 667
15997, 182, 106, 1287, 0, 0, 12.74%, 0, 0, 25, 7689.63, 123414415, 667
16002, 182, 9, 1287, 0, 0, 12.74%, 0, 0, 25, 7727.71, 123453672, 667
16007, 182, 185, 1287, 0, 0, 12.74%, 0, 0, 25, 7695.97, 123492736, 667
16013, 182, 60, 1287, 0, 0, 12.74%, 0, 0, 25, 7704.72, 123531955, 667
16018, 182, 252, 1287, 0, 0, 12.74%, 0, 0, 25, 7703.90, 123571321, 667
16023, 182, 109, 1287, 0, 0, 12.74%, 0, 0, 25, 7711.72, 123610382, 667
16028, 182, 160, 1287, 0, 0, 12.74%, 0, 0, 25, 7687.40, 123649333, 667
16033, 182, 44, 1287, 0, 0, 12.74%, 0, 0, 25, 7684.79, 123688431, 667
16038, 182, 48, 1287, 0, 0, 12.74%, 0, 0, 25, 7712.78, 123727568, 667
16043, 182, 48, 1287, 0, 0, 12.74%, 0, 0, 25, 7687.40, 123766646, 667
16048, 183, 287, 1287, 0, 0, 12.74%, 0, 0, 25, 7703.05, 123806079, 667
16053, 183, 191, 1287, 0, 0, 12.74%, 0, 0, 25, 7681.50, 123845148, 667
16058, 183, 287, 1287, 0, 0, 12.74%, 0, 0, 25, 7715.83, 123884621, 667
16063, 183, 982, 1287, 0, 0, 12.74%, 0, 0, 25, 7701.26, 123923971, 667
16069, 183, 982, 1287, 0, 0, 12.74%, 0, 0, 25, 7715.54, 123963567, 667
16074, 183, 591, 1287, 0, 0, 12.74%, 0, 0, 25, 7674.34, 124002863, 667
16079, 183, 268, 1287, 0, 0, 12.74%, 0, 0, 25, 7675.03, 124041666, 667
16084, 183, 306, 1287, 0, 0, 12.74%, 0, 0, 25, 7721.10, 124080984, 667
16089, 183, 982, 1287, 0, 0, 12.74%, 0, 0, 25, 7704.47, 124120110, 667
16094, 183, 128, 1287, 0, 0, 12.74%, 0, 0, 25, 7648.43, 124158786, 667
16099, 183, 59, 1287, 0, 0, 12.74%, 0, 0, 25, 7714.24, 124198658, 667
16104, 183, 198, 1287, 0, 0, 12.74%, 0, 0, 25, 7701.81, 124237662, 667
16109, 183, 519, 1287, 0, 0, 12.74%, 0, 0, 25, 7697.11, 124276882, 667
16114, 183, 645, 1287, 0, 0, 12.74%, 0, 0, 25, 7711.97, 124316452, 667
16119, 183, 252, 1287, 0, 0, 12.74%, 0, 0, 25, 7716.52, 124355452, 667
16125, 183, 66, 1287, 0, 0, 12.74%, 0, 0, 25, 7679.78, 124394752, 667
16130, 184, 508, 1287, 0, 0, 12.74%, 0, 0, 25, 7682.54, 124433576, 667
16135, 184, 133, 1287, 0, 0, 12.74%, 0, 0, 25, 7711.99, 124473211, 667
16140, 184, 584, 1287, 0, 0, 12.74%, 0, 0, 25, 7602.17, 124511843, 667
16145, 184, 183, 1287, 0, 0, 12.74%, 0, 0, 25, 7714.52, 124551064, 667
16150, 184, 374, 1287, 0, 0, 12.74%, 0, 0, 25, 7724.17, 124590405, 667
16155, 184, 48, 1287, 0, 0, 12.74%, 0, 0, 25, 7724.54, 124629922, 667
16160, 184, 106, 1287, 0, 0, 12.74%, 0, 0, 25, 7756.00, 124669136, 667
16165, 184, 456, 1287, 0, 0, 12.74%, 0, 0, 25, 7728.30, 124708641, 667
16170, 184, 287, 1287, 0, 0, 12.74%, 0, 0, 25, 7734.14, 124748347, 667
16176, 184, 447, 1287, 0, 0, 12.74%, 0, 0, 25, 7729.97, 124787710, 667
16181, 184, 574, 1287, 0, 0, 12.74%, 0, 0, 25, 7729.65, 124826882, 667
16186, 184, 109, 1287, 0, 0, 12.74%, 0, 0, 25, 7720.81, 124866243, 667
16191, 184, 519, 1287, 0, 0, 12.74%, 0, 0, 25, 7723.80, 124905430, 667
16196, 184, 170, 1287, 0, 0, 12.74%, 0, 0, 25, 7720.36, 124944738, 667
16201, 184, 66, 1287, 0, 0, 12.74%, 0, 0, 25, 7722.41, 124984663, 667
16206, 184, 283, 1287, 0, 0, 12.74%, 0, 0, 25, 7409.59, 125022533, 667
16211, 185, 886, 1287, 0, 0, 12.74%, 0, 0, 25, 7628.17, 125061967, 667
16216, 185, 252, 1287, 0, 0, 12.74%, 0, 0, 25, 7707.88, 125101345, 667
16221, 185, 198, 1287, 0, 0, 12.74%, 0, 0, 25, 7744.55, 125140671, 667
16226, 185, 170, 1287, 0, 0, 12.74%, 0, 0, 25, 7715.78, 125179897, 667
16232, 185, 83, 1287, 0, 0, 12.74%, 0, 0, 25, 7749.80, 125219135, 667
16237, 185, 390, 1287, 0, 0, 12.74%, 0, 0, 25, 7759.11, 125258687, 667
16242, 185, 390, 1287, 0, 0, 12.74%, 0, 0, 25, 7742.07, 125297817, 667
16247, 185, 700, 1287, 0, 0, 12.74%, 0, 0, 25, 7745.90, 125337311, 667
16252, 185, 590, 1287, 0, 0, 12.74%, 0, 0, 25, 7754.66, 125376550, 667
16257, 185, 591, 1287, 0, 0, 12.74%, 0, 0, 25, 7744.62, 125416032, 667
16262, 185, 133, 1287, 0, 0, 12.74%, 0, 0, 25, 7745.65, 125455140, 667
16267, 185, 584, 1287, 0, 0, 12.74%, 0, 0, 25, 7731.45, 125494573, 667
16272, 185, 388, 1287, 0, 0, 12.74%, 0, 0, 25, 7743.70, 125533738, 667
16277, 185, 82, 1287, 0, 0, 12.74%, 0, 0, 25, 7754.16, 125573259, 667
16282, 185, 25, 1287, 0, 0, 12.74%, 0, 0, 25, 7772.23, 125613004, 667
16288, 185, 120, 1287, 0, 0, 12.74%, 0, 0, 25, 7718.92, 125652741, 667
16293, 186, 106, 1287, 0, 0, 12.74%, 0, 0, 25, 7736.91, 125692228, 667
16298, 186, 102, 1287, 0, 0, 12.74%, 0, 0, 25, 7732.75, 125731505, 667
16303, 186, 259, 1287, 0, 0, 12.74%, 0, 0, 25, 7737.90, 125770863, 667
16308, 186, 105, 1287, 0, 0, 12.74%, 0, 0, 25, 7729.75, 125810126, 667
16313, 186, 198, 1287, 0, 0, 12.74%, 0, 0, 25, 7720.55, 125849617, 667
16318, 186, 198, 1287, 0, 0, 12.74%, 0, 0, 25, 7744.92, 125889302, 667
16323, 186, 790, 1287, 0, 0, 12.74%, 0, 0, 25, 7703.68, 125928467, 667
16328, 186, 252, 1287, 0, 0, 12.74%, 0, 0, 25, 7718.02, 125967686, 667
16333, 186, 120, 1287, 0, 0, 12.74%, 0, 0, 25, 7721.88, 126007592, 667
16339, 186, 252, 1287, 0, 0, 12.74%, 0, 0, 25, 7682.58, 126046742, 667
16344, 186, 259, 1287, 0, 0, 12.74%, 0, 0, 25, 7629.45, 126085401, 667
16349, 186, 60, 1287, 0, 0, 12.74%, 0, 0, 25, 7683.26, 126124858, 667
16354, 186, 92, 1287, 0, 0, 12.74%, 0, 0, 25, 7697.73, 126164393, 667
16359, 186, 135, 1287, 0, 0, 12.74%, 0, 0, 25, 7727.00, 126203705, 667
16364, 186, 252, 1287, 0, 0, 12.74%, 0, 0, 25, 7739.67, 126243231, 667
16369, 187, 83, 1287, 0, 0, 12.74%, 0, 0, 25, 7751.27, 126282624, 667
16374, 187, 63, 1287, 0, 0, 12.74%, 0, 0, 25, 7743.44, 126322043, 667
16379, 187, 48, 1287, 0, 0, 12.74%, 0, 0, 25, 7762.85, 126361185, 667
16384, 187, 66, 1287, 0, 0, 12.74%, 0, 0, 25, 7761.05, 126400533, 667
16389, 187, 44, 1287, 0, 0, 12.74%, 0, 0, 25, 7769.10, 126440246, 667
16395, 187, 109, 1287, 0, 0, 12.74%, 0, 0, 25, 7676.47, 126479446, 667
16400, 187, 48, 1287, 0, 0, 12.74%, 0, 0, 25, 7660.90, 126518386, 667
16405, 187, 107, 1287, 0, 0, 12.74%, 0, 0, 25, 7733.49, 126557656, 667
16410, 187, 574, 1287, 0, 0, 12.74%, 0, 0, 25, 7756.90, 126597016, 667
16415, 187, 165, 1287, 0, 0, 12.74%, 0, 0, 25, 7738.20, 126636072, 667
16420, 187, 133, 1287, 0, 0, 12.74%, 0, 0, 25, 7721.80, 126675094, 667
16425, 187, 198, 1287, 0, 0, 12.74%, 0, 0, 25, 7758.08, 126714508, 667
16430, 187, 82, 1287, 0, 0, 12.74%, 0, 0, 25, 7728.57, 126753945, 667
16435, 187, 187, 1287, 0, 0, 12.74%, 0, 0, 25, 7737.02, 126793190, 667
16440, 187, 287, 1287, 0, 0, 12.74%, 0, 0, 25, 7749.79, 126832678, 667
16445, 187, 790, 1287, 0, 0, 12.74%, 0, 0, 25, 7747.15, 126872249, 667
16450, 188, 252, 1288, 1, 0, 12.74%, 0, 0, 25, 7741.42, 126911265, 667
16456, 188, 460, 1288, 1, 0, 12.74%, 0, 0, 25, 7733.84, 126950650, 667
16461, 188, 83, 1288, 1, 0, 12.74%, 0, 0, 25, 7718.15, 126989785, 667
16466, 188, 287, 1288, 1, 0, 12.74%, 0, 0, 25, 7719.28, 127028918, 667
16471, 188, 886, 1288, 1, 0, 12.74%, 0, 0, 25, 7706.41, 127068358, 667
16476, 188, 128, 1288, 1, 0, 12.74%, 0, 0, 25, 7732.65, 127107588, 667
16481, 188, 658, 1288, 1, 0, 12.74%, 0, 0, 25, 7678.78, 127146793, 667
16486, 188, 658, 1288, 1, 0, 12.74%, 0, 0, 25, 7707.66, 127186069, 667
16491, 188, 198, 1288, 1, 0, 12.74%, 0, 0, 25, 7726.22, 127225457, 667
16496, 188, 198, 1288, 1, 0, 12.74%, 0, 0, 25, 7734.06, 127264783, 667
16501, 188, 454, 1288, 1, 0, 12.74%, 0, 0, 25, 7732.47, 127304268, 667
16506, 188, 66, 1288, 1, 0, 12.74%, 0, 0, 25, 7720.97, 127343722, 667
16512, 188, 183, 1288, 1, 0, 12.74%, 0, 0, 25, 7717.54, 127383173, 667
16517, 188, 28, 1288, 1, 0, 12.74%, 0, 0, 25, 7726.77, 127422918, 667
16522, 188, 790, 1288, 1, 0, 12.74%, 0, 0, 25, 7730.28, 127462356, 667
16527, 189, 102, 1288, 1, 0, 12.74%, 0, 0, 25, 7670.30, 127501416, 667
16532, 189, 178, 1288, 1, 0, 12.74%, 0, 0, 25, 7701.03, 127540332, 667
16537, 189, 28, 1288, 1, 0, 12.74%, 0, 0, 25, 7665.76, 127579471, 667
16542, 189, 160, 1288, 1, 0, 12.74%, 0, 0, 25, 7726.96, 127618963, 667
16547, 189, 165, 1288, 0, 0, 12.74%, 0, 0, 25, 7657.19, 127657391, 667
16552, 189, 287, 1288, 0, 0, 12.74%, 0, 0, 25, 7702.15, 127696589, 667
16557, 189, 982, 1288, 0, 0, 12.74%, 0, 0, 25, 7732.77, 127735646, 667
16562, 189, 590, 1288, 0, 0, 12.74%, 0, 0, 25, 7725.64, 127774642, 667
16567, 189, 170, 1288, 0, 0, 12.74%, 0, 0, 25, 7734.93, 127813878, 667
16573, 189, 538, 1288, 0, 0, 12.74%, 0, 0, 25, 7697.82, 127853152, 667
16578, 189, 886, 1288, 0, 0, 12.74%, 0, 0, 25, 7707.27, 127892143, 667
16583, 189, 177, 1288, 0, 0, 12.74%, 0, 0, 25, 7693.07, 127930988, 667
16588, 190, 198, 1288, 0, 0, 12.74%, 0, 0, 25, 7681.32, 127969891, 667
16593, 190, 195, 1288, 0, 0, 12.74%, 0, 0, 25, 7725.21, 128008948, 667
16598, 190, 195, 1288, 0, 0, 12.74%, 0, 0, 25, 7678.23, 128048101, 667
16603, 190, 160, 1288, 0, 0, 12.74%, 0, 0, 25, 7681.62, 128087528, 667
16608, 190, 198, 1288, 0, 0, 12.74%, 0, 0, 25, 7632.02, 128126252, 667
16613, 190, 287, 1288, 0, 0, 12.74%, 0, 0, 25, 7711.07, 128165402, 667
16618, 190, 198, 1288, 0, 0, 12.74%, 0, 0, 25, 7708.28, 128204351, 667
16623, 190, 198, 1288, 0, 0, 12.74%, 0, 0, 25, 7657.83, 128242897, 667
16628, 190, 463, 1288, 0, 0, 12.74%, 0, 0, 25, 7655.96, 128282025, 667
16634, 190, 133, 1288, 0, 0, 12.74%, 0, 0, 25, 7696.66, 128321424, 667
16639, 191, 28, 1288, 0, 0, 12.74%, 0, 0, 25, 7695.50, 128360735, 667
16644, 191, 53, 1288, 0, 0, 12.74%, 0, 0, 25, 7673.63, 128399798, 667
16649, 191, 109, 1288, 0, 0, 12.74%, 0, 0, 25, 7695.21, 128439142, 667
16654, 191, 55, 1288, 0, 0, 12.74%, 0, 0, 25, 7719.63, 128478547, 667
16659, 191, 129, 1288, 0, 0, 12.74%, 0, 0, 25, 7731.69, 128517998, 667
16664, 191, 500, 1288, 0, 0, 12.74%, 0, 0, 25, 7707.86, 128557420, 667
16669, 191, 107, 1288, 0, 0, 12.74%, 0, 0, 25, 7688.92, 128596611, 667
16674, 191, 109, 1288, 0, 0, 12.74%, 0, 0, 25, 7725.67, 128635803, 667
16679, 191, 106, 1288, 0, 0, 12.74%, 0, 0, 25, 7679.60, 128674952, 667
16685, 191, 724, 1288, 0, 0, 12.74%, 0, 0, 25, 7682.30, 128714315, 667
16690, 192, 9, 1288, 0, 0, 12.74%, 0, 0, 25, 7660.42, 128753290, 667
16695, 192, 170, 1288, 0, 0, 12.74%, 0, 0, 25, 7664.92, 128792123, 667
16700, 192, 706, 1288, 0, 0, 12.74%, 0, 0, 25, 7683.53, 128830827, 667
16705, 192, 109, 1288, 0, 0, 12.74%, 0, 0, 25, 7691.96, 128869928, 667
16710, 192, 252, 1288, 0, 0, 12.74%, 0, 0, 25, 7702.87, 128909134, 667
16715, 192, 206, 1288, 0, 0, 12.74%, 0, 0, 25, 7643.14, 128948068, 667
16720, 192, 77, 1288, 0, 0, 12.74%, 0, 0, 25, 7701.24, 128987129, 667
16725, 192, 591, 1288, 0, 0, 12.74%, 0, 0, 25, 7685.74, 129026200, 667
16730, 192, 177, 1288, 0, 0, 12.74%, 0, 0, 25, 7729.70, 129066020, 667
16735, 192, 252, 1288, 0, 0, 12.74%, 0, 0, 25, 7712.05, 129104867, 667
16740, 192, 252, 1288, 0, 0, 12.74%, 0, 0, 25, 7644.39, 129143671, 667
16745, 193, 886, 1288, 0, 0, 12.74%, 0, 0, 25, 7638.34, 129182560, 667
16751, 193, 102, 1288, 0, 0, 12.74%, 0, 0, 25, 7521.53, 129221555, 667
16756, 193, 235, 1289, 1, 0, 12.74%, 0, 0, 25, 7623.65, 129260208, 667
16761, 193, 192, 1289, 1, 0, 12.74%, 0, 0, 25, 7700.81, 129299640, 667
16766, 193, 63, 1289, 1, 0, 12.74%, 0, 0, 25, 7602.22, 129338351, 667
16771, 193, 544, 1289, 1, 0, 12.74%, 0, 0, 25, 7708.36, 129377492, 667
16776, 193, 982, 1289, 1, 0, 12.74%, 0, 0, 25, 7656.98, 129416195, 667
16781, 193, 206, 1289, 1, 0, 12.74%, 0, 0, 25, 7737.50, 129455417, 667
16786, 193, 220, 1289, 1, 0, 12.74%, 0, 0, 25, 7655.28, 129494251, 667
16791, 193, 584, 1289, 1, 0, 12.74%, 0, 0, 25, 7718.30, 129533963, 667
16796, 194, 252, 1289, 1, 0, 12.74%, 0, 0, 25, 7712.92, 129572746, 667
16801, 194, 194, 1289, 1, 0, 12.74%, 0, 0, 25, 7689.65, 129611650, 667
16807, 194, 700, 1289, 1, 0, 12.74%, 0, 0, 25, 7684.30, 129651237, 667
16812, 194, 220, 1289, 1, 0, 12.74%, 0, 0, 25, 7717.26, 129690234, 667
16817, 194, 82, 1289, 1, 0, 12.74%, 0, 0, 25, 7746.71, 129729467, 667
16822, 194, 982, 1289, 1, 0, 12.74%, 0, 0, 25, 7731.17, 129768594, 667
16827, 194, 706, 1289, 1, 0, 12.74%, 0, 0, 25, 7730.93, 129807536, 667
16832, 194, 198, 1289, 1, 0, 12.74%, 0, 0, 25, 7632.87, 129846157, 667
16837, 194, 538, 1289, 1, 0, 12.74%, 0, 0, 25, 7701.92, 129885218, 667
16842, 194, 211, 1289, 1, 0, 12.74%, 0, 0, 25, 7726.77, 129924533, 667
16847, 194, 9, 1289, 1, 0, 12.74%, 0, 0, 25, 7678.48, 129963869, 667
16852, 195, 109, 1289, 1, 0, 12.74%, 0, 0, 25, 7696.71, 130002907, 667
16857, 195, 886, 1289, 1, 0, 12.74%, 0, 0, 25, 7705.74, 130041972, 667
16862, 195, 252, 1289, 1, 0, 12.74%, 0, 0, 25, 7715.24, 130081224, 667
16867, 195, 252, 1289, 1, 0, 12.74%, 0, 0, 25, 7704.66, 130120258, 667
16873, 195, 287, 1289, 1, 0, 12.74%, 0, 0, 25, 7680.95, 130159636, 667
16878, 195, 211, 1289, 1, 0, 12.74%, 0, 0, 25, 7572.45, 130198207, 667
16883, 195, 48, 1290, 2, 0, 12.74%, 0, 0, 25, 7720.08, 130238081, 667
16888, 195, 723, 1290, 2, 0, 12.74%, 0, 0, 25, 7691.21, 130277044, 667
16893, 195, 106, 1290, 2, 0, 12.74%, 0, 0, 25, 7719.51, 130316480, 667
16898, 195, 198, 1291, 2, 0, 12.74%, 0, 0, 25, 7699.27, 130355577, 667
16903, 196, 312, 1291, 2, 0, 12.74%, 0, 0, 25, 7713.66, 130395160, 667
16908, 196, 452, 1295, 5, 0, 12.74%, 0, 0, 25, 7724.65, 130434997, 667
16913, 196, 478, 1295, 5, 0, 12.74%, 0, 0, 25, 7683.29, 130474108, 667
16919, 196, 48, 1295, 5, 0, 12.74%, 0, 0, 25, 7702.31, 130513256, 667
16924, 196, 1200, 1295, 5, 0, 12.74%, 0, 0, 25, 7726.98, 130552814, 667
16929, 196, 142, 1295, 4, 0, 12.74%, 0, 0, 25, 7720.27, 130592182, 667
16934, 196, 700, 1295, 4, 0, 12.74%, 0, 0, 25, 7694.96, 130631297, 667
16939, 196, 125, 1295, 3, 0, 12.74%, 0, 0, 25, 7665.06, 130670451, 667
16944, 196, 9, 1295, 3, 0, 12.74%, 0, 0, 25, 7680.19, 130709452, 667
16949, 196, 177, 1295, 3, 0, 12.74%, 0, 0, 25, 7732.50, 130748901, 667
16954, 196, 106, 1296, 4, 0, 12.74%, 0, 0, 25, 7713.48, 130788275, 667
16959, 197, 506, 1297, 5, 0, 12.74%, 0, 0, 25, 7684.40, 130826951, 667
16964, 197, 252, 1297, 4, 0, 12.74%, 0, 0, 25, 7686.71, 130865897, 667
16969, 197, 187, 1297, 4, 0, 12.74%, 0, 0, 25, 7709.54, 130905088, 667
16975, 197, 252, 1297, 4, 0, 12.74%, 0, 0, 25, 7718.72, 130944415, 667
16980, 197, 198, 1297, 4, 0, 12.74%, 0, 0, 25, 7684.76, 130983416, 667
16985, 197, 165, 1297, 4, 0, 12.74%, 0, 0, 25, 7696.19, 131022822, 667
16990, 197, 130, 1297, 4, 0, 12.74%, 0, 0, 25, 7669.50, 131061972, 667
16995, 197, 97, 1297, 3, 0, 12.74%, 0, 0, 25, 7678.94, 131101226, 667
17000, 197, 980, 1297, 3, 0, 12.74%, 0, 0, 25, 7680.00, 131140140, 667
17005, 197, 55, 1297, 3, 0, 12.74%, 0, 0, 25, 7647.31, 131179207, 667
17010, 197, 252, 1297, 3, 0, 12.74%, 0, 0, 25, 7683.46, 131218421, 667
17015, 198, 107, 1297, 3, 0, 12.74%, 0, 0, 25, 7718.41, 131257656, 667
17020, 198, 287, 1297, 3, 0, 12.74%, 0, 0, 25, 7740.37, 131296903, 667
17025, 198, 130, 1297, 3, 0, 12.74%, 0, 0, 25, 7735.21, 131336012, 667
17030, 198, 982, 1297, 3, 0, 12.74%, 0, 0, 25, 7702.49, 131375209, 667
17036, 198, 252, 1297, 3, 0, 12.74%, 0, 0, 25, 7715.14, 131414457, 667
17041, 198, 31, 1297, 3, 0, 12.74%, 0, 0, 25, 7733.10, 131453747, 667
17046, 198, 396, 1297, 3, 0, 12.74%, 0, 0, 25, 7693.31, 131492976, 667
17051, 198, 886, 1297, 3, 0, 12.74%, 0, 0, 25, 7685.73, 131532076, 667
17056, 198, 106, 1297, 3, 0, 12.74%, 0, 0, 25, 7665.93, 131570771, 667
17061, 198, 452, 1297, 3, 0, 12.74%, 0, 0, 25, 7717.33, 131610105, 667
17066, 199, 174, 1297, 3, 0, 12.74%, 0, 0, 25, 7725.49, 131649184, 667
17071, 199, 128, 1297, 3, 0, 12.74%, 0, 0, 25, 7729.13, 131688865, 667
17076, 199, 198, 1297, 3, 0, 12.74%, 0, 0, 25, 7682.15, 131727886, 667
17081, 199, 109, 1297, 3, 0, 12.74%, 0, 0, 25, 7699.29, 131767176, 667
17086, 199, 109, 1297, 3, 0, 12.74%, 0, 0, 25, 7718.58, 131806461, 667
17092, 199, 125, 1297, 3, 0, 12.74%, 0, 0, 25, 7725.16, 131845739, 667
17097, 199, 252, 1297, 3, 0, 12.74%, 0, 0, 25, 7658.42, 131884665, 667
17102, 199, 106, 1297, 3, 0, 12.74%, 0, 0, 25, 7672.64, 131923796, 667
17107, 199, 120, 1297, 3, 0, 12.74%, 0, 0, 25, 7707.45, 131962723, 667
17112, 199, 982, 1297, 3, 0, 12.74%, 0, 0, 25, 7631.80, 132001381, 667
17117, 199, 60, 1297, 3, 0, 12.74%, 0, 0, 25, 7678.75, 132040558, 667
17122, 200, 574, 1297, 2, 0, 12.74%, 0, 0, 25, 7687.78, 132080087, 667
17127, 200, 1296, 1298, 3, 0, 12.74%, 0, 0, 25, 5940.03, 132111423, 667
17132, 200, 28, 1298, 2, 0, 12.74%, 0, 0, 25, 7252.61, 132149103, 667
17137, 200, 85, 1298, 2, 0, 12.74%, 0, 0, 25, 7610.28, 132188324, 667
17142, 200, 66, 1298, 2, 0, 12.74%, 0, 0, 25, 7702.19, 132227336, 667
17147, 200, 198, 1298, 2, 0, 12.74%, 0, 0, 25, 7690.83, 132266700, 667
17152, 200, 85, 1298, 2, 0, 12.74%, 0, 0, 25, 7633.93, 132305252, 667
17158, 200, 106, 1298, 2, 0, 12.74%, 0, 0, 25, 7679.47, 132344557, 667
17163, 200, 109, 1298, 2, 0, 12.74%, 0, 0, 25, 7713.53, 132383953, 667
17168, 200, 982, 1298, 2, 0, 12.74%, 0, 0, 25, 7691.69, 132423145, 667
17173, 200, 9, 1298, 2, 0, 12.74%, 0, 0, 25, 7655.06, 132462140, 667
17178, 201, 204, 1298, 2, 0, 12.74%, 0, 0, 25, 7639.47, 132500916, 667
17183, 201, 102, 1298, 2, 0, 12.74%, 0, 0, 25, 7704.06, 132540239, 667
17188, 201, 452, 1298, 2, 0, 12.74%, 0, 0, 25, 7671.44, 132579430, 667
17193, 201, 174, 1298, 2, 0, 12.74%, 0, 0, 25, 7713.06, 132618685, 667
17198, 201, 508, 1298, 2, 0, 12.74%, 0, 0, 25, 7657.04, 132657568, 667
17203, 201, 1054, 1298, 2, 0, 12.74%, 0, 0, 25, 7713.47, 132696805, 667
17209, 201, 287, 1298, 2, 0, 12.74%, 0, 0, 25, 7688.86, 132736033, 667
17214, 201, 106, 1298, 2, 0, 12.74%, 0, 0, 25, 7652.41, 132775050, 667
17219, 201, 198, 1298, 2, 0, 12.74%, 0, 0, 25, 7688.70, 132813983, 667
17224, 201, 342, 1298, 2, 0, 12.74%, 0, 0, 25, 7659.03, 132852916, 667
17229, 202, 432, 1298, 2, 0, 12.74%, 0, 0, 25, 7633.23, 132891985, 667
17234, 202, 66, 1298, 2, 0, 12.74%, 0, 0, 25, 7647.16, 132930852, 667
17239, 202, 187, 1298, 2, 0, 12.74%, 0, 0, 25, 7678.35, 132970056, 667
17244, 202, 94, 1298, 2, 0, 12.74%, 0, 0, 25, 7645.56, 133008830, 667
17249, 202, 283, 1298, 2, 0, 12.74%, 0, 0, 25, 7688.51, 133047868, 667
17254, 202, 106, 1298, 2, 0, 12.74%, 0, 0, 25, 7684.96, 133087041, 667
17259, 202, 28, 1298, 2, 0, 12.74%, 0, 0, 25, 7714.14, 133126556, 667
17265, 202, 585, 1298, 2, 0, 12.74%, 0, 0, 25, 7647.84, 133165754, 667
17270, 202, 97, 1298, 2, 0, 12.74%, 0, 0, 25, 7670.14, 133204415, 667
17275, 202, 44, 1298, 2, 0, 12.74%, 0, 0, 25, 7641.27, 133243194, 667
17280, 202, 60, 1298, 2, 0, 12.74%, 0, 0, 25, 7691.47, 133281810, 667
17285, 203, 106, 1298, 2, 0, 12.74%, 0, 0, 25, 7703.75, 133320948, 667
17290, 203, 259, 1298, 2, 0, 12.74%, 0, 0, 25, 7707.66, 133359915, 667
17295, 203, 109, 1298, 2, 0, 12.74%, 0, 0, 25, 7633.90, 133398975, 667
17300, 203, 574, 1298, 2, 0, 12.74%, 0, 0, 25, 7678.20, 133438012, 667
17305, 203, 198, 1298, 2, 0, 12.74%, 0, 0, 25, 7680.95, 133477335, 667
17310, 203, 287, 1298, 2, 0, 12.74%, 0, 0, 25, 7725.44, 133516906, 667
17315, 203, 886, 1298, 2, 0, 12.74%, 0, 0, 25, 7669.64, 133555949, 667
17320, 203, 120, 1298, 2, 0, 12.74%, 0, 0, 25, 7662.96, 133594622, 667
17326, 203, 683, 1298, 2, 0, 12.74%, 0, 0, 25, 7691.44, 133633476, 667
17331, 203, 574, 1298, 2, 0, 12.74%, 0, 0, 25, 7714.04, 133672770, 667
17336, 204, 89, 1298, 2, 0, 12.74%, 0, 0, 25, 7700.25, 133711788, 667
17341, 204, 94, 1298, 2, 0, 12.74%, 0, 0, 25, 7718.35, 133751041, 667
17346, 204, 1292, 1298, 2, 0, 12.74%, 0, 0, 25, 7711.60, 133789983, 667
17351, 204, 259, 1298, 1, 0, 12.74%, 0, 0, 25, 7730.25, 133829105, 667
17356, 204, 252, 1298, 1, 0, 12.74%, 0, 0, 25, 7692.69, 133867974, 667
17361, 204, 109, 1298, 1, 0, 12.74%, 0, 0, 25, 7711.93, 133907162, 667
17366, 204, 198, 1298, 1, 0, 12.74%, 0, 0, 25, 7702.84, 133946344, 667
17371, 204, 120, 1298, 1, 0, 12.74%, 0, 0, 25, 7662.63, 133985212, 667
17376, 204, 252, 1298, 1, 0, 12.74%, 0, 0, 25, 7703.44, 134024058, 667
17381, 204, 128, 1298, 1, 0, 12.74%, 0, 0, 25, 7715.46, 134063071, 667
17386, 204, 643, 1298, 1, 0, 12.74%, 0, 0, 25, 7710.99, 134102476, 667
17391, 205, 170, 1298, 1, 0, 12.74%, 0, 0, 25, 7721.11, 134141203, 667
17396, 205, 252, 1298, 1, 0, 12.74%, 0, 0, 25, 7734.21, 134180483, 667
17402, 205, 133, 1298, 1, 0, 12.74%, 0, 0, 25, 7664.27, 134219338, 667
17407, 205, 187, 1298, 1, 0, 12.74%, 0, 0, 25, 7697.10, 134258344, 667
17412, 205, 174, 1298, 1, 0, 12.74%, 0, 0, 25, 7689.52, 134297545, 667
17417, 205, 198, 1298, 1, 0, 12.74%, 0, 0, 25, 7723.50, 134337150, 667
17422, 205, 106, 1298, 1, 0, 12.74%, 0, 0, 25, 7721.39, 134376214, 667
17427, 205, 128, 1298, 1, 0, 12.74%, 0, 0, 25, 7679.19, 134415542, 667
17432, 205, 252, 1298, 1, 0, 12.74%, 0, 0, 25, 7674.82, 134454527, 667
17437, 205, 287, 1298, 1, 0, 12.74%, 0, 0, 25, 7704.39, 134493823, 667
17442, 206, 106, 1298, 1, 0, 12.74%, 0, 0, 25, 7652.88, 134533042, 667
17447, 206, 252, 1298, 1, 0, 12.74%, 0, 0, 25, 7709.67, 134572135, 667
17452, 206, 245, 1298, 1, 0, 12.74%, 0, 0, 25, 7698.86, 134610994, 667
17458, 206, 130, 1298, 1, 0, 12.74%, 0, 0, 25, 7698.43, 134649916, 667
17463, 206, 388, 1298, 1, 0, 12.74%, 0, 0, 25, 7696.45, 134688842, 667
17468, 206, 109, 1298, 1, 0, 12.74%, 0, 0, 25, 7726.29, 134728176, 667
17473, 206, 252, 1298, 1, 0, 12.74%, 0, 0, 25, 7687.52, 134766975, 667
17478, 206, 28, 1298, 1, 0, 12.74%, 0, 0, 25, 7697.37, 134806124, 667
17483, 206, 574, 1298, 1, 0, 12.74%, 0, 0, 25, 7717.49, 134845380, 667
17488, 206, 82, 1298, 1, 0, 12.74%, 0, 0, 25, 7676.97, 134884229, 667
17493, 206, 120, 1298, 1, 0, 12.74%, 0, 0, 25, 7735.42, 134923618, 667
17498, 207, 177, 1298, 1, 0, 12.74%, 0, 0, 25, 7712.75, 134963010, 667
17503, 207, 66, 1298, 1, 0, 12.74%, 0, 0, 25, 7712.75, 135002392, 667
17508, 207, 109, 1298, 1, 0, 12.74%, 0, 0, 25, 7606.74, 135040980, 667
17514, 207, 252, 1298, 1, 0, 12.74%, 0, 0, 25, 7717.42, 135080594, 667
17519, 207, 252, 1298, 1, 0, 12.74%, 0, 0, 25, 7742.88, 135119831, 667
17524, 207, 683, 1298, 1, 0, 12.74%, 0, 0, 25, 7654.48, 135158424, 667
17529, 207, 396, 1298, 1, 0, 12.74%, 0, 0, 25, 7569.81, 135197128, 667
17534, 207, 170, 1298, 1, 0, 12.74%, 0, 0, 25, 7689.48, 135236307, 667
17539, 207, 106, 1298, 1, 0, 12.74%, 0, 0, 25, 7728.18, 135275614, 667
17544, 207, 89, 1298, 1, 0, 12.74%, 0, 0, 25, 7696.39, 135315007, 667
17549, 208, 396, 1298, 1, 0, 12.74%, 0, 0, 25, 7705.86, 135354049, 667
17554, 208, 252, 1298, 1, 0, 12.74%, 0, 0, 25, 7717.44, 135393169, 667
17559, 208, 48, 1298, 1, 0, 12.74%, 0, 0, 25, 7714.49, 135432331, 667
17564, 208, 187, 1298, 1, 0, 12.74%, 0, 0, 25, 7685.35, 135471473, 667
17569, 208, 252, 1298, 1, 0, 12.74%, 0, 0, 25, 7733.58, 135511001, 667
17575, 208, 151, 1298, 1, 0, 12.74%, 0, 0, 25, 7642.33, 135550104, 667
17580, 208, 63, 1298, 1, 0, 12.74%, 0, 0, 25, 7721.83, 135589478, 667
17585, 208, 980, 1298, 1, 0, 12.74%, 0, 0, 25, 7674.73, 135628529, 667
17590, 208, 286, 1298, 1, 0, 12.74%, 0, 0, 25, 7686.38, 135667823, 667
17595, 208, 160, 1298, 1, 0, 12.74%, 0, 0, 25, 7731.96, 135706889, 667
17600, 209, 85, 1298, 1, 0, 12.74%, 0, 0, 25, 7714.62, 135745980, 667
17605, 209, 700, 1298, 1, 0, 12.74%, 0, 0, 25, 7717.00, 135785101, 667
17610, 209, 252, 1298, 1, 0, 12.74%, 0, 0, 25, 7679.98, 135824327, 667
17615, 209, 170, 1298, 1, 0, 12.74%, 0, 0, 25, 7707.81, 135863401, 667
17620, 209, 980, 1298, 1, 0, 12.74%, 0, 0, 25, 7662.33, 135902097, 667
17625, 209, 584, 1298, 1, 0, 12.74%, 0, 0, 25, 7660.28, 135940678, 667
17630, 209, 174, 1298, 1, 0, 12.74%, 0, 0, 25, 7715.40, 135979781, 667
17635, 209, 590, 1298, 1, 0, 12.74%, 0, 0, 25, 7728.01, 136018970, 667
17641, 209, 312, 1298, 1, 0, 12.74%, 0, 0, 25, 7727.54, 136058201, 667
17646, 209, 206, 1298, 1, 0, 12.74%, 0, 0, 25, 7737.80, 136097658, 667
17651, 209, 584, 1298, 1, 0, 12.74%, 0, 0, 25, 7743.10, 136137121, 667
17656, 210, 287, 1298, 1, 0, 12.74%, 0, 0, 25, 7727.93, 136176240, 667
17661, 210, 109, 1298, 1, 0, 12.74%, 0, 0, 25, 7674.51, 136215232, 667
17666, 210, 667, 1298, 1, 0, 12.74%, 0, 0, 25, 7715.82, 136254336, 667
17671, 210, 106, 1298, 1, 0, 12.74%, 0, 0, 25, 7726.05, 136293400, 667
17676, 210, 125, 1298, 1, 0, 12.74%, 0, 0, 25, 7730.00, 136332700, 667
17681, 210, 89, 1298, 1, 0, 12.74%, 0, 0, 25, 7679.15, 136371929, 667
17686, 210, 700, 1298, 1, 0, 12.74%, 0, 0, 25, 7720.19, 136411362, 667
17691, 210, 252, 1298, 1, 0, 12.74%, 0, 0, 25, 7688.02, 136450419, 667
17697, 210, 191, 1298, 1, 0, 12.74%, 0, 0, 25, 7701.17, 136489519, 667
17702, 210, 700, 1298, 1, 0, 12.74%, 0, 0, 25, 7716.36, 136528733, 667
17707, 211, 886, 1298, 1, 0, 12.74%, 0, 0, 25, 7679.96, 136568148, 667
17712, 211, 204, 1298, 1, 0, 12.74%, 0, 0, 25, 7725.75, 136607591, 667
17717, 211, 192, 1298, 1, 0, 12.74%, 0, 0, 25, 7695.17, 136646723, 667
17722, 211, 94, 1298, 1, 0, 12.74%, 0, 0, 25, 7713.65, 136685872, 667
17727, 211, 77, 1298, 1, 0, 12.74%, 0, 0, 25, 7736.37, 136724876, 667
17732, 211, 85, 1298, 1, 0, 12.74%, 0, 0, 25, 7733.07, 136764097, 667
17737, 211, 700, 1298, 1, 0, 12.74%, 0, 0, 25, 7703.85, 136803167, 667
17742, 211, 252, 1298, 1, 0, 12.74%, 0, 0, 25, 7693.51, 136841976, 667
17747, 211, 1047, 1298, 1, 0, 12.74%, 0, 0, 25, 7687.54, 136881358, 667
17752, 211, 235, 1298, 1, 0, 12.74%, 0, 0, 25, 7743.44, 136920654, 667
17758, 211, 60, 1298, 1, 0, 12.74%, 0, 0, 25, 7734.49, 136960022, 667
17763, 212, 183, 1298, 1, 0, 12.74%, 0, 0, 25, 7733.75, 136999395, 667
17768, 212, 287, 1298, 1, 0, 12.74%, 0, 0, 25, 7717.35, 137038413, 667
17773, 212, 66, 1298, 1, 0, 12.74%, 0, 0, 25, 7684.63, 137077428, 667
17778, 212, 683, 1298, 1, 0, 12.74%, 0, 0, 25, 7686.89, 137116719, 667
17783, 212, 643, 1298, 1, 0, 12.74%, 0, 0, 25, 7693.67, 137155740, 667
17788, 212, 259, 1298, 1, 0, 12.74%, 0, 0, 25, 7735.50, 137195343, 667
17793, 212, 252, 1298, 1, 0, 12.74%, 0, 0, 25, 7708.76, 137234415, 667
17798, 212, 287, 1298, 1, 0, 12.74%, 0, 0, 25, 7714.99, 137273898, 667
17803, 212, 191, 1298, 1, 0, 12.74%, 0, 0, 25, 7740.48, 137313277, 667
17808, 212, 252, 1298, 1, 0, 12.74%, 0, 0, 25, 7726.38, 137352303, 667
17813, 213, 723, 1298, 0, 0, 12.74%, 0, 0, 25, 6774.35, 137384031, 667
17819, 213, 252, 1298, 0, 0, 12.74%, 0, 0, 25, 7510.99, 137423091, 667
17824, 213, 374, 1298, 0, 0, 12.74%, 0, 0, 25, 7674.46, 137462609, 667
17829, 213, 94, 1298, 0, 0, 12.74%, 0, 0, 25, 7685.38, 137501818, 667
17834, 213, 106, 1298, 0, 0, 12.74%, 0, 0, 25, 7668.39, 137540606, 667
17839, 213, 109, 1298, 0, 0, 12.74%, 0, 0, 25, 7683.09, 137579569, 667
17844, 213, 142, 1298, 0, 0, 12.74%, 0, 0, 25, 7710.67, 137618801, 667
17849, 213, 211, 1298, 0, 0, 12.74%, 0, 0, 25, 7728.71, 137657880, 667
17854, 213, 259, 1298, 0, 0, 12.74%, 0, 0, 25, 7727.45, 137696868, 667
17859, 213, 252, 1298, 0, 0, 12.74%, 0, 0, 25, 7721.10, 137736441, 667
17864, 213, 198, 1298, 0, 0, 12.74%, 0, 0, 25, 7715.03, 137775490, 667
17869, 214, 280, 1298, 0, 0, 12.74%, 0, 0, 25, 7759.06, 137815029, 667
17874, 214, 252, 1298, 0, 0, 12.74%, 0, 0, 25, 7702.21, 137853966, 667
17879, 214, 170, 1298, 0, 0, 12.74%, 0, 0, 25, 7722.84, 137893308, 667
17885, 214, 120, 1298, 0, 0, 12.74%, 0, 0, 25, 7693.12, 137932292, 667
17890, 214, 60, 1298, 0, 0, 12.74%, 0, 0, 25, 7694.51, 137971186, 667
17895, 214, 198, 1298, 0, 0, 12.74%, 0, 0, 25, 7732.40, 138010444, 667
17900, 214, 287, 1298, 0, 0, 12.74%, 0, 0, 25, 7741.28, 138049759, 667
17905, 214, 724, 1298, 0, 0, 12.74%, 0, 0, 25, 7738.86, 138089169, 667
17910, 214, 252, 1298, 0, 0, 12.74%, 0, 0, 25, 7744.24, 138128485, 667
17915, 214, 259, 1298, 0, 0, 12.74%, 0, 0, 25, 7738.60, 138167613, 667
17920, 215, 645, 1298, 0, 0, 12.74%, 0, 0, 25, 7722.98, 138206623, 667
17925, 215, 48, 1298, 0, 0, 12.74%, 0, 0, 25, 7703.49, 138246070, 667
17930, 215, 160, 1298, 0, 0, 12.74%, 0, 0, 25, 7705.62, 138285221, 667
17935, 215, 584, 1298, 0, 0, 12.74%, 0, 0, 25, 7702.53, 138324546, 667
17940, 215, 82, 1298, 0, 0, 12.74%, 0, 0, 25, 7751.74, 138363772, 667
17945, 215, 109, 1298, 0, 0, 12.74%, 0, 0, 25, 7720.49, 138402805, 667
17951, 215, 252, 1298, 0, 0, 12.74%, 0, 0, 25, 7660.44, 138442006, 667
17956, 215, 60, 1298, 0, 0, 12.74%, 0, 0, 25, 7692.15, 138481485, 667
17961, 215, 259, 1298, 0, 0, 12.74%, 0, 0, 25, 7688.59, 138520318, 667
17966, 215, 1283, 1298, 0, 0, 12.74%, 0, 0, 25, 7660.16, 138559288, 667
17971, 215, 287, 1298, 0, 0, 12.74%, 0, 0, 25, 7645.22, 138598325, 667
17976, 216, 454, 1298, 0, 0, 12.74%, 0, 0, 25, 7699.35, 138637745, 667
17981, 216, 980, 1298, 0, 0, 12.74%, 0, 0, 25, 7696.21, 138677028, 667
17986, 216, 130, 1298, 0, 0, 12.74%, 0, 0, 25, 7718.35, 138716380, 667
17991, 216, 591, 1298, 0, 0, 12.74%, 0, 0, 25, 7723.82, 138755566, 667
17996, 216, 723, 1298, 0, 0, 12.74%, 0, 0, 25, 7709.22, 138794719, 667
18001, 216, 191, 1298, 0, 0, 12.74%, 0, 0, 25, 7681.86, 138833818, 667
18007, 216, 886, 1298, 0, 0, 12.74%, 0, 0, 25, 7695.13, 138872751, 667
18012, 216, 109, 1298, 0, 0, 12.74%, 0, 0, 25, 7628.69, 138911402, 667
18017, 216, 25, 1298, 0, 0, 12.74%, 0, 0, 25, 7681.49, 138950673, 667
18022, 216, 432, 1298, 0, 0, 12.74%, 0, 0, 25, 7652.08, 138989690, 667
18027, 217, 312, 1298, 0, 0, 12.74%, 0, 0, 25, 7704.81, 139029181, 667
18032, 217, 584, 1298, 0, 0, 12.74%, 0, 0, 25, 7695.92, 139068089, 667
18037, 217, 1054, 1298, 0, 0, 12.74%, 0, 0, 25, 7656.87, 139106947, 667
18042, 217, 429, 1298, 0, 0, 12.74%, 0, 0, 25, 7714.23, 139146260, 667
18047, 217, 130, 1298, 0, 0, 12.74%, 0, 0, 25, 7708.94, 139185570, 667
18052, 217, 724, 1298, 0, 0, 12.74%, 0, 0, 25, 7695.59, 139225027, 667
18057, 217, 252, 1298, 0, 0, 12.74%, 0, 0, 25, 7613.14, 139263847, 667
18063, 217, 53, 1298, 0, 0, 12.74%, 0, 0, 25, 7675.86, 139302750, 667
18068, 217, 519, 1298, 0, 0, 12.74%, 0, 0, 25, 7699.39, 139341562, 667
18073, 217, 982, 1298, 0, 0, 12.74%, 0, 0, 25, 7666.51, 139380566, 667
18078, 217, 106, 1298, 0, 0, 12.74%, 0, 0, 25, 7707.16, 139419719, 667
18083, 218, 109, 1298, 0, 0, 12.74%, 0, 0, 25, 7738.07, 139458896, 667
18088, 218, 252, 1298, 0, 0, 12.74%, 0, 0, 25, 7704.43, 139497876, 667
18093, 218, 252, 1298, 0, 0, 12.74%, 0, 0, 25, 7709.04, 139536822, 667
18098, 218, 886, 1298, 0, 0, 12.74%, 0, 0, 25, 7681.16, 139575681, 667
18103, 218, 59, 1298, 0, 0, 12.74%, 0, 0, 25, 7683.20, 139614752, 667
18108, 218, 287, 1298, 0, 0, 12.74%, 0, 0, 25, 7715.64, 139653987, 667
18113, 218, 97, 1298, 0, 0, 12.74%, 0, 0, 25, 7670.90, 139693056, 667
18118, 218, 198, 1298, 0, 0, 12.74%, 0, 0, 25, 7706.43, 139732288, 667
18123, 218, 109, 1298, 0, 0, 12.74%, 0, 0, 25, 7714.51, 139771445, 667
18128, 218, 120, 1298, 0, 0, 12.74%, 0, 0, 25, 7698.59, 139810203, 667
18134, 219, 97, 1298, 0, 0, 12.74%, 0, 0, 25, 7688.95, 139849004, 667
18139, 219, 165, 1298, 0, 0, 12.74%, 0, 0, 25, 7688.57, 139887760, 667
18144, 219, 388, 1298, 0, 0, 12.74%, 0, 0, 25, 7676.68, 139926506, 667
18149, 219, 192, 1298, 0, 0, 12.74%, 0, 0, 25, 7660.97, 139965104, 667
18154, 219, 643, 1298, 0, 0, 12.74%, 0, 0, 25, 7677.86, 140004059, 667
18159, 219, 220, 1298, 0, 0, 12.74%, 0, 0, 25, 7656.62, 140043110, 667
18164, 219, 53, 1298, 0, 0, 12.74%, 0, 0, 25, 7640.28, 140081766, 667
18169, 219, 48, 1298, 0, 0, 12.74%, 0, 0, 25, 7609.44, 140120710, 667
18174, 219, 160, 1298, 0, 0, 12.74%, 0, 0, 25, 7640.21, 140159687, 667
18179, 219, 416, 1298, 0, 0, 12.74%, 0, 0, 25, 7558.74, 140198175, 667
18184, 219, 128, 1298, 0, 0, 12.74%, 0, 0, 25, 7625.57, 140237453, 667
18189, 220, 170, 1298, 0, 0, 12.74%, 0, 0, 25, 7659.73, 140276518, 667
18195, 220, 287, 1298, 0, 0, 12.74%, 0, 0, 25, 7657.17, 140315322, 667
18200, 220, 94, 1298, 0, 0, 12.74%, 0, 0, 25, 7691.02, 140354366, 667
18205, 220, 982, 1298, 0, 0, 12.74%, 0, 0, 25, 7608.55, 140393088, 667
18210, 220, 220, 1298, 0, 0, 12.74%, 0, 0, 25, 7638.52, 140431868, 667
18215, 220, 34, 1298, 0, 0, 12.74%, 0, 0, 25, 7572.25, 140470310, 667
18220, 220, 120, 1298, 0, 0, 12.74%, 0, 0, 25, 7668.59, 140509404, 667
18225, 220, 544, 1298, 0, 0, 12.74%, 0, 0, 25, 7656.34, 140548086, 667
18230, 220, 724, 1298, 0, 0, 12.74%, 0, 0, 25, 7629.50, 140586894, 667
18235, 220, 120, 1298, 0, 0, 12.74%, 0, 0, 25, 7660.78, 140625502, 667
18240, 220, 574, 1298, 0, 0, 12.74%, 0, 0, 25, 7692.18, 140664392, 667
18245, 221, 982, 1298, 0, 0, 12.74%, 0, 0, 25, 7690.41, 140703162, 667
18250, 221, 252, 1298, 0, 0, 12.74%, 0, 0, 25, 7641.82, 140741808, 667
18255, 221, 198, 1298, 0, 0, 12.74%, 0, 0, 25, 7688.83, 140780658, 667
18260, 221, 538, 1298, 0, 0, 12.74%, 0, 0, 25, 7698.46, 140819791, 667
18266, 221, 170, 1298, 0, 0, 12.74%, 0, 0, 25, 7635.43, 140858369, 667
18271, 221, 252, 1298, 0, 0, 12.74%, 0, 0, 25, 7668.18, 140897021, 667
18276, 221, 170, 1298, 0, 0, 12.74%, 0, 0, 25, 7689.30, 140935948, 667
18281, 221, 125, 1298, 0, 0, 12.74%, 0, 0, 25, 7659.65, 140974874, 667
18286, 221, 390, 1298, 0, 0, 12.74%, 0, 0, 25, 7694.29, 141013797, 667
18291, 221, 584, 1298, 0, 0, 12.74%, 0, 0, 25, 7719.53, 141052942, 667
18296, 222, 252, 1298, 0, 0, 12.74%, 0, 0, 25, 7723.23, 141092663, 667
18301, 222, 452, 1298, 0, 0, 12.74%, 0, 0, 25, 7695.84, 141131925, 667
18306, 222, 390, 1298, 0, 0, 12.74%, 0, 0, 25, 7710.86, 141171017, 667
18311, 222, 396, 1298, 0, 0, 12.74%, 0, 0, 25, 7670.52, 141209706, 667
18316, 222, 120, 1298, 0, 0, 12.74%, 0, 0, 25, 7699.91, 141249202, 667
18321, 222, 342, 1298, 0, 0, 12.74%, 0, 0, 25, 7690.00, 141288673, 667
18327, 222, 980, 1298, 0, 0, 12.74%, 0, 0, 25, 7651.69, 141327673, 667
18332, 222, 645, 1298, 0, 0, 12.74%, 0, 0, 25, 7667.99, 141366535, 667
18337, 222, 432, 1298, 0, 0, 12.74%, 0, 0, 25, 7667.58, 141405329, 667
18342, 222, 135, 1298, 0, 0, 12.74%, 0, 0, 25, 7678.22, 141444626, 667
18347, 222, 97, 1298, 0, 0, 12.74%, 0, 0, 25, 7616.25, 141483613, 667
18352, 223, 980, 1298, 0, 0, 12.74%, 0, 0, 25, 7655.56, 141522513, 667
18357, 223, 456, 1299, 1, 0, 12.74%, 0, 0, 25, 7679.96, 141561505, 667
18362, 223, 170, 1299, 1, 0, 12.74%, 0, 0, 25, 7704.31, 141600573, 667
18367, 223, 546, 1299, 1, 0, 12.74%, 0, 0, 25, 7688.43, 141639764, 667
18372, 223, 388, 1299, 1, 0, 12.74%, 0, 0, 25, 7742.83, 141679359, 667
18377, 223, 198, 1299, 1, 0, 12.74%, 0, 0, 25, 7716.94, 141718567, 667
18383, 223, 160, 1299, 1, 0, 12.74%, 0, 0, 25, 7690.45, 141757811, 667
18388, 223, 170, 1299, 1, 0, 12.74%, 0, 0, 25, 7714.55, 141797187, 667
18393, 223, 645, 1299, 1, 0, 12.74%, 0, 0, 25, 7684.18, 141836083, 667
18398, 223, 135, 1299, 1, 0, 12.74%, 0, 0, 25, 7726.20, 141875355, 667
18403, 224, 458, 1299, 1, 0, 12.74%, 0, 0, 25, 7677.18, 141914196, 667
18408, 224, 235, 1299, 1, 0, 12.74%, 0, 0, 25, 7685.34, 141953087, 667
18413, 224, 886, 1299, 1, 0, 12.74%, 0, 0, 25, 7697.88, 141992479, 667
18418, 224, 287, 1299, 1, 0, 12.74%, 0, 0, 25, 7729.34, 142031581, 667
18423, 224, 252, 1299, 1, 0, 12.74%, 0, 0, 25, 7715.80, 142071010, 667
18428, 224, 585, 1299, 1, 0, 12.74%, 0, 0, 25, 7637.89, 142109987, 667
18433, 224, 129, 1299, 1, 0, 12.74%, 0, 0, 25, 7713.26, 142149318, 667
18438, 224, 66, 1299, 1, 0, 12.74%, 0, 0, 25, 7719.82, 142188534, 667
18444, 224, 109, 1299, 1, 0, 12.74%, 0, 0, 25, 7714.00, 142227992, 667
18449, 224, 174, 1299, 1, 0, 12.74%, 0, 0, 25, 7686.67, 142266885, 667
18454, 224, 645, 1299, 1, 0, 12.74%, 0, 0, 25, 7720.63, 142306259, 667
18459, 225, 252, 1299, 1, 0, 12.74%, 0, 0, 25, 7731.63, 142345700, 667
18464, 225, 109, 1299, 1, 0, 12.74%, 0, 0, 25, 7719.99, 142384878, 667
18469, 225, 508, 1299, 1, 0, 12.74%, 0, 0, 25, 7699.65, 142423921, 667
18474, 225, 252, 1299, 1, 0, 12.74%, 0, 0, 25, 7726.73, 142463010, 667
18479, 225, 106, 1299, 1, 0, 12.74%, 0, 0, 25, 7695.06, 142501700, 667
18484, 225, 44, 1299, 0, 0, 12.74%, 0, 0, 25, 7720.90, 142541163, 667
18489, 225, 109, 1299, 0, 0, 12.74%, 0, 0, 25, 7718.07, 142580523, 667
18494, 225, 106, 1299, 0, 0, 12.74%, 0, 0, 25, 7727.23, 142619673, 667
18499, 225, 66, 1299, 0, 0, 12.74%, 0, 0, 25, 7717.87, 142658841, 667
18505, 225, 287, 1299, 0, 0, 12.74%, 0, 0, 25, 7682.67, 142698128, 667
18510, 226, 590, 1299, 0, 0, 12.74%, 0, 0, 25, 7696.75, 142737228, 667
18515, 226, 92, 1299, 0, 0, 12.74%, 0, 0, 25, 7716.19, 142776480, 667
18520, 226, 89, 1299, 0, 0, 12.74%, 0, 0, 25, 7735.66, 142815719, 667
18525, 226, 658, 1299, 0, 0, 12.74%, 0, 0, 25, 7691.00, 142854781, 667
18530, 226, 89, 1299, 0, 0, 12.74%, 0, 0, 25, 7704.14, 142894024, 667
18535, 226, 252, 1299, 0, 0, 12.74%, 0, 0, 25, 7658.80, 142932676, 667
18540, 226, 790, 1299, 0, 0, 12.74%, 0, 0, 25, 7678.25, 142971709, 667
18545, 226, 183, 1299, 0, 0, 12.74%, 0, 0, 25, 7704.58, 143010977, 667
18550, 226, 362, 1299, 0, 0, 12.74%, 0, 0, 25, 7657.64, 143049711, 667
18555, 226, 106, 1299, 0, 0, 12.74%, 0, 0, 25, 7712.88, 143089133, 667
18561, 226, 252, 1299, 0, 0, 12.74%, 0, 0, 25, 7698.16, 143128546, 667
18566, 227, 220, 1299, 0, 0, 12.74%, 0, 0, 25, 7709.95, 143168159, 667
18571, 227, 191, 1299, 0, 0, 12.74%, 0, 0, 25, 7678.35, 143206939, 667
18576, 227, 220, 1299, 0, 0, 12.74%, 0, 0, 25, 7663.35, 143245891, 667
18581, 227, 125, 1299, 0, 0, 12.74%, 0, 0, 25, 7704.69, 143285213, 667
18586, 227, 106, 1299, 0, 0, 12.74%, 0, 0, 25, 7593.99, 143323638, 667
18591, 227, 252, 1299, 0, 0, 12.74%, 0, 0, 25, 7684.93, 143362871, 667
18596, 227, 198, 1299, 0, 0, 12.74%, 0, 0, 25, 7668.14, 143401724, 667
18601, 227, 170, 1299, 0, 0, 12.74%, 0, 0, 25, 7696.73, 143440653, 667
18606, 227, 886, 1299, 0, 0, 12.74%, 0, 0, 25, 7713.98, 143479863, 667
18611, 227, 77, 1299, 0, 0, 12.74%, 0, 0, 25, 7684.55, 143518768, 667
18617, 228, 252, 1299, 0, 0, 12.74%, 0, 0, 25, 7687.14, 143558586, 667
18622, 228, 508, 1299, 0, 0, 12.74%, 0, 0, 25, 7691.68, 143597573, 667
18627, 228, 374, 1299, 0, 0, 12.74%, 0, 0, 25, 7709.07, 143636566, 667
18632, 228, 109, 1299, 0, 0, 12.74%, 0, 0, 25, 7702.47, 143675962, 667
18637, 228, 43, 1299, 0, 0, 12.74%, 0, 0, 25, 7666.43, 143714880, 667
18642, 228, 120, 1299, 0, 0, 12.74%, 0, 0, 25, 7714.69, 143754268, 667
18647, 228, 590, 1299, 0, 0, 12.74%, 0, 0, 25, 7701.88, 143793441, 667
18652, 228, 85, 1299, 0, 0, 12.74%, 0, 0, 25, 7698.02, 143832614, 667
18657, 228, 574, 1299, 0, 0, 12.74%, 0, 0, 25, 7691.66, 143872171, 667
18662, 228, 106, 1299, 0, 0, 12.74%, 0, 0, 25, 7736.13, 143911388, 667
18667, 228, 252, 1299, 0, 0, 12.74%, 0, 0, 25, 7722.11, 143950809, 667
18673, 229, 220, 1299, 0, 0, 12.74%, 0, 0, 25, 7699.37, 143989786, 667
18678, 229, 683, 1299, 0, 0, 12.74%, 0, 0, 25, 7679.21, 144028917, 667
18683, 229, 106, 1299, 0, 0, 12.74%, 0, 0, 25, 7686.76, 144068170, 667
18688, 229, 378, 1299, 0, 0, 12.74%, 0, 0, 25, 7730.59, 144107306, 667
18693, 229, 31, 1299, 0, 0, 12.74%, 0, 0, 25, 7715.48, 144146359, 667
18698, 229, 165, 1299, 0, 0, 12.74%, 0, 0, 25, 7724.40, 144185279, 667
18703, 229, 135, 1299, 0, 0, 12.74%, 0, 0, 25, 7729.34, 144224798, 667
18708, 229, 982, 1299, 0, 0, 12.74%, 0, 0, 25, 7624.49, 144263491, 667
18713, 229, 645, 1299, 0, 0, 12.74%, 0, 0, 25, 7693.44, 144302684, 667
18718, 229, 252, 1299, 0, 0, 12.74%, 0, 0, 25, 7698.00, 144341916, 667
18723, 230, 170, 1299, 0, 0, 12.74%, 0, 0, 25, 7706.96, 144381176, 667
18728, 230, 85, 1299, 0, 0, 12.74%, 0, 0, 25, 7692.32, 144420252, 667
18734, 230, 544, 1299, 0, 0, 12.74%, 0, 0, 25, 7695.05, 144459253, 667
18739, 230, 85, 1299, 0, 0, 12.74%, 0, 0, 25, 7721.33, 144498216, 667
18744, 230, 198, 1299, 0, 0, 12.74%, 0, 0, 25, 7682.35, 144537321, 667
18749, 230, 25, 1299, 0, 0, 12.74%, 0, 0, 25, 7710.69, 144576757, 667
18754, 230, 252, 1299, 0, 0, 12.74%, 0, 0, 25, 7695.14, 144615624, 667
18759, 230, 185, 1299, 0, 0, 12.74%, 0, 0, 25, 7712.09, 144654770, 667
18764, 230, 198, 1299, 0, 0, 12.74%, 0, 0, 25, 7630.14, 144694238, 667
18769, 230, 643, 1299, 0, 0, 12.74%, 0, 0, 25, 7680.16, 144733010, 667
18774, 230, 120, 1299, 0, 0, 12.74%, 0, 0, 25, 7700.77, 144772053, 667
18779, 231, 252, 1299, 0, 0, 12.74%, 0, 0, 25, 7677.53, 144811519, 667
18784, 231, 247, 1299, 0, 0, 12.74%, 0, 0, 25, 7677.95, 144850766, 667
18790, 231, 508, 1299, 0, 0, 12.74%, 0, 0, 25, 7683.94, 144889827, 667
18795, 231, 135, 1299, 0, 0, 12.74%, 0, 0, 25, 7679.98, 144928728, 667
18800, 231, 185, 1299, 0, 0, 12.74%, 0, 0, 25, 7712.55, 144968151, 667
18805, 231, 886, 1299, 0, 0, 12.74%, 0, 0, 25, 7725.59, 145007565, 667
18810, 231, 204, 1299, 0, 0, 12.74%, 0, 0, 25, 7728.65, 145046686, 667
18815, 231, 886, 1299, 0, 0, 12.74%, 0, 0, 25, 7687.59, 145085661, 667
18820, 231, 66, 1299, 0, 0, 12.74%, 0, 0, 25, 7650.64, 145124465, 667
18825, 231, 174, 1299, 0, 0, 12.74%, 0, 0, 25, 7722.13, 145163460, 667
18830, 232, 83, 1299, 0, 0, 12.74%, 0, 0, 25, 7724.83, 145203027, 667
18835, 232, 142, 1299, 0, 0, 12.74%, 0, 0, 25, 7732.95, 145242341, 667
18840, 232, 252, 1299, 0, 0, 12.74%, 0, 0, 25, 7738.94, 145281717, 667
18845, 232, 700, 1299, 0, 0, 12.74%, 0, 0, 25, 7667.93, 145320688, 667
18851, 232, 886, 1299, 0, 0, 12.74%, 0, 0, 25, 7687.89, 145359906, 667
18856, 232, 106, 1299, 0, 0, 12.74%, 0, 0, 25, 7692.60, 145399082, 667
18861, 232, 287, 1299, 0, 0, 12.74%, 0, 0, 25, 7635.38, 145437965, 667
18866, 232, 590, 1299, 0, 0, 12.74%, 0, 0, 25, 7712.45, 145477356, 667
18871, 232, 28, 1299, 0, 0, 12.74%, 0, 0, 25, 7704.17, 145516429, 667
18876, 232, 252, 1299, 0, 0, 12.74%, 0, 0, 25, 7698.28, 145555503, 667
18881, 232, 125, 1299, 0, 0, 12.74%, 0, 0, 25, 7707.07, 145594732, 667
18886, 233, 106, 1299, 0, 0, 12.74%, 0, 0, 25, 7702.45, 145634043, 667
18891, 233, 886, 1299, 0, 0, 12.74%, 0, 0, 25, 7671.65, 145672956, 667
18896, 233, 252, 1299, 0, 0, 12.74%, 0, 0, 25, 7720.67, 145711918, 667
18901, 233, 174, 1299, 0, 0, 12.74%, 0, 0, 25, 7715.97, 145750865, 667
18906, 233, 390, 1299, 0, 0, 12.74%, 0, 0, 25, 7715.18, 145790241, 667
18912, 233, 85, 1299, 0, 0, 12.74%, 0, 0, 25, 7707.15, 145829272, 667
18917, 233, 252, 1299, 0, 0, 12.74%, 0, 0, 25, 7699.62, 145868080, 667
18922, 233, 89, 1299, 0, 0, 12.74%, 0, 0, 25, 7691.44, 145906763, 667
18927, 233, 120, 1299, 0, 0, 12.74%, 0, 0, 25, 7714.35, 145945871, 667
18932, 233, 130, 1299, 0, 0, 12.74%, 0, 0, 25, 7687.65, 145984590, 667
18937, 234, 287, 1299, 0, 0, 12.74%, 0, 0, 25, 7696.12, 146023474, 667
18942, 234, 55, 1299, 0, 0, 12.74%, 0, 0, 25, 7677.78, 146062474, 667
18947, 234, 55, 1299, 0, 0, 12.74%, 0, 0, 25, 7708.77, 146101335, 667
18952, 234, 220, 1299, 0, 0, 12.74%, 0, 0, 25, 7720.10, 146140430, 667
18957, 234, 106, 1299, 0, 0, 12.74%, 0, 0, 25, 7737.45, 146179589, 667
18962, 234, 170, 1299, 0, 0, 12.74%, 0, 0, 25, 7663.98, 146218186, 667
18967, 234, 183, 1299, 0, 0, 12.74%, 0, 0, 25, 7701.13, 146257094, 667
18972, 234, 187, 1299, 0, 0, 12.74%, 0, 0, 25, 7664.14, 146296145, 667
18977, 234, 9, 1299, 0, 0, 12.74%, 0, 0, 25, 7709.73, 146335238, 667
18982, 234, 63, 1299, 0, 0, 12.74%, 0, 0, 25, 7620.58, 146373723, 667
18987, 235, 982, 1299, 0, 0, 12.74%, 0, 0, 25, 7643.65, 146412824, 667
18992, 235, 211, 1299, 0, 0, 12.74%, 0, 0, 25, 7678.64, 146451764, 667
18998, 235, 109, 1299, 0, 0, 12.74%, 0, 0, 25, 7648.06, 146490864, 667
19003, 235, 63, 1299, 0, 0, 12.74%, 0, 0, 25, 7711.71, 146530157, 667
19008, 235, 252, 1299, 0, 0, 12.74%, 0, 0, 25, 7713.80, 146569478, 667
19013, 235, 259, 1299, 0, 0, 12.74%, 0, 0, 25, 7709.32, 146608564, 667
19018, 235, 170, 1299, 0, 0, 12.74%, 0, 0, 25, 7724.51, 146647831, 667
19023, 235, 252, 1299, 0, 0, 12.74%, 0, 0, 25, 7725.85, 146687108, 667
19028, 235, 390, 1299, 0, 0, 12.74%, 0, 0, 25, 7723.94, 146726136, 667
19033, 235, 683, 1299, 0, 0, 12.74%, 0, 0, 25, 7721.28, 146765543, 667
19038, 235, 585, 1299, 0, 0, 12.74%, 0, 0, 25, 7646.15, 146804351, 667
19043, 236, 252, 1299, 0, 0, 12.74%, 0, 0, 25, 7701.85, 146843505, 667
19048, 236, 252, 1299, 0, 0, 12.74%, 0, 0, 25, 7705.72, 146882871, 667
19054, 236, 135, 1299, 0, 0, 12.74%, 0, 0, 25, 7683.80, 146922095, 667
19059, 236, 886, 1299, 0, 0, 12.74%, 0, 0, 25, 7700.07, 146961618, 667
19064, 236, 66, 1299, 0, 0, 12.74%, 0, 0, 25, 7694.33, 147000722, 667
19069, 236, 544, 1299, 0, 0, 12.74%, 0, 0, 25, 7670.41, 147039509, 667
19074, 236, 478, 1299, 0, 0, 12.74%, 0, 0, 25, 7688.42, 147078454, 667
19079, 236, 658, 1299, 0, 0, 12.74%, 0, 0, 25, 7708.87, 147117444, 667
19084, 236, 85, 1299, 0, 0, 12.74%, 0, 0, 25, 7708.99, 147156241, 667
19089, 236, 34, 1299, 0, 0, 12.74%, 0, 0, 25, 7689.38, 147195525, 667
19094, 237, 982, 1299, 0, 0, 12.74%, 0, 0, 25, 7678.99, 147234561, 667
19099, 237, 196, 1299, 0, 0, 12.74%, 0, 0, 25, 7719.44, 147273739, 667
19104, 237, 980, 1299, 0, 0, 12.74%, 0, 0, 25, 7663.44, 147312834, 667
19109, 237, 235, 1299, 0, 0, 12.74%, 0, 0, 25, 7673.80, 147351395, 667
19114, 237, 53, 1299, 0, 0, 12.74%, 0, 0, 25, 7686.63, 147390193, 667
19120, 237, 178, 1299, 0, 0, 12.74%, 0, 0, 25, 7707.18, 147429626, 667
19125, 237, 245, 1299, 0, 0, 12.74%, 0, 0, 25, 7713.56, 147468719, 667
19130, 237, 71, 1299, 0, 0, 12.74%, 0, 0, 25, 7679.57, 147507558, 667
19135, 237, 546, 1299, 0, 0, 12.74%, 0, 0, 25, 7724.02, 147546541, 667
19140, 237, 120, 1299, 0, 0, 12.74%, 0, 0, 25, 7723.06, 147585684, 667
19145, 238, 191, 1299, 0, 0, 12.74%, 0, 0, 25, 7715.48, 147624799, 667
19150, 238, 252, 1299, 0, 0, 12.74%, 0, 0, 25, 7654.70, 147663863, 667
19155, 238, 506, 1299, 0, 0, 12.74%, 0, 0, 25, 7661.37, 147703076, 667
19160, 238, 125, 1299, 0, 0, 12.74%, 0, 0, 25, 7699.96, 147742020, 667
19165, 238, 82, 1299, 0, 0, 12.74%, 0, 0, 25, 7709.40, 147781490, 667
19170, 238, 53, 1299, 0, 0, 12.74%, 0, 0, 25, 7664.86, 147820470, 667
19175, 238, 120, 1299, 0, 0, 12.74%, 0, 0, 25, 7708.02, 147859617, 667
19180, 238, 683, 1299, 0, 0, 12.74%, 0, 0, 25, 7681.85, 147898545, 667
19186, 238, 60, 1299, 0, 0, 12.74%, 0, 0, 25, 7702.97, 147937501, 667
19191, 238, 463, 1299, 0, 0, 12.74%, 0, 0, 25, 7701.29, 147976648, 667
19196, 238, 388, 1299, 0, 0, 12.74%, 0, 0, 25, 7703.96, 148015639, 667
19201, 239, 106, 1299, 0, 0, 12.74%, 0, 0, 25, 7670.35, 148054501, 667
19206, 239, 584, 1299, 0, 0, 12.74%, 0, 0, 25, 7696.48, 148093668, 667
19211, 239, 120, 1299, 0, 0, 12.74%, 0, 0, 25, 7669.66, 148132511, 667
19216, 239, 658, 1299, 0, 0, 12.74%, 0, 0, 25, 7648.92, 148171366, 667
19221, 239, 658, 1299, 0, 0, 12.74%, 0, 0, 25, 7718.20, 148210451, 667
19226, 239, 106, 1299, 0, 0, 12.74%, 0, 0, 25, 7713.52, 148250120, 667
19231, 239, 170, 1299, 0, 0, 12.74%, 0, 0, 25, 7663.95, 148289214, 667
19236, 239, 982, 1299, 0, 0, 12.74%, 0, 0, 25, 7623.93, 148327674, 667
19241, 239, 519, 1299, 0, 0, 12.74%, 0, 0, 25, 7683.16, 148366750, 667
19246, 239, 790, 1299, 0, 0, 12.74%, 0, 0, 25, 7700.63, 148405608, 667
19252, 240, 120, 1299, 0, 0, 12.74%, 0, 0, 25, 7689.99, 148444793, 667
19257, 240, 287, 1299, 0, 0, 12.74%, 0, 0, 25, 7673.95, 148484423, 667
19262, 240, 252, 1299, 0, 0, 12.74%, 0, 0, 25, 7670.10, 148523165, 667
19267, 240, 1061, 1299, 0, 0, 12.74%, 0, 0, 25, 7648.09, 148561666, 667
19272, 240, 92, 1299, 0, 0, 12.74%, 0, 0, 25, 7661.47, 148600394, 667
19277, 240, 584, 1299, 0, 0, 12.74%, 0, 0, 25, 7688.75, 148639418, 667
19282, 240, 886, 1299, 0, 0, 12.74%, 0, 0, 25, 7708.69, 148678706, 667
19287, 240, 106, 1299, 0, 0, 12.74%, 0, 0, 25, 7696.04, 148717566, 667
19292, 240, 252, 1299, 0, 0, 12.74%, 0, 0, 25, 7694.04, 148756491, 667
19297, 240, 574, 1299, 0, 0, 12.74%, 0, 0, 25, 7717.02, 148795621, 667
19302, 240, 178, 1299, 0, 0, 12.74%, 0, 0, 25, 7710.49, 148834932, 667
19307, 241, 28, 1299, 0, 0, 12.74%, 0, 0, 25, 7674.26, 148873543, 667
19313, 241, 259, 1299, 0, 0, 12.74%, 0, 0, 25, 7634.36, 148912624, 667
19318, 241, 287, 1299, 0, 0, 12.74%, 0, 0, 25, 7720.88, 148951797, 667
19323, 241, 128, 1299, 0, 0, 12.74%, 0, 0, 25, 7718.56, 148990756, 667
19328, 241, 28, 1299, 0, 0, 12.74%, 0, 0, 25, 7719.29, 149029911, 667
19333, 241, 142, 1299, 0, 0, 12.74%, 0, 0, 25, 7716.32, 149068751, 667
19338, 241, 259, 1299, 0, 0, 12.74%, 0, 0, 25, 7702.53, 149107908, 667
19343, 241, 120, 1299, 0, 0, 12.74%, 0, 0, 25, 7681.15, 149146888, 667
19348, 241, 196, 1299, 0, 0, 12.74%, 0, 0, 25, 7695.65, 149186210, 667
19353, 241, 252, 1299, 0, 0, 12.74%, 0, 0, 25, 7672.72, 149224835, 667
19358, 242, 259, 1299, 0, 0, 12.74%, 0, 0, 25, 7672.79, 149263764, 667
19363, 242, 982, 1299, 0, 0, 12.74%, 0, 0, 25, 7632.36, 149302854, 667
19368, 242, 191, 1299, 0, 0, 12.74%, 0, 0, 25, 7630.56, 149341721, 667
19373, 242, 106, 1299, 0, 0, 12.74%, 0, 0, 25, 7627.88, 149380059, 667
19379, 242, 454, 1299, 0, 0, 12.74%, 0, 0, 25, 7639.75, 149419186, 667
19384, 242, 15, 1299, 0, 0, 12.74%, 0, 0, 25, 7676.50, 149458551, 667
19389, 242, 177, 1299, 0, 0, 12.74%, 0, 0, 25, 7687.92, 149497724, 667
19394, 242, 120, 1299, 0, 0, 12.74%, 0, 0, 25, 7688.31, 149536906, 667
19399, 242, 706, 1299, 0, 0, 12.74%, 0, 0, 25, 7658.97, 149576208, 667
19404, 242, 106, 1299, 0, 0, 12.74%, 0, 0, 25, 7674.07, 149615165, 667
19409, 242, 109, 1299, 0, 0, 12.74%, 0, 0, 25, 7651.39, 149654227, 667
19414, 243, 55, 1299, 0, 0, 12.74%, 0, 0, 25, 7660.01, 149693271, 667
19419, 243, 252, 1299, 0, 0, 12.74%, 0, 0, 25, 7642.92, 149732139, 667
19424, 243, 259, 1299, 0, 0, 12.74%, 0, 0, 25, 7652.22, 149770992, 667
19430, 243, 120, 1299, 0, 0, 12.74%, 0, 0, 25, 7660.01, 149810101, 667
19435, 243, 416, 1299, 0, 0, 12.74%, 0, 0, 25, 7692.32, 149849531, 667
19440, 243, 198, 1299, 0, 0, 12.74%, 0, 0, 25, 7660.68, 149888395, 667
19445, 243, 225, 1299, 0, 0, 12.74%, 0, 0, 25, 7621.85, 149927127, 667
19450, 243, 982, 1299, 0, 0, 12.74%, 0, 0, 25, 7682.91, 149965948, 667
19455, 243, 252, 1299, 0, 0, 12.74%, 0, 0, 25, 7677.33, 150004771, 667
19460, 243, 92, 1299, 0, 0, 12.74%, 0, 0, 25, 7652.39, 150043839, 667
19465, 244, 128, 1299, 0, 0, 12.74%, 0, 0, 25, 7697.18, 150082714, 667
19470, 244, 105, 1299, 0, 0, 12.74%, 0, 0, 25, 7649.58, 150121423, 667
19475, 244, 312, 1300, 1, 0, 12.74%, 0, 0, 25, 7610.69, 150160583, 667
19480, 244, 287, 1300, 1, 0, 12.74%, 0, 0, 25, 7688.15, 150199803, 667
19485, 244, 643, 1300, 1, 0, 12.74%, 0, 0, 25, 7681.71, 150238751, 667
19491, 244, 77, 1300, 1, 0, 12.74%, 0, 0, 25, 7699.71, 150277720, 667
19496, 244, 287, 1300, 1, 0, 12.74%, 0, 0, 25, 7684.41, 150316908, 667
19501, 244, 220, 1300, 1, 0, 12.74%, 0, 0, 25, 7712.92, 150356125, 667
19506, 244, 102, 1300, 1, 0, 12.74%, 0, 0, 25, 7697.69, 150395128, 667
19511, 244, 177, 1300, 1, 0, 12.74%, 0, 0, 25, 7689.19, 150434139, 667
19516, 244, 533, 1300, 1, 0, 12.74%, 0, 0, 25, 7719.25, 150473175, 667
19521, 245, 252, 1300, 1, 0, 12.74%, 0, 0, 25, 7710.23, 150512495, 667
19526, 245, 178, 1300, 1, 0, 12.74%, 0, 0, 25, 7718.47, 150551914, 667
19531, 245, 48, 1300, 1, 0, 12.74%, 0, 0, 25, 7669.75, 150590829, 667
19536, 245, 252, 1300, 1, 0, 12.74%, 0, 0, 25, 7716.39, 150630060, 667
19541, 245, 25, 1300, 1, 0, 12.74%, 0, 0, 25, 7706.97, 150669160, 667
19546, 245, 160, 1300, 1, 0, 12.74%, 0, 0, 25, 7678.84, 150708208, 667
19552, 245, 185, 1300, 1, 0, 12.74%, 0, 0, 25, 7703.06, 150747232, 667
19557, 245, 106, 1300, 1, 0, 12.74%, 0, 0, 25, 7682.28, 150786281, 667
19562, 245, 128, 1300, 1, 0, 12.74%, 0, 0, 25, 7671.29, 150825140, 667
19567, 245, 689, 1300, 0, 0, 12.74%, 0, 0, 25, 7443.68, 150863080, 667
19572, 246, 170, 1300, 0, 0, 12.74%, 0, 0, 25, 7582.35, 150901787, 667
19577, 246, 982, 1300, 0, 0, 12.74%, 0, 0, 25, 7649.52, 150940700, 667
19582, 246, 252, 1300, 0, 0, 12.74%, 0, 0, 25, 7699.40, 150979867, 667
19587, 246, 55, 1300, 0, 0, 12.74%, 0, 0, 25, 7710.93, 151019198, 667
19592, 246, 92, 1300, 0, 0, 12.74%, 0, 0, 25, 7695.35, 151058489, 667
19597, 246, 120, 1300, 0, 0, 12.74%, 0, 0, 25, 7687.71, 151097593, 667
19602, 246, 185, 1300, 0, 0, 12.74%, 0, 0, 25, 7693.08, 151136865, 667
19608, 246, 170, 1300, 0, 0, 12.74%, 0, 0, 25, 7703.75, 151175944, 667
19613, 246, 106, 1300, 0, 0, 12.74%, 0, 0, 25, 7646.17, 151214651, 667
19618, 246, 59, 1300, 0, 0, 12.74%, 0, 0, 25, 7691.44, 151254097, 667
19623, 246, 220, 1300, 0, 0, 12.74%, 0, 0, 25, 7703.27, 151293435, 667
19628, 247, 31, 1300, 0, 0, 12.74%, 0, 0, 25, 7708.21, 151332538, 667
19633, 247, 724, 1300, 0, 0, 12.74%, 0, 0, 25, 7694.57, 151371481, 667
19638, 247, 508, 1300, 0, 0, 12.74%, 0, 0, 25, 7692.48, 151410258, 667
19643, 247, 204, 1300, 0, 0, 12.74%, 0, 0, 25, 7666.63, 151449066, 667
19648, 247, 1292, 1302, 2, 0, 12.74%, 0, 0, 25, 7687.71, 151488384, 667
19653, 247, 15, 1302, 2, 0, 12.74%, 0, 0, 25, 7604.21, 151527108, 667
19658, 247, 63, 1302, 2, 0, 12.74%, 0, 0, 25, 7620.05, 151566134, 667
19664, 247, 286, 1303, 3, 0, 12.74%, 0, 0, 25, 7608.90, 151604486, 667
19669, 247, 106, 1303, 3, 0, 12.74%, 0, 0, 25, 7701.66, 151643926, 667
19674, 247, 106, 1303, 3, 0, 12.74%, 0, 0, 25, 7652.60, 151682729, 667
19679, 247, 220, 1303, 3, 0, 12.74%, 0, 0, 25, 7650.24, 151721459, 667
19684, 248, 235, 1304, 3, 0, 12.74%, 0, 0, 25, 7660.64, 151760473, 667
19689, 248, 388, 1304, 3, 0, 12.74%, 0, 0, 25, 7642.59, 151799437, 667
19694, 248, 467, 1304, 3, 0, 12.74%, 0, 0, 25, 7683.97, 151838342, 667
19699, 248, 44, 1304, 3, 0, 12.74%, 0, 0, 25, 7675.22, 151877165, 667
19704, 248, 252, 1304, 3, 0, 12.74%, 0, 0, 25, 7699.29, 151915986, 667
19709, 248, 60, 1304, 3, 0, 12.74%, 0, 0, 25, 7706.89, 151955178, 667
19714, 248, 458, 1304, 3, 0, 12.74%, 0, 0, 25, 7710.17, 151994355, 667
19719, 248, 245, 1304, 3, 0, 12.74%, 0, 0, 25, 7706.41, 152033265, 667
19724, 248, 204, 1304, 3, 0, 12.74%, 0, 0, 25, 7691.13, 152072397, 667
19730, 248, 982, 1304, 3, 0, 12.74%, 0, 0, 25, 7673.77, 152111611, 667
19735, 249, 886, 1304, 3, 0, 12.74%, 0, 0, 25, 7647.12, 152150616, 667
19740, 249, 591, 1304, 3, 0, 12.74%, 0, 0, 25, 7652.96, 152189477, 667
19745, 249, 658, 1304, 3, 0, 12.74%, 0, 0, 25, 7667.96, 152228881, 667
19750, 249, 135, 1304, 3, 0, 12.74%, 0, 0, 25, 7663.75, 152267826, 667
19755, 249, 362, 1304, 3, 0, 12.74%, 0, 0, 25, 7675.67, 152306918, 667
19760, 249, 362, 1304, 3, 0, 12.74%, 0, 0, 25, 7674.25, 152346442, 667
19765, 249, 109, 1304, 3, 0, 12.74%, 0, 0, 25, 7709.51, 152385320, 667
19770, 249, 252, 1304, 3, 0, 12.74%, 0, 0, 25, 7706.97, 152424219, 667
19775, 249, 48, 1304, 3, 0, 12.74%, 0, 0, 25, 7704.31, 152463402, 667
19780, 249, 982, 1304, 3, 0, 12.74%, 0, 0, 25, 7698.67, 152502641, 667
19786, 249, 125, 1304, 3, 0, 12.74%, 0, 0, 25, 7699.44, 152541674, 667
19791, 250, 980, 1304, 3, 0, 12.74%, 0, 0, 25, 7634.71, 152580773, 667
19796, 250, 724, 1304, 2, 0, 12.74%, 0, 0, 25, 7665.31, 152620002, 667
19801, 250, 508, 1304, 2, 0, 12.74%, 0, 0, 25, 7698.09, 152658933, 667
19806, 250, 177, 1304, 2, 0, 12.74%, 0, 0, 25, 7687.86, 152698146, 667
19811, 250, 700, 1304, 2, 0, 12.74%, 0, 0, 25, 7659.89, 152737120, 667
19816, 250, 109, 1304, 2, 0, 12.74%, 0, 0, 25, 7681.98, 152776534, 667
19821, 250, 130, 1304, 2, 0, 12.74%, 0, 0, 25, 7690.95, 152815497, 667
19826, 250, 886, 1304, 2, 0, 12.74%, 0, 0, 25, 7698.06, 152854550, 667
19831, 250, 683, 1304, 2, 0, 12.74%, 0, 0, 25, 7690.25, 152893248, 667
19836, 250, 287, 1304, 2, 0, 12.74%, 0, 0, 25, 7730.20, 152932733, 667
19842, 251, 519, 1304, 2, 0, 12.74%, 0, 0, 25, 7727.32, 152971802, 667
19847, 251, 683, 1304, 2, 0, 12.74%, 0, 0, 25, 7674.39, 153010326, 667
19852, 251, 538, 1304, 2, 0, 12.74%, 0, 0, 25, 7654.67, 153049110, 667
19857, 251, 85, 1304, 2, 0, 12.74%, 0, 0, 25, 7666.93, 153087779, 667
19862, 251, 287, 1304, 2, 0, 12.74%, 0, 0, 25, 7661.67, 153126779, 667
19867, 251, 287, 1304, 2, 0, 12.74%, 0, 0, 25, 7635.44, 153165529, 667
19872, 251, 170, 1304, 2, 0, 12.74%, 0, 0, 25, 7515.92, 153204105, 667
19877, 251, 128, 1304, 2, 0, 12.74%, 0, 0, 25, 7658.27, 153243066, 667
19882, 251, 982, 1304, 2, 0, 12.74%, 0, 0, 25, 7688.13, 153282033, 667
19887, 251, 643, 1304, 2, 0, 12.74%, 0, 0, 25, 7682.92, 153320967, 667
19892, 251, 723, 1304, 2, 0, 12.74%, 0, 0, 25, 7662.71, 153359753, 667
19897, 252, 283, 1304, 1, 0, 12.74%, 0, 0, 25, 7665.00, 153398701, 667
19902, 252, 105, 1304, 1, 0, 12.74%, 0, 0, 25, 7696.47, 153437757, 667
19907, 252, 92, 1304, 1, 0, 12.74%, 0, 0, 25, 7729.06, 153476955, 667
19913, 252, 120, 1304, 1, 0, 12.74%, 0, 0, 25, 7701.59, 153516299, 667
19918, 252, 53, 1304, 1, 0, 12.74%, 0, 0, 25, 7681.58, 153555476, 667
19923, 252, 106, 1304, 1, 0, 12.74%, 0, 0, 25, 7698.81, 153594554, 667
19928, 252, 886, 1304, 1, 0, 12.74%, 0, 0, 25, 7695.39, 153634058, 667
19933, 252, 252, 1304, 1, 0, 12.74%, 0, 0, 25, 7727.01, 153673469, 667
19938, 252, 31, 1304, 1, 0, 12.74%, 0, 0, 25, 7687.74, 153712582, 667
19943, 252, 178, 1304, 1, 0, 12.74%, 0, 0, 25, 7676.08, 153751835, 667
19948, 253, 235, 1304, 1, 0, 12.74%, 0, 0, 25, 7703.79, 153791497, 667
19953, 253, 142, 1304, 1, 0, 12.74%, 0, 0, 25, 7646.55, 153830743, 667
19959, 253, 160, 1304, 1, 0, 12.74%, 0, 0, 25, 7657.06, 153869564, 667
19964, 253, 259, 1304, 1, 0, 12.74%, 0, 0, 25, 7658.67, 153908488, 667
19969, 253, 982, 1304, 1, 0, 12.74%, 0, 0, 25, 7670.16, 153947697, 667
19974, 253, 109, 1304, 1, 0, 12.74%, 0, 0, 25, 7574.19, 153985484, 667
19979, 253, 584, 1304, 1, 0, 12.74%, 0, 0, 25, 7657.39, 154024786, 667
19984, 253, 130, 1304, 1, 0, 12.74%, 0, 0, 25, 7648.95, 154063875, 667
19989, 253, 106, 1304, 1, 0, 12.74%, 0, 0, 25, 7689.85, 154103089, 667
19994, 253, 980, 1304, 1, 0, 12.74%, 0, 0, 25, 7642.42, 154141736, 667
19999, 253, 135, 1304, 1, 0, 12.74%, 0, 0, 25, 7594.00, 154180656, 667
20004, 254, 460, 1304, 1, 0, 12.74%, 0, 0, 25, 7665.57, 154219685, 667
20009, 254, 790, 1304, 1, 0, 12.74%, 0, 0, 25, 7682.22, 154258866, 667
20015, 254, 105, 1304, 1, 0, 12.74%, 0, 0, 25, 7730.51, 154297920, 667
20020, 254, 106, 1304, 1, 0, 12.74%, 0, 0, 25, 7700.98, 154336811, 667
20025, 254, 259, 1304, 1, 0, 12.74%, 0, 0, 25, 7695.07, 154375955, 667
20030, 254, 982, 1304, 1, 0, 12.74%, 0, 0, 25, 7703.19, 154415191, 667
20035, 254, 259, 1304, 1, 0, 12.74%, 0, 0, 25, 7678.14, 154454448, 667
20040, 254, 167, 1304, 1, 0, 12.74%, 0, 0, 25, 7682.34, 154493475, 667
20045, 254, 252, 1304, 1, 0, 12.74%, 0, 0, 25, 7672.84, 154532242, 667
20050, 254, 982, 1304, 1, 0, 12.74%, 0, 0, 25, 7680.05, 154571289, 667
20055, 255, 546, 1304, 1, 0, 12.74%, 0, 0, 25, 7695.59, 154610262, 667
20060, 255, 584, 1304, 1, 0, 12.74%, 0, 0, 25, 7677.78, 154649557, 667
20065, 255, 508, 1308, 5, 0, 12.74%, 0, 0, 25, 7643.20, 154688291, 667
20070, 255, 66, 1308, 5, 0, 12.74%, 0, 0, 25, 7693.11, 154727311, 667
20076, 255, 980, 1308, 5, 0, 12.74%, 0, 0, 25, 7695.35, 154766561, 667
20081, 255, 106, 1308, 5, 0, 12.74%, 0, 0, 25, 7750.31, 154805884, 667
20086, 255, 198, 1308, 5, 0, 12.74%, 0, 0, 25, 7704.88, 154845244, 667
20091, 255, 191, 1308, 5, 0, 12.74%, 0, 0, 25, 7703.27, 154884153, 667
20096, 255, 198, 1308, 5, 0, 12.74%, 0, 0, 25, 7670.83, 154922969, 667
20101, 255, 135, 1308, 5, 0, 12.74%, 0, 0, 25, 7662.84, 154961655, 667
20106, 255, 204, 1308, 5, 0, 12.74%, 0, 0, 25, 7593.00, 155000261, 667
20111, 256, 106, 1308, 5, 0, 12.74%, 0, 0, 25, 7693.92, 155039427, 667
20116, 256, 109, 1308, 5, 0, 12.74%, 0, 0, 25, 7685.44, 155078613, 667
20121, 256, 85, 1308, 5, 0, 12.74%, 0, 0, 25, 7699.96, 155117741, 667
20126, 256, 94, 1308, 5, 0, 12.74%, 0, 0, 25, 7664.35, 155156703, 667
20131, 256, 683, 1308, 5, 0, 12.74%, 0, 0, 25, 7647.37, 155195646, 667
20137, 256, 48, 1308, 5, 0, 12.74%, 0, 0, 25, 7682.76, 155234793, 667
20142, 256, 135, 1308, 5, 0, 12.74%, 0, 0, 25, 7667.10, 155273739, 667
20147, 256, 195, 1308, 5, 0, 12.74%, 0, 0, 25, 7683.02, 155312441, 667
20152, 256, 287, 1308, 5, 0, 12.74%, 0, 0, 25, 7683.60, 155351300, 667
20157, 256, 183, 1308, 5, 0, 12.74%, 0, 0, 25, 7685.48, 155390449, 667
20162, 256, 9, 1308, 5, 0, 12.74%, 0, 0, 25, 7710.88, 155429536, 667
20167, 257, 584, 1308, 5, 0, 12.74%, 0, 0, 25, 7683.09, 155468680, 667
20172, 257, 178, 1308, 5, 0, 12.74%, 0, 0, 25, 7661.50, 155507635, 667
20177, 257, 31, 1308, 5, 0, 12.74%, 0, 0, 25, 7656.86, 155546779, 667
20182, 257, 142, 1308, 5, 0, 12.74%, 0, 0, 25, 7669.31, 155585730, 667
20188, 257, 1302, 1308, 4, 0, 12.74%, 0, 0, 25, 7179.05, 155622691, 667
20193, 257, 454, 1308, 3, 0, 12.74%, 0, 0, 25, 7549.84, 155661129, 667
20198, 257, 130, 1308, 3, 0, 12.74%, 0, 0, 25, 7659.98, 155700193, 667
20203, 257, 886, 1308, 3, 0, 12.74%, 0, 0, 25, 7643.38, 155738955, 667
20208, 257, 160, 1308, 3, 0, 12.74%, 0, 0, 25, 7674.44, 155778057, 667
20213, 257, 458, 1308, 3, 0, 12.74%, 0, 0, 25, 7638.56, 155816828, 667
20218, 258, 259, 1308, 3, 0, 12.74%, 0, 0, 25, 7637.79, 155856033, 667
20223, 258, 187, 1308, 3, 0, 12.74%, 0, 0, 25, 7579.39, 155894603, 667
20228, 258, 128, 1308, 3, 0, 12.74%, 0, 0, 25, 7666.46, 155933690, 667
20233, 258, 220, 1308, 3, 0, 12.74%, 0, 0, 25, 7675.28, 155972988, 667
20238, 258, 1054, 1308, 3, 0, 12.74%, 0, 0, 25, 7618.32, 156011840, 667
20244, 258, 177, 1308, 3, 0, 12.74%, 0, 0, 25, 7629.67, 156051002, 667
20249, 258, 97, 1308, 3, 0, 12.74%, 0, 0, 25, 7707.27, 156090225, 667
20254, 258, 183, 1308, 3, 0, 12.74%, 0, 0, 25, 7705.30, 156129248, 667
20259, 258, 287, 1308, 3, 0, 12.74%, 0, 0, 25, 7660.26, 156167890, 667
20264, 258, 252, 1308, 3, 0, 12.74%, 0, 0, 25, 7651.27, 156206800, 667
20269, 258, 584, 1308, 3, 0, 12.74%, 0, 0, 25, 7678.94, 156245845, 667
20274, 259, 44, 1308, 3, 0, 12.74%, 0, 0, 25, 7682.26, 156284616, 667
20279, 259, 252, 1308, 3, 0, 12.74%, 0, 0, 25, 7668.82, 156323590, 667
20284, 259, 982, 1308, 3, 0, 12.74%, 0, 0, 25, 7698.12, 156362772, 667
20289, 259, 886, 1308, 3, 0, 12.74%, 0, 0, 25, 7723.28, 156401904, 667
20294, 259, 211, 1308, 3, 0, 12.74%, 0, 0, 25, 7703.15, 156441094, 667
20299, 259, 706, 1308, 3, 0, 12.74%, 0, 0, 25, 7653.66, 156479592, 667
20304, 259, 48, 1308, 3, 0, 12.74%, 0, 0, 25, 7666.82, 156518257, 667
20309, 259, 982, 1308, 3, 0, 12.74%, 0, 0, 25, 7662.10, 156557152, 667
20315, 259, 66, 1308, 3, 0, 12.74%, 0, 0, 25, 7697.66, 156596495, 667
20320, 259, 700, 1308, 3, 0, 12.74%, 0, 0, 25, 7678.03, 156635667, 667
20325, 259, 206, 1308, 3, 0, 12.74%, 0, 0, 25, 7705.38, 156674937, 667
20330, 260, 252, 1308, 3, 0, 12.74%, 0, 0, 25, 7711.19, 156714265, 667
20335, 260, 544, 1308, 3, 0, 12.74%, 0, 0, 25, 7688.97, 156753028, 667
20340, 260, 198, 1308, 3, 0, 12.74%, 0, 0, 25, 7721.75, 156792600, 667
20345, 260, 109, 1308, 3, 0, 12.74%, 0, 0, 25, 7703.60, 156831722, 667
20350, 260, 109, 1308, 3, 0, 12.74%, 0, 0, 25, 7664.91, 156870537, 667
20355, 260, 220, 1308, 3, 0, 12.74%, 0, 0, 25, 7682.21, 156909499, 667
20360, 260, 683, 1308, 3, 0, 12.74%, 0, 0, 25, 7665.29, 156948346, 667
20365, 260, 198, 1308, 3, 0, 12.74%, 0, 0, 25, 7625.30, 156987381, 667
20370, 260, 204, 1308, 3, 0, 12.74%, 0, 0, 25, 7659.07, 157026307, 667
20376, 260, 85, 1308, 3, 0, 12.74%, 0, 0, 25, 7662.06, 157065201, 667
20381, 261, 105, 1308, 3, 0, 12.74%, 0, 0, 25, 7684.37, 157104543, 667
20386, 261, 106, 1308, 3, 0, 12.74%, 0, 0, 25, 7694.00, 157143472, 667
20391, 261, 48, 1308, 3, 0, 12.74%, 0, 0, 25, 7710.94, 157182889, 667
20396, 261, 83, 1308, 3, 0, 12.74%, 0, 0, 25, 7658.42, 157221447, 667
20401, 261, 508, 1308, 3, 0, 12.74%, 0, 0, 25, 7698.32, 157260589, 667
20406, 261, 77, 1308, 3, 0, 12.74%, 0, 0, 25, 7722.52, 157299746, 667
20411, 261, 982, 1308, 3, 0, 12.74%, 0, 0, 25, 7701.63, 157338979, 667
20416, 261, 106, 1308, 3, 0, 12.74%, 0, 0, 25, 7702.23, 157378096, 667
20421, 261, 287, 1308, 3, 0, 12.74%, 0, 0, 25, 7722.17, 157417364, 667
20426, 261, 160, 1308, 3, 0, 12.74%, 0, 0, 25, 7629.87, 157456280, 667
20432, 261, 259, 1308, 3, 0, 12.74%, 0, 0, 25, 7633.41, 157495039, 667
20437, 262, 658, 1308, 3, 0, 12.74%, 0, 0, 25, 7605.30, 157533617, 667
20442, 262, 204, 1308, 3, 0, 12.74%, 0, 0, 25, 7698.47, 157572864, 667
20447, 262, 574, 1308, 3, 0, 12.74%, 0, 0, 25, 7657.94, 157611659, 667
20452, 262, 287, 1308, 3, 0, 12.74%, 0, 0, 25, 7673.96, 157650992, 667
20457, 262, 287, 1308, 3, 0, 12.74%, 0, 0, 25, 7701.52, 157690238, 667
20462, 262, 28, 1308, 3, 0, 12.74%, 0, 0, 25, 7664.76, 157728863, 667
20467, 262, 220, 1308, 3, 0, 12.74%, 0, 0, 25, 7648.09, 157768011, 667
20472, 262, 667, 1308, 3, 0, 12.74%, 0, 0, 25, 7665.16, 157806869, 667
20477, 262, 142, 1308, 3, 0, 12.74%, 0, 0, 25, 7651.04, 157845807, 667
20482, 262, 982, 1308, 3, 0, 12.74%, 0, 0, 25, 7682.58, 157884582, 667
20487, 263, 34, 1308, 3, 0, 12.74%, 0, 0, 25, 7686.18, 157923541, 667
20492, 263, 170, 1308, 3, 0, 12.74%, 0, 0, 25, 7635.45, 157962116, 667
20498, 263, 883, 1308, 3, 0, 12.74%, 0, 0, 25, 7617.98, 158000982, 667
20503, 263, 106, 1308, 3, 0, 12.74%, 0, 0, 25, 7684.80, 158040208, 667
20508, 263, 109, 1308, 3, 0, 12.74%, 0, 0, 25, 7706.23, 158079703, 667
20513, 263, 82, 1308, 3, 0, 12.74%, 0, 0, 25, 7647.63, 158118572, 667
20518, 263, 170, 1308, 3, 0, 12.74%, 0, 0, 25, 7650.69, 158157177, 667
20523, 263, 252, 1308, 3, 0, 12.74%, 0, 0, 25, 7696.85, 158196270, 667
20528, 263, 106, 1308, 3, 0, 12.74%, 0, 0, 25, 7725.29, 158235741, 667
20533, 263, 454, 1308, 3, 0, 12.74%, 0, 0, 25, 7706.07, 158274910, 667
20538, 263, 478, 1308, 3, 0, 12.74%, 0, 0, 25, 7702.07, 158314427, 667
20543, 264, 106, 1308, 3, 0, 12.74%, 0, 0, 25, 7680.54, 158353632, 667
20549, 264, 83, 1308, 3, 0, 12.74%, 0, 0, 25, 7682.39, 158392403, 667
20554, 264, 85, 1308, 3, 0, 12.74%, 0, 0, 25, 7678.18, 158431526, 667
20559, 264, 283, 1308, 3, 0, 12.74%, 0, 0, 25, 7670.35, 158470412, 667
20564, 264, 198, 1308, 3, 0, 12.74%, 0, 0, 25, 7706.09, 158509468, 667
20569, 264, 48, 1308, 3, 0, 12.74%, 0, 0, 25, 7712.49, 158548690, 667
20574, 264, 55, 1308, 3, 0, 12.74%, 0, 0, 25, 7709.28, 158587732, 667
20579, 264, 185, 1308, 3, 0, 12.74%, 0, 0, 25, 7695.98, 158626772, 667
20584, 264, 982, 1308, 3, 0, 12.74%, 0, 0, 25, 7701.49, 158666034, 667
20589, 264, 77, 1308, 3, 0, 12.74%, 0, 0, 25, 7703.19, 158705093, 667
20594, 264, 287, 1308, 3, 0, 12.74%, 0, 0, 25, 7669.95, 158744261, 667
20599, 265, 15, 1308, 3, 0, 12.74%, 0, 0, 25, 7693.09, 158783175, 667
20604, 265, 107, 1308, 3, 0, 12.74%, 0, 0, 25, 7703.59, 158822433, 667
20609, 265, 982, 1308, 3, 0, 12.74%, 0, 0, 25, 7648.59, 158861312, 667
20615, 265, 106, 1308, 3, 0, 12.74%, 0, 0, 25, 7705.31, 158900548, 667
20620, 265, 519, 1308, 3, 0, 12.74%, 0, 0, 25, 7711.30, 158939405, 667
20625, 265, 252, 1308, 3, 0, 12.74%, 0, 0, 25, 7680.02, 158978746, 667
20630, 265, 97, 1308, 3, 0, 12.74%, 0, 0, 25, 7715.94, 159018319, 667
20635, 265, 191, 1308, 3, 0, 12.74%, 0, 0, 25, 7703.06, 159057542, 667
20640, 265, 591, 1308, 3, 0, 12.74%, 0, 0, 25, 7718.51, 159096850, 667
20645, 265, 252, 1308, 2, 0, 12.74%, 0, 0, 25, 7558.05, 159134723, 667
20650, 266, 220, 1308, 2, 0, 12.74%, 0, 0, 25, 7672.70, 159173771, 667
20655, 266, 396, 1308, 2, 0, 12.74%, 0, 0, 25, 7683.61, 159212783, 667
20660, 266, 460, 1308, 2, 0, 12.74%, 0, 0, 25, 7678.17, 159251838, 667
20665, 266, 706, 1308, 2, 0, 12.74%, 0, 0, 25, 7707.26, 159290923, 667
20671, 266, 287, 1308, 2, 0, 12.74%, 0, 0, 25, 7673.61, 159330001, 667
20676, 266, 128, 1308, 2, 0, 12.74%, 0, 0, 25, 7703.40, 159369589, 667
20681, 266, 128, 1308, 2, 0, 12.74%, 0, 0, 25, 7716.13, 159408889, 667
20686, 266, 378, 1308, 2, 0, 12.74%, 0, 0, 25, 7703.28, 159448362, 667
20691, 266, 85, 1308, 2, 0, 12.74%, 0, 0, 25, 7694.16, 159487658, 667
20696, 266, 174, 1308, 2, 0, 12.74%, 0, 0, 25, 7679.57, 159526300, 667
20701, 266, 886, 1308, 2, 0, 12.74%, 0, 0, 25, 7649.64, 159565174, 667
20706, 267, 71, 1308, 2, 0, 12.74%, 0, 0, 25, 7682.14, 159604742, 667
20711, 267, 658, 1308, 2, 0, 12.74%, 0, 0, 25, 7704.51, 159643927, 667
20716, 267, 982, 1308, 2, 0, 12.74%, 0, 0, 25, 7647.95, 159683119, 667
20722, 267, 683, 1308, 2, 0, 12.74%, 0, 0, 25, 7715.62, 159722315, 667
20727, 267, 195, 1308, 2, 0, 12.74%, 0, 0, 25, 7721.08, 159761612, 667
20732, 267, 120, 1308, 2, 0, 12.74%, 0, 0, 25, 7652.67, 159800005, 667
20737, 267, 66, 1308, 2, 0, 12.74%, 0, 0, 25, 7717.06, 159839387, 667
20742, 267, 252, 1308, 2, 0, 12.74%, 0, 0, 25, 7711.85, 159878200, 667
20747, 267, 198, 1308, 2, 0, 12.74%, 0, 0, 25, 7669.28, 159917144, 667
20752, 267, 245, 1308, 2, 0, 12.74%, 0, 0, 25, 7713.33, 159956392, 667
20757, 267, 584, 1308, 2, 0, 12.74%, 0, 0, 25, 7691.39, 159995507, 667
20762, 268, 396, 1308, 2, 0, 12.74%, 0, 0, 25, 7657.58, 160034298, 667
20767, 268, 590, 1308, 2, 0, 12.74%, 0, 0, 25, 7654.13, 160073874, 667
20773, 268, 287, 1308, 2, 0, 12.74%, 0, 0, 25, 7683.18, 160113611, 667
20778, 268, 700, 1308, 2, 0, 12.74%, 0, 0, 25, 7650.57, 160152223, 667
20783, 268, 170, 1308, 2, 0, 12.74%, 0, 0, 25, 7674.01, 160190953, 667
20788, 268, 220, 1308, 2, 0, 12.74%, 0, 0, 25, 7668.04, 160230294, 667
20793, 268, 980, 1308, 2, 0, 12.74%, 0, 0, 25, 7705.31, 160269584, 667
20798, 268, 252, 1308, 2, 0, 12.74%, 0, 0, 25, 7672.82, 160308388, 667
20803, 268, 700, 1308, 2, 0, 12.74%, 0, 0, 25, 7675.44, 160347343, 667
20808, 268, 177, 1308, 2, 0, 12.74%, 0, 0, 25, 7685.22, 160386447, 667
20813, 269, 390, 1308, 2, 0, 12.74%, 0, 0, 25, 7679.88, 160425599, 667
20818, 269, 109, 1308, 2, 0, 12.74%, 0, 0, 25, 7710.89, 160464925, 667
20823, 269, 463, 1308, 1, 0, 12.74%, 0, 0, 25, 7197.48, 160502277, 667
20828, 269, 66, 1308, 1, 0, 12.74%, 0, 0, 25, 7605.75, 160541307, 667
20833, 269, 283, 1308, 1, 0, 12.74%, 0, 0, 25, 7712.46, 160580731, 667
20839, 269, 195, 1308, 1, 0, 12.74%, 0, 0, 25, 7701.73, 160620006, 667
20844, 269, 460, 1308, 1, 0, 12.74%, 0, 0, 25, 7693.35, 160659009, 667
20849, 269, 135, 1308, 1, 0, 12.74%, 0, 0, 25, 7707.11, 160698330, 667
20854, 269, 980, 1308, 1, 0, 12.74%, 0, 0, 25, 7643.31, 160737037, 667
20859, 269, 174, 1308, 1, 0, 12.74%, 0, 0, 25, 7604.23, 160775197, 667
20864, 269, 886, 1308, 1, 0, 12.74%, 0, 0, 25, 7643.14, 160814389, 667
20869, 270, 689, 1308, 1, 0, 12.74%, 0, 0, 25, 7696.08, 160853292, 667
20874, 270, 9, 1308, 1, 0, 12.74%, 0, 0, 25, 7696.72, 160892229, 667
20879, 270, 187, 1308, 1, 0, 12.74%, 0, 0, 25, 7687.78, 160931180, 667
20884, 270, 28, 1308, 1, 0, 12.74%, 0, 0, 25, 7681.13, 160970374, 667
20889, 270, 886, 1308, 1, 0, 12.74%, 0, 0, 25, 7693.67, 161009577, 667
20894, 270, 48, 1308, 1, 0, 12.74%, 0, 0, 25, 7702.92, 161048704, 667
20899, 270, 456, 1308, 1, 0, 12.74%, 0, 0, 25, 7679.44, 161087547, 667
20905, 270, 287, 1308, 1, 0, 12.74%, 0, 0, 25, 7701.13, 161126367, 667
20910, 270, 192, 1308, 1, 0, 12.74%, 0, 0, 25, 7625.52, 161164857, 667
20915, 270, 170, 1308, 1, 0, 12.74%, 0, 0, 25, 7671.93, 161204068, 667
20920, 271, 135, 1308, 1, 0, 12.74%, 0, 0, 25, 7681.61, 161242869, 667
20925, 271, 83, 1308, 1, 0, 12.74%, 0, 0, 25, 7683.34, 161281963, 667
20930, 271, 886, 1308, 1, 0, 12.74%, 0, 0, 25, 7682.93, 161321074, 667
20935, 271, 287, 1308, 1, 0, 12.74%, 0, 0, 25, 7633.95, 161360044, 667
20940, 271, 34, 1308, 1, 0, 12.74%, 0, 0, 25, 7679.21, 161399111, 667
20945, 271, 198, 1308, 1, 0, 12.74%, 0, 0, 25, 7719.29, 161438388, 667
20950, 271, 429, 1308, 1, 0, 12.74%, 0, 0, 25, 7669.97, 161477111, 667
20955, 271, 724, 1308, 1, 0, 12.74%, 0, 0, 25, 7681.33, 161516289, 667
20960, 271, 129, 1308, 1, 0, 12.74%, 0, 0, 25, 7717.13, 161555371, 667
20965, 271, 259, 1308, 1, 0, 12.74%, 0, 0, 25, 7717.88, 161594697, 667
20971, 271, 220, 1308, 1, 0, 12.74%, 0, 0, 25, 7726.05, 161633647, 667
20976, 272, 252, 1308, 1, 0, 12.74%, 0, 0, 25, 7700.99, 161672960, 667
20981, 272, 170, 1308, 1, 0, 12.74%, 0, 0, 25, 7718.21, 161712125, 667
20986, 272, 85, 1308, 1, 0, 12.74%, 0, 0, 25, 7713.27, 161751343, 667
20991, 272, 658, 1308, 1, 0, 12.74%, 0, 0, 25, 7705.66, 161790247, 667
20996, 272, 191, 1308, 1, 0, 12.74%, 0, 0, 25, 7689.83, 161829571, 667
21001, 272, 48, 1308, 1, 0, 12.74%, 0, 0, 25, 7703.65, 161868610, 667
21006, 272, 92, 1308, 1, 0, 12.74%, 0, 0, 25, 7682.11, 161907365, 667
21011, 272, 458, 1308, 1, 0, 12.74%, 0, 0, 25, 7701.16, 161946827, 667
21016, 272, 252, 1308, 1, 0, 12.74%, 0, 0, 25, 7677.62, 161985798, 667
21021, 272, 106, 1308, 1, 0, 12.74%, 0, 0, 25, 7693.24, 162024535, 667
21026, 273, 1054, 1308, 1, 0, 12.74%, 0, 0, 25, 7709.67, 162063764, 667
21032, 273, 183, 1308, 1, 0, 12.74%, 0, 0, 25, 7688.06, 162102830, 667
21037, 273, 584, 1308, 1, 0, 12.74%, 0, 0, 25, 7696.47, 162141877, 667
21042, 273, 645, 1308, 1, 0, 12.74%, 0, 0, 25, 7649.71, 162180759, 667
21047, 273, 48, 1308, 1, 0, 12.74%, 0, 0, 25, 7700.59, 162219896, 667
21052, 273, 643, 1308, 1, 0, 12.74%, 0, 0, 25, 7655.82, 162258692, 667
21057, 273, 287, 1308, 1, 0, 12.74%, 0, 0, 25, 7683.75, 162297864, 667
21062, 273, 120, 1308, 1, 0, 12.74%, 0, 0, 25, 7684.17, 162336950, 667
21067, 273, 48, 1308, 1, 0, 12.74%, 0, 0, 25, 7666.92, 162376024, 667
21072, 273, 28, 1308, 1, 0, 12.74%, 0, 0, 25, 7658.16, 162415333, 667
21077, 273, 125, 1308, 1, 0, 12.74%, 0, 0, 25, 7680.96, 162454411, 667
21082, 274, 66, 1308, 1, 0, 12.74%, 0, 0, 25, 7654.03, 162492994, 667
21087, 274, 982, 1308, 1, 0, 12.74%, 0, 0, 25, 7618.55, 162531808, 667
21093, 274, 982, 1308, 1, 0, 12.74%, 0, 0, 25, 7664.68, 162571013, 667
21098, 274, 53, 1308, 1, 0, 12.74%, 0, 0, 25, 7682.45, 162610442, 667
21103, 274, 53, 1308, 1, 0, 12.74%, 0, 0, 25, 7695.40, 162650048, 667
21108, 274, 259, 1308, 1, 0, 12.74%, 0, 0, 25, 7657.13, 162689180, 667
21113, 274, 886, 1308, 1, 0, 12.74%, 0, 0, 25, 7580.78, 162727799, 667
21118, 274, 585, 1308, 1, 0, 12.74%, 0, 0, 25, 7674.66, 162766946, 667
21123, 274, 574, 1308, 1, 0, 12.74%, 0, 0, 25, 7643.06, 162805735, 667
21128, 274, 886, 1308, 1, 0, 12.74%, 0, 0, 25, 7684.15, 162844937, 667
21133, 274, 591, 1308, 1, 0, 12.74%, 0, 0, 25, 7672.14, 162883720, 667
21138, 275, 178, 1308, 1, 0, 12.74%, 0, 0, 25, 7689.14, 162922749, 667
21144, 275, 245, 1308, 1, 0, 12.74%, 0, 0, 25, 7687.67, 162961763, 667
21149, 275, 245, 1308, 1, 0, 12.74%, 0, 0, 25, 7640.31, 163000357, 667
21154, 275, 109, 1308, 1, 0, 12.74%, 0, 0, 25, 7694.92, 163039406, 667
21159, 275, 252, 1308, 1, 0, 12.74%, 0, 0, 25, 7694.12, 163078489, 667
21164, 275, 396, 1308, 1, 0, 12.74%, 0, 0, 25, 7679.16, 163117439, 667
21169, 275, 287, 1308, 1, 0, 12.74%, 0, 0, 25, 7711.11, 163156810, 667
21174, 275, 48, 1308, 1, 0, 12.74%, 0, 0, 25, 7722.77, 163196130, 667
21179, 275, 135, 1308, 1, 0, 12.74%, 0, 0, 25, 7705.62, 163235038, 667
21184, 275, 66, 1308, 1, 0, 12.74%, 0, 0, 25, 7673.80, 163274110, 667
21189, 276, 287, 1308, 1, 0, 12.74%, 0, 0, 25, 7705.02, 163313104, 667
21194, 276, 106, 1308, 1, 0, 12.74%, 0, 0, 25, 7698.79, 163352464, 667
21199, 276, 590, 1308, 1, 0, 12.74%, 0, 0, 25, 7708.64, 163391159, 667
21204, 276, 584, 1308, 1, 0, 12.74%, 0, 0, 25, 7689.83, 163430075, 667
21210, 276, 886, 1308, 1, 0, 12.74%, 0, 0, 25, 7689.95, 163469253, 667
21215, 276, 252, 1308, 1, 0, 12.74%, 0, 0, 25, 7715.20, 163508627, 667
21220, 276, 454, 1308, 1, 0, 12.74%, 0, 0, 25, 7741.16, 163548109, 667
21225, 276, 53, 1308, 1, 0, 12.74%, 0, 0, 25, 7753.86, 163587383, 667
21230, 276, 456, 1308, 1, 0, 12.74%, 0, 0, 25, 7681.67, 163626166, 667
21235, 276, 130, 1308, 1, 0, 12.74%, 0, 0, 25, 7700.05, 163665251, 667
21240, 276, 83, 1308, 1, 0, 12.74%, 0, 0, 25, 7672.58, 163704330, 667
21245, 277, 220, 1308, 1, 0, 12.74%, 0, 0, 25, 7682.23, 163743221, 667
21250, 277, 645, 1308, 1, 0, 12.74%, 0, 0, 25, 7685.35, 163782240, 667
21255, 277, 142, 1308, 1, 0, 12.74%, 0, 0, 25, 7652.89, 163821304, 667
21261, 277, 252, 1308, 1, 0, 12.74%, 0, 0, 25, 7676.57, 163860673, 667
21266, 277, 106, 1308, 1, 0, 12.74%, 0, 0, 25, 7692.82, 163899937, 667
21271, 277, 574, 1308, 1, 0, 12.74%, 0, 0, 25, 7702.08, 163939187, 667
21276, 277, 129, 1308, 1, 0, 12.74%, 0, 0, 25, 7716.52, 163978349, 667
21281, 277, 478, 1308, 1, 0, 12.74%, 0, 0, 25, 7655.84, 164017230, 667
21286, 277, 120, 1308, 1, 0, 12.74%, 0, 0, 25, 7666.74, 164056157, 667
21291, 277, 590, 1308, 1, 0, 12.74%, 0, 0, 25, 7704.90, 164095398, 667
21296, 278, 252, 1308, 1, 0, 12.74%, 0, 0, 25, 7697.83, 164134679, 667
21301, 278, 211, 1309, 1, 0, 12.74%, 0, 0, 25, 7407.24, 164171632, 667
21306, 278, 252, 1309, 1, 0, 12.74%, 0, 0, 25, 7642.75, 164210763, 667
21311, 278, 196, 1309, 1, 0, 12.74%, 0, 0, 25, 7669.92, 164249629, 667
21317, 278, 723, 1309, 1, 0, 12.74%, 0, 0, 25, 7694.39, 164288787, 667
21322, 278, 1054, 1309, 1, 0, 12.74%, 0, 0, 25, 7673.10, 164327875, 667
21327, 278, 109, 1309, 1, 0, 12.74%, 0, 0, 25, 7720.32, 164367181, 667
21332, 278, 390, 1309, 1, 0, 12.74%, 0, 0, 25, 7684.91, 164406141, 667
21337, 278, 429, 1309, 1, 0, 12.74%, 0, 0, 25, 7723.84, 164445009, 667
21342, 278, 252, 1309, 1, 0, 12.74%, 0, 0, 25, 7720.40, 164484403, 667
21347, 278, 133, 1309, 1, 0, 12.74%, 0, 0, 25, 7744.01, 164523954, 667
21352, 279, 982, 1309, 1, 0, 12.74%, 0, 0, 25, 7702.20, 164563112, 667
21357, 279, 211, 1309, 1, 0, 12.74%, 0, 0, 25, 7721.81, 164602417, 667
21362, 279, 106, 1309, 1, 0, 12.74%, 0, 0, 25, 7739.88, 164641515, 667
21367, 279, 107, 1309, 1, 0, 12.74%, 0, 0, 25, 7708.12, 164680656, 667
21372, 279, 25, 1309, 1, 0, 12.74%, 0, 0, 25, 7727.39, 164719812, 667
21377, 279, 390, 1309, 1, 0, 12.74%, 0, 0, 25, 7733.30, 164759035, 667
21383, 279, 982, 1309, 1, 0, 12.74%, 0, 0, 25, 7718.19, 164798053, 667
21388, 279, 886, 1309, 1, 0, 12.74%, 0, 0, 25, 7696.74, 164837235, 667
21393, 279, 478, 1309, 1, 0, 12.74%, 0, 0, 25, 7349.98, 164875365, 667
21398, 279, 252, 1309, 1, 0, 12.74%, 0, 0, 25, 7659.78, 164914626, 667
21403, 280, 170, 1309, 1, 0, 12.74%, 0, 0, 25, 7688.28, 164953838, 667
21408, 280, 259, 1309, 1, 0, 12.74%, 0, 0, 25, 7691.61, 164992847, 667
21413, 280, 287, 1309, 1, 0, 12.74%, 0, 0, 25, 7686.05, 165031898, 667
21418, 280, 1303, 1311, 3, 0, 12.74%, 0, 0, 25, 7692.26, 165070973, 667
21423, 280, 109, 1311, 3, 0, 12.74%, 0, 0, 25, 7696.70, 165110171, 667
21428, 280, 252, 1311, 3, 0, 12.74%, 0, 0, 25, 7702.86, 165149590, 667
21433, 280, 48, 1311, 3, 0, 12.74%, 0, 0, 25, 7685.02, 165188652, 667
21439, 280, 128, 1311, 3, 0, 12.74%, 0, 0, 25, 7716.02, 165227885, 667
21444, 280, 135, 1311, 3, 0, 12.74%, 0, 0, 25, 7745.65, 165267293, 667
21449, 280, 106, 1311, 3, 0, 12.74%, 0, 0, 25, 7717.49, 165306734, 667
21454, 280, 235, 1311, 3, 0, 12.74%, 0, 0, 25, 7704.48, 165345778, 667
21459, 281, 564, 1311, 3, 0, 12.74%, 0, 0, 25, 7719.20, 165385096, 667
21464, 281, 667, 1311, 3, 0, 12.74%, 0, 0, 25, 7725.09, 165424612, 667
21469, 281, 196, 1311, 3, 0, 12.74%, 0, 0, 25, 7710.20, 165463762, 667
21474, 281, 252, 1311, 3, 0, 12.74%, 0, 0, 25, 7688.40, 165502656, 667
21479, 281, 574, 1311, 3, 0, 12.74%, 0, 0, 25, 7684.91, 165541649, 667
21484, 281, 658, 1311, 3, 0, 12.74%, 0, 0, 25, 7710.90, 165580819, 667
21489, 281, 252, 1311, 3, 0, 12.74%, 0, 0, 25, 7681.26, 165619709, 667
21494, 281, 287, 1311, 3, 0, 12.74%, 0, 0, 25, 7719.45, 165659113, 667
21500, 281, 48, 1311, 2, 0, 12.74%, 0, 0, 25, 7703.79, 165698364, 667
21505, 281, 142, 1311, 2, 0, 12.74%, 0, 0, 25, 7722.57, 165737762, 667
21510, 281, 252, 1311, 2, 0, 12.74%, 0, 0, 25, 7739.28, 165777106, 667
21515, 282, 135, 1311, 2, 0, 12.74%, 0, 0, 25, 7744.26, 165816284, 667
21520, 282, 252, 1311, 2, 0, 12.74%, 0, 0, 25, 7674.57, 165855011, 667
21525, 282, 980, 1311, 2, 0, 12.74%, 0, 0, 25, 7658.52, 165893995, 667
21530, 282, 528, 1311, 2, 0, 12.74%, 0, 0, 25, 7717.41, 165933154, 667
21535, 282, 34, 1311, 2, 0, 12.74%, 0, 0, 25, 7732.98, 165972716, 667
21540, 282, 174, 1311, 1, 0, 12.74%, 0, 0, 25, 7444.53, 166008644, 667
21545, 282, 106, 1311, 1, 0, 12.74%, 0, 0, 25, 7679.61, 166047921, 667
21550, 282, 220, 1311, 1, 0, 12.74%, 0, 0, 25, 7736.66, 166087353, 667
21555, 282, 585, 1311, 1, 0, 12.74%, 0, 0, 25, 7707.57, 166126552, 667
21561, 282, 198, 1311, 1, 0, 12.74%, 0, 0, 25, 7736.53, 166166381, 667
21566, 282, 94, 1311, 1, 0, 12.74%, 0, 0, 25, 7646.84, 166205281, 667
21571, 283, 106, 1311, 1, 0, 12.74%, 0, 0, 25, 7729.94, 166244555, 667
21576, 283, 508, 1311, 1, 0, 12.74%, 0, 0, 25, 7714.26, 166283774, 667
21581, 283, 92, 1311, 1, 0, 12.74%, 0, 0, 25, 7740.76, 166322889, 667
21586, 283, 135, 1311, 1, 0, 12.74%, 0, 0, 25, 7681.17, 166361758, 667
21591, 283, 129, 1311, 1, 0, 12.74%, 0, 0, 25, 7716.28, 166400831, 667
21596, 283, 658, 1311, 1, 0, 12.74%, 0, 0, 25, 7739.19, 166440055, 667
21601, 283, 700, 1311, 1, 0, 12.74%, 0, 0, 25, 7709.54, 166479132, 667
21606, 283, 120, 1311, 1, 0, 12.74%, 0, 0, 25, 7727.28, 166518447, 667
21611, 283, 454, 1311, 1, 0, 12.74%, 0, 0, 25, 7681.36, 166557167, 667
21616, 283, 532, 1311, 1, 0, 12.74%, 0, 0, 25, 7710.77, 166596224, 667
21621, 284, 106, 1311, 1, 0, 12.74%, 0, 0, 25, 7732.94, 166635403, 667
21627, 284, 111, 1311, 1, 0, 12.74%, 0, 0, 25, 7724.66, 166674381, 667
21632, 284, 135, 1311, 1, 0, 12.74%, 0, 0, 25, 7748.96, 166713458, 667
21637, 284, 252, 1311, 1, 0, 12.74%, 0, 0, 25, 7735.35, 166752920, 667
21642, 284, 89, 1311, 1, 0, 12.74%, 0, 0, 25, 7719.19, 166792394, 667
21647, 284, 591, 1311, 1, 0, 12.74%, 0, 0, 25, 7726.65, 166831573, 667
21652, 284, 790, 1311, 1, 0, 12.74%, 0, 0, 25, 7683.30, 166870488, 667
21657, 284, 252, 1311, 1, 0, 12.74%, 0, 0, 25, 7724.67, 166909909, 667
21660, 284, 574, 1311, 1, 0, 12.74%, 0, 0, 25, 7743.23, 166929332, 667
