# relative_time, cycles_done, cur_item, corpus_count, pending_total, pending_favs, map_size, saved_crashes, saved_hangs, max_depth, execs_per_sec, total_execs, edges_found
61, 0, 108, 393, 392, 8, 10.90%, 0, 0, 2, 158.91, 11148, 14546
66, 0, 108, 407, 406, 8, 10.96%, 0, 0, 2, 158.88, 11952, 14626
71, 0, 108, 421, 420, 8, 11.07%, 0, 0, 2, 159.13, 12771, 14761
76, 0, 108, 430, 429, 8, 11.09%, 0, 0, 2, 157.80, 13563, 14794
81, 0, 108, 440, 439, 8, 11.10%, 0, 0, 2, 158.89, 14373, 14811
86, 0, 108, 447, 446, 8, 11.13%, 0, 0, 2, 159.19, 15201, 14842
92, 0, 108, 458, 457, 8, 11.14%, 0, 0, 2, 159.13, 16008, 14864
97, 0, 108, 464, 463, 8, 11.15%, 0, 0, 2, 159.32, 16836, 14871
102, 0, 108, 468, 467, 8, 11.16%, 0, 0, 2, 159.49, 17640, 14881
107, 0, 108, 477, 476, 8, 11.18%, 0, 0, 2, 159.48, 18468, 14910
112, 0, 132, 489, 487, 153, 11.20%, 0, 0, 2, 159.00, 19289, 14945
117, 0, 339, 493, 490, 152, 11.21%, 0, 0, 3, 158.98, 20085, 14949
122, 0, 339, 499, 496, 152, 11.26%, 0, 0, 3, 156.26, 20898, 15017
128, 0, 339, 509, 506, 152, 11.27%, 0, 0, 3, 158.22, 21717, 15037
133, 0, 339, 514, 511, 152, 11.28%, 0, 0, 3, 158.73, 22515, 15043
138, 0, 339, 521, 518, 152, 11.31%, 0, 0, 3, 158.67, 23328, 15087
143, 0, 339, 523, 520, 152, 11.32%, 0, 0, 3, 158.72, 24153, 15102
148, 0, 339, 526, 523, 152, 11.35%, 0, 0, 3, 158.63, 24948, 15142
153, 0, 339, 530, 527, 152, 11.36%, 0, 0, 3, 158.60, 25761, 15149
158, 0, 339, 536, 533, 152, 11.37%, 0, 0, 3, 158.79, 26577, 15167
163, 0, 339, 539, 536, 152, 11.38%, 0, 0, 3, 158.85, 27378, 15179
168, 0, 339, 543, 540, 152, 11.43%, 0, 0, 3, 158.80, 28182, 15252
173, 0, 339, 546, 543, 152, 11.44%, 0, 0, 3, 158.78, 28983, 15261
178, 0, 339, 546, 543, 152, 11.44%, 0, 0, 3, 158.88, 29808, 15261
184, 0, 339, 552, 549, 152, 11.46%, 0, 0, 3, 158.70, 30621, 15281
189, 0, 339, 556, 553, 152, 11.48%, 0, 0, 3, 158.80, 31425, 15315
194, 0, 339, 558, 555, 152, 11.49%, 0, 0, 3, 158.80, 32250, 15323
199, 0, 339, 562, 559, 152, 11.49%, 0, 0, 3, 158.75, 33051, 15329
204, 0, 0, 564, 560, 182, 11.49%, 0, 0, 3, 159.57, 33875, 15330
209, 0, 0, 564, 560, 182, 11.49%, 0, 0, 3, 160.22, 34700, 15330
214, 0, 398, 569, 563, 180, 11.51%, 0, 0, 3, 159.32, 35505, 15358
219, 0, 398, 578, 572, 180, 11.52%, 0, 0, 3, 158.63, 36309, 15368
224, 0, 398, 589, 583, 180, 11.53%, 0, 0, 3, 158.42, 37101, 15385
229, 0, 398, 598, 592, 180, 11.55%, 0, 0, 3, 158.50, 37911, 15407
235, 0, 398, 605, 599, 180, 11.55%, 0, 0, 3, 158.60, 38727, 15412
240, 0, 398, 607, 601, 180, 11.55%, 0, 0, 3, 158.75, 39531, 15413
245, 0, 398, 611, 605, 180, 11.56%, 0, 0, 3, 158.67, 40332, 15417
250, 0, 398, 620, 614, 180, 11.56%, 0, 0, 3, 157.33, 41139, 15427
255, 0, 398, 625, 619, 180, 11.57%, 0, 0, 3, 155.43, 41919, 15430
260, 0, 398, 632, 626, 180, 11.65%, 0, 0, 3, 156.42, 42714, 15537
265, 0, 398, 637, 631, 180, 11.65%, 0, 0, 3, 158.08, 43512, 15540
270, 0, 398, 643, 637, 180, 11.68%, 0, 0, 3, 158.49, 44319, 15580
275, 0, 398, 650, 644, 180, 11.68%, 0, 0, 3, 158.56, 45129, 15582
280, 0, 398, 653, 647, 180, 11.68%, 0, 0, 3, 158.69, 45924, 15584
285, 0, 398, 658, 652, 180, 11.68%, 0, 0, 3, 158.62, 46734, 15586
290, 0, 398, 660, 654, 180, 11.70%, 0, 0, 3, 158.67, 47535, 15612
295, 0, 398, 663, 657, 180, 11.71%, 0, 0, 3, 158.61, 48336, 15614
301, 0, 398, 666, 660, 180, 11.71%, 0, 0, 3, 158.69, 49161, 15614
306, 0, 398, 689, 683, 180, 11.71%, 0, 0, 3, 158.13, 49973, 15616
311, 0, 398, 698, 692, 180, 11.71%, 0, 0, 3, 157.75, 50783, 15617
316, 0, 398, 706, 700, 180, 11.71%, 0, 0, 3, 158.05, 51599, 15619
321, 0, 398, 718, 712, 180, 11.72%, 0, 0, 3, 157.97, 52406, 15630
326, 0, 398, 723, 717, 180, 11.72%, 0, 0, 3, 155.89, 53204, 15634
332, 0, 443, 727, 719, 216, 11.73%, 0, 0, 3, 148.30, 53918, 15653
337, 0, 443, 738, 730, 216, 11.76%, 0, 0, 3, 156.44, 54732, 15691
342, 0, 443, 749, 741, 216, 11.77%, 0, 0, 3, 158.17, 55530, 15702
347, 0, 443, 759, 751, 216, 11.78%, 0, 0, 3, 157.23, 56322, 15711
352, 0, 443, 761, 753, 216, 11.78%, 0, 0, 3, 158.36, 57117, 15711
357, 0, 443, 767, 759, 216, 11.79%, 0, 0, 3, 158.62, 57921, 15721
362, 0, 443, 770, 762, 216, 11.85%, 0, 0, 3, 158.41, 58722, 15807
367, 0, 443, 776, 768, 216, 11.85%, 0, 0, 3, 158.72, 59541, 15813
372, 0, 443, 784, 776, 216, 11.86%, 0, 0, 3, 158.72, 60345, 15820
377, 0, 443, 789, 781, 216, 11.86%, 0, 0, 3, 158.56, 61146, 15822
382, 0, 443, 794, 786, 216, 11.86%, 0, 0, 3, 158.71, 61944, 15824
387, 0, 443, 799, 791, 216, 11.87%, 0, 0, 3, 158.71, 62745, 15834
392, 0, 443, 803, 795, 216, 11.87%, 0, 0, 3, 158.90, 63546, 15834
397, 0, 443, 808, 800, 216, 11.94%, 0, 0, 3, 158.70, 64341, 15929
403, 0, 443, 813, 805, 216, 11.94%, 0, 0, 3, 158.68, 65175, 15930
408, 0, 443, 817, 809, 216, 11.95%, 0, 0, 3, 158.75, 65970, 15935
413, 0, 443, 822, 814, 216, 11.95%, 0, 0, 3, 158.70, 66795, 15938
418, 0, 443, 826, 818, 216, 11.96%, 0, 0, 3, 158.61, 67605, 15954
423, 0, 443, 839, 831, 216, 11.97%, 0, 0, 3, 157.40, 68396, 15961
428, 0, 443, 851, 843, 216, 11.98%, 0, 0, 3, 157.84, 69206, 15976
433, 0, 773, 862, 853, 248, 11.98%, 0, 0, 3, 158.20, 70010, 15980
438, 0, 213, 878, 868, 247, 11.99%, 0, 0, 3, 158.38, 70814, 15991
443, 0, 213, 894, 884, 247, 11.99%, 0, 0, 3, 158.29, 71621, 15993
448, 0, 213, 907, 897, 247, 12.08%, 0, 0, 3, 157.01, 72404, 16108
454, 0, 213, 917, 907, 247, 12.10%, 0, 0, 3, 158.07, 73223, 16137
459, 0, 213, 921, 911, 247, 12.10%, 0, 0, 3, 158.35, 74018, 16137
464, 0, 213, 934, 924, 247, 12.12%, 0, 0, 3, 158.25, 74822, 16162
469, 0, 213, 943, 933, 247, 12.13%, 0, 0, 3, 156.14, 75608, 16177
474, 0, 213, 950, 940, 247, 12.13%, 0, 0, 3, 157.98, 76412, 16184
479, 0, 213, 955, 945, 247, 12.13%, 0, 0, 3, 157.47, 77195, 16185
484, 0, 213, 961, 951, 247, 12.14%, 0, 0, 3, 156.87, 77996, 16194
489, 0, 213, 969, 959, 247, 12.15%, 0, 0, 3, 158.17, 78806, 16206
494, 0, 213, 974, 964, 247, 12.15%, 0, 0, 3, 156.69, 79598, 16208
499, 0, 213, 981, 971, 247, 12.16%, 0, 0, 3, 158.06, 80414, 16217
504, 0, 213, 985, 975, 247, 12.16%, 0, 0, 3, 158.23, 81227, 16223
510, 0, 213, 993, 983, 247, 12.27%, 0, 0, 3, 158.23, 82043, 16372
515, 0, 213, 996, 986, 247, 12.27%, 0, 0, 3, 156.56, 82841, 16373
520, 0, 213, 1005, 995, 247, 12.28%, 0, 0, 3, 157.93, 83645, 16381
525, 0, 213, 1009, 999, 247, 12.28%, 0, 0, 3, 158.51, 84455, 16383
530, 0, 859, 1010, 999, 292, 12.29%, 0, 0, 3, 158.39, 85279, 16394
535, 0, 859, 1010, 999, 292, 12.29%, 0, 0, 3, 158.46, 86104, 16394
540, 0, 859, 1020, 1009, 292, 12.29%, 0, 0, 4, 157.00, 86891, 16394
545, 0, 859, 1024, 1013, 292, 12.29%, 0, 0, 4, 157.54, 87707, 16394
550, 0, 859, 1025, 1014, 292, 12.29%, 0, 0, 4, 158.01, 88499, 16394
555, 0, 859, 1025, 1014, 292, 12.29%, 0, 0, 4, 158.07, 89291, 16394
561, 0, 859, 1026, 1015, 292, 12.29%, 0, 0, 4, 158.11, 90083, 16394
566, 0, 859, 1026, 1015, 292, 12.29%, 0, 0, 4, 157.80, 90875, 16394
571, 0, 859, 1027, 1016, 292, 12.29%, 0, 0, 4, 157.12, 91676, 16394
576, 0, 859, 1029, 1018, 292, 12.29%, 0, 0, 4, 157.67, 92468, 16399
581, 0, 859, 1030, 1019, 292, 12.31%, 0, 0, 4, 157.80, 93260, 16424
586, 0, 859, 1030, 1019, 292, 12.31%, 0, 0, 4, 157.97, 94052, 16424
591, 0, 859, 1033, 1022, 292, 12.31%, 0, 0, 4, 157.85, 94856, 16425
596, 0, 859, 1034, 1023, 292, 12.31%, 0, 0, 4, 157.94, 95651, 16425
601, 0, 859, 1035, 1024, 292, 12.31%, 0, 0, 4, 158.07, 96443, 16426
606, 0, 859, 1035, 1024, 292, 12.31%, 0, 0, 4, 158.30, 97235, 16426
611, 0, 859, 1038, 1027, 292, 12.31%, 0, 0, 4, 158.24, 98039, 16426
616, 0, 859, 1039, 1028, 292, 12.31%, 0, 0, 4, 158.15, 98837, 16426
621, 0, 1032, 1040, 1028, 295, 12.32%, 0, 0, 4, 158.22, 99628, 16428
626, 0, 1032, 1040, 1028, 295, 12.32%, 0, 0, 4, 158.59, 100453, 16428
631, 0, 282, 1047, 1034, 294, 12.32%, 0, 0, 4, 158.27, 101278, 16431
636, 0, 282, 1056, 1043, 294, 12.32%, 0, 0, 4, 157.68, 102064, 16433
642, 0, 282, 1058, 1045, 294, 12.32%, 0, 0, 4, 158.17, 102889, 16434
647, 0, 282, 1061, 1048, 294, 12.32%, 0, 0, 4, 158.57, 103714, 16437
652, 0, 282, 1063, 1050, 294, 12.32%, 0, 0, 4, 158.25, 104509, 16439
657, 0, 282, 1065, 1052, 294, 12.33%, 0, 0, 4, 158.29, 105304, 16443
662, 0, 282, 1068, 1055, 294, 12.33%, 0, 0, 4, 158.37, 106129, 16445
667, 0, 282, 1070, 1057, 294, 12.33%, 0, 0, 4, 156.62, 106912, 16446
672, 0, 282, 1073, 1060, 294, 12.33%, 0, 0, 4, 156.35, 107713, 16447
677, 0, 282, 1076, 1063, 294, 12.33%, 0, 0, 4, 157.80, 108511, 16452
682, 0, 282, 1077, 1064, 294, 12.33%, 0, 0, 4, 157.09, 109315, 16452
687, 0, 282, 1079, 1066, 294, 12.33%, 0, 0, 4, 157.66, 110107, 16454
692, 0, 282, 1082, 1069, 294, 12.34%, 0, 0, 4, 158.58, 110905, 16455
698, 0, 282, 1084, 1071, 294, 12.34%, 0, 0, 4, 158.73, 111730, 16456
703, 0, 282, 1087, 1074, 294, 12.34%, 0, 0, 4, 158.45, 112555, 16457
708, 0, 282, 1087, 1074, 294, 12.34%, 0, 0, 4, 158.49, 113380, 16457
713, 0, 282, 1091, 1078, 294, 12.34%, 0, 0, 4, 156.91, 114183, 16457
718, 0, 243, 1099, 1085, 305, 12.35%, 0, 0, 4, 158.37, 115005, 16471
724, 0, 536, 1104, 1088, 309, 12.35%, 0, 0, 4, 157.52, 115814, 16475
729, 0, 536, 1121, 1105, 309, 12.37%, 0, 0, 4, 157.88, 116636, 16499
734, 0, 536, 1132, 1116, 309, 12.38%, 0, 0, 4, 158.27, 117446, 16511
739, 0, 536, 1142, 1126, 309, 12.38%, 0, 0, 4, 156.26, 118235, 16514
744, 0, 536, 1150, 1134, 309, 12.39%, 0, 0, 4, 158.06, 119042, 16534
749, 0, 536, 1159, 1143, 309, 12.40%, 0, 0, 4, 158.46, 119849, 16536
754, 0, 536, 1163, 1147, 309, 12.40%, 0, 0, 4, 158.61, 120650, 16536
759, 0, 536, 1169, 1153, 309, 12.40%, 0, 0, 4, 158.55, 121445, 16541
764, 0, 536, 1175, 1159, 309, 12.43%, 0, 0, 4, 158.40, 122249, 16579
769, 0, 536, 1185, 1169, 309, 12.43%, 0, 0, 4, 156.74, 123056, 16585
775, 0, 536, 1191, 1175, 309, 12.43%, 0, 0, 4, 158.12, 123860, 16587
780, 0, 536, 1195, 1179, 309, 12.44%, 0, 0, 4, 154.29, 124634, 16591
785, 0, 536, 1198, 1182, 309, 12.44%, 0, 0, 4, 157.61, 125432, 16594
790, 0, 536, 1202, 1186, 309, 12.44%, 0, 0, 4, 157.99, 126239, 16597
795, 0, 536, 1210, 1194, 309, 12.45%, 0, 0, 4, 158.17, 127037, 16602
800, 0, 536, 1215, 1199, 309, 12.45%, 0, 0, 4, 158.25, 127835, 16607
805, 0, 536, 1220, 1204, 309, 12.45%, 0, 0, 4, 158.43, 128642, 16612
810, 0, 536, 1231, 1215, 309, 12.46%, 0, 0, 4, 158.25, 129452, 16617
815, 0, 654, 1235, 1218, 333, 12.48%, 0, 0, 4, 157.65, 130248, 16647
820, 0, 971, 1239, 1220, 333, 12.59%, 0, 0, 4, 152.05, 131043, 16800
825, 0, 971, 1247, 1228, 333, 12.60%, 0, 0, 4, 102.05, 131489, 16802
830, 0, 971, 1250, 1231, 333, 12.60%, 0, 0, 4, 93.21, 131949, 16809
836, 0, 971, 1255, 1236, 333, 12.60%, 0, 0, 4, 91.73, 132414, 16810
841, 0, 971, 1257, 1238, 333, 12.60%, 0, 0, 4, 89.85, 132870, 16811
846, 0, 971, 1262, 1243, 333, 12.60%, 0, 0, 4, 92.12, 133344, 16811
851, 0, 971, 1264, 1245, 333, 12.60%, 0, 0, 4, 90.27, 133806, 16813
856, 0, 971, 1265, 1246, 333, 12.60%, 0, 0, 4, 90.40, 134266, 16813
861, 0, 971, 1268, 1249, 333, 12.60%, 0, 0, 4, 91.40, 134750, 16814
866, 0, 971, 1271, 1252, 333, 12.60%, 0, 0, 4, 89.59, 135219, 16814
872, 0, 971, 1274, 1255, 333, 12.60%, 0, 0, 4, 90.03, 135681, 16814
877, 0, 971, 1276, 1257, 333, 12.60%, 0, 0, 4, 88.62, 136125, 16814
882, 0, 971, 1276, 1257, 333, 12.60%, 0, 0, 4, 90.55, 136589, 16814
887, 0, 971, 1277, 1258, 333, 12.61%, 0, 0, 4, 90.22, 137045, 16816
892, 0, 971, 1278, 1259, 333, 12.61%, 0, 0, 4, 91.35, 137511, 16816
897, 0, 971, 1281, 1262, 333, 12.61%, 0, 0, 4, 89.39, 137966, 16818
902, 0, 971, 1284, 1265, 333, 12.61%, 0, 0, 4, 90.27, 138418, 16818
907, 0, 971, 1285, 1266, 333, 12.61%, 0, 0, 4, 90.65, 138888, 16818
912, 0, 596, 1290, 1270, 343, 12.61%, 0, 0, 4, 125.46, 139510, 16818
917, 0, 596, 1298, 1278, 343, 12.61%, 0, 0, 4, 149.94, 140298, 16818
922, 0, 596, 1303, 1283, 343, 12.61%, 0, 0, 4, 154.39, 141088, 16820
927, 0, 1129, 1303, 1281, 342, 12.61%, 0, 0, 4, 157.20, 141880, 16820
932, 0, 1129, 1313, 1291, 342, 12.61%, 0, 0, 5, 154.22, 142658, 16822
937, 0, 1129, 1325, 1303, 342, 12.63%, 0, 0, 5, 156.03, 143462, 16847
943, 0, 1129, 1332, 1310, 342, 12.63%, 0, 0, 5, 156.59, 144254, 16854
948, 0, 1129, 1343, 1321, 342, 12.64%, 0, 0, 5, 155.94, 145034, 16860
953, 0, 1129, 1351, 1329, 342, 12.64%, 0, 0, 5, 156.32, 145844, 16866
958, 0, 1129, 1357, 1335, 342, 12.65%, 0, 0, 5, 154.50, 146633, 16881
963, 0, 1129, 1362, 1340, 342, 12.66%, 0, 0, 5, 154.52, 147407, 16887
968, 0, 1129, 1366, 1344, 342, 12.66%, 0, 0, 5, 155.69, 148181, 16887
973, 0, 1129, 1372, 1350, 342, 12.66%, 0, 0, 5, 156.61, 148976, 16893
978, 0, 1129, 1375, 1353, 342, 12.66%, 0, 0, 5, 156.83, 149771, 16893
983, 0, 1129, 1384, 1362, 342, 12.68%, 0, 0, 5, 155.09, 150560, 16911
988, 0, 1129, 1388, 1366, 342, 12.69%, 0, 0, 5, 156.29, 151364, 16924
993, 0, 1129, 1394, 1372, 342, 12.69%, 0, 0, 5, 156.74, 152174, 16932
999, 0, 1129, 1397, 1375, 342, 12.69%, 0, 0, 5, 155.43, 152954, 16933
1004, 0, 1129, 1402, 1380, 342, 12.70%, 0, 0, 5, 156.56, 153758, 16936
1009, 0, 1129, 1408, 1386, 342, 12.70%, 0, 0, 5, 152.49, 154538, 16942
1014, 0, 1129, 1413, 1391, 342, 12.70%, 0, 0, 5, 155.98, 155351, 16944
1019, 0, 1129, 1419, 1397, 342, 12.71%, 0, 0, 5, 153.00, 156133, 16948
1024, 0, 628, 1425, 1402, 368, 12.71%, 0, 0, 5, 156.77, 156938, 16952
1029, 0, 628, 1433, 1410, 368, 12.71%, 0, 0, 5, 157.89, 157742, 16952
1034, 0, 628, 1436, 1413, 368, 12.71%, 0, 0, 5, 158.03, 158534, 16954
1039, 0, 1299, 1436, 1412, 368, 12.71%, 0, 0, 5, 108.25, 159053, 16954
1044, 0, 1299, 1436, 1412, 368, 12.71%, 0, 0, 5, 92.46, 159506, 16954
1050, 0, 1299, 1436, 1412, 368, 12.71%, 0, 0, 5, 112.53, 160037, 16954
1055, 0, 517, 1444, 1419, 367, 12.71%, 0, 0, 5, 149.43, 160862, 16954
1060, 0, 517, 1452, 1427, 367, 12.74%, 0, 0, 5, 156.51, 161673, 16993
1065, 0, 517, 1455, 1430, 367, 12.74%, 0, 0, 5, 158.32, 162498, 16994
1070, 0, 517, 1457, 1432, 367, 12.74%, 0, 0, 5, 158.85, 163302, 16995
1075, 0, 517, 1463, 1438, 367, 12.77%, 0, 0, 5, 158.82, 164100, 17033
1080, 0, 517, 1467, 1442, 367, 12.78%, 0, 0, 5, 158.73, 164928, 17042
1086, 0, 517, 1470, 1445, 367, 12.80%, 0, 0, 5, 156.99, 165741, 17072
1091, 0, 517, 1474, 1449, 367, 12.82%, 0, 0, 5, 158.42, 166566, 17095
1096, 0, 517, 1477, 1452, 367, 12.82%, 0, 0, 5, 156.98, 167349, 17097
1101, 0, 517, 1478, 1453, 367, 12.82%, 0, 0, 5, 158.44, 168147, 17097
1106, 0, 517, 1481, 1456, 367, 12.82%, 0, 0, 5, 158.58, 168972, 17100
1111, 0, 517, 1484, 1459, 367, 12.82%, 0, 0, 5, 157.26, 169785, 17100
1116, 0, 517, 1488, 1463, 367, 12.82%, 0, 0, 5, 156.33, 170580, 17103
1121, 0, 517, 1492, 1467, 367, 12.82%, 0, 0, 5, 158.51, 171384, 17104
1127, 0, 517, 1496, 1471, 367, 12.85%, 0, 0, 5, 158.50, 172215, 17144
1132, 0, 517, 1496, 1471, 367, 12.85%, 0, 0, 5, 158.76, 173040, 17144
1137, 0, 517, 1497, 1472, 367, 12.85%, 0, 0, 5, 158.82, 173865, 17144
1142, 0, 584, 1499, 1472, 386, 12.85%, 0, 0, 5, 158.23, 174662, 17144
1147, 0, 1061, 1499, 1470, 384, 12.85%, 0, 0, 5, 158.76, 175489, 17144
1152, 0, 1284, 1503, 1473, 383, 12.85%, 0, 0, 5, 155.40, 176272, 17144
1157, 0, 1284, 1512, 1482, 383, 12.85%, 0, 0, 5, 153.65, 177061, 17144
1162, 0, 1284, 1518, 1488, 383, 12.85%, 0, 0, 5, 148.28, 177802, 17144
1168, 0, 1284, 1525, 1495, 383, 12.85%, 0, 0, 5, 151.66, 178600, 17147
1173, 0, 1284, 1530, 1500, 383, 12.87%, 0, 0, 5, 150.82, 179386, 17168
1178, 0, 1284, 1530, 1500, 383, 12.87%, 0, 0, 5, 153.62, 180172, 17168
1183, 0, 1284, 1535, 1505, 383, 12.87%, 0, 0, 5, 153.22, 180937, 17171
1188, 0, 1284, 1539, 1509, 383, 12.89%, 0, 0, 5, 151.14, 181696, 17188
1193, 0, 1284, 1545, 1515, 383, 12.89%, 0, 0, 5, 152.57, 182476, 17194
1198, 0, 1284, 1552, 1522, 383, 12.91%, 0, 0, 5, 154.75, 183274, 17215
1203, 0, 1284, 1554, 1524, 383, 12.91%, 0, 0, 5, 154.80, 184063, 17215
1209, 0, 1284, 1557, 1527, 383, 12.91%, 0, 0, 5, 151.47, 184849, 17215
1214, 0, 1284, 1562, 1532, 383, 12.91%, 0, 0, 5, 154.20, 185641, 17219
1219, 0, 1284, 1565, 1535, 383, 12.91%, 0, 0, 5, 153.93, 186436, 17226
1224, 0, 1284, 1566, 1536, 383, 12.91%, 0, 0, 5, 155.03, 187231, 17226
1229, 0, 1284, 1568, 1538, 383, 12.92%, 0, 0, 5, 153.93, 188020, 17228
1234, 0, 1284, 1573, 1543, 383, 12.92%, 0, 0, 5, 154.53, 188821, 17233
1239, 0, 1284, 1576, 1546, 383, 12.92%, 0, 0, 5, 153.74, 189595, 17241
1244, 0, 1452, 1579, 1548, 399, 12.92%, 0, 0, 5, 155.39, 190376, 17241
1250, 0, 1452, 1582, 1551, 399, 12.94%, 0, 0, 5, 157.95, 191178, 17255
1255, 0, 1452, 1585, 1554, 399, 12.94%, 0, 0, 5, 158.16, 191970, 17255
1260, 0, 1452, 1587, 1556, 399, 12.94%, 0, 0, 5, 158.37, 192774, 17263
1265, 0, 1452, 1595, 1564, 399, 12.95%, 0, 0, 5, 157.69, 193587, 17274
1270, 0, 1452, 1596, 1565, 399, 12.95%, 0, 0, 5, 158.57, 194412, 17274
1275, 0, 1452, 1597, 1566, 399, 12.95%, 0, 0, 5, 158.79, 195207, 17279
1280, 0, 1452, 1599, 1568, 399, 12.95%, 0, 0, 5, 157.89, 196008, 17279
1285, 0, 1452, 1601, 1570, 399, 12.96%, 0, 0, 5, 158.92, 196833, 17286
1291, 0, 1452, 1604, 1573, 399, 12.96%, 0, 0, 5, 157.84, 197652, 17288
1296, 0, 1452, 1606, 1575, 399, 12.96%, 0, 0, 5, 156.88, 198435, 17289
1301, 0, 1452, 1609, 1578, 399, 12.96%, 0, 0, 5, 158.68, 199260, 17293
1306, 0, 1452, 1613, 1582, 399, 12.97%, 0, 0, 5, 158.76, 200076, 17295
1311, 0, 1452, 1616, 1585, 399, 12.97%, 0, 0, 5, 159.11, 200886, 17296
1316, 0, 1452, 1620, 1589, 399, 12.97%, 0, 0, 5, 159.05, 201684, 17297
1321, 0, 1452, 1621, 1590, 399, 12.97%, 0, 0, 5, 159.16, 202509, 17297
1326, 0, 1452, 1621, 1590, 399, 12.97%, 0, 0, 5, 158.88, 203334, 17297
1332, 0, 1452, 1621, 1590, 399, 12.97%, 0, 0, 5, 159.20, 204163, 17297
1337, 0, 905, 1624, 1591, 408, 12.97%, 0, 0, 5, 158.66, 204995, 17306
1342, 0, 905, 1629, 1596, 408, 12.98%, 0, 0, 5, 158.25, 205790, 17309
1347, 0, 905, 1634, 1601, 408, 13.01%, 0, 0, 5, 158.25, 206591, 17357
1352, 0, 905, 1638, 1605, 408, 13.01%, 0, 0, 5, 158.24, 207395, 17359
1357, 0, 905, 1641, 1608, 408, 13.01%, 0, 0, 5, 158.31, 208208, 17360
1362, 0, 905, 1642, 1609, 408, 13.01%, 0, 0, 5, 158.26, 209006, 17360
1367, 0, 905, 1645, 1612, 408, 13.01%, 0, 0, 5, 158.21, 209798, 17361
1372, 0, 905, 1645, 1612, 408, 13.01%, 0, 0, 5, 158.24, 210590, 17361
1377, 0, 905, 1648, 1615, 408, 13.02%, 0, 0, 5, 158.17, 211382, 17363
1382, 0, 905, 1649, 1616, 408, 13.03%, 0, 0, 5, 158.26, 212174, 17381
1387, 0, 905, 1650, 1617, 408, 13.03%, 0, 0, 5, 158.23, 212966, 17381
1392, 0, 905, 1650, 1617, 408, 13.03%, 0, 0, 5, 158.19, 213758, 17381
1397, 0, 905, 1650, 1617, 408, 13.03%, 0, 0, 5, 158.19, 214550, 17381
1402, 0, 905, 1653, 1620, 408, 13.03%, 0, 0, 5, 156.64, 215342, 17387
1407, 0, 905, 1654, 1621, 408, 13.04%, 0, 0, 5, 157.87, 216146, 17391
1412, 0, 905, 1654, 1621, 408, 13.04%, 0, 0, 5, 158.09, 216938, 17391
1417, 0, 905, 1656, 1623, 408, 13.04%, 0, 0, 5, 158.01, 217736, 17391
1422, 0, 827, 1658, 1624, 422, 13.04%, 0, 0, 5, 132.97, 218429, 17391
1427, 0, 827, 1658, 1624, 422, 13.04%, 0, 0, 5, 96.46, 218865, 17391
1433, 0, 827, 1658, 1624, 422, 13.04%, 0, 0, 5, 88.18, 219299, 17391
1438, 0, 827, 1661, 1627, 422, 13.04%, 0, 0, 5, 98.41, 219815, 17391
1443, 0, 827, 1667, 1633, 422, 13.04%, 0, 0, 5, 96.92, 220300, 17391
1448, 0, 827, 1671, 1637, 422, 13.04%, 0, 0, 5, 100.72, 220818, 17400
1453, 0, 827, 1672, 1638, 422, 13.04%, 0, 0, 5, 101.45, 221336, 17400
1458, 0, 827, 1675, 1641, 422, 13.05%, 0, 0, 5, 99.09, 221840, 17403
1463, 0, 827, 1679, 1645, 422, 13.05%, 0, 0, 5, 101.25, 222356, 17414
1468, 0, 827, 1681, 1647, 422, 13.05%, 0, 0, 5, 101.54, 222868, 17414
1473, 0, 827, 1683, 1649, 422, 13.06%, 0, 0, 5, 101.92, 223368, 17415
1478, 0, 827, 1683, 1649, 422, 13.06%, 0, 0, 5, 101.59, 223892, 17415
1483, 0, 827, 1684, 1650, 422, 13.06%, 0, 0, 5, 99.08, 224386, 17415
1489, 0, 827, 1684, 1650, 422, 13.06%, 0, 0, 5, 101.33, 224914, 17415
1494, 0, 827, 1684, 1650, 422, 13.06%, 0, 0, 5, 99.77, 225412, 17415
1499, 0, 827, 1685, 1651, 422, 13.06%, 0, 0, 5, 99.89, 225924, 17415
1504, 0, 827, 1685, 1651, 422, 13.06%, 0, 0, 5, 99.49, 226426, 17415
1509, 0, 827, 1685, 1651, 422, 13.06%, 0, 0, 5, 100.41, 226940, 17415
1514, 0, 827, 1685, 1651, 422, 13.06%, 0, 0, 5, 100.56, 227444, 17415
1519, 0, 827, 1685, 1651, 422, 13.06%, 0, 0, 5, 100.67, 227960, 17415
1524, 0, 827, 1686, 1652, 422, 13.06%, 0, 0, 5, 100.59, 228488, 17415
1529, 0, 827, 1688, 1654, 422, 13.06%, 0, 0, 5, 101.55, 229012, 17424
1535, 0, 1658, 1689, 1654, 430, 13.06%, 0, 0, 5, 108.75, 229578, 17424
1540, 0, 1658, 1689, 1654, 430, 13.06%, 0, 0, 5, 91.34, 230012, 17424
1545, 0, 1658, 1689, 1654, 430, 13.06%, 0, 0, 5, 87.10, 230445, 17424
1550, 0, 1610, 1689, 1652, 428, 13.06%, 0, 0, 5, 140.70, 231192, 17424
1555, 0, 1610, 1695, 1658, 428, 13.06%, 0, 0, 6, 155.21, 232005, 17425
1560, 0, 1610, 1698, 1661, 428, 13.06%, 0, 0, 6, 157.86, 232818, 17427
1565, 0, 1610, 1701, 1664, 428, 13.07%, 0, 0, 6, 158.99, 233643, 17430
1570, 0, 1610, 1707, 1670, 428, 13.07%, 0, 0, 6, 159.17, 234453, 17430
1575, 0, 1610, 1712, 1675, 428, 13.07%, 0, 0, 6, 159.19, 235251, 17430
1580, 0, 1610, 1714, 1677, 428, 13.08%, 0, 0, 6, 158.95, 236046, 17448
1585, 0, 1610, 1716, 1679, 428, 13.08%, 0, 0, 6, 158.89, 236856, 17448
1590, 0, 1610, 1718, 1681, 428, 13.08%, 0, 0, 6, 158.73, 237657, 17451
1595, 0, 1610, 1719, 1682, 428, 13.08%, 0, 0, 6, 159.10, 238455, 17451
1601, 0, 1610, 1719, 1682, 428, 13.08%, 0, 0, 6, 159.03, 239280, 17451
1606, 0, 1610, 1723, 1686, 428, 13.09%, 0, 0, 6, 158.90, 240090, 17455
1611, 0, 1610, 1723, 1686, 428, 13.09%, 0, 0, 6, 159.15, 240915, 17455
1616, 0, 1610, 1725, 1688, 428, 13.09%, 0, 0, 6, 159.18, 241740, 17460
1621, 0, 1610, 1727, 1690, 428, 13.09%, 0, 0, 6, 158.77, 242550, 17461
1626, 0, 1610, 1728, 1691, 428, 13.10%, 0, 0, 6, 159.14, 243351, 17469
1631, 0, 1610, 1730, 1693, 428, 13.10%, 0, 0, 6, 159.15, 244176, 17469
1637, 0, 1700, 1731, 1693, 433, 13.10%, 0, 0, 6, 158.88, 245000, 17469
1642, 0, 1491, 1740, 1701, 432, 13.10%, 0, 0, 6, 158.72, 245813, 17472
1647, 0, 1491, 1741, 1702, 432, 13.10%, 0, 0, 6, 159.02, 246638, 17472
1652, 0, 1491, 1747, 1708, 432, 13.10%, 0, 0, 6, 158.50, 247442, 17474
1657, 0, 1491, 1749, 1710, 432, 13.10%, 0, 0, 6, 158.86, 248237, 17474
1662, 0, 1491, 1751, 1712, 432, 13.11%, 0, 0, 6, 158.65, 249044, 17485
1667, 0, 1491, 1756, 1717, 432, 13.11%, 0, 0, 6, 158.14, 249845, 17490
1672, 0, 1491, 1760, 1721, 432, 13.12%, 0, 0, 6, 156.69, 250634, 17499
1677, 0, 1491, 1765, 1726, 432, 13.12%, 0, 0, 6, 157.90, 251447, 17502
1682, 0, 1491, 1766, 1727, 432, 13.13%, 0, 0, 6, 158.66, 252251, 17516
1688, 0, 1491, 1768, 1729, 432, 13.18%, 0, 0, 6, 157.63, 253052, 17585
1693, 0, 1491, 1770, 1731, 432, 13.19%, 0, 0, 6, 158.76, 253877, 17595
1698, 0, 1491, 1775, 1736, 432, 13.19%, 0, 0, 6, 158.14, 254690, 17597
1703, 0, 1491, 1777, 1738, 432, 13.19%, 0, 0, 6, 158.28, 255494, 17601
1708, 0, 1491, 1778, 1739, 432, 13.19%, 0, 0, 6, 158.90, 256319, 17601
1713, 0, 1491, 1780, 1741, 432, 13.19%, 0, 0, 6, 158.09, 257111, 17601
1718, 0, 1491, 1781, 1742, 432, 13.19%, 0, 0, 6, 158.44, 257906, 17601
1723, 0, 1491, 1783, 1744, 432, 13.20%, 0, 0, 6, 158.23, 258699, 17603
1728, 0, 1473, 1783, 1742, 436, 13.20%, 0, 0, 6, 128.40, 259321, 17603
1733, 0, 1473, 1789, 1748, 436, 13.22%, 0, 0, 6, 150.57, 260111, 17636
1738, 0, 1473, 1794, 1753, 436, 13.23%, 0, 0, 6, 155.26, 260927, 17652
1744, 0, 1473, 1798, 1757, 436, 13.23%, 0, 0, 6, 156.48, 261731, 17654
1749, 0, 1473, 1800, 1759, 436, 13.24%, 0, 0, 6, 156.68, 262523, 17658
1754, 0, 1473, 1805, 1764, 436, 13.24%, 0, 0, 6, 156.77, 263327, 17665
1759, 0, 1473, 1808, 1767, 436, 13.24%, 0, 0, 6, 156.83, 264125, 17668
1764, 0, 1473, 1811, 1770, 436, 13.24%, 0, 0, 6, 156.28, 264899, 17668
1769, 0, 1473, 1817, 1776, 436, 13.28%, 0, 0, 6, 156.03, 265694, 17711
1774, 0, 1473, 1820, 1779, 436, 13.28%, 0, 0, 6, 156.57, 266501, 17715
1779, 0, 1473, 1824, 1783, 436, 13.28%, 0, 0, 6, 155.45, 267296, 17717
1784, 0, 1473, 1828, 1787, 436, 13.29%, 0, 0, 6, 156.07, 268091, 17733
1789, 0, 1473, 1829, 1788, 436, 13.29%, 0, 0, 6, 156.43, 268883, 17733
1795, 0, 1473, 1831, 1790, 436, 13.30%, 0, 0, 6, 156.50, 269678, 17737
1800, 0, 1473, 1832, 1791, 436, 13.30%, 0, 0, 6, 156.77, 270476, 17738
1805, 0, 1473, 1834, 1793, 436, 13.31%, 0, 0, 6, 156.63, 271280, 17752
1810, 0, 1473, 1834, 1793, 436, 13.31%, 0, 0, 6, 156.74, 272072, 17752
1815, 0, 1473, 1835, 1794, 436, 13.31%, 0, 0, 6, 156.90, 272864, 17752
1820, 0, 1473, 1845, 1804, 436, 13.32%, 0, 0, 6, 153.60, 273646, 17772
1825, 0, 1473, 1851, 1810, 436, 13.33%, 0, 0, 6, 155.28, 274435, 17776
1830, 0, 1765, 1852, 1810, 451, 13.33%, 0, 0, 6, 157.12, 275224, 17781
1835, 0, 1765, 1860, 1818, 451, 13.37%, 0, 0, 6, 157.86, 276026, 17834
1840, 0, 1765, 1873, 1831, 451, 13.40%, 0, 0, 6, 154.41, 276812, 17877
1845, 0, 1765, 1878, 1836, 451, 13.41%, 0, 0, 6, 156.90, 277604, 17892
1850, 0, 1068, 1881, 1837, 459, 13.41%, 0, 0, 6, 158.11, 278400, 17894
1855, 0, 1068, 1882, 1838, 459, 13.41%, 0, 0, 6, 157.78, 279204, 17894
1860, 0, 1854, 1882, 1837, 460, 13.41%, 0, 0, 6, 157.85, 279994, 17894
1866, 0, 1854, 1889, 1844, 460, 13.43%, 0, 0, 7, 157.59, 280802, 17912
1871, 0, 1854, 1894, 1849, 460, 13.44%, 0, 0, 7, 157.70, 281612, 17929
1876, 0, 1854, 1899, 1854, 460, 13.45%, 0, 0, 7, 157.65, 282413, 17937
1881, 0, 1854, 1899, 1854, 460, 13.45%, 0, 0, 7, 158.24, 283205, 17937
1886, 0, 1854, 1902, 1857, 460, 13.45%, 0, 0, 7, 158.23, 283997, 17943
1891, 0, 1854, 1905, 1860, 460, 13.46%, 0, 0, 7, 158.34, 284804, 17956
1896, 0, 1854, 1907, 1862, 460, 13.47%, 0, 0, 7, 158.27, 285608, 17971
1901, 0, 1854, 1910, 1865, 460, 13.49%, 0, 0, 7, 156.63, 286415, 17996
1906, 0, 1854, 1912, 1867, 460, 13.49%, 0, 0, 7, 157.70, 287210, 17997
1911, 0, 1854, 1913, 1868, 460, 13.49%, 0, 0, 7, 158.26, 288035, 17997
1916, 0, 1854, 1915, 1870, 460, 13.49%, 0, 0, 7, 158.27, 288833, 17999
1921, 0, 1854, 1917, 1872, 460, 13.50%, 0, 0, 7, 157.90, 289625, 18004
1926, 0, 1854, 1918, 1873, 460, 13.50%, 0, 0, 7, 158.18, 290417, 18004
1931, 0, 1854, 1918, 1873, 460, 13.50%, 0, 0, 7, 158.34, 291209, 18004
1937, 0, 1854, 1920, 1875, 460, 13.50%, 0, 0, 7, 155.67, 292001, 18004
1942, 0, 1854, 1922, 1877, 460, 13.50%, 0, 0, 7, 156.18, 292781, 18013
1947, 0, 1854, 1924, 1879, 460, 13.51%, 0, 0, 7, 157.96, 293575, 18016
1952, 0, 1205, 1929, 1882, 473, 13.53%, 0, 0, 7, 157.60, 294389, 18053
1957, 0, 1205, 1933, 1886, 473, 13.53%, 0, 0, 7, 158.52, 295214, 18054
1962, 0, 1205, 1933, 1886, 473, 13.53%, 0, 0, 7, 158.79, 296039, 18054
1967, 0, 1205, 1933, 1886, 473, 13.53%, 0, 0, 7, 158.78, 296864, 18054
1973, 0, 1205, 1934, 1887, 473, 13.54%, 0, 0, 7, 158.76, 297689, 18056
1978, 0, 1205, 1934, 1887, 473, 13.54%, 0, 0, 7, 158.80, 298514, 18056
1983, 0, 1205, 1936, 1889, 473, 13.54%, 0, 0, 7, 156.80, 299297, 18060
1988, 0, 1205, 1936, 1889, 473, 13.54%, 0, 0, 7, 158.32, 300122, 18060
1993, 0, 1205, 1936, 1889, 473, 13.54%, 0, 0, 7, 158.66, 300947, 18060
1998, 0, 1205, 1936, 1889, 473, 13.54%, 0, 0, 7, 158.72, 301772, 18060
2003, 0, 1205, 1938, 1891, 473, 13.54%, 0, 0, 7, 158.63, 302573, 18061
2008, 0, 1205, 1939, 1892, 473, 13.54%, 0, 0, 7, 158.86, 303374, 18061
2014, 0, 1205, 1940, 1893, 473, 13.54%, 0, 0, 7, 158.76, 304199, 18061
2019, 0, 1205, 1941, 1894, 473, 13.54%, 0, 0, 7, 158.71, 305024, 18062
2024, 0, 1205, 1941, 1894, 473, 13.54%, 0, 0, 7, 158.86, 305849, 18062
2029, 0, 1205, 1942, 1895, 473, 13.54%, 0, 0, 7, 158.76, 306674, 18062
2034, 0, 1205, 1942, 1895, 473, 13.54%, 0, 0, 7, 158.89, 307500, 18062
2039, 0, 1925, 1947, 1899, 477, 13.55%, 0, 0, 8, 158.29, 308292, 18080
2045, 0, 1925, 1951, 1903, 477, 13.56%, 0, 0, 8, 158.06, 309108, 18082
2050, 0, 1925, 1953, 1905, 477, 13.56%, 0, 0, 8, 158.22, 309900, 18082
2055, 0, 1925, 1958, 1910, 477, 13.56%, 0, 0, 8, 157.81, 310719, 18088
2060, 0, 1925, 1963, 1915, 477, 13.57%, 0, 0, 8, 157.06, 311523, 18099
2065, 0, 1925, 1965, 1917, 477, 13.58%, 0, 0, 8, 158.04, 312327, 18109
2070, 0, 1925, 1966, 1918, 477, 13.58%, 0, 0, 8, 158.19, 313125, 18109
2075, 0, 1925, 1968, 1920, 477, 13.58%, 0, 0, 8, 158.35, 313929, 18110
2080, 0, 1925, 1969, 1921, 477, 13.59%, 0, 0, 8, 158.26, 314721, 18133
2085, 0, 1925, 1973, 1925, 477, 13.60%, 0, 0, 8, 158.18, 315522, 18139
2090, 0, 1925, 1976, 1928, 477, 13.60%, 0, 0, 8, 158.17, 316329, 18140
2095, 0, 1925, 1977, 1929, 477, 13.60%, 0, 0, 8, 158.12, 317121, 18140
2100, 0, 1925, 1979, 1931, 477, 13.60%, 0, 0, 8, 155.05, 317907, 18147
2105, 0, 1925, 1981, 1933, 477, 13.60%, 0, 0, 8, 157.50, 318699, 18148
2111, 0, 1925, 1985, 1937, 477, 13.61%, 0, 0, 8, 158.10, 319509, 18151
2116, 0, 1925, 1986, 1938, 477, 13.61%, 0, 0, 8, 158.29, 320301, 18151
2121, 0, 1925, 1987, 1939, 477, 13.61%, 0, 0, 8, 158.32, 321096, 18158
2126, 0, 1725, 1990, 1940, 487, 13.61%, 0, 0, 8, 157.88, 321892, 18159
2131, 0, 1091, 1991, 1940, 486, 13.61%, 0, 0, 8, 158.77, 322690, 18159
2136, 0, 1091, 1997, 1946, 486, 13.65%, 0, 0, 8, 158.80, 323496, 18206
2141, 0, 1091, 2005, 1954, 486, 13.66%, 0, 0, 8, 158.80, 324318, 18220
2146, 0, 1091, 2007, 1956, 486, 13.66%, 0, 0, 8, 158.97, 325143, 18220
2151, 0, 1091, 2012, 1961, 486, 13.71%, 0, 0, 8, 158.95, 325968, 18292
2156, 0, 1091, 2014, 1963, 486, 13.74%, 0, 0, 8, 159.02, 326793, 18326
2161, 0, 1091, 2016, 1965, 486, 13.74%, 0, 0, 8, 159.10, 327594, 18326
2167, 0, 1091, 2019, 1968, 486, 13.74%, 0, 0, 8, 159.12, 328419, 18326
2172, 0, 1091, 2021, 1970, 486, 13.74%, 0, 0, 8, 159.08, 329244, 18332
2177, 0, 1091, 2022, 1971, 486, 13.74%, 0, 0, 8, 159.07, 330045, 18332
2182, 0, 1091, 2025, 1974, 486, 13.74%, 0, 0, 8, 159.14, 330858, 18335
2187, 0, 1091, 2030, 1979, 486, 13.75%, 0, 0, 8, 158.97, 331662, 18347
2192, 0, 1091, 2031, 1980, 486, 13.75%, 0, 0, 8, 159.03, 332487, 18348
2197, 0, 1091, 2034, 1983, 486, 13.76%, 0, 0, 8, 159.01, 333300, 18350
2202, 0, 1091, 2036, 1985, 486, 13.76%, 0, 0, 8, 159.06, 334116, 18353
2208, 0, 1091, 2036, 1985, 486, 13.76%, 0, 0, 8, 159.19, 334941, 18353
2213, 0, 1091, 2038, 1987, 486, 13.76%, 0, 0, 8, 159.12, 335766, 18354
2218, 0, 285, 2040, 1987, 491, 13.76%, 0, 0, 8, 157.11, 336580, 18355
2223, 0, 259, 2043, 1989, 490, 13.76%, 0, 0, 8, 158.68, 337393, 18355
2228, 0, 2029, 2048, 1993, 489, 13.76%, 0, 0, 8, 158.73, 338209, 18357
2233, 0, 2029, 2050, 1995, 489, 13.76%, 0, 0, 8, 158.85, 339034, 18359
2239, 0, 2029, 2051, 1996, 489, 13.76%, 0, 0, 8, 159.10, 339859, 18360
2244, 0, 2029, 2053, 1998, 489, 13.78%, 0, 0, 8, 158.97, 340687, 18379
2249, 0, 2029, 2054, 1999, 489, 13.78%, 0, 0, 8, 159.03, 341512, 18380
2254, 0, 2029, 2056, 2001, 489, 13.78%, 0, 0, 8, 158.97, 342337, 18387
2259, 0, 2029, 2058, 2003, 489, 13.79%, 0, 0, 8, 158.96, 343135, 18392
2264, 0, 2029, 2058, 2003, 489, 13.79%, 0, 0, 8, 159.03, 343960, 18392
2270, 0, 2029, 2060, 2005, 489, 13.79%, 0, 0, 8, 159.05, 344788, 18393
2275, 0, 2029, 2062, 2007, 489, 13.79%, 0, 0, 8, 159.11, 345586, 18395
2280, 0, 2029, 2064, 2009, 489, 13.79%, 0, 0, 8, 159.16, 346411, 18395
2285, 0, 2029, 2064, 2009, 489, 13.79%, 0, 0, 8, 159.17, 347236, 18395
2290, 0, 2029, 2065, 2010, 489, 13.79%, 0, 0, 8, 159.11, 348061, 18395
2295, 0, 2029, 2065, 2010, 489, 13.79%, 0, 0, 8, 159.18, 348886, 18395
2301, 0, 2029, 2065, 2010, 489, 13.79%, 0, 0, 8, 159.18, 349711, 18395
2306, 0, 2029, 2066, 2011, 489, 13.79%, 0, 0, 8, 159.14, 350509, 18398
2311, 0, 2066, 2068, 2011, 493, 13.79%, 0, 0, 8, 158.99, 351311, 18398
2316, 0, 2066, 2072, 2015, 493, 13.79%, 0, 0, 8, 158.90, 352135, 18401
2321, 0, 2066, 2075, 2018, 493, 13.79%, 0, 0, 8, 158.82, 352933, 18401
2326, 0, 2066, 2079, 2022, 493, 13.81%, 0, 0, 8, 158.87, 353749, 18416
2331, 0, 2066, 2082, 2025, 493, 13.82%, 0, 0, 8, 158.86, 354550, 18441
2336, 0, 2066, 2086, 2029, 493, 13.83%, 0, 0, 8, 159.10, 355354, 18443
2341, 0, 2066, 2087, 2030, 493, 13.83%, 0, 0, 8, 159.21, 356182, 18443
2346, 0, 2066, 2089, 2032, 493, 13.83%, 0, 0, 8, 159.19, 357007, 18443
2352, 0, 2066, 2089, 2032, 493, 13.83%, 0, 0, 8, 159.23, 357832, 18443
2357, 0, 2066, 2092, 2035, 493, 13.83%, 0, 0, 8, 159.24, 358657, 18450
2362, 0, 2066, 2094, 2037, 493, 13.83%, 0, 0, 8, 159.17, 359482, 18452
2367, 0, 2066, 2097, 2040, 493, 13.83%, 0, 0, 8, 158.85, 360286, 18454
2372, 0, 2066, 2101, 2044, 493, 13.84%, 0, 0, 8, 158.78, 361090, 18458
2377, 0, 2066, 2103, 2046, 493, 13.84%, 0, 0, 8, 158.79, 361915, 18458
2383, 0, 2066, 2105, 2048, 493, 13.84%, 0, 0, 8, 159.03, 362743, 18459
2388, 0, 2066, 2109, 2052, 493, 13.85%, 0, 0, 8, 158.83, 363541, 18469
2393, 0, 2066, 2112, 2055, 493, 13.85%, 0, 0, 8, 158.84, 364366, 18469
2398, 0, 2109, 2114, 2056, 491, 13.85%, 0, 0, 8, 158.65, 365161, 18469
2403, 0, 2090, 2132, 2073, 490, 13.85%, 0, 0, 8, 158.66, 365962, 18481
2408, 0, 2090, 2141, 2082, 490, 13.87%, 0, 0, 8, 158.95, 366760, 18497
2413, 0, 2090, 2144, 2085, 490, 13.87%, 0, 0, 8, 159.02, 367564, 18499
2418, 0, 2090, 2149, 2090, 490, 13.88%, 0, 0, 8, 159.09, 368392, 18512
2423, 0, 2090, 2154, 2095, 490, 13.88%, 0, 0, 8, 159.02, 369190, 18513
2428, 0, 2090, 2157, 2098, 490, 13.88%, 0, 0, 8, 159.09, 370000, 18513
2433, 0, 2090, 2161, 2102, 490, 13.88%, 0, 0, 8, 159.16, 370804, 18513
2438, 0, 2090, 2166, 2107, 490, 13.88%, 0, 0, 8, 159.16, 371608, 18519
2443, 0, 2090, 2169, 2110, 490, 13.90%, 0, 0, 8, 159.21, 372415, 18543
2448, 0, 2090, 2171, 2112, 490, 13.90%, 0, 0, 8, 159.20, 373216, 18543
2454, 0, 2090, 2172, 2113, 490, 13.90%, 0, 0, 8, 159.21, 374041, 18543
2459, 0, 2090, 2174, 2115, 490, 13.90%, 0, 0, 8, 159.29, 374869, 18545
2464, 0, 2090, 2175, 2116, 490, 13.91%, 0, 0, 8, 159.29, 375694, 18549
2469, 0, 2090, 2178, 2119, 490, 13.91%, 0, 0, 8, 159.20, 376492, 18549
2474, 0, 2090, 2179, 2120, 490, 13.91%, 0, 0, 8, 159.23, 377317, 18551
2479, 0, 2090, 2180, 2121, 490, 13.91%, 0, 0, 8, 159.25, 378118, 18551
2484, 0, 2090, 2180, 2121, 490, 13.91%, 0, 0, 8, 159.23, 378943, 18551
2489, 0, 2090, 2186, 2127, 490, 13.91%, 0, 0, 8, 159.11, 379750, 18552
2495, 0, 2090, 2188, 2129, 490, 13.91%, 0, 0, 8, 159.19, 380551, 18552
2500, 0, 2079, 2193, 2133, 506, 13.93%, 0, 0, 8, 158.61, 381353, 18577
2505, 0, 2079, 2206, 2146, 506, 13.95%, 0, 0, 8, 158.33, 382154, 18614
2510, 0, 2079, 2218, 2158, 506, 13.99%, 0, 0, 8, 158.36, 382967, 18656
2515, 0, 2079, 2223, 2163, 506, 14.01%, 0, 0, 8, 158.47, 383762, 18690
2520, 0, 2079, 2229, 2169, 506, 14.02%, 0, 0, 8, 155.98, 384554, 18699
2525, 0, 2079, 2237, 2177, 506, 14.04%, 0, 0, 8, 157.77, 385376, 18730
2530, 0, 2079, 2243, 2183, 506, 14.06%, 0, 0, 8, 158.37, 386183, 18762
2535, 0, 2079, 2251, 2191, 506, 14.07%, 0, 0, 8, 157.47, 386996, 18766
2540, 0, 2079, 2256, 2196, 506, 14.07%, 0, 0, 8, 156.37, 387797, 18767
2546, 0, 2079, 2258, 2198, 506, 14.09%, 0, 0, 8, 158.08, 388598, 18789
2551, 0, 2079, 2260, 2200, 506, 14.09%, 0, 0, 8, 158.32, 389399, 18790
2556, 0, 2079, 2262, 2202, 506, 14.09%, 0, 0, 8, 158.41, 390224, 18792
2561, 0, 2079, 2266, 2206, 506, 14.09%, 0, 0, 8, 158.26, 391022, 18801
2566, 0, 2079, 2269, 2209, 506, 14.10%, 0, 0, 8, 158.37, 391820, 18803
2571, 0, 2079, 2272, 2212, 506, 14.10%, 0, 0, 8, 158.38, 392612, 18804
2576, 0, 2079, 2276, 2216, 506, 14.10%, 0, 0, 8, 158.40, 393407, 18811
2581, 0, 2079, 2280, 2220, 506, 14.10%, 0, 0, 8, 158.31, 394217, 18811
2586, 0, 2079, 2285, 2225, 506, 14.10%, 0, 0, 8, 158.28, 395009, 18812
2591, 0, 2089, 2286, 2224, 533, 14.10%, 0, 0, 8, 158.52, 395834, 18812
2596, 0, 2089, 2289, 2227, 533, 14.10%, 0, 0, 8, 158.65, 396638, 18812
2601, 0, 2089, 2291, 2229, 533, 14.10%, 0, 0, 8, 158.67, 397463, 18814
2607, 0, 2089, 2292, 2230, 533, 14.10%, 0, 0, 8, 158.71, 398288, 18814
2612, 0, 2089, 2292, 2230, 533, 14.10%, 0, 0, 8, 158.70, 399113, 18814
2617, 0, 2089, 2295, 2233, 533, 14.10%, 0, 0, 8, 158.66, 399923, 18814
2622, 0, 2089, 2296, 2234, 533, 14.10%, 0, 0, 8, 158.75, 400748, 18814
2627, 0, 2089, 2296, 2234, 533, 14.10%, 0, 0, 8, 158.80, 401573, 18814
2633, 0, 2089, 2296, 2234, 533, 14.10%, 0, 0, 8, 158.72, 402398, 18814
2638, 0, 2089, 2299, 2237, 533, 14.10%, 0, 0, 8, 158.80, 403214, 18814
2643, 0, 2089, 2299, 2237, 533, 14.10%, 0, 0, 8, 158.81, 404039, 18814
2648, 0, 2089, 2299, 2237, 533, 14.10%, 0, 0, 8, 158.90, 404864, 18814
2653, 0, 2089, 2299, 2237, 533, 14.10%, 0, 0, 8, 158.88, 405689, 18814
2658, 0, 2089, 2299, 2237, 533, 14.10%, 0, 0, 8, 158.99, 406514, 18814
2664, 0, 2089, 2299, 2237, 533, 14.10%, 0, 0, 8, 159.03, 407339, 18814
2669, 0, 2089, 2299, 2237, 533, 14.10%, 0, 0, 8, 158.95, 408164, 18814
2674, 0, 2089, 2299, 2237, 533, 14.10%, 0, 0, 8, 159.00, 408990, 18814
2679, 0, 2261, 2301, 2238, 533, 14.10%, 0, 0, 8, 158.48, 409790, 18814
2684, 0, 1841, 2301, 2236, 531, 14.10%, 0, 0, 8, 156.64, 410582, 18814
2689, 0, 1841, 2303, 2238, 531, 14.11%, 0, 0, 8, 157.63, 411385, 18822
2694, 0, 1841, 2305, 2240, 531, 14.11%, 0, 0, 8, 157.44, 412177, 18822
2699, 0, 1841, 2305, 2240, 531, 14.11%, 0, 0, 8, 157.69, 412969, 18822
2704, 0, 1841, 2306, 2241, 531, 14.11%, 0, 0, 8, 157.39, 413770, 18822
2709, 0, 1841, 2306, 2241, 531, 14.11%, 0, 0, 8, 157.54, 414562, 18822
2714, 0, 1841, 2306, 2241, 531, 14.11%, 0, 0, 8, 157.67, 415354, 18822
2720, 0, 1841, 2307, 2242, 531, 14.11%, 0, 0, 8, 157.17, 416146, 18822
2725, 0, 1841, 2309, 2244, 531, 14.11%, 0, 0, 8, 157.56, 416938, 18828
2730, 0, 1841, 2310, 2245, 531, 14.11%, 0, 0, 8, 157.78, 417730, 18828
2735, 0, 1841, 2311, 2246, 531, 14.11%, 0, 0, 8, 157.55, 418522, 18828
2740, 0, 1841, 2312, 2247, 531, 14.11%, 0, 0, 8, 157.38, 419314, 18828
2745, 0, 1841, 2314, 2249, 531, 14.11%, 0, 0, 8, 157.50, 420109, 18828
2750, 0, 1841, 2314, 2249, 531, 14.11%, 0, 0, 8, 157.77, 420901, 18828
2755, 0, 1841, 2314, 2249, 531, 14.11%, 0, 0, 8, 157.51, 421693, 18828
2760, 0, 1841, 2314, 2249, 531, 14.11%, 0, 0, 8, 157.72, 422485, 18828
2765, 0, 1841, 2315, 2250, 531, 14.12%, 0, 0, 8, 157.72, 423280, 18832
2770, 0, 1841, 2316, 2251, 531, 14.12%, 0, 0, 8, 157.37, 424072, 18832
2775, 0, 2200, 2317, 2250, 535, 14.12%, 0, 0, 8, 158.31, 424871, 18832
2780, 0, 757, 2317, 2249, 534, 14.12%, 0, 0, 8, 158.64, 425669, 18832
2785, 0, 2092, 2319, 2250, 531, 14.12%, 0, 0, 8, 158.88, 426474, 18832
2790, 0, 2284, 2328, 2258, 531, 14.12%, 0, 0, 8, 158.17, 427294, 18836
2795, 0, 2284, 2334, 2264, 531, 14.14%, 0, 0, 8, 157.89, 428104, 18859
2800, 0, 2284, 2336, 2266, 531, 14.14%, 0, 0, 8, 157.92, 428908, 18859
2805, 0, 2284, 2342, 2272, 531, 14.16%, 0, 0, 8, 155.72, 429700, 18888
2811, 0, 2284, 2346, 2276, 531, 14.16%, 0, 0, 8, 157.52, 430501, 18890
2816, 0, 2284, 2351, 2281, 531, 14.16%, 0, 0, 8, 157.69, 431293, 18892
2821, 0, 2284, 2351, 2281, 531, 14.16%, 0, 0, 8, 157.84, 432085, 18892
2826, 0, 2284, 2354, 2284, 531, 14.17%, 0, 0, 8, 157.96, 432877, 18898
2831, 0, 2284, 2359, 2289, 531, 14.17%, 0, 0, 8, 157.78, 433675, 18901
2836, 0, 2284, 2361, 2291, 531, 14.17%, 0, 0, 8, 156.20, 434452, 18902
2841, 0, 2284, 2362, 2292, 531, 14.18%, 0, 0, 8, 157.67, 435244, 18918
2846, 0, 2284, 2364, 2294, 531, 14.18%, 0, 0, 8, 157.75, 436036, 18918
2851, 0, 2284, 2366, 2296, 531, 14.18%, 0, 0, 8, 157.91, 436834, 18919
2856, 0, 2284, 2370, 2300, 531, 14.19%, 0, 0, 8, 157.99, 437644, 18923
2861, 0, 2284, 2372, 2302, 531, 14.19%, 0, 0, 8, 158.12, 438436, 18925
2866, 0, 2284, 2377, 2307, 531, 14.19%, 0, 0, 8, 157.70, 439234, 18926
2871, 0, 2284, 2379, 2309, 531, 14.19%, 0, 0, 8, 157.96, 440044, 18927
2876, 0, 2284, 2382, 2312, 531, 14.19%, 0, 0, 8, 158.05, 440848, 18929
2881, 0, 2229, 2391, 2319, 539, 14.19%, 0, 0, 8, 157.94, 441658, 18935
2886, 0, 2229, 2398, 2326, 539, 14.20%, 0, 0, 8, 158.19, 442480, 18938
2892, 0, 2229, 2403, 2331, 539, 14.20%, 0, 0, 8, 158.26, 443290, 18942
2897, 0, 2229, 2408, 2336, 539, 14.21%, 0, 0, 8, 158.31, 444100, 18952
2902, 0, 2229, 2415, 2343, 539, 14.21%, 0, 0, 8, 158.21, 444904, 18952
2907, 0, 2229, 2419, 2347, 539, 14.21%, 0, 0, 8, 158.41, 445720, 18954
2912, 0, 2229, 2423, 2351, 539, 14.21%, 0, 0, 8, 158.33, 446521, 18954
2917, 0, 2229, 2426, 2354, 539, 14.21%, 0, 0, 8, 158.40, 447328, 18955
2922, 0, 2229, 2427, 2355, 539, 14.21%, 0, 0, 8, 158.46, 448132, 18956
2927, 0, 2229, 2428, 2356, 539, 14.21%, 0, 0, 8, 158.47, 448957, 18956
2933, 0, 2229, 2430, 2358, 539, 14.21%, 0, 0, 8, 156.29, 449755, 18958
2938, 0, 2229, 2438, 2366, 539, 14.21%, 0, 0, 8, 157.70, 450568, 18959
2943, 0, 2229, 2438, 2366, 539, 14.21%, 0, 0, 8, 158.24, 451360, 18959
2948, 0, 2229, 2439, 2367, 539, 14.21%, 0, 0, 8, 158.40, 452185, 18960
2953, 0, 2229, 2443, 2371, 539, 14.22%, 0, 0, 8, 158.37, 452998, 18967
2958, 0, 2229, 2446, 2374, 539, 14.22%, 0, 0, 8, 158.30, 453802, 18973
2963, 0, 2229, 2449, 2377, 539, 14.23%, 0, 0, 8, 158.39, 454603, 18977
2968, 0, 2229, 2456, 2384, 539, 14.23%, 0, 0, 8, 155.78, 455383, 18977
2973, 0, 2229, 2461, 2389, 539, 14.23%, 0, 0, 8, 156.51, 456181, 18983
2978, 0, 2349, 2461, 2388, 553, 14.23%, 0, 0, 8, 155.84, 456967, 18983
2983, 0, 2349, 2464, 2391, 553, 14.24%, 0, 0, 9, 156.24, 457758, 18996
2988, 0, 2349, 2466, 2393, 553, 14.24%, 0, 0, 9, 157.39, 458559, 18999
2994, 0, 2349, 2469, 2396, 553, 14.25%, 0, 0, 9, 157.69, 459360, 19005
2999, 0, 2349, 2469, 2396, 553, 14.25%, 0, 0, 9, 157.90, 460152, 19005
3004, 0, 2349, 2473, 2400, 553, 14.26%, 0, 0, 9, 157.88, 460971, 19019
3009, 0, 2349, 2473, 2400, 553, 14.26%, 0, 0, 9, 158.06, 461763, 19019
3014, 0, 2349, 2473, 2400, 553, 14.26%, 0, 0, 9, 158.16, 462555, 19019
3019, 0, 2349, 2475, 2402, 553, 14.28%, 0, 0, 9, 157.98, 463347, 19044
3024, 0, 2349, 2475, 2402, 553, 14.28%, 0, 0, 9, 158.05, 464139, 19044
3029, 0, 2349, 2475, 2402, 553, 14.28%, 0, 0, 9, 157.91, 464931, 19044
3034, 0, 2349, 2476, 2403, 553, 14.28%, 0, 0, 9, 158.02, 465735, 19044
3039, 0, 2349, 2477, 2404, 553, 14.28%, 0, 0, 9, 158.01, 466527, 19044
3044, 0, 2349, 2477, 2404, 553, 14.28%, 0, 0, 9, 158.31, 467331, 19044
3049, 0, 2145, 2483, 2408, 557, 14.28%, 0, 0, 9, 158.49, 468127, 19049
3054, 0, 2145, 2490, 2415, 557, 14.29%, 0, 0, 9, 158.48, 468928, 19060
3059, 0, 2145, 2491, 2416, 557, 14.29%, 0, 0, 9, 158.73, 469753, 19060
3064, 0, 2145, 2493, 2418, 557, 14.29%, 0, 0, 9, 158.67, 470578, 19062
3070, 0, 2145, 2493, 2418, 557, 14.29%, 0, 0, 9, 158.66, 471403, 19062
3075, 0, 2145, 2497, 2422, 557, 14.29%, 0, 0, 9, 158.43, 472204, 19067
3080, 0, 2145, 2498, 2423, 557, 14.29%, 0, 0, 9, 158.80, 473029, 19067
3085, 0, 2145, 2499, 2424, 557, 14.29%, 0, 0, 9, 158.91, 473854, 19067
3090, 0, 2145, 2502, 2427, 557, 14.29%, 0, 0, 9, 158.85, 474655, 19068
3095, 0, 2145, 2503, 2428, 557, 14.29%, 0, 0, 9, 158.71, 475459, 19068
3100, 0, 2145, 2506, 2431, 557, 14.29%, 0, 0, 9, 158.81, 476263, 19068
3105, 0, 2145, 2507, 2432, 557, 14.29%, 0, 0, 9, 158.94, 477067, 19068
3111, 0, 2145, 2507, 2432, 557, 14.29%, 0, 0, 9, 158.98, 477892, 19068
3116, 0, 2145, 2508, 2433, 557, 14.29%, 0, 0, 9, 158.94, 478696, 19068
3121, 0, 2145, 2509, 2434, 557, 14.30%, 0, 0, 9, 158.97, 479500, 19070
3126, 0, 2145, 2510, 2435, 557, 14.30%, 0, 0, 9, 158.90, 480325, 19070
3131, 0, 2145, 2512, 2437, 557, 14.30%, 0, 0, 9, 158.94, 481126, 19071
3136, 0, 2343, 2515, 2438, 563, 14.30%, 0, 0, 9, 158.20, 481927, 19074
3141, 0, 2343, 2520, 2443, 563, 14.30%, 0, 0, 9, 157.84, 482728, 19076
3146, 0, 2343, 2521, 2444, 563, 14.30%, 0, 0, 9, 157.98, 483520, 19076
3151, 0, 2343, 2522, 2445, 563, 14.30%, 0, 0, 9, 157.61, 484315, 19076
3156, 0, 2343, 2527, 2450, 563, 14.30%, 0, 0, 9, 157.70, 485119, 19080
3161, 0, 2343, 2530, 2453, 563, 14.32%, 0, 0, 9, 157.57, 485914, 19099
3166, 0, 2343, 2530, 2453, 563, 14.32%, 0, 0, 9, 157.78, 486706, 19099
3171, 0, 2343, 2530, 2453, 563, 14.32%, 0, 0, 9, 157.93, 487498, 19099
3176, 0, 2343, 2531, 2454, 563, 14.32%, 0, 0, 9, 157.99, 488293, 19102
3181, 0, 2343, 2533, 2456, 563, 14.32%, 0, 0, 9, 157.72, 489085, 19103
3186, 0, 2343, 2533, 2456, 563, 14.32%, 0, 0, 9, 157.81, 489877, 19103
3191, 0, 2343, 2535, 2458, 563, 14.32%, 0, 0, 9, 157.74, 490669, 19107
3196, 0, 2343, 2537, 2460, 563, 14.33%, 0, 0, 9, 157.48, 491461, 19109
3201, 0, 2343, 2542, 2465, 563, 14.34%, 0, 0, 9, 157.08, 492249, 19131
3207, 0, 2343, 2546, 2469, 563, 14.35%, 0, 0, 9, 158.18, 493074, 19145
3212, 0, 1962, 2557, 2479, 574, 14.36%, 0, 0, 9, 156.26, 493879, 19149
3217, 0, 1962, 2567, 2489, 574, 14.37%, 0, 0, 9, 157.30, 494692, 19168
3222, 0, 1962, 2572, 2494, 574, 14.37%, 0, 0, 9, 156.17, 495490, 19172
3227, 0, 1962, 2578, 2500, 574, 14.38%, 0, 0, 9, 157.35, 496300, 19178
3232, 0, 1962, 2578, 2500, 574, 14.38%, 0, 0, 9, 157.78, 497092, 19178
3237, 0, 1962, 2579, 2501, 574, 14.38%, 0, 0, 9, 157.80, 497890, 19178
3242, 0, 1962, 2580, 2502, 574, 14.38%, 0, 0, 9, 158.01, 498691, 19179
3247, 0, 1962, 2583, 2505, 574, 14.38%, 0, 0, 9, 158.06, 499483, 19183
3252, 0, 1962, 2588, 2510, 574, 14.38%, 0, 0, 9, 157.89, 500287, 19184
3258, 0, 1962, 2591, 2513, 574, 14.38%, 0, 0, 9, 157.22, 501079, 19186
3263, 0, 1962, 2596, 2518, 574, 14.38%, 0, 0, 9, 156.95, 501886, 19186
3268, 0, 1962, 2597, 2519, 574, 14.38%, 0, 0, 9, 157.53, 502678, 19187
3273, 0, 1962, 2600, 2522, 574, 14.39%, 0, 0, 9, 156.38, 503470, 19196
3278, 0, 1962, 2602, 2524, 574, 14.40%, 0, 0, 9, 157.49, 504274, 19206
3283, 0, 2479, 2604, 2524, 585, 14.40%, 0, 0, 9, 157.45, 505068, 19206
3288, 0, 2479, 2608, 2528, 585, 14.40%, 0, 0, 9, 158.57, 505893, 19207
3293, 0, 2479, 2615, 2535, 585, 14.40%, 0, 0, 9, 158.66, 506718, 19208
3298, 0, 2479, 2618, 2538, 585, 14.40%, 0, 0, 9, 158.68, 507513, 19208
3303, 0, 2479, 2622, 2542, 585, 14.40%, 0, 0, 9, 158.65, 508311, 19208
3309, 0, 2479, 2623, 2543, 585, 14.40%, 0, 0, 9, 158.73, 509136, 19208
3314, 0, 2479, 2627, 2547, 585, 14.41%, 0, 0, 9, 158.72, 509937, 19217
3319, 0, 2479, 2630, 2550, 585, 14.41%, 0, 0, 9, 158.89, 510747, 19217
3324, 0, 2479, 2632, 2552, 585, 14.41%, 0, 0, 9, 158.71, 511545, 19217
3329, 0, 2479, 2634, 2554, 585, 14.41%, 0, 0, 9, 158.44, 512370, 19218
3334, 0, 2479, 2636, 2556, 585, 14.41%, 0, 0, 9, 158.65, 513195, 19218
3339, 0, 2479, 2641, 2561, 585, 14.41%, 0, 0, 9, 158.40, 514020, 19219
3344, 0, 2479, 2646, 2566, 585, 14.41%, 0, 0, 9, 158.45, 514824, 19220
3349, 0, 2447, 2646, 2564, 587, 14.41%, 0, 0, 9, 158.24, 515627, 19220
3355, 0, 2447, 2652, 2570, 587, 14.41%, 0, 0, 9, 157.94, 516438, 19226
3360, 0, 2447, 2657, 2575, 587, 14.41%, 0, 0, 9, 157.98, 517242, 19227
3365, 0, 2447, 2661, 2579, 587, 14.42%, 0, 0, 9, 158.14, 518043, 19233
3370, 0, 2447, 2664, 2582, 587, 14.42%, 0, 0, 9, 158.16, 518850, 19234
3375, 0, 2447, 2669, 2587, 587, 14.42%, 0, 0, 9, 158.23, 519657, 19238
3380, 0, 2447, 2677, 2595, 587, 14.43%, 0, 0, 9, 158.11, 520473, 19245
3385, 0, 2447, 2681, 2599, 587, 14.43%, 0, 0, 9, 158.13, 521265, 19246
3390, 0, 2447, 2681, 2599, 587, 14.43%, 0, 0, 9, 158.22, 522057, 19246
3395, 0, 2447, 2682, 2600, 587, 14.43%, 0, 0, 9, 158.20, 522849, 19251
3400, 0, 2447, 2685, 2603, 587, 14.43%, 0, 0, 9, 158.20, 523659, 19253
3405, 0, 2447, 2688, 2606, 587, 14.43%, 0, 0, 9, 158.24, 524463, 19253
3410, 0, 2447, 2688, 2606, 587, 14.43%, 0, 0, 9, 158.19, 525255, 19253
3415, 0, 2447, 2690, 2608, 587, 14.43%, 0, 0, 9, 158.16, 526053, 19253
3421, 0, 2589, 2692, 2609, 598, 14.44%, 0, 0, 10, 157.53, 526870, 19260
3426, 0, 2589, 2696, 2613, 598, 14.44%, 0, 0, 10, 157.18, 527689, 19267
3431, 0, 2589, 2698, 2615, 598, 14.44%, 0, 0, 10, 156.83, 528478, 19267
3436, 0, 2589, 2699, 2616, 598, 14.44%, 0, 0, 10, 157.74, 529282, 19267
3441, 0, 2589, 2699, 2616, 598, 14.44%, 0, 0, 10, 157.86, 530074, 19267
3446, 0, 2589, 2700, 2617, 598, 14.44%, 0, 0, 10, 158.05, 530866, 19267
3451, 0, 2589, 2701, 2618, 598, 14.44%, 0, 0, 10, 157.80, 531658, 19267
3456, 0, 2589, 2702, 2619, 598, 14.44%, 0, 0, 10, 157.59, 532450, 19268
3461, 0, 2589, 2704, 2621, 598, 14.45%, 0, 0, 10, 156.93, 533236, 19271
3466, 0, 2589, 2704, 2621, 598, 14.45%, 0, 0, 10, 157.72, 534028, 19271
3471, 0, 2589, 2704, 2621, 598, 14.45%, 0, 0, 10, 158.02, 534820, 19271
3476, 0, 2589, 2707, 2624, 598, 14.45%, 0, 0, 10, 156.26, 535627, 19272
3481, 0, 2589, 2710, 2627, 598, 14.45%, 0, 0, 10, 157.51, 536419, 19273
3486, 0, 2596, 2711, 2627, 603, 14.45%, 0, 0, 10, 156.79, 537210, 19273
3491, 0, 2596, 2715, 2631, 603, 14.45%, 0, 0, 10, 157.23, 537999, 19280
3496, 0, 2596, 2717, 2633, 603, 14.45%, 0, 0, 10, 157.81, 538791, 19280
3501, 0, 2596, 2720, 2636, 603, 14.46%, 0, 0, 10, 157.84, 539592, 19291
3507, 0, 2596, 2722, 2638, 603, 14.46%, 0, 0, 10, 157.39, 540384, 19293
3512, 0, 2596, 2722, 2638, 603, 14.46%, 0, 0, 10, 157.45, 541173, 19293
3517, 0, 2596, 2723, 2639, 603, 14.46%, 0, 0, 10, 157.79, 541965, 19293
3522, 0, 2596, 2727, 2643, 603, 14.46%, 0, 0, 10, 156.38, 542775, 19295
3527, 0, 2596, 2730, 2646, 603, 14.46%, 0, 0, 10, 157.28, 543567, 19295
3532, 0, 2596, 2731, 2647, 603, 14.46%, 0, 0, 10, 156.89, 544371, 19295
3537, 0, 2596, 2732, 2648, 603, 14.46%, 0, 0, 10, 157.53, 545163, 19295
3542, 0, 2596, 2734, 2650, 603, 14.46%, 0, 0, 10, 157.75, 545970, 19295
3547, 0, 2596, 2735, 2651, 603, 14.46%, 0, 0, 10, 157.96, 546765, 19295
3552, 0, 2596, 2737, 2653, 603, 14.47%, 0, 0, 10, 157.93, 547562, 19299
3557, 0, 577, 2739, 2653, 608, 14.47%, 0, 0, 10, 158.49, 548362, 19302
3562, 0, 2728, 2750, 2663, 607, 14.47%, 0, 0, 11, 157.92, 549162, 19305
3567, 0, 2728, 2757, 2670, 607, 14.48%, 0, 0, 11, 157.08, 549948, 19314
3572, 0, 2728, 2762, 2675, 607, 14.48%, 0, 0, 11, 157.82, 550755, 19314
3577, 0, 2728, 2765, 2678, 607, 14.48%, 0, 0, 11, 157.81, 551547, 19314
3583, 0, 2728, 2767, 2680, 607, 14.48%, 0, 0, 11, 157.82, 552354, 19315
3588, 0, 2728, 2774, 2687, 607, 14.48%, 0, 0, 11, 155.79, 553158, 19319
3593, 0, 2728, 2776, 2689, 607, 14.48%, 0, 0, 11, 157.60, 553950, 19319
3598, 0, 2728, 2778, 2691, 607, 14.48%, 0, 0, 11, 157.40, 554751, 19319
3603, 0, 2728, 2780, 2693, 607, 14.48%, 0, 0, 11, 157.88, 555555, 19319
3608, 0, 2728, 2780, 2693, 607, 14.48%, 0, 0, 11, 157.84, 556347, 19319
3613, 0, 2728, 2780, 2693, 607, 14.48%, 0, 0, 11, 158.04, 557139, 19319
3618, 0, 2728, 2783, 2696, 607, 14.48%, 0, 0, 11, 156.99, 557940, 19319
3623, 0, 2728, 2785, 2698, 607, 14.48%, 0, 0, 11, 157.73, 558753, 19319
3628, 0, 2728, 2791, 2704, 607, 14.50%, 0, 0, 11, 157.76, 559559, 19348
3634, 0, 2728, 2798, 2711, 607, 14.50%, 0, 0, 11, 155.30, 560358, 19348
3639, 0, 2790, 2802, 2714, 609, 14.50%, 0, 0, 11, 157.19, 561156, 19348
3644, 0, 2428, 2803, 2714, 608, 14.51%, 0, 0, 11, 158.77, 561983, 19350
3649, 0, 2755, 2803, 2713, 608, 14.51%, 0, 0, 11, 158.36, 562787, 19350
3654, 0, 2755, 2809, 2719, 608, 14.51%, 0, 0, 12, 157.70, 563602, 19353
3659, 0, 2755, 2816, 2726, 608, 14.51%, 0, 0, 12, 153.62, 564379, 19361
3664, 0, 2811, 2818, 2727, 606, 14.51%, 0, 0, 12, 155.43, 565156, 19361
3669, 0, 2799, 2819, 2726, 604, 14.51%, 0, 0, 12, 158.24, 565956, 19361
3674, 0, 2799, 2822, 2729, 604, 14.51%, 0, 0, 12, 158.35, 566781, 19361
3679, 0, 2799, 2822, 2729, 604, 14.51%, 0, 0, 12, 158.34, 567573, 19361
3684, 0, 2799, 2823, 2730, 604, 14.51%, 0, 0, 12, 158.72, 568377, 19361
3689, 0, 2799, 2823, 2730, 604, 14.51%, 0, 0, 12, 158.36, 569169, 19361
3695, 0, 2799, 2823, 2730, 604, 14.51%, 0, 0, 12, 158.94, 569994, 19361
3700, 0, 2799, 2824, 2731, 604, 14.51%, 0, 0, 12, 158.56, 570789, 19361
3705, 0, 2799, 2825, 2732, 604, 14.51%, 0, 0, 12, 157.85, 571581, 19361
3710, 0, 2799, 2828, 2735, 604, 14.51%, 0, 0, 12, 158.17, 572385, 19362
3715, 0, 2799, 2829, 2736, 604, 14.51%, 0, 0, 12, 157.31, 573177, 19362
3720, 0, 2799, 2830, 2737, 604, 14.51%, 0, 0, 12, 158.39, 574002, 19362
3725, 0, 2799, 2831, 2738, 604, 14.51%, 0, 0, 12, 158.75, 574827, 19362
3730, 0, 2799, 2832, 2739, 604, 14.51%, 0, 0, 12, 158.36, 575624, 19362
3735, 0, 2353, 2833, 2738, 603, 14.51%, 0, 0, 12, 158.34, 576420, 19362
3740, 0, 2353, 2842, 2747, 603, 14.52%, 0, 0, 12, 154.78, 577219, 19372
3746, 0, 2353, 2843, 2748, 603, 14.52%, 0, 0, 12, 157.18, 578023, 19375
3751, 0, 2353, 2847, 2752, 603, 14.53%, 0, 0, 12, 157.82, 578821, 19377
3756, 0, 2353, 2852, 2757, 603, 14.53%, 0, 0, 12, 157.85, 579637, 19377
3761, 0, 2353, 2854, 2759, 603, 14.53%, 0, 0, 12, 157.63, 580438, 19377
3766, 0, 2353, 2855, 2760, 603, 14.53%, 0, 0, 12, 155.20, 581218, 19377
3771, 0, 2353, 2857, 2762, 603, 14.53%, 0, 0, 12, 157.46, 582013, 19377
3776, 0, 2353, 2860, 2765, 603, 14.58%, 0, 0, 12, 157.96, 582808, 19450
3781, 0, 2353, 2861, 2766, 603, 14.58%, 0, 0, 12, 157.87, 583600, 19454
3786, 0, 2353, 2862, 2767, 603, 14.58%, 0, 0, 12, 157.27, 584404, 19454
3791, 0, 2353, 2866, 2771, 603, 14.59%, 0, 0, 12, 157.83, 585199, 19456
3796, 0, 2353, 2868, 2773, 603, 14.59%, 0, 0, 12, 156.09, 586003, 19461
3801, 0, 2353, 2869, 2774, 603, 14.59%, 0, 0, 12, 157.76, 586802, 19461
3806, 0, 2823, 2870, 2774, 614, 14.59%, 0, 0, 12, 156.72, 587580, 19461
3812, 0, 2543, 2873, 2776, 614, 14.59%, 0, 0, 13, 155.43, 588370, 19462
3817, 0, 2543, 2876, 2779, 614, 14.59%, 0, 0, 13, 157.73, 589163, 19465
3822, 0, 2543, 2882, 2785, 614, 14.59%, 0, 0, 13, 157.64, 589955, 19467
3827, 0, 2543, 2886, 2789, 614, 14.60%, 0, 0, 13, 155.62, 590753, 19470
3832, 0, 2543, 2887, 2790, 614, 14.60%, 0, 0, 13, 157.91, 591578, 19471
3837, 0, 2543, 2892, 2795, 614, 14.60%, 0, 0, 13, 158.23, 592376, 19480
3842, 0, 2543, 2893, 2796, 614, 14.60%, 0, 0, 13, 158.34, 593168, 19481
3847, 0, 2543, 2895, 2798, 614, 14.61%, 0, 0, 13, 158.44, 593963, 19484
3852, 0, 2543, 2896, 2799, 614, 14.61%, 0, 0, 13, 158.39, 594761, 19484
3857, 0, 2543, 2897, 2800, 614, 14.61%, 0, 0, 13, 158.52, 595586, 19484
3862, 0, 2543, 2898, 2801, 614, 14.61%, 0, 0, 13, 158.35, 596378, 19484
3867, 0, 2543, 2899, 2802, 614, 14.61%, 0, 0, 13, 157.46, 597167, 19484
3872, 0, 2543, 2900, 2803, 614, 14.61%, 0, 0, 13, 157.72, 597959, 19486
3877, 0, 2543, 2900, 2803, 614, 14.61%, 0, 0, 13, 157.91, 598758, 19486
3882, 0, 2463, 2902, 2804, 619, 14.61%, 0, 0, 13, 158.08, 599549, 19488
3887, 0, 2463, 2903, 2805, 619, 14.61%, 0, 0, 13, 157.57, 600338, 19488
3892, 0, 1861, 2905, 2806, 618, 14.61%, 0, 0, 13, 157.37, 601126, 19488
3898, 0, 1727, 2905, 2805, 617, 14.61%, 0, 0, 13, 158.52, 601949, 19488
3903, 0, 1866, 2906, 2805, 617, 14.61%, 0, 0, 13, 158.40, 602772, 19493
3908, 0, 2628, 2908, 2805, 616, 14.62%, 0, 0, 13, 158.55, 603572, 19500
3913, 0, 2628, 2912, 2809, 616, 14.62%, 0, 0, 13, 159.08, 604369, 19505
3918, 0, 2628, 2912, 2809, 616, 14.62%, 0, 0, 13, 159.32, 605194, 19505
3923, 0, 2628, 2913, 2810, 616, 14.62%, 0, 0, 13, 159.37, 606019, 19505
3928, 0, 2628, 2916, 2813, 616, 14.62%, 0, 0, 13, 159.20, 606820, 19506
3933, 0, 2628, 2917, 2814, 616, 14.62%, 0, 0, 13, 159.27, 607648, 19506
3939, 0, 2628, 2918, 2815, 616, 14.62%, 0, 0, 13, 159.28, 608473, 19506
3944, 0, 2628, 2919, 2816, 616, 14.62%, 0, 0, 13, 159.11, 609274, 19506
3949, 0, 2628, 2920, 2817, 616, 14.62%, 0, 0, 13, 159.14, 610099, 19506
3954, 0, 2628, 2921, 2818, 616, 14.62%, 0, 0, 13, 159.19, 610903, 19506
3959, 0, 2628, 2921, 2818, 616, 14.62%, 0, 0, 13, 159.20, 611728, 19506
3964, 0, 2628, 2921, 2818, 616, 14.62%, 0, 0, 13, 159.01, 612553, 19506
3969, 0, 2628, 2923, 2820, 616, 14.62%, 0, 0, 13, 159.00, 613378, 19507
3974, 0, 1894, 2923, 2819, 619, 14.62%, 0, 0, 13, 158.25, 614182, 19507
3980, 0, 2923, 2925, 2820, 619, 14.62%, 0, 0, 13, 157.63, 615003, 19507
3985, 0, 1851, 2925, 2819, 618, 14.62%, 0, 0, 13, 157.68, 615798, 19507
3990, 0, 2480, 2927, 2820, 617, 14.62%, 0, 0, 13, 158.45, 616601, 19507
3995, 0, 2574, 2930, 2822, 616, 14.62%, 0, 0, 13, 158.33, 617397, 19508
4000, 0, 2574, 2933, 2825, 616, 14.63%, 0, 0, 13, 157.04, 618195, 19511
4005, 0, 2574, 2936, 2828, 616, 14.63%, 0, 0, 13, 157.25, 619005, 19514
4010, 0, 2574, 2940, 2832, 616, 14.63%, 0, 0, 13, 158.12, 619806, 19514
4015, 0, 2574, 2942, 2834, 616, 14.63%, 0, 0, 13, 158.05, 620604, 19518
4020, 0, 2574, 2942, 2834, 616, 14.63%, 0, 0, 13, 157.60, 621396, 19518
4025, 0, 2574, 2945, 2837, 616, 14.64%, 0, 0, 13, 157.01, 622191, 19523
4030, 0, 2574, 2948, 2840, 616, 14.64%, 0, 0, 13, 157.62, 622983, 19525
4035, 0, 2574, 2948, 2840, 616, 14.64%, 0, 0, 13, 158.13, 623775, 19525
4040, 0, 2574, 2948, 2840, 616, 14.64%, 0, 0, 13, 158.13, 624567, 19525
4045, 0, 2574, 2949, 2841, 616, 14.64%, 0, 0, 13, 157.22, 625353, 19530
4050, 0, 2574, 2949, 2841, 616, 14.64%, 0, 0, 13, 157.68, 626145, 19530
4055, 0, 2574, 2950, 2842, 616, 14.64%, 0, 0, 13, 157.36, 626937, 19532
4060, 0, 2941, 2951, 2842, 625, 14.64%, 0, 0, 13, 157.50, 627733, 19532
4066, 0, 2022, 2951, 2841, 624, 14.64%, 0, 0, 13, 158.54, 628559, 19532
4071, 0, 2544, 2951, 2840, 623, 14.64%, 0, 0, 13, 158.43, 629358, 19532
4076, 0, 2235, 2953, 2841, 622, 14.64%, 0, 0, 13, 158.90, 630166, 19533
4081, 0, 2462, 2957, 2844, 623, 14.66%, 0, 0, 13, 158.37, 630977, 19554
4086, 0, 2462, 2960, 2847, 623, 14.66%, 0, 0, 13, 158.52, 631778, 19556
4091, 0, 2462, 2965, 2852, 623, 14.67%, 0, 0, 13, 157.11, 632576, 19566
4096, 0, 2462, 2966, 2853, 623, 14.67%, 0, 0, 13, 158.07, 633368, 19569
4101, 0, 2462, 2968, 2855, 623, 14.68%, 0, 0, 13, 158.25, 634172, 19576
4106, 0, 2462, 2970, 2857, 623, 14.68%, 0, 0, 13, 158.24, 634964, 19576
4111, 0, 2462, 2972, 2859, 623, 14.68%, 0, 0, 13, 158.24, 635759, 19584
4116, 0, 2462, 2972, 2859, 623, 14.68%, 0, 0, 13, 157.70, 636551, 19584
4121, 0, 2462, 2973, 2860, 623, 14.68%, 0, 0, 13, 158.05, 637352, 19584
4126, 0, 2462, 2974, 2861, 623, 14.68%, 0, 0, 13, 158.48, 638177, 19586
4131, 0, 2462, 2975, 2862, 623, 14.68%, 0, 0, 13, 158.33, 638969, 19586
4136, 0, 2462, 2976, 2863, 623, 14.68%, 0, 0, 13, 157.91, 639767, 19589
4141, 0, 2462, 2977, 2864, 623, 14.69%, 0, 0, 13, 158.28, 640563, 19592
4147, 0, 2462, 2983, 2870, 623, 14.69%, 0, 0, 13, 158.75, 641367, 19592
4152, 0, 2462, 2987, 2874, 623, 14.69%, 0, 0, 13, 158.67, 642175, 19592
4157, 0, 2254, 2987, 2872, 630, 14.69%, 0, 0, 13, 114.90, 642741, 19592
4162, 0, 2862, 2990, 2874, 629, 14.72%, 0, 0, 13, 145.32, 643504, 19631
4167, 0, 2862, 2991, 2875, 629, 14.72%, 0, 0, 13, 155.26, 644321, 19631
4172, 0, 2862, 2992, 2876, 629, 14.72%, 0, 0, 13, 157.18, 645113, 19631
4177, 0, 2862, 2994, 2878, 629, 14.72%, 0, 0, 13, 157.59, 645911, 19631
4182, 0, 2862, 2995, 2879, 629, 14.72%, 0, 0, 13, 157.37, 646703, 19631
4187, 0, 2862, 2996, 2880, 629, 14.72%, 0, 0, 13, 157.64, 647495, 19635
4192, 0, 2862, 2998, 2882, 629, 14.74%, 0, 0, 13, 156.54, 648305, 19665
4198, 0, 2862, 2998, 2882, 629, 14.74%, 0, 0, 13, 157.39, 649097, 19665
4203, 0, 2862, 2999, 2883, 629, 14.74%, 0, 0, 13, 157.61, 649901, 19666
4208, 0, 2862, 2999, 2883, 629, 14.74%, 0, 0, 13, 157.77, 650693, 19666
4213, 0, 2862, 2999, 2883, 629, 14.74%, 0, 0, 13, 157.76, 651485, 19666
4218, 0, 2862, 2999, 2883, 629, 14.74%, 0, 0, 13, 157.80, 652277, 19666
4223, 0, 2862, 3000, 2884, 629, 14.74%, 0, 0, 13, 157.87, 653074, 19666
4228, 0, 2242, 3001, 2883, 630, 14.74%, 0, 0, 13, 155.80, 653871, 19667
4233, 0, 2242, 3008, 2890, 630, 14.74%, 0, 0, 13, 157.93, 654672, 19668
4238, 0, 2242, 3012, 2894, 630, 14.74%, 0, 0, 13, 158.17, 655470, 19669
4243, 0, 2242, 3016, 2898, 630, 14.75%, 0, 0, 13, 157.19, 656268, 19675
4248, 0, 2242, 3018, 2900, 630, 14.75%, 0, 0, 13, 157.77, 657072, 19675
4253, 0, 2242, 3019, 2901, 630, 14.75%, 0, 0, 13, 157.42, 657864, 19676
4258, 0, 2242, 3021, 2903, 630, 14.75%, 0, 0, 13, 157.97, 658656, 19676
4263, 0, 2242, 3025, 2907, 630, 14.75%, 0, 0, 13, 158.29, 659463, 19676
4269, 0, 2242, 3028, 2910, 630, 14.75%, 0, 0, 13, 158.73, 660288, 19680
4274, 0, 2242, 3029, 2911, 630, 14.75%, 0, 0, 13, 158.22, 661080, 19680
4279, 0, 2242, 3032, 2914, 630, 14.75%, 0, 0, 13, 158.02, 661872, 19680
4284, 0, 2242, 3033, 2915, 630, 14.75%, 0, 0, 13, 158.35, 662664, 19681
4289, 0, 2242, 3033, 2915, 630, 14.75%, 0, 0, 13, 158.34, 663486, 19681
4294, 0, 2242, 3034, 2916, 630, 14.75%, 0, 0, 13, 157.88, 664278, 19681
4299, 0, 2242, 3035, 2917, 630, 14.75%, 0, 0, 13, 158.38, 665079, 19681
4304, 0, 2242, 3036, 2918, 630, 14.75%, 0, 0, 13, 158.27, 665871, 19682
4309, 0, 2242, 3036, 2918, 630, 14.75%, 0, 0, 13, 158.17, 666663, 19682
4314, 0, 2629, 3037, 2917, 635, 14.75%, 0, 0, 13, 157.84, 667457, 19682
4319, 0, 2629, 3042, 2922, 635, 14.76%, 0, 0, 13, 158.39, 668256, 19684
4324, 0, 2629, 3043, 2923, 635, 14.76%, 0, 0, 13, 158.58, 669081, 19684
4329, 0, 2629, 3043, 2923, 635, 14.76%, 0, 0, 13, 158.59, 669906, 19684
4335, 0, 2629, 3045, 2925, 635, 14.76%, 0, 0, 13, 158.61, 670731, 19684
4340, 0, 2629, 3045, 2925, 635, 14.76%, 0, 0, 13, 158.66, 671556, 19684
4345, 0, 2629, 3045, 2925, 635, 14.76%, 0, 0, 13, 158.68, 672381, 19684
4350, 0, 2629, 3045, 2925, 635, 14.76%, 0, 0, 13, 158.74, 673206, 19684
4355, 0, 2629, 3046, 2926, 635, 14.76%, 0, 0, 13, 158.77, 674031, 19695
4361, 0, 2629, 3046, 2926, 635, 14.76%, 0, 0, 13, 158.71, 674856, 19695
4366, 0, 2629, 3047, 2927, 635, 14.77%, 0, 0, 13, 158.73, 675681, 19701
4371, 0, 2629, 3047, 2927, 635, 14.77%, 0, 0, 13, 158.76, 676506, 19701
4376, 0, 2629, 3047, 2927, 635, 14.77%, 0, 0, 13, 158.52, 677331, 19701
4381, 0, 2230, 3047, 2925, 634, 14.77%, 0, 0, 13, 158.48, 678131, 19701
4386, 0, 1858, 3048, 2925, 634, 14.77%, 0, 0, 13, 158.43, 678956, 19703
4391, 0, 2468, 3050, 2926, 633, 14.77%, 0, 0, 13, 157.93, 679754, 19707
4397, 0, 2060, 3050, 2925, 632, 14.77%, 0, 0, 13, 158.55, 680561, 19707
4402, 0, 2060, 3060, 2935, 632, 14.77%, 0, 0, 13, 158.88, 681383, 19707
4407, 0, 2060, 3063, 2938, 632, 14.77%, 0, 0, 13, 159.18, 682184, 19707
4412, 0, 2060, 3064, 2939, 632, 14.77%, 0, 0, 13, 159.20, 682985, 19707
4417, 0, 2060, 3066, 2941, 632, 14.77%, 0, 0, 13, 159.18, 683783, 19707
4422, 0, 2060, 3066, 2941, 632, 14.77%, 0, 0, 13, 159.26, 684608, 19707
4427, 0, 2060, 3067, 2942, 632, 14.77%, 0, 0, 13, 159.21, 685433, 19707
4432, 0, 2060, 3068, 2943, 632, 14.77%, 0, 0, 13, 159.37, 686234, 19707
4437, 0, 2060, 3069, 2944, 632, 14.77%, 0, 0, 13, 159.41, 687059, 19709
4443, 0, 2060, 3070, 2945, 632, 14.78%, 0, 0, 13, 159.38, 687884, 19712
4448, 0, 2060, 3070, 2945, 632, 14.78%, 0, 0, 13, 159.40, 688709, 19712
4453, 0, 2060, 3071, 2946, 632, 14.78%, 0, 0, 13, 159.40, 689534, 19712
4458, 0, 2060, 3071, 2946, 632, 14.78%, 0, 0, 13, 159.31, 690359, 19712
4463, 0, 2060, 3071, 2946, 632, 14.78%, 0, 0, 13, 159.30, 691184, 19712
4468, 0, 2060, 3071, 2946, 632, 14.78%, 0, 0, 13, 159.29, 692009, 19712
4474, 0, 2060, 3073, 2948, 632, 14.78%, 0, 0, 13, 159.35, 692834, 19714
4479, 0, 2060, 3074, 2949, 632, 14.78%, 0, 0, 13, 159.38, 693659, 19714
4484, 0, 2905, 3075, 2949, 630, 14.78%, 0, 0, 13, 156.66, 694465, 19714
4489, 0, 2703, 3077, 2949, 628, 14.78%, 0, 0, 13, 157.42, 695264, 19715
4494, 0, 2703, 3081, 2953, 628, 14.78%, 0, 0, 13, 157.84, 696074, 19718
4499, 0, 2703, 3081, 2953, 628, 14.78%, 0, 0, 13, 158.26, 696866, 19718
4504, 0, 2703, 3082, 2954, 628, 14.78%, 0, 0, 13, 158.16, 697661, 19718
4509, 0, 2703, 3083, 2955, 628, 14.78%, 0, 0, 13, 158.04, 698453, 19718
4514, 0, 2703, 3084, 2956, 628, 14.78%, 0, 0, 13, 156.31, 699266, 19718
4519, 0, 2703, 3085, 2957, 628, 14.78%, 0, 0, 13, 154.72, 700049, 19719
4525, 0, 2703, 3086, 2958, 628, 14.78%, 0, 0, 13, 157.96, 700874, 19719
4530, 0, 2703, 3087, 2959, 628, 14.78%, 0, 0, 13, 154.75, 701651, 19720
4535, 0, 2703, 3087, 2959, 628, 14.78%, 0, 0, 13, 156.89, 702443, 19720
4540, 0, 2703, 3088, 2960, 628, 14.78%, 0, 0, 13, 157.70, 703235, 19720
4545, 0, 2703, 3089, 2961, 628, 14.78%, 0, 0, 13, 158.17, 704030, 19720
4550, 0, 2703, 3090, 2962, 628, 14.78%, 0, 0, 13, 158.19, 704834, 19720
4555, 0, 2870, 3090, 2961, 629, 14.78%, 0, 0, 13, 157.89, 705635, 19720
4560, 0, 2870, 3093, 2964, 629, 14.81%, 0, 0, 14, 157.52, 706450, 19754
4565, 0, 2870, 3097, 2968, 629, 14.81%, 0, 0, 14, 158.35, 707257, 19756
4570, 0, 2870, 3098, 2969, 629, 14.81%, 0, 0, 14, 158.40, 708061, 19758
4575, 0, 2870, 3102, 2973, 629, 14.81%, 0, 0, 14, 155.10, 708847, 19759
4580, 0, 2870, 3104, 2975, 629, 14.81%, 0, 0, 14, 156.51, 709651, 19761
4585, 0, 2870, 3104, 2975, 629, 14.81%, 0, 0, 14, 157.67, 710443, 19761
4590, 0, 2870, 3106, 2977, 629, 14.82%, 0, 0, 14, 158.30, 711235, 19764
4595, 0, 2870, 3107, 2978, 629, 14.82%, 0, 0, 14, 158.06, 712033, 19765
4600, 0, 2870, 3108, 2979, 629, 14.82%, 0, 0, 14, 158.11, 712825, 19765
4605, 0, 2870, 3108, 2979, 629, 14.82%, 0, 0, 14, 158.26, 713617, 19765
4611, 0, 2870, 3108, 2979, 629, 14.82%, 0, 0, 14, 158.56, 714442, 19765
4616, 0, 2870, 3108, 2979, 629, 14.82%, 0, 0, 14, 158.69, 715267, 19765
4621, 0, 2870, 3110, 2981, 629, 14.82%, 0, 0, 14, 158.68, 716069, 19768
4626, 0, 2469, 3110, 2978, 633, 14.82%, 0, 0, 14, 158.78, 716863, 19768
4631, 0, 2469, 3110, 2978, 633, 14.82%, 0, 0, 14, 158.52, 717665, 19768
4636, 0, 2630, 3112, 2979, 632, 14.82%, 0, 0, 14, 158.31, 718472, 19768
4641, 0, 2630, 3113, 2980, 632, 14.82%, 0, 0, 14, 158.29, 719273, 19768
4646, 0, 2630, 3114, 2981, 632, 14.82%, 0, 0, 14, 158.11, 720065, 19768
4651, 0, 2630, 3115, 2982, 632, 14.82%, 0, 0, 14, 158.27, 720857, 19768
4656, 0, 2630, 3115, 2982, 632, 14.82%, 0, 0, 14, 158.34, 721649, 19768
4661, 0, 2630, 3117, 2984, 632, 14.82%, 0, 0, 14, 158.23, 722453, 19769
4666, 0, 2630, 3117, 2984, 632, 14.82%, 0, 0, 14, 158.38, 723278, 19769
4672, 0, 2630, 3117, 2984, 632, 14.82%, 0, 0, 14, 158.39, 724103, 19769
4677, 0, 2630, 3117, 2984, 632, 14.82%, 0, 0, 14, 158.21, 724895, 19769
4682, 0, 2630, 3118, 2985, 632, 14.82%, 0, 0, 14, 158.28, 725687, 19770
4687, 0, 2630, 3119, 2986, 632, 14.82%, 0, 0, 14, 158.31, 726482, 19770
4692, 0, 2630, 3119, 2986, 632, 14.82%, 0, 0, 14, 158.32, 727274, 19770
4697, 0, 2630, 3120, 2987, 632, 14.82%, 0, 0, 14, 158.37, 728077, 19770
4702, 0, 3107, 3127, 2993, 634, 14.82%, 0, 0, 15, 156.50, 728857, 19770
4707, 0, 3107, 3130, 2996, 634, 14.82%, 0, 0, 15, 157.75, 729658, 19772
4712, 0, 3107, 3132, 2998, 634, 14.82%, 0, 0, 15, 157.99, 730480, 19772
4717, 0, 3107, 3135, 3001, 634, 14.83%, 0, 0, 15, 158.44, 731305, 19782
4722, 0, 3107, 3138, 3004, 634, 14.83%, 0, 0, 15, 158.19, 732115, 19782
4727, 0, 3107, 3140, 3006, 634, 14.83%, 0, 0, 15, 158.28, 732916, 19783
4732, 0, 3107, 3141, 3007, 634, 14.83%, 0, 0, 15, 157.93, 733711, 19783
4738, 0, 3107, 3141, 3007, 634, 14.83%, 0, 0, 15, 158.08, 734503, 19783
4743, 0, 3107, 3141, 3007, 634, 14.83%, 0, 0, 15, 158.08, 735292, 19783
4748, 0, 3107, 3142, 3008, 634, 14.83%, 0, 0, 15, 157.32, 736090, 19783
4753, 0, 3107, 3146, 3012, 634, 14.83%, 0, 0, 15, 158.10, 736891, 19785
4758, 0, 3107, 3146, 3012, 634, 14.83%, 0, 0, 15, 157.83, 737683, 19785
4763, 0, 3107, 3148, 3014, 634, 14.83%, 0, 0, 15, 158.10, 738496, 19785
4768, 0, 3107, 3148, 3014, 634, 14.83%, 0, 0, 15, 157.92, 739288, 19785
4773, 0, 3107, 3148, 3014, 634, 14.83%, 0, 0, 15, 158.03, 740080, 19785
4778, 0, 3107, 3148, 3014, 634, 14.83%, 0, 0, 15, 158.15, 740872, 19785
4783, 0, 3107, 3149, 3015, 634, 14.83%, 0, 0, 15, 158.13, 741691, 19785
4788, 0, 3137, 3150, 3014, 632, 14.83%, 0, 0, 15, 158.34, 742488, 19785
4793, 0, 3137, 3152, 3016, 632, 14.83%, 0, 0, 16, 157.29, 743272, 19786
4798, 0, 3137, 3152, 3016, 632, 14.83%, 0, 0, 16, 158.83, 744097, 19786
4803, 0, 3137, 3153, 3017, 632, 14.83%, 0, 0, 16, 158.90, 744917, 19786
4808, 0, 3128, 3154, 3017, 632, 14.83%, 0, 0, 16, 158.16, 745708, 19786
4814, 0, 3128, 3155, 3018, 632, 14.83%, 0, 0, 16, 158.27, 746523, 19786
4819, 0, 3147, 3156, 3018, 631, 14.83%, 0, 0, 16, 157.47, 747315, 19786
4824, 0, 3147, 3158, 3020, 631, 14.83%, 0, 0, 16, 157.83, 748133, 19786
4829, 0, 3113, 3159, 3020, 630, 14.83%, 0, 0, 16, 158.09, 748929, 19786
4834, 0, 2920, 3161, 3021, 629, 14.84%, 0, 0, 16, 158.78, 749746, 19794
4839, 0, 2920, 3163, 3023, 629, 14.84%, 0, 0, 16, 158.99, 750571, 19795
4844, 0, 2920, 3164, 3024, 629, 14.84%, 0, 0, 16, 159.04, 751375, 19795
4849, 0, 2920, 3164, 3024, 629, 14.84%, 0, 0, 16, 159.12, 752200, 19795
4855, 0, 2920, 3164, 3024, 629, 14.84%, 0, 0, 16, 159.13, 753025, 19795
4860, 0, 2920, 3165, 3025, 629, 14.84%, 0, 0, 16, 159.11, 753850, 19796
4865, 0, 2920, 3166, 3026, 629, 14.84%, 0, 0, 16, 159.07, 754675, 19796
4870, 0, 2920, 3168, 3028, 629, 14.84%, 0, 0, 16, 158.99, 755500, 19796
4875, 0, 2920, 3169, 3029, 629, 14.84%, 0, 0, 16, 159.06, 756298, 19796
4880, 0, 2920, 3171, 3031, 629, 14.84%, 0, 0, 16, 158.81, 757093, 19799
4885, 0, 2920, 3172, 3032, 629, 14.84%, 0, 0, 16, 158.80, 757897, 19799
4890, 0, 2920, 3173, 3033, 629, 14.84%, 0, 0, 16, 158.92, 758722, 19799
4896, 0, 2920, 3174, 3034, 629, 14.84%, 0, 0, 16, 158.43, 759523, 19799
4901, 0, 2998, 3174, 3033, 635, 14.84%, 0, 0, 16, 158.18, 760322, 19799
4906, 0, 2068, 3176, 3034, 634, 14.84%, 0, 0, 16, 156.19, 761133, 19799
4911, 0, 2068, 3183, 3041, 634, 14.84%, 0, 0, 16, 155.37, 761910, 19801
4916, 0, 2068, 3186, 3044, 634, 14.84%, 0, 0, 16, 155.43, 762702, 19802
4921, 0, 2068, 3188, 3046, 634, 14.84%, 0, 0, 16, 155.66, 763497, 19802
4926, 0, 2068, 3189, 3047, 634, 14.84%, 0, 0, 16, 155.66, 764289, 19802
4931, 0, 2068, 3190, 3048, 634, 14.85%, 0, 0, 16, 155.37, 765081, 19803
4936, 0, 2068, 3193, 3051, 634, 14.85%, 0, 0, 16, 155.52, 765885, 19803
4941, 0, 2068, 3195, 3053, 634, 14.85%, 0, 0, 16, 155.45, 766677, 19804
4947, 0, 2068, 3199, 3057, 634, 14.85%, 0, 0, 16, 155.45, 767481, 19804
4952, 0, 2068, 3199, 3057, 634, 14.85%, 0, 0, 16, 155.42, 768273, 19804
4957, 0, 2068, 3201, 3059, 634, 14.85%, 0, 0, 16, 155.46, 769065, 19805
4962, 0, 2068, 3201, 3059, 634, 14.85%, 0, 0, 16, 155.43, 769857, 19805
4967, 0, 2068, 3202, 3060, 634, 14.85%, 0, 0, 16, 155.35, 770661, 19805
4972, 0, 2068, 3203, 3061, 634, 14.85%, 0, 0, 16, 155.16, 771453, 19805
4977, 0, 2068, 3205, 3063, 634, 14.85%, 0, 0, 16, 155.25, 772248, 19806
4982, 0, 2068, 3207, 3065, 634, 14.85%, 0, 0, 16, 155.26, 773040, 19807
4988, 0, 2068, 3210, 3068, 634, 14.85%, 0, 0, 16, 155.43, 773844, 19809
4993, 0, 2949, 3211, 3068, 638, 14.85%, 0, 0, 16, 156.23, 774634, 19809
4998, 0, 2949, 3212, 3069, 638, 14.85%, 0, 0, 16, 157.50, 775429, 19810
5003, 0, 3108, 3212, 3068, 638, 14.85%, 0, 0, 16, 158.05, 776226, 19810
5008, 0, 2609, 3212, 3067, 637, 14.85%, 0, 0, 16, 158.47, 777037, 19810
5013, 0, 2609, 3215, 3070, 637, 14.85%, 0, 0, 16, 154.24, 777803, 19810
5018, 0, 2609, 3217, 3072, 637, 14.85%, 0, 0, 16, 154.11, 778598, 19810
5023, 0, 2609, 3219, 3074, 637, 14.85%, 0, 0, 16, 153.81, 779393, 19810
5028, 0, 2609, 3221, 3076, 637, 14.85%, 0, 0, 16, 150.84, 780173, 19810
5034, 0, 2609, 3223, 3078, 637, 14.86%, 0, 0, 16, 153.44, 780965, 19816
5039, 0, 2609, 3226, 3081, 637, 14.86%, 0, 0, 16, 153.88, 781739, 19817
5044, 0, 2609, 3227, 3082, 637, 14.86%, 0, 0, 16, 154.08, 782531, 19817
5049, 0, 2609, 3227, 3082, 637, 14.86%, 0, 0, 16, 154.04, 783323, 19817
5054, 0, 2609, 3228, 3083, 637, 14.86%, 0, 0, 16, 154.03, 784118, 19817
5059, 0, 2609, 3228, 3083, 637, 14.86%, 0, 0, 16, 154.12, 784910, 19817
5064, 0, 2609, 3229, 3084, 637, 14.86%, 0, 0, 16, 154.06, 785702, 19817
5069, 0, 2609, 3230, 3085, 637, 14.86%, 0, 0, 16, 153.86, 786500, 19818
5075, 0, 2609, 3231, 3086, 637, 14.86%, 0, 0, 16, 154.97, 787288, 19818
5080, 0, 2106, 3231, 3084, 639, 14.86%, 0, 0, 16, 155.79, 788067, 19818
5085, 0, 3135, 3232, 3084, 639, 14.86%, 0, 0, 16, 157.23, 788867, 19820
5090, 0, 3135, 3233, 3085, 639, 14.86%, 0, 0, 16, 158.07, 789683, 19820
5095, 0, 3106, 3235, 3086, 637, 14.87%, 0, 0, 16, 158.27, 790506, 19838
5100, 0, 3106, 3236, 3087, 637, 14.87%, 0, 0, 16, 158.37, 791303, 19840
5105, 0, 2215, 3237, 3086, 636, 14.87%, 0, 0, 16, 158.62, 792121, 19840
5110, 0, 3104, 3239, 3087, 635, 14.87%, 0, 0, 16, 153.09, 792896, 19840
5115, 0, 3104, 3245, 3093, 635, 14.87%, 0, 0, 16, 157.54, 793691, 19842
5120, 0, 3104, 3248, 3096, 635, 14.88%, 0, 0, 16, 158.07, 794483, 19852
5125, 0, 3104, 3249, 3097, 635, 14.88%, 0, 0, 16, 158.61, 795308, 19852
5131, 0, 3104, 3250, 3098, 635, 14.88%, 0, 0, 16, 157.72, 796109, 19852
5136, 0, 3104, 3252, 3100, 635, 14.88%, 0, 0, 16, 158.41, 796901, 19854
5141, 0, 3104, 3254, 3102, 635, 14.89%, 0, 0, 16, 158.17, 797693, 19857
5146, 0, 3104, 3255, 3103, 635, 14.89%, 0, 0, 16, 158.57, 798497, 19859
5151, 0, 3104, 3257, 3105, 635, 14.89%, 0, 0, 16, 158.25, 799295, 19860
5156, 0, 3104, 3260, 3108, 635, 14.89%, 0, 0, 16, 158.67, 800093, 19861
5161, 0, 3104, 3260, 3108, 635, 14.89%, 0, 0, 16, 158.59, 800918, 19861
5166, 0, 3104, 3260, 3108, 635, 14.89%, 0, 0, 16, 158.67, 801743, 19861
5171, 0, 3104, 3260, 3108, 635, 14.89%, 0, 0, 16, 158.38, 802568, 19861
5177, 0, 3104, 3260, 3108, 635, 14.89%, 0, 0, 16, 158.03, 803390, 19861
5182, 0, 3104, 3260, 3108, 635, 14.89%, 0, 0, 16, 158.16, 804215, 19861
5187, 0, 3104, 3261, 3109, 635, 14.89%, 0, 0, 16, 157.44, 805016, 19861
5192, 0, 3104, 3261, 3109, 635, 14.89%, 0, 0, 16, 157.97, 805808, 19861
5197, 0, 3104, 3262, 3110, 635, 14.90%, 0, 0, 16, 158.58, 806625, 19880
5202, 0, 2454, 3262, 3108, 635, 14.90%, 0, 0, 16, 158.80, 807447, 19880
5207, 0, 2454, 3262, 3108, 635, 14.90%, 0, 0, 16, 158.95, 808273, 19880
5213, 0, 2454, 3264, 3110, 635, 14.90%, 0, 0, 16, 158.69, 809098, 19880
5218, 0, 2454, 3264, 3110, 635, 14.90%, 0, 0, 16, 158.82, 809902, 19880
5223, 0, 2669, 3268, 3113, 634, 14.90%, 0, 0, 16, 157.79, 810698, 19881
5228, 0, 2669, 3269, 3114, 634, 14.90%, 0, 0, 16, 157.94, 811502, 19881
5233, 0, 2669, 3272, 3117, 634, 14.90%, 0, 0, 16, 157.93, 812306, 19882
5238, 0, 2669, 3275, 3120, 634, 14.91%, 0, 0, 16, 157.99, 813122, 19883
5243, 0, 2669, 3277, 3122, 634, 14.91%, 0, 0, 16, 157.93, 813914, 19883
5248, 0, 2669, 3280, 3125, 634, 14.91%, 0, 0, 16, 157.89, 814706, 19884
5253, 0, 2669, 3280, 3125, 634, 14.91%, 0, 0, 16, 158.03, 815498, 19884
5258, 0, 2669, 3281, 3126, 634, 14.91%, 0, 0, 16, 157.96, 816290, 19884
5263, 0, 2669, 3282, 3127, 634, 14.91%, 0, 0, 16, 157.92, 817082, 19884
5268, 0, 2669, 3283, 3128, 634, 14.91%, 0, 0, 16, 157.96, 817874, 19884
5273, 0, 2669, 3283, 3128, 634, 14.91%, 0, 0, 16, 158.01, 818666, 19884
5278, 0, 2669, 3283, 3128, 634, 14.91%, 0, 0, 16, 158.06, 819458, 19884
5283, 0, 2669, 3285, 3130, 634, 14.91%, 0, 0, 16, 158.16, 820255, 19886
5288, 0, 3261, 3289, 3133, 633, 14.91%, 0, 0, 16, 158.05, 821049, 19887
5293, 0, 3261, 3294, 3138, 633, 14.92%, 0, 0, 16, 157.79, 821838, 19899
5298, 0, 3261, 3300, 3144, 633, 14.92%, 0, 0, 16, 156.09, 822627, 19903
5303, 0, 3261, 3301, 3145, 633, 14.92%, 0, 0, 16, 156.91, 823416, 19904
5308, 0, 3261, 3302, 3146, 633, 14.92%, 0, 0, 16, 157.90, 824220, 19904
5313, 0, 3261, 3304, 3148, 633, 14.92%, 0, 0, 16, 157.90, 825009, 19904
5319, 0, 3261, 3306, 3150, 633, 14.93%, 0, 0, 16, 157.86, 825831, 19912
5324, 0, 3261, 3308, 3152, 633, 14.93%, 0, 0, 16, 157.27, 826626, 19913
5329, 0, 3261, 3310, 3154, 633, 14.93%, 0, 0, 16, 158.08, 827418, 19913
5334, 0, 3261, 3310, 3154, 633, 14.93%, 0, 0, 16, 157.79, 828210, 19913
5339, 0, 3261, 3312, 3156, 633, 14.93%, 0, 0, 16, 157.37, 829002, 19913
5344, 0, 3261, 3314, 3158, 633, 14.93%, 0, 0, 16, 157.80, 829800, 19913
5349, 0, 3261, 3314, 3158, 633, 14.93%, 0, 0, 16, 157.68, 830592, 19913
5354, 0, 3261, 3315, 3159, 633, 14.93%, 0, 0, 16, 157.63, 831381, 19913
5359, 0, 3261, 3316, 3160, 633, 14.93%, 0, 0, 16, 158.07, 832173, 19913
5364, 0, 3261, 3317, 3161, 633, 14.93%, 0, 0, 16, 158.44, 832998, 19913
5369, 0, 3261, 3321, 3165, 633, 14.93%, 0, 0, 16, 158.13, 833808, 19915
5374, 0, 3261, 3322, 3166, 633, 14.93%, 0, 0, 16, 158.40, 834625, 19915
5380, 0, 3080, 3323, 3165, 638, 14.93%, 0, 0, 16, 156.40, 835420, 19915
5385, 0, 3080, 3324, 3166, 638, 14.93%, 0, 0, 16, 157.69, 836212, 19915
5390, 0, 3080, 3326, 3168, 638, 14.93%, 0, 0, 16, 157.91, 837017, 19915
5395, 0, 3304, 3331, 3172, 638, 14.93%, 0, 0, 17, 157.64, 837832, 19915
5400, 0, 3304, 3335, 3176, 638, 14.93%, 0, 0, 17, 156.58, 838639, 19920
5405, 0, 3304, 3341, 3182, 638, 14.94%, 0, 0, 17, 157.81, 839440, 19923
5410, 0, 3304, 3343, 3184, 638, 14.94%, 0, 0, 17, 157.34, 840232, 19923
5415, 0, 3304, 3345, 3186, 638, 14.94%, 0, 0, 17, 157.80, 841039, 19923
5420, 0, 3304, 3345, 3186, 638, 14.94%, 0, 0, 17, 158.00, 841831, 19923
5425, 0, 3304, 3345, 3186, 638, 14.94%, 0, 0, 17, 158.19, 842623, 19923
5430, 0, 3304, 3349, 3190, 638, 14.94%, 0, 0, 17, 153.84, 843403, 19927
5435, 0, 3304, 3349, 3190, 638, 14.94%, 0, 0, 17, 156.88, 844195, 19927
5440, 0, 3304, 3350, 3191, 638, 14.94%, 0, 0, 17, 156.35, 844981, 19927
5446, 0, 3304, 3351, 3192, 638, 14.94%, 0, 0, 17, 157.45, 845803, 19927
5451, 0, 3304, 3352, 3193, 638, 14.94%, 0, 0, 17, 157.81, 846604, 19927
5456, 0, 3304, 3355, 3196, 638, 14.94%, 0, 0, 17, 157.85, 847417, 19927
5461, 0, 3304, 3356, 3197, 638, 14.94%, 0, 0, 17, 157.88, 848209, 19927
5466, 0, 3304, 3356, 3197, 638, 14.94%, 0, 0, 17, 157.74, 849001, 19927
5471, 0, 3304, 3356, 3197, 638, 14.94%, 0, 0, 17, 157.95, 849793, 19927
5476, 0, 3304, 3357, 3198, 638, 14.94%, 0, 0, 17, 157.94, 850584, 19929
5481, 0, 3304, 3359, 3200, 638, 14.94%, 0, 0, 17, 157.89, 851399, 19929
5486, 0, 2233, 3360, 3199, 640, 14.94%, 0, 0, 17, 158.24, 852217, 19935
5491, 0, 3347, 3363, 3201, 640, 14.95%, 0, 0, 18, 158.49, 853019, 19936
5496, 0, 3347, 3367, 3205, 640, 14.95%, 0, 0, 18, 158.81, 853823, 19936
5501, 0, 3347, 3369, 3207, 640, 14.95%, 0, 0, 18, 158.26, 854624, 19938
5507, 0, 3347, 3369, 3207, 640, 14.95%, 0, 0, 18, 158.74, 855449, 19938
5512, 0, 3347, 3369, 3207, 640, 14.95%, 0, 0, 18, 158.87, 856274, 19938
5517, 0, 3347, 3372, 3210, 640, 14.95%, 0, 0, 18, 158.55, 857078, 19939
5522, 0, 3347, 3373, 3211, 640, 14.95%, 0, 0, 18, 158.45, 857903, 19939
5527, 0, 3347, 3373, 3211, 640, 14.95%, 0, 0, 18, 159.04, 858728, 19939
5532, 0, 3347, 3374, 3212, 640, 14.95%, 0, 0, 18, 158.88, 859553, 19942
5538, 0, 3347, 3374, 3212, 640, 14.95%, 0, 0, 18, 158.69, 860378, 19942
5543, 0, 3347, 3374, 3212, 640, 14.95%, 0, 0, 18, 158.73, 861203, 19942
5548, 0, 3347, 3374, 3212, 640, 14.95%, 0, 0, 18, 158.86, 862028, 19942
5553, 0, 3347, 3375, 3213, 640, 14.95%, 0, 0, 18, 157.69, 862823, 19942
5558, 0, 3347, 3375, 3213, 640, 14.95%, 0, 0, 18, 158.57, 863648, 19942
5563, 0, 3347, 3376, 3214, 640, 14.95%, 0, 0, 18, 158.86, 864443, 19942
5568, 0, 3347, 3376, 3214, 640, 14.95%, 0, 0, 18, 158.82, 865268, 19942
5574, 0, 3347, 3376, 3214, 640, 14.95%, 0, 0, 18, 158.36, 866086, 19942
5579, 0, 2339, 3377, 3213, 641, 14.95%, 0, 0, 18, 139.42, 866836, 19942
5584, 0, 2339, 3379, 3215, 641, 14.95%, 0, 0, 18, 106.22, 867323, 19943
5589, 0, 2339, 3381, 3217, 641, 14.95%, 0, 0, 18, 97.98, 867825, 19943
5594, 0, 2339, 3384, 3220, 641, 14.95%, 0, 0, 18, 96.83, 868314, 19943
5599, 0, 2339, 3388, 3224, 641, 14.95%, 0, 0, 18, 96.66, 868809, 19943
5604, 0, 2339, 3390, 3226, 641, 14.98%, 0, 0, 18, 99.52, 869309, 19985
5609, 0, 2339, 3391, 3227, 641, 14.98%, 0, 0, 18, 96.65, 869796, 19985
5615, 0, 2339, 3391, 3227, 641, 14.98%, 0, 0, 18, 96.24, 870284, 19985
5620, 0, 2339, 3391, 3227, 641, 14.98%, 0, 0, 18, 94.69, 870769, 19985
5625, 0, 2339, 3392, 3228, 641, 14.98%, 0, 0, 18, 95.90, 871256, 19985
5630, 0, 2339, 3392, 3228, 641, 14.98%, 0, 0, 18, 99.25, 871761, 19985
5635, 0, 2339, 3393, 3229, 641, 14.98%, 0, 0, 18, 96.53, 872254, 19988
5640, 0, 2339, 3393, 3229, 641, 14.98%, 0, 0, 18, 97.47, 872753, 19988
5645, 0, 2339, 3393, 3229, 641, 14.98%, 0, 0, 18, 98.61, 873256, 19988
5650, 0, 2339, 3396, 3232, 641, 14.98%, 0, 0, 18, 99.10, 873763, 19988
5656, 0, 2339, 3398, 3234, 641, 14.99%, 0, 0, 18, 96.90, 874263, 19990
5661, 0, 3366, 3398, 3233, 644, 14.99%, 0, 0, 18, 104.61, 874789, 19990
5666, 0, 3366, 3400, 3235, 644, 14.99%, 0, 0, 19, 148.08, 875590, 19990
5671, 0, 3366, 3400, 3235, 644, 14.99%, 0, 0, 19, 156.87, 876411, 19990
5676, 0, 3366, 3402, 3237, 644, 14.99%, 0, 0, 19, 158.40, 877228, 19990
5681, 0, 3320, 3403, 3237, 642, 14.99%, 0, 0, 19, 157.78, 878024, 19991
5686, 0, 3320, 3406, 3240, 642, 14.99%, 0, 0, 19, 157.96, 878819, 19992
5691, 0, 3320, 3407, 3241, 642, 14.99%, 0, 0, 19, 158.02, 879617, 19992
5696, 0, 3320, 3408, 3242, 642, 14.99%, 0, 0, 19, 157.91, 880409, 19992
5701, 0, 3320, 3411, 3245, 642, 14.99%, 0, 0, 19, 157.67, 881201, 19993
5706, 0, 3320, 3413, 3247, 642, 14.99%, 0, 0, 19, 157.69, 881999, 19993
5711, 0, 3320, 3416, 3250, 642, 14.99%, 0, 0, 19, 158.03, 882794, 19999
5716, 0, 3320, 3416, 3250, 642, 14.99%, 0, 0, 19, 157.96, 883586, 19999
5721, 0, 3320, 3416, 3250, 642, 14.99%, 0, 0, 19, 158.22, 884378, 19999
5726, 0, 3320, 3416, 3250, 642, 14.99%, 0, 0, 19, 158.12, 885170, 19999
5731, 0, 3320, 3417, 3251, 642, 14.99%, 0, 0, 19, 158.28, 885962, 20000
5736, 0, 3320, 3417, 3251, 642, 14.99%, 0, 0, 19, 157.80, 886754, 20000
5741, 0, 3320, 3417, 3251, 642, 14.99%, 0, 0, 19, 157.45, 887546, 20000
5746, 0, 3320, 3417, 3251, 642, 14.99%, 0, 0, 19, 157.99, 888338, 20000
5751, 0, 3320, 3417, 3251, 642, 14.99%, 0, 0, 19, 158.07, 889130, 20000
5756, 0, 3320, 3419, 3253, 642, 14.99%, 0, 0, 19, 157.75, 889928, 20002
5762, 0, 3320, 3420, 3254, 642, 14.99%, 0, 0, 19, 157.06, 890723, 20002
5767, 0, 3320, 3421, 3255, 642, 14.99%, 0, 0, 19, 157.77, 891535, 20002
5772, 0, 2922, 3422, 3254, 645, 14.99%, 0, 0, 19, 158.89, 892359, 20002
5777, 0, 2922, 3423, 3255, 645, 15.00%, 0, 0, 19, 159.24, 893186, 20009
5782, 0, 3246, 3425, 3256, 646, 15.00%, 0, 0, 19, 158.00, 893998, 20009
5787, 0, 3246, 3428, 3259, 646, 15.00%, 0, 0, 19, 158.38, 894796, 20013
5792, 0, 3246, 3430, 3261, 646, 15.01%, 0, 0, 19, 158.44, 895591, 20021
5797, 0, 3246, 3431, 3262, 646, 15.02%, 0, 0, 19, 157.23, 896374, 20035
5802, 0, 3246, 3431, 3262, 646, 15.02%, 0, 0, 19, 157.64, 897166, 20035
5807, 0, 3246, 3432, 3263, 646, 15.02%, 0, 0, 19, 157.98, 897967, 20037
5812, 0, 3246, 3433, 3264, 646, 15.02%, 0, 0, 19, 157.81, 898759, 20037
5817, 0, 3246, 3433, 3264, 646, 15.02%, 0, 0, 19, 157.99, 899551, 20037
5822, 0, 3246, 3433, 3264, 646, 15.02%, 0, 0, 19, 157.87, 900343, 20037
5827, 0, 3246, 3434, 3265, 646, 15.02%, 0, 0, 19, 158.13, 901144, 20037
5833, 0, 3246, 3434, 3265, 646, 15.02%, 0, 0, 19, 158.35, 901969, 20037
5838, 0, 3246, 3434, 3265, 646, 15.02%, 0, 0, 19, 158.21, 902761, 20037
5843, 0, 3246, 3435, 3266, 646, 15.02%, 0, 0, 19, 158.38, 903586, 20037
5848, 0, 3246, 3435, 3266, 646, 15.02%, 0, 0, 19, 158.19, 904411, 20037
5853, 0, 3246, 3435, 3266, 646, 15.02%, 0, 0, 19, 158.15, 905203, 20037
5858, 0, 3246, 3435, 3266, 646, 15.02%, 0, 0, 19, 158.35, 905995, 20037
5863, 0, 3246, 3435, 3266, 646, 15.02%, 0, 0, 19, 158.10, 906787, 20037
5868, 0, 3246, 3441, 3272, 646, 15.02%, 0, 0, 19, 158.01, 907595, 20037
5873, 0, 3246, 3447, 3278, 646, 15.02%, 0, 0, 19, 157.84, 908384, 20037
5878, 0, 3246, 3450, 3281, 646, 15.02%, 0, 0, 19, 158.01, 909177, 20037
5883, 0, 2190, 3450, 3279, 644, 15.02%, 0, 0, 19, 158.51, 910002, 20037
5889, 0, 3167, 3451, 3279, 643, 15.02%, 0, 0, 19, 158.54, 910801, 20037
5894, 0, 3244, 3451, 3278, 642, 15.02%, 0, 0, 19, 158.12, 911603, 20037
5899, 0, 3244, 3453, 3280, 642, 15.02%, 0, 0, 19, 158.35, 912423, 20041
5904, 0, 3428, 3458, 3284, 642, 15.03%, 0, 0, 19, 158.00, 913229, 20046
5909, 0, 3428, 3461, 3287, 642, 15.03%, 0, 0, 19, 158.15, 914024, 20054
5914, 0, 3428, 3464, 3290, 642, 15.03%, 0, 0, 19, 157.93, 914822, 20055
5919, 0, 3428, 3464, 3290, 642, 15.03%, 0, 0, 19, 158.21, 915614, 20055
5924, 0, 3428, 3464, 3290, 642, 15.03%, 0, 0, 19, 158.21, 916406, 20055
5929, 0, 3428, 3466, 3292, 642, 15.04%, 0, 0, 19, 157.83, 917198, 20058
5934, 0, 3428, 3467, 3293, 642, 15.04%, 0, 0, 19, 158.15, 917990, 20059
5939, 0, 3428, 3470, 3296, 642, 15.04%, 0, 0, 19, 158.23, 918785, 20060
5944, 0, 3428, 3470, 3296, 642, 15.04%, 0, 0, 19, 158.13, 919577, 20060
5949, 0, 3428, 3470, 3296, 642, 15.04%, 0, 0, 19, 157.97, 920369, 20060
5954, 0, 3428, 3471, 3297, 642, 15.04%, 0, 0, 19, 158.26, 921161, 20060
5959, 0, 3428, 3471, 3297, 642, 15.04%, 0, 0, 19, 158.32, 921953, 20060
5964, 0, 3428, 3471, 3297, 642, 15.04%, 0, 0, 19, 158.32, 922745, 20060
5969, 0, 3428, 3471, 3297, 642, 15.04%, 0, 0, 19, 158.17, 923537, 20060
5974, 0, 3428, 3471, 3297, 642, 15.04%, 0, 0, 19, 158.27, 924329, 20060
5979, 0, 3428, 3471, 3297, 642, 15.04%, 0, 0, 19, 158.00, 925121, 20060
5984, 0, 3428, 3472, 3298, 642, 15.04%, 0, 0, 19, 158.20, 925919, 20061
5989, 0, 3256, 3472, 3296, 646, 15.04%, 0, 0, 19, 158.10, 926729, 20061
5995, 0, 3256, 3487, 3311, 646, 15.04%, 0, 0, 19, 157.90, 927549, 20061
6000, 0, 3256, 3491, 3315, 646, 15.04%, 0, 0, 19, 158.53, 928365, 20061
6005, 0, 3256, 3492, 3316, 646, 15.04%, 0, 0, 19, 158.50, 929190, 20061
6010, 0, 3256, 3492, 3316, 646, 15.04%, 0, 0, 19, 158.34, 929982, 20061
6015, 0, 3256, 3493, 3317, 646, 15.04%, 0, 0, 19, 158.34, 930777, 20061
6020, 0, 3256, 3494, 3318, 646, 15.04%, 0, 0, 19, 158.26, 931569, 20061
6025, 0, 3256, 3494, 3318, 646, 15.04%, 0, 0, 19, 158.82, 932394, 20061
6030, 0, 3256, 3495, 3319, 646, 15.04%, 0, 0, 19, 158.46, 933186, 20061
6035, 0, 3256, 3496, 3320, 646, 15.04%, 0, 0, 19, 158.34, 933990, 20061
6040, 0, 3256, 3498, 3322, 646, 15.04%, 0, 0, 19, 158.05, 934791, 20061
6045, 0, 3256, 3499, 3323, 646, 15.04%, 0, 0, 19, 158.16, 935583, 20061
6050, 0, 3256, 3499, 3323, 646, 15.04%, 0, 0, 19, 158.33, 936408, 20061
6056, 0, 3256, 3500, 3324, 646, 15.04%, 0, 0, 19, 158.44, 937233, 20062
6061, 0, 3256, 3500, 3324, 646, 15.04%, 0, 0, 19, 158.75, 938058, 20062
6066, 0, 3256, 3500, 3324, 646, 15.04%, 0, 0, 19, 158.16, 938850, 20062
6071, 0, 3256, 3501, 3325, 646, 15.04%, 0, 0, 19, 158.34, 939654, 20063
6076, 0, 3256, 3501, 3325, 646, 15.04%, 0, 0, 19, 158.50, 940468, 20063
6081, 0, 3162, 3503, 3325, 648, 15.04%, 0, 0, 19, 158.57, 941288, 20063
6086, 0, 3162, 3505, 3327, 648, 15.04%, 0, 0, 19, 158.70, 942113, 20064
6091, 0, 3162, 3506, 3328, 648, 15.04%, 0, 0, 19, 158.82, 942917, 20065
6097, 0, 3162, 3506, 3328, 648, 15.04%, 0, 0, 19, 158.93, 943742, 20065
6102, 0, 3162, 3507, 3329, 648, 15.04%, 0, 0, 19, 158.91, 944567, 20065
6107, 0, 3162, 3508, 3330, 648, 15.04%, 0, 0, 19, 158.91, 945392, 20065
6112, 0, 3162, 3508, 3330, 648, 15.04%, 0, 0, 19, 158.77, 946217, 20065
6117, 0, 3162, 3508, 3330, 648, 15.04%, 0, 0, 19, 158.87, 947042, 20065
6123, 0, 3162, 3508, 3330, 648, 15.04%, 0, 0, 19, 158.90, 947867, 20065
6128, 0, 3162, 3508, 3330, 648, 15.04%, 0, 0, 19, 158.90, 948692, 20065
6133, 0, 3162, 3508, 3330, 648, 15.04%, 0, 0, 19, 158.98, 949517, 20065
6138, 0, 3162, 3508, 3330, 648, 15.04%, 0, 0, 19, 158.92, 950342, 20065
6143, 0, 3162, 3508, 3330, 648, 15.04%, 0, 0, 19, 158.92, 951148, 20065
6148, 0, 3464, 3513, 3334, 647, 15.04%, 0, 0, 19, 157.78, 951951, 20065
6153, 0, 3464, 3515, 3336, 647, 15.04%, 0, 0, 19, 157.91, 952743, 20066
6158, 0, 3464, 3518, 3339, 647, 15.05%, 0, 0, 19, 157.79, 953535, 20070
6164, 0, 3464, 3518, 3339, 647, 15.05%, 0, 0, 19, 158.23, 954360, 20070
6169, 0, 3464, 3521, 3342, 647, 15.05%, 0, 0, 19, 157.50, 955149, 20077
6174, 0, 3464, 3523, 3344, 647, 15.05%, 0, 0, 19, 157.88, 955941, 20078
6179, 0, 3464, 3523, 3344, 647, 15.05%, 0, 0, 19, 157.89, 956730, 20078
6184, 0, 3464, 3527, 3348, 647, 15.06%, 0, 0, 19, 155.37, 957534, 20084
6189, 0, 3464, 3528, 3349, 647, 15.06%, 0, 0, 19, 157.31, 958326, 20084
6194, 0, 3464, 3529, 3350, 647, 15.06%, 0, 0, 19, 158.01, 959118, 20084
6199, 0, 3464, 3529, 3350, 647, 15.06%, 0, 0, 19, 157.44, 959910, 20084
6204, 0, 3464, 3532, 3353, 647, 15.06%, 0, 0, 19, 155.78, 960693, 20086
6209, 0, 3464, 3533, 3354, 647, 15.06%, 0, 0, 19, 157.75, 961485, 20086
6214, 0, 3464, 3533, 3354, 647, 15.06%, 0, 0, 19, 158.01, 962277, 20086
6219, 0, 3464, 3533, 3354, 647, 15.06%, 0, 0, 19, 157.38, 963069, 20086
6224, 0, 3464, 3533, 3354, 647, 15.06%, 0, 0, 19, 157.82, 963858, 20086
6229, 0, 3464, 3534, 3355, 647, 15.06%, 0, 0, 19, 157.43, 964653, 20089
6234, 0, 1729, 3535, 3354, 649, 15.06%, 0, 0, 19, 157.44, 965471, 20089
6239, 0, 1729, 3538, 3357, 649, 15.06%, 0, 0, 19, 158.36, 966297, 20089
6244, 0, 1729, 3539, 3358, 649, 15.06%, 0, 0, 19, 158.52, 967089, 20089
6250, 0, 1729, 3541, 3360, 649, 15.06%, 0, 0, 19, 158.76, 967914, 20089
6255, 0, 1729, 3544, 3363, 649, 15.06%, 0, 0, 19, 158.81, 968721, 20089
6260, 0, 1729, 3545, 3364, 649, 15.06%, 0, 0, 19, 157.86, 969513, 20090
6265, 0, 1729, 3546, 3365, 649, 15.06%, 0, 0, 19, 158.57, 970338, 20090
6270, 0, 1729, 3548, 3367, 649, 15.06%, 0, 0, 19, 158.02, 971133, 20092
6275, 0, 1729, 3549, 3368, 649, 15.06%, 0, 0, 19, 158.78, 971958, 20092
6280, 0, 1729, 3551, 3370, 649, 15.06%, 0, 0, 19, 158.14, 972753, 20092
6285, 0, 1729, 3551, 3370, 649, 15.06%, 0, 0, 19, 158.50, 973575, 20092
6291, 0, 1729, 3553, 3372, 649, 15.06%, 0, 0, 19, 158.77, 974391, 20092
6296, 0, 1729, 3553, 3372, 649, 15.06%, 0, 0, 19, 158.04, 975183, 20092
6301, 0, 1729, 3556, 3375, 649, 15.06%, 0, 0, 19, 158.23, 975987, 20092
6306, 0, 1729, 3556, 3375, 649, 15.06%, 0, 0, 19, 158.58, 976812, 20092
6311, 0, 1729, 3556, 3375, 649, 15.06%, 0, 0, 19, 158.54, 977604, 20092
6316, 0, 1729, 3556, 3375, 649, 15.06%, 0, 0, 19, 158.31, 978429, 20092
6321, 0, 3455, 3556, 3374, 650, 15.06%, 0, 0, 19, 158.07, 979224, 20092
6326, 0, 3455, 3556, 3374, 650, 15.06%, 0, 0, 19, 158.03, 980040, 20092
6331, 0, 2290, 3560, 3377, 649, 15.11%, 0, 0, 19, 157.56, 980860, 20152
6336, 0, 2290, 3560, 3377, 649, 15.11%, 0, 0, 19, 157.45, 981652, 20152
6342, 0, 2290, 3562, 3379, 649, 15.11%, 0, 0, 19, 157.33, 982447, 20157
6347, 0, 2290, 3562, 3379, 649, 15.11%, 0, 0, 19, 157.30, 983239, 20157
6352, 0, 2290, 3563, 3380, 649, 15.11%, 0, 0, 19, 157.48, 984034, 20159
6357, 0, 2290, 3564, 3381, 649, 15.11%, 0, 0, 19, 157.14, 984826, 20159
6362, 0, 2290, 3565, 3382, 649, 15.11%, 0, 0, 19, 157.34, 985627, 20159
6367, 0, 2290, 3566, 3383, 649, 15.11%, 0, 0, 19, 157.45, 986419, 20159
6372, 0, 2290, 3566, 3383, 649, 15.11%, 0, 0, 19, 157.40, 987211, 20159
6377, 0, 2290, 3566, 3383, 649, 15.11%, 0, 0, 19, 157.40, 988003, 20159
6382, 0, 2290, 3568, 3385, 649, 15.11%, 0, 0, 19, 157.37, 988807, 20159
6387, 0, 2290, 3568, 3385, 649, 15.11%, 0, 0, 19, 157.38, 989599, 20159
6392, 0, 2290, 3568, 3385, 649, 15.11%, 0, 0, 19, 157.48, 990391, 20159
6397, 0, 2290, 3568, 3385, 649, 15.11%, 0, 0, 19, 157.55, 991183, 20159
6402, 0, 2290, 3568, 3385, 649, 15.11%, 0, 0, 19, 157.57, 991975, 20159
6407, 0, 2290, 3570, 3387, 649, 15.12%, 0, 0, 19, 157.56, 992776, 20171
6412, 0, 2290, 3571, 3388, 649, 15.12%, 0, 0, 19, 157.62, 993567, 20173
6417, 0, 3460, 3572, 3388, 653, 15.12%, 0, 0, 19, 157.78, 994359, 20174
6422, 0, 3460, 3577, 3393, 653, 15.12%, 0, 0, 19, 158.12, 995182, 20175
6427, 0, 3460, 3578, 3394, 653, 15.12%, 0, 0, 19, 158.74, 995980, 20175
6433, 0, 3460, 3578, 3394, 653, 15.12%, 0, 0, 19, 158.30, 996800, 20175
6438, 0, 3454, 3580, 3395, 653, 15.12%, 0, 0, 19, 157.63, 997604, 20175
6443, 0, 3454, 3580, 3395, 653, 15.12%, 0, 0, 19, 157.45, 998393, 20175
6448, 0, 3454, 3580, 3395, 653, 15.12%, 0, 0, 19, 157.89, 999213, 20175
6453, 0, 3524, 3580, 3394, 652, 15.12%, 0, 0, 19, 157.77, 1000030, 20175
6458, 0, 3524, 3580, 3394, 652, 15.12%, 0, 0, 19, 158.12, 1000843, 20175
6463, 0, 1125, 3582, 3395, 651, 15.12%, 0, 0, 19, 158.50, 1001642, 20175
6468, 0, 3115, 3584, 3396, 650, 15.13%, 0, 0, 19, 158.78, 1002467, 20176
6474, 0, 3115, 3585, 3397, 650, 15.14%, 0, 0, 19, 158.72, 1003293, 20198
6479, 0, 3515, 3587, 3398, 651, 15.14%, 0, 0, 19, 158.23, 1004094, 20198
6484, 0, 3515, 3589, 3400, 651, 15.14%, 0, 0, 19, 158.42, 1004895, 20200
6489, 0, 3515, 3589, 3400, 651, 15.14%, 0, 0, 19, 157.71, 1005717, 20200
6494, 0, 3515, 3589, 3400, 651, 15.14%, 0, 0, 19, 157.88, 1006509, 20200
6499, 0, 3515, 3589, 3400, 651, 15.14%, 0, 0, 19, 157.84, 1007330, 20200
6504, 0, 2166, 3590, 3399, 649, 15.14%, 0, 0, 19, 157.71, 1008142, 20200
6509, 0, 2601, 3590, 3398, 648, 15.14%, 0, 0, 19, 158.33, 1008940, 20200
6514, 0, 2601, 3591, 3399, 648, 15.14%, 0, 0, 19, 158.44, 1009737, 20201
6520, 0, 3586, 3594, 3401, 648, 15.14%, 0, 0, 20, 158.05, 1010550, 20201
6525, 0, 3586, 3595, 3402, 648, 15.14%, 0, 0, 20, 158.17, 1011342, 20202
6530, 0, 3586, 3596, 3403, 648, 15.14%, 0, 0, 20, 157.97, 1012131, 20202
6535, 0, 3586, 3598, 3405, 648, 15.14%, 0, 0, 20, 157.05, 1012911, 20202
6540, 0, 3586, 3601, 3408, 648, 15.14%, 0, 0, 20, 157.54, 1013709, 20202
6545, 0, 3586, 3601, 3408, 648, 15.14%, 0, 0, 20, 158.07, 1014501, 20202
6550, 0, 3586, 3602, 3409, 648, 15.14%, 0, 0, 20, 158.06, 1015293, 20202
6555, 0, 3586, 3606, 3413, 648, 15.14%, 0, 0, 20, 156.55, 1016088, 20202
6560, 0, 3586, 3609, 3416, 648, 15.15%, 0, 0, 20, 157.73, 1016880, 20203
6565, 0, 3586, 3609, 3416, 648, 15.15%, 0, 0, 20, 158.13, 1017672, 20203
6570, 0, 3586, 3611, 3418, 648, 15.15%, 0, 0, 20, 158.09, 1018464, 20203
6575, 0, 3586, 3613, 3420, 648, 15.15%, 0, 0, 20, 157.89, 1019256, 20203
6580, 0, 3586, 3613, 3420, 648, 15.15%, 0, 0, 20, 158.08, 1020048, 20203
6585, 0, 3586, 3615, 3422, 648, 15.15%, 0, 0, 20, 158.09, 1020861, 20203
6590, 0, 3586, 3616, 3423, 648, 15.15%, 0, 0, 20, 157.80, 1021653, 20203
6595, 0, 3586, 3616, 3423, 648, 15.15%, 0, 0, 20, 157.89, 1022445, 20203
6600, 0, 3586, 3617, 3424, 648, 15.15%, 0, 0, 20, 158.19, 1023243, 20203
6605, 0, 3586, 3618, 3425, 648, 15.15%, 0, 0, 20, 158.06, 1024063, 20203
6610, 0, 3498, 3623, 3428, 644, 15.15%, 0, 0, 20, 157.66, 1024862, 20203
6615, 0, 3498, 3626, 3431, 644, 15.15%, 0, 0, 20, 157.66, 1025657, 20203
6620, 0, 3498, 3628, 3433, 644, 15.15%, 0, 0, 20, 157.67, 1026449, 20204
6626, 0, 3498, 3629, 3434, 644, 15.15%, 0, 0, 20, 157.19, 1027247, 20204
6631, 0, 3498, 3630, 3435, 644, 15.15%, 0, 0, 20, 157.95, 1028039, 20204
6636, 0, 3498, 3630, 3435, 644, 15.15%, 0, 0, 20, 158.19, 1028831, 20204
6641, 0, 3498, 3631, 3436, 644, 15.15%, 0, 0, 20, 157.87, 1029623, 20204
6646, 0, 3498, 3631, 3436, 644, 15.15%, 0, 0, 20, 158.27, 1030415, 20204
6651, 0, 3498, 3634, 3439, 644, 15.15%, 0, 0, 20, 157.15, 1031207, 20204
6656, 0, 3498, 3635, 3440, 644, 15.15%, 0, 0, 20, 158.14, 1031999, 20204
6661, 0, 3498, 3636, 3441, 644, 15.15%, 0, 0, 20, 157.87, 1032791, 20204
6666, 0, 3498, 3638, 3443, 644, 15.15%, 0, 0, 20, 158.19, 1033589, 20204
6671, 0, 3498, 3638, 3443, 644, 15.15%, 0, 0, 20, 157.96, 1034381, 20204
6676, 0, 3498, 3638, 3443, 644, 15.15%, 0, 0, 20, 157.43, 1035170, 20204
6681, 0, 3498, 3638, 3443, 644, 15.15%, 0, 0, 20, 158.10, 1035962, 20204
6686, 0, 3498, 3638, 3443, 644, 15.15%, 0, 0, 20, 157.75, 1036754, 20204
6691, 0, 3498, 3638, 3443, 644, 15.15%, 0, 0, 20, 158.10, 1037576, 20204
6696, 0, 3608, 3640, 3444, 645, 15.15%, 0, 0, 20, 157.86, 1038389, 20205
6701, 0, 3608, 3642, 3446, 645, 15.15%, 0, 0, 21, 158.00, 1039191, 20208
6706, 0, 3608, 3643, 3447, 645, 15.15%, 0, 0, 21, 158.18, 1039986, 20208
6711, 0, 3608, 3644, 3448, 645, 15.15%, 0, 0, 21, 158.19, 1040790, 20208
6716, 0, 3608, 3645, 3449, 645, 15.15%, 0, 0, 21, 158.28, 1041582, 20208
6721, 0, 3608, 3645, 3449, 645, 15.15%, 0, 0, 21, 158.29, 1042374, 20208
6726, 0, 3608, 3647, 3451, 645, 15.15%, 0, 0, 21, 157.98, 1043166, 20208
6731, 0, 3608, 3649, 3453, 645, 15.15%, 0, 0, 21, 157.78, 1043955, 20208
6736, 0, 3608, 3649, 3453, 645, 15.15%, 0, 0, 21, 158.03, 1044747, 20208
6741, 0, 3608, 3650, 3454, 645, 15.15%, 0, 0, 21, 155.71, 1045527, 20208
6747, 0, 3608, 3650, 3454, 645, 15.15%, 0, 0, 21, 158.00, 1046352, 20208
6752, 0, 3608, 3651, 3455, 645, 15.15%, 0, 0, 21, 158.28, 1047144, 20208
6757, 0, 3608, 3653, 3457, 645, 15.15%, 0, 0, 21, 157.89, 1047936, 20211
6762, 0, 3608, 3653, 3457, 645, 15.15%, 0, 0, 21, 158.27, 1048728, 20211
6767, 0, 3608, 3656, 3460, 645, 15.15%, 0, 0, 21, 158.04, 1049538, 20212
6772, 0, 3608, 3658, 3462, 645, 15.15%, 0, 0, 21, 156.07, 1050336, 20212
6777, 0, 3608, 3658, 3462, 645, 15.15%, 0, 0, 21, 157.89, 1051161, 20212
6782, 0, 3608, 3660, 3464, 645, 15.15%, 0, 0, 21, 155.66, 1051953, 20212
6787, 0, 3270, 3660, 3462, 644, 15.15%, 0, 0, 21, 157.65, 1052772, 20212
6792, 0, 1142, 3661, 3462, 643, 15.15%, 0, 0, 21, 158.23, 1053577, 20212
6797, 0, 1142, 3666, 3467, 643, 15.16%, 0, 0, 21, 157.53, 1054368, 20217
6802, 0, 1142, 3668, 3469, 643, 15.16%, 0, 0, 21, 157.17, 1055163, 20217
6808, 0, 1142, 3673, 3474, 643, 15.16%, 0, 0, 21, 157.31, 1055973, 20217
6813, 0, 1142, 3675, 3476, 643, 15.16%, 0, 0, 21, 157.30, 1056780, 20218
6818, 0, 1142, 3676, 3477, 643, 15.16%, 0, 0, 21, 157.36, 1057572, 20218
6823, 0, 1142, 3676, 3477, 643, 15.16%, 0, 0, 21, 157.48, 1058364, 20218
6828, 0, 1142, 3676, 3477, 643, 15.16%, 0, 0, 21, 157.41, 1059156, 20218
6833, 0, 1142, 3677, 3478, 643, 15.16%, 0, 0, 21, 157.34, 1059948, 20218
6838, 0, 1142, 3677, 3478, 643, 15.16%, 0, 0, 21, 157.29, 1060740, 20218
6843, 0, 1142, 3677, 3478, 643, 15.16%, 0, 0, 21, 157.15, 1061532, 20218
6848, 0, 1142, 3677, 3478, 643, 15.16%, 0, 0, 21, 157.46, 1062324, 20218
6853, 0, 1142, 3680, 3481, 643, 15.16%, 0, 0, 21, 157.45, 1063125, 20228
6858, 0, 1142, 3680, 3481, 643, 15.16%, 0, 0, 21, 157.49, 1063917, 20228
6863, 0, 1142, 3680, 3481, 643, 15.16%, 0, 0, 21, 157.50, 1064709, 20228
6868, 0, 1142, 3681, 3482, 643, 15.16%, 0, 0, 21, 157.18, 1065501, 20228
6873, 0, 1142, 3681, 3482, 643, 15.16%, 0, 0, 21, 157.45, 1066293, 20228
6878, 0, 1142, 3681, 3482, 643, 15.16%, 0, 0, 21, 157.46, 1067087, 20228
6883, 0, 3648, 3683, 3483, 647, 15.16%, 0, 0, 22, 158.00, 1067877, 20228
6888, 0, 3648, 3685, 3485, 647, 15.16%, 0, 0, 22, 158.39, 1068681, 20228
6893, 0, 3648, 3689, 3489, 647, 15.17%, 0, 0, 22, 158.56, 1069488, 20231
6898, 0, 3648, 3689, 3489, 647, 15.17%, 0, 0, 22, 157.96, 1070280, 20231
6903, 0, 3648, 3689, 3489, 647, 15.17%, 0, 0, 22, 157.77, 1071069, 20231
6909, 0, 3648, 3690, 3490, 647, 15.17%, 0, 0, 22, 157.96, 1071894, 20231
6914, 0, 3648, 3692, 3492, 647, 15.17%, 0, 0, 22, 157.87, 1072695, 20231
6919, 0, 3648, 3694, 3494, 647, 15.17%, 0, 0, 22, 157.75, 1073499, 20233
6924, 0, 3648, 3696, 3496, 647, 15.17%, 0, 0, 22, 157.52, 1074291, 20233
6929, 0, 3648, 3696, 3496, 647, 15.17%, 0, 0, 22, 157.59, 1075083, 20233
6934, 0, 3648, 3697, 3497, 647, 15.17%, 0, 0, 22, 157.83, 1075875, 20233
6939, 0, 3648, 3698, 3498, 647, 15.17%, 0, 0, 22, 157.99, 1076667, 20233
6944, 0, 3648, 3699, 3499, 647, 15.17%, 0, 0, 22, 157.64, 1077459, 20233
6949, 0, 3648, 3699, 3499, 647, 15.17%, 0, 0, 22, 158.00, 1078251, 20233
6954, 0, 3648, 3701, 3501, 647, 15.17%, 0, 0, 22, 158.01, 1079043, 20233
6959, 0, 3648, 3702, 3502, 647, 15.17%, 0, 0, 22, 157.29, 1079841, 20233
6964, 0, 3648, 3703, 3503, 647, 15.17%, 0, 0, 22, 157.35, 1080657, 20236
6969, 0, 3495, 3703, 3501, 653, 15.17%, 0, 0, 22, 157.40, 1081463, 20236
6974, 0, 3495, 3706, 3504, 653, 15.17%, 0, 0, 22, 157.74, 1082261, 20236
6980, 0, 3495, 3707, 3505, 653, 15.17%, 0, 0, 22, 158.01, 1083062, 20236
6985, 0, 3495, 3710, 3508, 653, 15.17%, 0, 0, 22, 158.48, 1083863, 20236
6990, 0, 3495, 3711, 3509, 653, 15.17%, 0, 0, 22, 158.12, 1084685, 20236
6995, 0, 3495, 3713, 3511, 653, 15.17%, 0, 0, 22, 158.54, 1085480, 20236
7000, 0, 3495, 3713, 3511, 653, 15.17%, 0, 0, 22, 158.33, 1086272, 20236
7005, 0, 3495, 3715, 3513, 653, 15.17%, 0, 0, 22, 158.60, 1087073, 20236
7010, 0, 3495, 3716, 3514, 653, 15.17%, 0, 0, 22, 158.73, 1087871, 20237
7015, 0, 3495, 3716, 3514, 653, 15.17%, 0, 0, 22, 158.45, 1088663, 20237
7020, 0, 3495, 3717, 3515, 653, 15.17%, 0, 0, 22, 157.94, 1089461, 20237
7025, 0, 3495, 3718, 3516, 653, 15.17%, 0, 0, 22, 155.25, 1090241, 20237
7030, 0, 3495, 3718, 3516, 653, 15.17%, 0, 0, 22, 157.65, 1091066, 20237
7035, 0, 3495, 3719, 3517, 653, 15.17%, 0, 0, 22, 158.39, 1091870, 20238
7040, 0, 3495, 3719, 3517, 653, 15.17%, 0, 0, 22, 158.44, 1092695, 20238
7046, 0, 3495, 3721, 3519, 653, 15.17%, 0, 0, 22, 158.67, 1093520, 20238
7051, 0, 3495, 3721, 3519, 653, 15.17%, 0, 0, 22, 158.85, 1094345, 20238
7056, 0, 3682, 3721, 3518, 654, 15.17%, 0, 0, 22, 157.57, 1095151, 20238
7061, 0, 3682, 3722, 3519, 654, 15.17%, 0, 0, 23, 158.09, 1095952, 20241
7066, 0, 3682, 3724, 3521, 654, 15.17%, 0, 0, 23, 158.00, 1096744, 20241
7071, 0, 3682, 3724, 3521, 654, 15.17%, 0, 0, 23, 157.93, 1097536, 20241
7076, 0, 3682, 3724, 3521, 654, 15.17%, 0, 0, 23, 157.24, 1098328, 20241
7081, 0, 3682, 3725, 3522, 654, 15.18%, 0, 0, 23, 158.12, 1099145, 20243
7086, 0, 3695, 3726, 3522, 655, 15.18%, 0, 0, 23, 157.41, 1099961, 20243
7092, 0, 3695, 3728, 3524, 655, 15.18%, 0, 0, 23, 158.03, 1100776, 20243
7097, 0, 3694, 3730, 3525, 653, 15.18%, 0, 0, 23, 157.36, 1101584, 20243
7102, 0, 3694, 3731, 3526, 653, 15.18%, 0, 0, 23, 157.68, 1102376, 20244
7107, 0, 3694, 3734, 3529, 653, 15.18%, 0, 0, 23, 157.43, 1103168, 20246
7112, 0, 3694, 3737, 3532, 653, 15.18%, 0, 0, 23, 157.99, 1103960, 20246
7117, 0, 3694, 3738, 3533, 653, 15.18%, 0, 0, 23, 155.39, 1104743, 20246
7122, 0, 3694, 3739, 3534, 653, 15.18%, 0, 0, 23, 157.92, 1105568, 20246
7127, 0, 3694, 3739, 3534, 653, 15.18%, 0, 0, 23, 157.77, 1106360, 20246
7132, 0, 3694, 3741, 3536, 653, 15.18%, 0, 0, 23, 157.43, 1107161, 20246
7137, 0, 3694, 3741, 3536, 653, 15.18%, 0, 0, 23, 158.08, 1107953, 20246
7142, 0, 3694, 3741, 3536, 653, 15.18%, 0, 0, 23, 157.99, 1108745, 20246
7147, 0, 3694, 3741, 3536, 653, 15.18%, 0, 0, 23, 157.76, 1109537, 20246
7152, 0, 3694, 3741, 3536, 653, 15.18%, 0, 0, 23, 157.77, 1110329, 20246
7157, 0, 3694, 3742, 3537, 653, 15.18%, 0, 0, 23, 157.89, 1111130, 20246
7162, 0, 3694, 3743, 3538, 653, 15.18%, 0, 0, 23, 157.69, 1111922, 20246
7167, 0, 3694, 3745, 3540, 653, 15.18%, 0, 0, 23, 157.81, 1112720, 20247
7172, 0, 3694, 3746, 3541, 653, 15.18%, 0, 0, 23, 157.65, 1113509, 20247
7177, 0, 3694, 3747, 3542, 653, 15.18%, 0, 0, 23, 157.74, 1114303, 20247
7183, 0, 2637, 3748, 3541, 656, 15.18%, 0, 0, 23, 157.61, 1115118, 20247
7188, 0, 2637, 3755, 3548, 656, 15.25%, 0, 0, 23, 157.93, 1115928, 20339
7193, 0, 2637, 3756, 3549, 656, 15.25%, 0, 0, 23, 158.14, 1116720, 20339
7198, 0, 2637, 3759, 3552, 656, 15.25%, 0, 0, 23, 158.21, 1117518, 20339
7203, 0, 2637, 3762, 3555, 656, 15.25%, 0, 0, 23, 158.07, 1118313, 20339
7208, 0, 2637, 3764, 3557, 656, 15.26%, 0, 0, 23, 158.27, 1119120, 20360
7213, 0, 2637, 3764, 3557, 656, 15.26%, 0, 0, 23, 158.31, 1119912, 20360
7218, 0, 2637, 3765, 3558, 656, 15.26%, 0, 0, 23, 158.38, 1120704, 20361
7223, 0, 2637, 3765, 3558, 656, 15.26%, 0, 0, 23, 158.39, 1121496, 20361
7228, 0, 2637, 3767, 3560, 656, 15.27%, 0, 0, 23, 158.28, 1122294, 20364
7233, 0, 2637, 3767, 3560, 656, 15.27%, 0, 0, 23, 158.34, 1123119, 20364
7238, 0, 2637, 3767, 3560, 656, 15.27%, 0, 0, 23, 158.12, 1123911, 20364
7243, 0, 2637, 3767, 3560, 656, 15.27%, 0, 0, 23, 158.21, 1124703, 20364
7248, 0, 3740, 3768, 3560, 660, 15.27%, 0, 0, 23, 157.87, 1125505, 20368
7253, 0, 3740, 3775, 3567, 660, 15.27%, 0, 0, 24, 158.06, 1126325, 20375
7258, 0, 3740, 3775, 3567, 660, 15.27%, 0, 0, 24, 157.31, 1127114, 20375
7264, 0, 3740, 3775, 3567, 660, 15.27%, 0, 0, 24, 157.84, 1127936, 20375
7269, 0, 3740, 3776, 3568, 660, 15.27%, 0, 0, 24, 158.38, 1128761, 20376
7274, 0, 3740, 3777, 3569, 660, 15.27%, 0, 0, 24, 157.90, 1129565, 20376
7279, 0, 3740, 3778, 3570, 660, 15.27%, 0, 0, 24, 158.14, 1130366, 20376
7284, 0, 3740, 3781, 3573, 660, 15.28%, 0, 0, 24, 155.71, 1131176, 20378
7289, 0, 3740, 3781, 3573, 660, 15.28%, 0, 0, 24, 157.90, 1131968, 20378
7294, 0, 3740, 3781, 3573, 660, 15.28%, 0, 0, 24, 158.11, 1132760, 20378
7299, 0, 3740, 3782, 3574, 660, 15.28%, 0, 0, 24, 158.06, 1133552, 20378
7304, 0, 3740, 3783, 3575, 660, 15.28%, 0, 0, 24, 156.39, 1134350, 20378
7310, 0, 3740, 3783, 3575, 660, 15.28%, 0, 0, 24, 158.03, 1135175, 20378
7315, 0, 3740, 3784, 3576, 660, 15.28%, 0, 0, 24, 157.55, 1135976, 20379
7320, 0, 3740, 3785, 3577, 660, 15.28%, 0, 0, 24, 158.24, 1136768, 20379
7325, 0, 3740, 3785, 3577, 660, 15.28%, 0, 0, 24, 158.29, 1137560, 20379
7330, 0, 3740, 3785, 3577, 660, 15.28%, 0, 0, 24, 158.48, 1138385, 20379
7335, 0, 3740, 3785, 3577, 660, 15.28%, 0, 0, 24, 158.54, 1139197, 20379
7340, 0, 2207, 3785, 3575, 662, 15.28%, 0, 0, 24, 158.53, 1140020, 20379
7345, 0, 3762, 3792, 3581, 661, 15.29%, 0, 0, 24, 158.09, 1140817, 20390
7350, 0, 3762, 3795, 3584, 661, 15.29%, 0, 0, 24, 158.10, 1141615, 20397
7355, 0, 3762, 3798, 3587, 661, 15.29%, 0, 0, 24, 158.11, 1142419, 20399
7360, 0, 3762, 3798, 3587, 661, 15.29%, 0, 0, 24, 158.14, 1143211, 20399
7365, 0, 3762, 3800, 3589, 661, 15.29%, 0, 0, 24, 158.18, 1144015, 20399
7370, 0, 3762, 3801, 3590, 661, 15.29%, 0, 0, 24, 158.01, 1144807, 20399
7375, 0, 3762, 3802, 3591, 661, 15.29%, 0, 0, 24, 158.09, 1145599, 20400
7380, 0, 3762, 3803, 3592, 661, 15.29%, 0, 0, 24, 158.22, 1146400, 20400
7385, 0, 3762, 3803, 3592, 661, 15.29%, 0, 0, 24, 158.24, 1147192, 20400
7391, 0, 3762, 3804, 3593, 661, 15.29%, 0, 0, 24, 158.22, 1147993, 20400
7396, 0, 3762, 3804, 3593, 661, 15.29%, 0, 0, 24, 158.21, 1148785, 20400
7401, 0, 3762, 3805, 3594, 661, 15.29%, 0, 0, 24, 158.29, 1149577, 20400
7406, 0, 3762, 3805, 3594, 661, 15.29%, 0, 0, 24, 158.34, 1150375, 20400
7411, 0, 3779, 3807, 3595, 666, 15.29%, 0, 0, 25, 158.11, 1151181, 20401
7416, 0, 3779, 3809, 3597, 666, 15.29%, 0, 0, 25, 157.97, 1151973, 20401
7421, 0, 3779, 3809, 3597, 666, 15.29%, 0, 0, 25, 157.51, 1152765, 20401
7426, 0, 3779, 3809, 3597, 666, 15.29%, 0, 0, 25, 158.16, 1153557, 20401
7431, 0, 3779, 3809, 3597, 666, 15.29%, 0, 0, 25, 158.27, 1154376, 20401
7436, 0, 3731, 3810, 3597, 664, 15.29%, 0, 0, 25, 158.18, 1155191, 20401
7441, 0, 3731, 3811, 3598, 664, 15.29%, 0, 0, 25, 157.82, 1155980, 20401
7446, 0, 3731, 3813, 3600, 664, 15.29%, 0, 0, 25, 157.83, 1156772, 20401
7451, 0, 3731, 3813, 3600, 664, 15.29%, 0, 0, 25, 157.79, 1157561, 20401
7456, 0, 3731, 3813, 3600, 664, 15.29%, 0, 0, 25, 158.01, 1158353, 20401
7461, 0, 3731, 3814, 3601, 664, 15.29%, 0, 0, 25, 157.44, 1159145, 20401
7466, 0, 3731, 3815, 3602, 664, 15.29%, 0, 0, 25, 158.08, 1159940, 20401
7471, 0, 3731, 3816, 3603, 664, 15.30%, 0, 0, 25, 158.04, 1160732, 20403
7476, 0, 3731, 3817, 3604, 664, 15.30%, 0, 0, 25, 157.60, 1161521, 20406
7481, 0, 3731, 3817, 3604, 664, 15.30%, 0, 0, 25, 157.66, 1162313, 20406
7486, 0, 3731, 3817, 3604, 664, 15.30%, 0, 0, 25, 157.39, 1163105, 20406
7491, 0, 3731, 3818, 3605, 664, 15.30%, 0, 0, 25, 156.43, 1163903, 20406
7496, 0, 3731, 3818, 3605, 664, 15.30%, 0, 0, 25, 157.58, 1164695, 20406
7501, 0, 3731, 3818, 3605, 664, 15.30%, 0, 0, 25, 157.80, 1165487, 20406
7506, 0, 3731, 3819, 3606, 664, 15.30%, 0, 0, 25, 158.01, 1166282, 20406
7511, 0, 3731, 3819, 3606, 664, 15.30%, 0, 0, 25, 157.54, 1167074, 20406
7516, 0, 3731, 3819, 3606, 664, 15.30%, 0, 0, 25, 157.75, 1167866, 20406
7522, 0, 3809, 3819, 3605, 665, 15.30%, 0, 0, 25, 157.67, 1168675, 20406
7527, 0, 2023, 3819, 3604, 664, 15.30%, 0, 0, 25, 158.56, 1169470, 20406
7532, 0, 3179, 3819, 3602, 662, 15.30%, 0, 0, 25, 156.55, 1170264, 20406
7537, 0, 3179, 3824, 3607, 662, 15.30%, 0, 0, 25, 154.24, 1171050, 20408
7542, 0, 3179, 3829, 3612, 662, 15.30%, 0, 0, 25, 152.70, 1171836, 20410
7547, 0, 3687, 3835, 3617, 660, 15.30%, 0, 0, 25, 154.34, 1172611, 20410
7552, 0, 3687, 3837, 3619, 660, 15.30%, 0, 0, 25, 157.34, 1173403, 20410
7557, 0, 3687, 3837, 3619, 660, 15.30%, 0, 0, 25, 157.58, 1174195, 20410
7562, 0, 3687, 3839, 3621, 660, 15.30%, 0, 0, 25, 158.08, 1175013, 20411
7567, 0, 3651, 3847, 3628, 660, 15.30%, 0, 0, 25, 154.30, 1175810, 20414
7572, 0, 3651, 3848, 3629, 660, 15.30%, 0, 0, 25, 156.41, 1176599, 20414
7577, 0, 3651, 3851, 3632, 660, 15.30%, 0, 0, 25, 157.80, 1177391, 20414
7582, 0, 3651, 3852, 3633, 660, 15.30%, 0, 0, 25, 157.43, 1178183, 20414
7587, 0, 3651, 3853, 3634, 660, 15.30%, 0, 0, 25, 158.08, 1178975, 20414
7592, 0, 3651, 3853, 3634, 660, 15.30%, 0, 0, 25, 157.91, 1179767, 20414
7598, 0, 3651, 3854, 3635, 660, 15.30%, 0, 0, 25, 157.36, 1180586, 20414
7603, 0, 3651, 3854, 3635, 660, 15.30%, 0, 0, 25, 157.53, 1181378, 20414
7608, 0, 3651, 3855, 3636, 660, 15.30%, 0, 0, 25, 157.86, 1182170, 20414
7613, 0, 3651, 3855, 3636, 660, 15.30%, 0, 0, 25, 157.71, 1182989, 20414
7618, 0, 3651, 3855, 3636, 660, 15.30%, 0, 0, 25, 157.49, 1183778, 20414
7623, 0, 3651, 3856, 3637, 660, 15.30%, 0, 0, 25, 157.49, 1184576, 20414
7628, 0, 3651, 3857, 3638, 660, 15.30%, 0, 0, 25, 157.09, 1185380, 20414
7633, 0, 3651, 3858, 3639, 660, 15.30%, 0, 0, 25, 157.71, 1186172, 20414
7638, 0, 3651, 3858, 3639, 660, 15.30%, 0, 0, 25, 157.69, 1186991, 20414
7643, 0, 3651, 3858, 3639, 660, 15.30%, 0, 0, 25, 157.81, 1187783, 20414
7648, 0, 3651, 3861, 3642, 660, 15.31%, 0, 0, 25, 155.44, 1188576, 20418
7654, 0, 2614, 3862, 3641, 662, 15.31%, 0, 0, 25, 157.70, 1189391, 20418
7659, 0, 2614, 3864, 3643, 662, 15.31%, 0, 0, 25, 158.09, 1190196, 20418
7664, 0, 2614, 3864, 3643, 662, 15.31%, 0, 0, 25, 158.08, 1190997, 20418
7669, 0, 3189, 3868, 3646, 661, 15.31%, 0, 0, 25, 158.82, 1191822, 20422
7674, 0, 3189, 3869, 3647, 661, 15.31%, 0, 0, 25, 159.09, 1192623, 20422
7679, 0, 3189, 3873, 3651, 661, 15.31%, 0, 0, 25, 159.10, 1193448, 20425
7684, 0, 3189, 3875, 3653, 661, 15.31%, 0, 0, 25, 159.02, 1194273, 20426
7690, 0, 3189, 3875, 3653, 661, 15.31%, 0, 0, 25, 159.19, 1195098, 20426
7695, 0, 3189, 3875, 3653, 661, 15.31%, 0, 0, 25, 159.16, 1195923, 20426
7700, 0, 3189, 3875, 3653, 661, 15.31%, 0, 0, 25, 159.19, 1196748, 20426
7705, 0, 3189, 3876, 3654, 661, 15.31%, 0, 0, 25, 159.26, 1197573, 20426
7710, 0, 3189, 3877, 3655, 661, 15.32%, 0, 0, 25, 159.10, 1198398, 20430
7715, 0, 3189, 3879, 3657, 661, 15.32%, 0, 0, 25, 159.18, 1199196, 20430
7720, 0, 3189, 3881, 3659, 661, 15.32%, 0, 0, 25, 159.07, 1200021, 20430
7726, 0, 3189, 3881, 3659, 661, 15.32%, 0, 0, 25, 159.20, 1200846, 20430
7731, 0, 3189, 3882, 3660, 661, 15.32%, 0, 0, 25, 159.13, 1201671, 20430
7736, 0, 3189, 3883, 3661, 661, 15.32%, 0, 0, 25, 159.25, 1202496, 20430
7741, 0, 3189, 3883, 3661, 661, 15.32%, 0, 0, 25, 159.27, 1203321, 20430
7746, 0, 3189, 3885, 3663, 661, 15.32%, 0, 0, 25, 159.23, 1204119, 20430
7751, 0, 3020, 3885, 3661, 668, 15.32%, 0, 0, 25, 157.95, 1204936, 20430
7756, 0, 3020, 3886, 3662, 668, 15.32%, 0, 0, 25, 157.77, 1205734, 20431
7762, 0, 3816, 3890, 3665, 668, 15.32%, 0, 0, 25, 157.51, 1206537, 20433
7767, 0, 3816, 3890, 3665, 668, 15.32%, 0, 0, 25, 157.95, 1207329, 20433
7772, 0, 3816, 3891, 3666, 668, 15.32%, 0, 0, 25, 157.71, 1208124, 20434
7777, 0, 3816, 3892, 3667, 668, 15.32%, 0, 0, 25, 158.22, 1208928, 20434
7782, 0, 3816, 3893, 3668, 668, 15.32%, 0, 0, 25, 157.77, 1209726, 20435
7787, 0, 3816, 3893, 3668, 668, 15.32%, 0, 0, 25, 158.18, 1210518, 20435
7792, 0, 3816, 3894, 3669, 668, 15.32%, 0, 0, 25, 157.21, 1211313, 20435
7797, 0, 3816, 3894, 3669, 668, 15.32%, 0, 0, 25, 157.72, 1212105, 20435
7802, 0, 3816, 3895, 3670, 668, 15.32%, 0, 0, 25, 158.11, 1212897, 20435
7807, 0, 3816, 3895, 3670, 668, 15.32%, 0, 0, 25, 158.16, 1213689, 20435
7812, 0, 3816, 3896, 3671, 668, 15.32%, 0, 0, 25, 157.76, 1214481, 20435
7817, 0, 3816, 3896, 3671, 668, 15.32%, 0, 0, 25, 158.03, 1215273, 20435
7822, 0, 3816, 3897, 3672, 668, 15.32%, 0, 0, 25, 157.98, 1216068, 20436
7827, 0, 3816, 3897, 3672, 668, 15.32%, 0, 0, 25, 157.49, 1216860, 20436
7832, 0, 3816, 3897, 3672, 668, 15.32%, 0, 0, 25, 157.81, 1217652, 20436
7837, 0, 3816, 3897, 3672, 668, 15.32%, 0, 0, 25, 157.99, 1218444, 20436
7842, 0, 3816, 3898, 3673, 668, 15.32%, 0, 0, 25, 157.75, 1219233, 20436
7847, 0, 3786, 3898, 3671, 669, 15.32%, 0, 0, 25, 158.31, 1220047, 20436
7852, 0, 3786, 3899, 3672, 669, 15.32%, 0, 0, 25, 158.77, 1220850, 20437
7857, 0, 3887, 3900, 3672, 667, 15.32%, 0, 0, 26, 158.12, 1221646, 20437
7862, 0, 3622, 3901, 3671, 666, 15.32%, 0, 0, 26, 158.10, 1222440, 20437
7867, 0, 3622, 3903, 3673, 666, 15.32%, 0, 0, 26, 158.01, 1223232, 20437
7872, 0, 3622, 3903, 3673, 666, 15.32%, 0, 0, 26, 157.87, 1224024, 20437
7877, 0, 3622, 3903, 3673, 666, 15.32%, 0, 0, 26, 158.08, 1224837, 20437
7883, 0, 3594, 3903, 3672, 665, 15.32%, 0, 0, 26, 157.89, 1225655, 20437
7888, 0, 3744, 3904, 3672, 664, 15.32%, 0, 0, 26, 157.78, 1226472, 20437
7893, 0, 3744, 3904, 3672, 664, 15.32%, 0, 0, 26, 157.99, 1227285, 20437
7898, 0, 3531, 3904, 3671, 663, 15.32%, 0, 0, 26, 158.40, 1228107, 20437
7903, 0, 3695, 3905, 3671, 662, 15.32%, 0, 0, 26, 158.47, 1228917, 20437
7908, 0, 3695, 3906, 3672, 662, 15.32%, 0, 0, 26, 158.18, 1229742, 20437
7913, 0, 3695, 3907, 3673, 662, 15.32%, 0, 0, 26, 157.94, 1230534, 20437
7918, 0, 3695, 3907, 3673, 662, 15.32%, 0, 0, 26, 158.24, 1231326, 20437
7923, 0, 3695, 3907, 3673, 662, 15.32%, 0, 0, 26, 158.14, 1232118, 20437
7928, 0, 3695, 3908, 3674, 662, 15.32%, 0, 0, 26, 157.93, 1232910, 20437
7934, 0, 3695, 3908, 3674, 662, 15.32%, 0, 0, 26, 158.35, 1233735, 20437
7939, 0, 3695, 3909, 3675, 662, 15.32%, 0, 0, 26, 157.94, 1234527, 20437
7944, 0, 3695, 3910, 3676, 662, 15.32%, 0, 0, 26, 157.58, 1235319, 20437
7949, 0, 3695, 3911, 3677, 662, 15.32%, 0, 0, 26, 157.49, 1236108, 20438
7954, 0, 3695, 3913, 3679, 662, 15.32%, 0, 0, 26, 158.26, 1236905, 20440
7959, 0, 3695, 3913, 3679, 662, 15.32%, 0, 0, 26, 158.06, 1237701, 20440
7964, 0, 3695, 3913, 3679, 662, 15.32%, 0, 0, 26, 158.14, 1238496, 20440
7969, 0, 3695, 3913, 3679, 662, 15.32%, 0, 0, 26, 158.23, 1239289, 20440
7974, 0, 2057, 3913, 3678, 664, 15.32%, 0, 0, 26, 158.32, 1240114, 20440
7979, 0, 3595, 3914, 3678, 664, 15.32%, 0, 0, 26, 158.57, 1240919, 20440
7984, 0, 3595, 3914, 3678, 664, 15.32%, 0, 0, 26, 158.29, 1241739, 20440
7989, 0, 3219, 3915, 3678, 663, 15.32%, 0, 0, 26, 155.93, 1242534, 20440
7995, 0, 3219, 3918, 3681, 663, 15.33%, 0, 0, 26, 152.29, 1243320, 20444
8000, 0, 3219, 3919, 3682, 663, 15.33%, 0, 0, 26, 154.19, 1244118, 20446
8005, 0, 3219, 3921, 3684, 663, 15.33%, 0, 0, 26, 154.26, 1244907, 20446
8010, 0, 3219, 3923, 3686, 663, 15.33%, 0, 0, 26, 154.30, 1245696, 20446
8015, 0, 3219, 3923, 3686, 663, 15.33%, 0, 0, 26, 154.43, 1246488, 20446
8020, 0, 3219, 3925, 3688, 663, 15.34%, 0, 0, 26, 154.19, 1247289, 20462
8025, 0, 3219, 3925, 3688, 663, 15.34%, 0, 0, 26, 154.53, 1248081, 20462
8031, 0, 3219, 3926, 3689, 663, 15.34%, 0, 0, 26, 154.54, 1248879, 20464
8036, 0, 3219, 3927, 3690, 663, 15.34%, 0, 0, 26, 154.54, 1249671, 20464
8041, 0, 3219, 3927, 3690, 663, 15.34%, 0, 0, 26, 154.52, 1250460, 20464
8046, 0, 3219, 3927, 3690, 663, 15.34%, 0, 0, 26, 154.58, 1251252, 20464
8051, 0, 3219, 3929, 3692, 663, 15.34%, 0, 0, 26, 154.24, 1252041, 20464
8056, 0, 3431, 3929, 3691, 664, 15.34%, 0, 0, 26, 155.59, 1252846, 20464
8061, 0, 3431, 3931, 3693, 664, 15.34%, 0, 0, 26, 157.54, 1253641, 20466
8066, 0, 3431, 3931, 3693, 664, 15.34%, 0, 0, 26, 158.06, 1254434, 20466
8071, 0, 3930, 3932, 3693, 663, 15.34%, 0, 0, 26, 157.91, 1255246, 20466
8077, 0, 3324, 3933, 3693, 662, 15.34%, 0, 0, 26, 158.23, 1256052, 20466
8082, 0, 3783, 3933, 3692, 661, 15.34%, 0, 0, 26, 158.13, 1256857, 20466
8087, 0, 3783, 3942, 3701, 661, 15.34%, 0, 0, 26, 157.85, 1257661, 20468
8092, 0, 3783, 3950, 3709, 661, 15.35%, 0, 0, 26, 158.03, 1258453, 20472
8097, 0, 3783, 3951, 3710, 661, 15.35%, 0, 0, 26, 158.46, 1259248, 20472
8102, 0, 3783, 3954, 3713, 661, 15.35%, 0, 0, 26, 158.34, 1260040, 20474
8107, 0, 3783, 3955, 3714, 661, 15.35%, 0, 0, 26, 158.24, 1260832, 20475
8112, 0, 3783, 3955, 3714, 661, 15.35%, 0, 0, 26, 158.33, 1261624, 20475
8117, 0, 3783, 3959, 3718, 661, 15.35%, 0, 0, 26, 158.34, 1262425, 20476
8122, 0, 3783, 3959, 3718, 661, 15.35%, 0, 0, 26, 158.46, 1263250, 20476
8127, 0, 3783, 3960, 3719, 661, 15.35%, 0, 0, 26, 157.39, 1264036, 20476
8132, 0, 3783, 3961, 3720, 661, 15.35%, 0, 0, 26, 158.18, 1264828, 20476
8137, 0, 3783, 3962, 3721, 661, 15.35%, 0, 0, 26, 158.35, 1265632, 20476
8142, 0, 3783, 3965, 3724, 661, 15.35%, 0, 0, 26, 158.56, 1266457, 20478
8147, 0, 3783, 3965, 3724, 661, 15.35%, 0, 0, 26, 158.42, 1267249, 20478
8153, 0, 3783, 3966, 3725, 661, 15.35%, 0, 0, 26, 158.43, 1268074, 20478
8158, 0, 3783, 3967, 3726, 661, 15.36%, 0, 0, 26, 158.13, 1268866, 20487
8163, 0, 3783, 3968, 3727, 661, 15.36%, 0, 0, 26, 157.90, 1269667, 20487
8168, 0, 3783, 3969, 3728, 661, 15.36%, 0, 0, 26, 158.06, 1270486, 20487
8173, 0, 2378, 3971, 3728, 665, 15.36%, 0, 0, 26, 158.17, 1271283, 20487
8178, 0, 2378, 3972, 3729, 665, 15.36%, 0, 0, 26, 158.40, 1272081, 20487
8183, 0, 2256, 3973, 3729, 665, 15.36%, 0, 0, 26, 156.03, 1272852, 20487
8188, 0, 3945, 3973, 3728, 665, 15.36%, 0, 0, 26, 157.41, 1273646, 20487
8193, 0, 3945, 3975, 3730, 665, 15.36%, 0, 0, 26, 158.10, 1274450, 20488
8198, 0, 3945, 3979, 3734, 665, 15.36%, 0, 0, 26, 158.46, 1275281, 20488
8203, 0, 3945, 3983, 3738, 665, 15.36%, 0, 0, 26, 158.50, 1276085, 20488
8208, 0, 3945, 3984, 3739, 665, 15.36%, 0, 0, 26, 158.00, 1276874, 20488
8213, 0, 3945, 3986, 3741, 665, 15.36%, 0, 0, 26, 158.27, 1277678, 20490
8218, 0, 3945, 3986, 3741, 665, 15.36%, 0, 0, 26, 158.42, 1278470, 20490
8223, 0, 3945, 3988, 3743, 665, 15.36%, 0, 0, 26, 158.39, 1279262, 20492
8228, 0, 3945, 3989, 3744, 665, 15.36%, 0, 0, 26, 158.26, 1280054, 20492
8233, 0, 3945, 3990, 3745, 665, 15.36%, 0, 0, 26, 158.46, 1280849, 20493
8239, 0, 3945, 3991, 3746, 665, 15.36%, 0, 0, 26, 158.09, 1281650, 20493
8244, 0, 3945, 3991, 3746, 665, 15.36%, 0, 0, 26, 158.10, 1282475, 20493
8249, 0, 3945, 3992, 3747, 665, 15.36%, 0, 0, 26, 158.53, 1283270, 20493
8254, 0, 3945, 3993, 3748, 665, 15.36%, 0, 0, 26, 158.30, 1284095, 20493
8259, 0, 3945, 3993, 3748, 665, 15.36%, 0, 0, 26, 158.24, 1284920, 20493
8264, 0, 3945, 3993, 3748, 665, 15.36%, 0, 0, 26, 158.06, 1285712, 20493
8269, 0, 3945, 3993, 3748, 665, 15.36%, 0, 0, 26, 158.01, 1286503, 20493
8274, 0, 3945, 3995, 3750, 665, 15.36%, 0, 0, 26, 155.42, 1287304, 20493
8279, 0, 2996, 4001, 3754, 668, 15.37%, 0, 0, 26, 157.34, 1288114, 20497
8285, 0, 2996, 4003, 3756, 668, 15.37%, 0, 0, 26, 157.80, 1288924, 20497
8290, 0, 2996, 4003, 3756, 668, 15.37%, 0, 0, 26, 157.75, 1289716, 20497
8295, 0, 2996, 4004, 3757, 668, 15.37%, 0, 0, 26, 157.16, 1290511, 20497
8300, 0, 2996, 4005, 3758, 668, 15.37%, 0, 0, 26, 156.63, 1291306, 20497
8305, 0, 2996, 4007, 3760, 668, 15.37%, 0, 0, 26, 153.75, 1292098, 20498
8310, 0, 2996, 4007, 3760, 668, 15.37%, 0, 0, 26, 157.02, 1292890, 20498
8315, 0, 2996, 4009, 3762, 668, 15.37%, 0, 0, 26, 157.53, 1293688, 20499
8320, 0, 2996, 4011, 3764, 668, 15.37%, 0, 0, 26, 157.79, 1294483, 20502
8325, 0, 2996, 4011, 3764, 668, 15.37%, 0, 0, 26, 158.00, 1295275, 20502
8330, 0, 2996, 4011, 3764, 668, 15.37%, 0, 0, 26, 157.78, 1296067, 20502
8335, 0, 2996, 4011, 3764, 668, 15.37%, 0, 0, 26, 157.95, 1296859, 20502
8340, 0, 2996, 4011, 3764, 668, 15.37%, 0, 0, 26, 157.86, 1297657, 20502
8345, 0, 3975, 4013, 3765, 674, 15.37%, 0, 0, 27, 158.26, 1298463, 20502
8350, 0, 3975, 4016, 3768, 674, 15.37%, 0, 0, 27, 157.99, 1299255, 20502
8355, 0, 3975, 4018, 3770, 674, 15.37%, 0, 0, 27, 158.64, 1300056, 20505
8361, 0, 3975, 4019, 3771, 674, 15.37%, 0, 0, 27, 158.83, 1300881, 20505
8366, 0, 3975, 4019, 3771, 674, 15.37%, 0, 0, 27, 157.79, 1301673, 20505
8371, 0, 3975, 4021, 3773, 674, 15.37%, 0, 0, 27, 157.92, 1302471, 20506
8376, 0, 3975, 4021, 3773, 674, 15.37%, 0, 0, 27, 158.01, 1303263, 20506
8381, 0, 3975, 4021, 3773, 674, 15.37%, 0, 0, 27, 158.00, 1304055, 20506
8386, 0, 3975, 4022, 3774, 674, 15.37%, 0, 0, 27, 158.35, 1304847, 20506
8391, 0, 3975, 4023, 3775, 674, 15.37%, 0, 0, 27, 158.59, 1305672, 20506
8396, 0, 3975, 4023, 3775, 674, 15.37%, 0, 0, 27, 158.58, 1306493, 20506
8401, 0, 3950, 4024, 3775, 672, 15.37%, 0, 0, 27, 157.98, 1307308, 20506
8406, 0, 3950, 4025, 3776, 672, 15.37%, 0, 0, 27, 158.38, 1308134, 20506
8412, 0, 3748, 4025, 3775, 671, 15.37%, 0, 0, 27, 158.40, 1308950, 20506
8417, 0, 3734, 4026, 3775, 670, 15.37%, 0, 0, 27, 158.21, 1309755, 20506
8422, 0, 3734, 4030, 3779, 670, 15.37%, 0, 0, 27, 158.18, 1310563, 20506
8427, 0, 3734, 4030, 3779, 670, 15.37%, 0, 0, 27, 158.16, 1311355, 20506
8432, 0, 3734, 4030, 3779, 670, 15.37%, 0, 0, 27, 158.26, 1312147, 20506
8437, 0, 3734, 4032, 3781, 670, 15.37%, 0, 0, 27, 155.63, 1312942, 20506
8442, 0, 3734, 4032, 3781, 670, 15.37%, 0, 0, 27, 157.90, 1313767, 20506
8447, 0, 3734, 4032, 3781, 670, 15.37%, 0, 0, 27, 158.01, 1314559, 20506
8452, 0, 3734, 4032, 3781, 670, 15.37%, 0, 0, 27, 157.88, 1315351, 20506
8457, 0, 3734, 4032, 3781, 670, 15.37%, 0, 0, 27, 157.88, 1316143, 20506
8462, 0, 3734, 4032, 3781, 670, 15.37%, 0, 0, 27, 158.21, 1316935, 20506
8467, 0, 3734, 4032, 3781, 670, 15.37%, 0, 0, 27, 158.38, 1317760, 20506
8472, 0, 3734, 4033, 3782, 670, 15.37%, 0, 0, 27, 158.45, 1318558, 20506
8478, 0, 3734, 4033, 3782, 670, 15.37%, 0, 0, 27, 158.48, 1319380, 20506
8483, 0, 3734, 4033, 3782, 670, 15.37%, 0, 0, 27, 158.22, 1320172, 20506
8488, 0, 3734, 4033, 3782, 670, 15.37%, 0, 0, 27, 158.41, 1320997, 20506
8493, 0, 3734, 4033, 3782, 670, 15.37%, 0, 0, 27, 158.13, 1321789, 20506
8498, 0, 3734, 4035, 3784, 670, 15.37%, 0, 0, 27, 158.26, 1322584, 20507
8503, 0, 3734, 4035, 3784, 670, 15.37%, 0, 0, 27, 158.31, 1323395, 20507
8508, 0, 3168, 4044, 3791, 670, 15.37%, 0, 0, 27, 158.68, 1324204, 20507
8513, 0, 3168, 4046, 3793, 670, 15.37%, 0, 0, 27, 159.06, 1325029, 20507
8518, 0, 3168, 4048, 3795, 670, 15.38%, 0, 0, 27, 159.22, 1325854, 20510
8524, 0, 3168, 4049, 3796, 670, 15.38%, 0, 0, 27, 159.10, 1326679, 20510
8529, 0, 3168, 4051, 3798, 670, 15.38%, 0, 0, 27, 159.07, 1327504, 20510
8534, 0, 3168, 4053, 3800, 670, 15.38%, 0, 0, 27, 159.02, 1328314, 20510
8539, 0, 3168, 4053, 3800, 670, 15.38%, 0, 0, 27, 158.93, 1329139, 20510
8544, 0, 3168, 4054, 3801, 670, 15.38%, 0, 0, 27, 159.20, 1329943, 20510
8549, 0, 3168, 4055, 3802, 670, 15.38%, 0, 0, 27, 159.07, 1330768, 20511
8554, 0, 3168, 4055, 3802, 670, 15.38%, 0, 0, 27, 159.01, 1331593, 20511
8560, 0, 3168, 4056, 3803, 670, 15.38%, 0, 0, 27, 159.00, 1332418, 20511
8565, 0, 3168, 4056, 3803, 670, 15.38%, 0, 0, 27, 159.04, 1333243, 20511
8570, 0, 3168, 4057, 3804, 670, 15.38%, 0, 0, 27, 159.00, 1334044, 20511
8575, 0, 4034, 4061, 3807, 669, 15.38%, 0, 0, 27, 156.39, 1334831, 20521
8580, 0, 4034, 4061, 3807, 669, 15.38%, 0, 0, 27, 157.06, 1335620, 20521
8585, 0, 4034, 4064, 3810, 669, 15.39%, 0, 0, 27, 154.62, 1336388, 20524
8590, 0, 4034, 4064, 3810, 669, 15.39%, 0, 0, 27, 157.52, 1337180, 20524
8595, 0, 4034, 4064, 3810, 669, 15.39%, 0, 0, 27, 158.21, 1337972, 20524
8600, 0, 4034, 4065, 3811, 669, 15.39%, 0, 0, 27, 158.55, 1338797, 20525
8605, 0, 4034, 4066, 3812, 669, 15.39%, 0, 0, 27, 158.17, 1339598, 20525
8610, 0, 4034, 4066, 3812, 669, 15.39%, 0, 0, 27, 158.57, 1340423, 20525
8615, 0, 4034, 4067, 3813, 669, 15.39%, 0, 0, 27, 158.56, 1341218, 20525
8620, 0, 4034, 4067, 3813, 669, 15.39%, 0, 0, 27, 157.80, 1342010, 20525
8625, 0, 4034, 4067, 3813, 669, 15.39%, 0, 0, 27, 157.89, 1342802, 20525
8631, 0, 4034, 4069, 3815, 669, 15.39%, 0, 0, 27, 158.39, 1343600, 20525
8636, 0, 4034, 4070, 3816, 669, 15.39%, 0, 0, 27, 158.28, 1344392, 20525
8641, 0, 4034, 4070, 3816, 669, 15.39%, 0, 0, 27, 157.81, 1345184, 20525
8646, 0, 4034, 4071, 3817, 669, 15.39%, 0, 0, 27, 158.22, 1345985, 20525
8651, 0, 4034, 4071, 3817, 669, 15.39%, 0, 0, 27, 158.38, 1346810, 20525
8656, 0, 4034, 4071, 3817, 669, 15.39%, 0, 0, 27, 158.03, 1347628, 20525
8661, 0, 3797, 4071, 3815, 673, 15.39%, 0, 0, 27, 158.76, 1348444, 20525
8666, 0, 3853, 4071, 3814, 672, 15.39%, 0, 0, 27, 159.23, 1349251, 20525
8671, 0, 3853, 4074, 3817, 672, 15.39%, 0, 0, 27, 157.60, 1350050, 20525
8676, 0, 3853, 4075, 3818, 672, 15.39%, 0, 0, 27, 158.38, 1350875, 20525
8682, 0, 3853, 4077, 3820, 672, 15.39%, 0, 0, 27, 155.12, 1351661, 20525
8687, 0, 3853, 4078, 3821, 672, 15.39%, 0, 0, 27, 156.84, 1352456, 20525
8692, 0, 3853, 4079, 3822, 672, 15.39%, 0, 0, 27, 156.91, 1353248, 20525
8697, 0, 3853, 4079, 3822, 672, 15.39%, 0, 0, 27, 157.44, 1354040, 20525
8702, 0, 3853, 4079, 3822, 672, 15.39%, 0, 0, 27, 157.78, 1354829, 20525
8707, 0, 3853, 4079, 3822, 672, 15.39%, 0, 0, 27, 157.69, 1355651, 20525
8712, 0, 3853, 4080, 3823, 672, 15.39%, 0, 0, 27, 158.55, 1356476, 20525
8717, 0, 3853, 4082, 3825, 672, 15.39%, 0, 0, 27, 158.75, 1357277, 20525
8722, 0, 3853, 4082, 3825, 672, 15.39%, 0, 0, 27, 158.29, 1358069, 20525
8727, 0, 3853, 4082, 3825, 672, 15.39%, 0, 0, 27, 158.08, 1358861, 20525
8732, 0, 3853, 4082, 3825, 672, 15.39%, 0, 0, 27, 158.81, 1359686, 20525
8737, 0, 3853, 4083, 3826, 672, 15.39%, 0, 0, 27, 158.08, 1360484, 20527
8742, 0, 3853, 4083, 3826, 672, 15.39%, 0, 0, 27, 158.06, 1361276, 20527
8748, 0, 3853, 4084, 3827, 672, 15.39%, 0, 0, 27, 158.28, 1362077, 20527
8753, 0, 3853, 4084, 3827, 672, 15.39%, 0, 0, 27, 158.57, 1362889, 20527
8758, 0, 2354, 4085, 3826, 671, 15.39%, 0, 0, 27, 158.51, 1363709, 20528
8763, 0, 4064, 4085, 3825, 670, 15.39%, 0, 0, 27, 158.18, 1364513, 20528
8768, 0, 4064, 4086, 3826, 670, 15.39%, 0, 0, 27, 158.15, 1365305, 20529
8773, 0, 4064, 4086, 3826, 670, 15.39%, 0, 0, 27, 158.23, 1366113, 20529
8778, 0, 3504, 4086, 3823, 667, 15.39%, 0, 0, 27, 159.06, 1366936, 20529
8783, 0, 3504, 4086, 3823, 667, 15.39%, 0, 0, 27, 159.21, 1367742, 20529
8788, 0, 3916, 4090, 3826, 666, 15.39%, 0, 0, 27, 154.45, 1368519, 20529
8793, 0, 3916, 4097, 3833, 666, 15.39%, 0, 0, 27, 152.20, 1369281, 20529
8798, 0, 3916, 4100, 3836, 666, 15.39%, 0, 0, 27, 152.99, 1370055, 20529
8803, 0, 3916, 4105, 3841, 666, 15.40%, 0, 0, 27, 153.01, 1370823, 20539
8809, 0, 3916, 4110, 3846, 666, 15.40%, 0, 0, 27, 153.22, 1371603, 20541
8814, 0, 3916, 4111, 3847, 666, 15.40%, 0, 0, 27, 152.10, 1372368, 20541
8819, 0, 3916, 4112, 3848, 666, 15.40%, 0, 0, 27, 152.98, 1373160, 20541
8824, 0, 3916, 4115, 3851, 666, 15.40%, 0, 0, 27, 153.13, 1373928, 20541
8829, 0, 3916, 4116, 3852, 666, 15.40%, 0, 0, 27, 153.22, 1374723, 20541
8834, 0, 3916, 4119, 3855, 666, 15.40%, 0, 0, 27, 151.71, 1375509, 20541
8839, 0, 3916, 4120, 3856, 666, 15.40%, 0, 0, 27, 152.98, 1376301, 20544
8845, 0, 3916, 4122, 3858, 666, 15.40%, 0, 0, 27, 153.06, 1377093, 20544
8850, 0, 3916, 4123, 3859, 666, 15.40%, 0, 0, 27, 153.12, 1377885, 20544
8855, 0, 4058, 4124, 3859, 669, 15.40%, 0, 0, 27, 155.76, 1378694, 20546
8860, 0, 4058, 4124, 3859, 669, 15.40%, 0, 0, 27, 158.30, 1379517, 20546
8865, 0, 4123, 4124, 3858, 669, 15.40%, 0, 0, 27, 158.57, 1380328, 20546
8870, 0, 4025, 4124, 3857, 668, 15.40%, 0, 0, 27, 158.65, 1381129, 20546
8875, 0, 3140, 4127, 3859, 668, 15.40%, 0, 0, 27, 158.35, 1381921, 20547
8880, 0, 3140, 4127, 3859, 668, 15.40%, 0, 0, 27, 157.76, 1382738, 20547
8885, 0, 3966, 4129, 3860, 667, 15.40%, 0, 0, 27, 158.15, 1383541, 20547
8891, 0, 3966, 4131, 3862, 667, 15.40%, 0, 0, 27, 158.67, 1384342, 20547
8896, 0, 3966, 4131, 3862, 667, 15.40%, 0, 0, 27, 158.52, 1385167, 20547
8901, 0, 3966, 4131, 3862, 667, 15.40%, 0, 0, 27, 158.09, 1385989, 20547
8906, 0, 3966, 4132, 3863, 667, 15.40%, 0, 0, 27, 158.45, 1386814, 20547
8911, 0, 3966, 4132, 3863, 667, 15.40%, 0, 0, 27, 158.72, 1387639, 20547
8916, 0, 3966, 4133, 3864, 667, 15.40%, 0, 0, 27, 158.01, 1388440, 20547
8921, 0, 3966, 4136, 3867, 667, 15.40%, 0, 0, 27, 157.26, 1389232, 20547
8927, 0, 3966, 4137, 3868, 667, 15.40%, 0, 0, 27, 158.29, 1390057, 20547
8932, 0, 3966, 4137, 3868, 667, 15.40%, 0, 0, 27, 158.23, 1390849, 20547
8937, 0, 3966, 4138, 3869, 667, 15.40%, 0, 0, 27, 158.54, 1391647, 20549
8942, 0, 3966, 4139, 3870, 667, 15.41%, 0, 0, 27, 157.96, 1392439, 20551
8947, 0, 3966, 4139, 3870, 667, 15.41%, 0, 0, 27, 157.74, 1393231, 20551
8952, 0, 3966, 4140, 3871, 667, 15.41%, 0, 0, 27, 158.30, 1394026, 20551
8957, 0, 3966, 4141, 3872, 667, 15.41%, 0, 0, 27, 158.34, 1394851, 20552
8962, 0, 3966, 4141, 3872, 667, 15.41%, 0, 0, 27, 158.15, 1395643, 20552
8967, 0, 3966, 4141, 3872, 667, 15.41%, 0, 0, 27, 158.15, 1396463, 20552
8972, 0, 3091, 4142, 3872, 669, 15.41%, 0, 0, 27, 158.06, 1397258, 20552
8977, 0, 3091, 4142, 3872, 669, 15.41%, 0, 0, 27, 158.19, 1398075, 20552
8982, 0, 3733, 4144, 3873, 668, 15.41%, 0, 0, 27, 158.28, 1398883, 20552
8988, 0, 3733, 4147, 3876, 668, 15.41%, 0, 0, 27, 156.16, 1399672, 20554
8993, 0, 3733, 4148, 3877, 668, 15.41%, 0, 0, 27, 157.73, 1400473, 20554
8998, 0, 3733, 4149, 3878, 668, 15.41%, 0, 0, 27, 158.22, 1401268, 20555
9003, 0, 3733, 4149, 3878, 668, 15.41%, 0, 0, 27, 158.69, 1402093, 20555
9008, 0, 3733, 4149, 3878, 668, 15.41%, 0, 0, 27, 158.47, 1402885, 20555
9013, 0, 3733, 4149, 3878, 668, 15.41%, 0, 0, 27, 158.42, 1403677, 20555
9018, 0, 3733, 4149, 3878, 668, 15.41%, 0, 0, 27, 158.05, 1404469, 20555
9023, 0, 3733, 4149, 3878, 668, 15.41%, 0, 0, 27, 158.36, 1405261, 20555
9028, 0, 3733, 4149, 3878, 668, 15.41%, 0, 0, 27, 158.26, 1406053, 20555
9033, 0, 3733, 4150, 3879, 668, 15.41%, 0, 0, 27, 158.10, 1406845, 20555
9038, 0, 3733, 4150, 3879, 668, 15.41%, 0, 0, 27, 158.06, 1407637, 20555
9043, 0, 3733, 4150, 3879, 668, 15.41%, 0, 0, 27, 158.15, 1408459, 20555
9048, 0, 3733, 4150, 3879, 668, 15.41%, 0, 0, 27, 158.18, 1409251, 20555
9053, 0, 3733, 4150, 3879, 668, 15.41%, 0, 0, 27, 158.26, 1410043, 20555
9058, 0, 3733, 4152, 3881, 668, 15.41%, 0, 0, 27, 158.10, 1410838, 20557
9063, 0, 3733, 4152, 3881, 668, 15.41%, 0, 0, 27, 158.27, 1411657, 20557
9068, 0, 3641, 4153, 3881, 666, 15.41%, 0, 0, 27, 158.21, 1412470, 20557
9073, 0, 3641, 4154, 3882, 666, 15.41%, 0, 0, 27, 158.17, 1413262, 20557
9078, 0, 3641, 4156, 3884, 666, 15.41%, 0, 0, 27, 157.24, 1414051, 20557
9083, 0, 3641, 4156, 3884, 666, 15.41%, 0, 0, 27, 157.84, 1414843, 20557
9089, 0, 3641, 4156, 3884, 666, 15.41%, 0, 0, 27, 158.10, 1415665, 20557
9094, 0, 3641, 4157, 3885, 666, 15.41%, 0, 0, 27, 158.46, 1416460, 20557
9099, 0, 3641, 4157, 3885, 666, 15.41%, 0, 0, 27, 158.19, 1417282, 20557
9104, 0, 3641, 4157, 3885, 666, 15.41%, 0, 0, 27, 158.11, 1418074, 20557
9109, 0, 3641, 4157, 3885, 666, 15.41%, 0, 0, 27, 158.43, 1418899, 20557
9114, 0, 3641, 4157, 3885, 666, 15.41%, 0, 0, 27, 158.29, 1419691, 20557
9119, 0, 3641, 4157, 3885, 666, 15.41%, 0, 0, 27, 158.09, 1420483, 20557
9124, 0, 3641, 4157, 3885, 666, 15.41%, 0, 0, 27, 158.31, 1421308, 20557
9130, 0, 3641, 4158, 3886, 666, 15.41%, 0, 0, 27, 158.45, 1422130, 20557
9135, 0, 3641, 4158, 3886, 666, 15.41%, 0, 0, 27, 158.45, 1422922, 20557
9140, 0, 3641, 4158, 3886, 666, 15.41%, 0, 0, 27, 158.08, 1423714, 20557
9145, 0, 3641, 4158, 3886, 666, 15.41%, 0, 0, 27, 158.29, 1424506, 20557
9150, 0, 3641, 4158, 3886, 666, 15.41%, 0, 0, 27, 157.92, 1425327, 20557
9155, 0, 3641, 4161, 3889, 666, 15.49%, 0, 0, 27, 158.20, 1426119, 20663
9160, 0, 3257, 4161, 3888, 660, 15.49%, 0, 0, 27, 158.01, 1426940, 20663
9165, 0, 3257, 4164, 3891, 660, 15.49%, 0, 0, 27, 158.34, 1427758, 20663
9170, 0, 3134, 4164, 3889, 658, 15.49%, 0, 0, 27, 158.72, 1428579, 20663
9175, 0, 3134, 4165, 3890, 658, 15.49%, 0, 0, 27, 157.90, 1429399, 20663
9181, 0, 245, 4165, 3889, 657, 15.49%, 0, 0, 27, 158.11, 1430207, 20663
9186, 0, 3789, 4165, 3888, 656, 15.49%, 0, 0, 27, 158.66, 1431036, 20663
9191, 0, 3720, 4165, 3887, 655, 15.49%, 0, 0, 27, 158.70, 1431842, 20663
9196, 0, 3720, 4170, 3892, 655, 15.49%, 0, 0, 27, 158.79, 1432666, 20664
9201, 0, 3720, 4173, 3895, 655, 15.49%, 0, 0, 27, 158.89, 1433464, 20664
9206, 0, 3720, 4174, 3896, 655, 15.49%, 0, 0, 27, 158.73, 1434288, 20664
9211, 0, 3426, 4174, 3895, 655, 15.49%, 0, 0, 27, 158.69, 1435102, 20664
9217, 0, 3426, 4174, 3895, 655, 15.49%, 0, 0, 27, 158.81, 1435918, 20664
9222, 0, 2337, 4175, 3895, 654, 15.49%, 0, 0, 27, 159.02, 1436739, 20664
9227, 0, 4142, 4175, 3894, 653, 15.49%, 0, 0, 27, 158.90, 1437543, 20664
9232, 0, 4142, 4176, 3895, 653, 15.49%, 0, 0, 27, 158.40, 1438334, 20664
9237, 0, 4142, 4178, 3897, 653, 15.49%, 0, 0, 27, 157.70, 1439147, 20664
9242, 0, 3465, 4178, 3896, 654, 15.49%, 0, 0, 27, 158.23, 1439968, 20664
9247, 0, 2274, 4178, 3895, 653, 15.49%, 0, 0, 27, 155.56, 1440767, 20664
9252, 0, 3276, 4178, 3894, 652, 15.49%, 0, 0, 27, 158.12, 1441565, 20664
9257, 0, 3427, 4179, 3894, 652, 15.49%, 0, 0, 27, 158.23, 1442370, 20665
9263, 0, 3427, 4179, 3894, 652, 15.49%, 0, 0, 27, 158.32, 1443188, 20665
9268, 0, 1697, 4180, 3894, 651, 15.49%, 0, 0, 27, 158.76, 1444004, 20665
9273, 0, 4066, 4183, 3896, 649, 15.49%, 0, 0, 27, 155.57, 1444804, 20665
9278, 0, 4066, 4185, 3898, 649, 15.49%, 0, 0, 27, 157.67, 1445596, 20665
9283, 0, 4066, 4187, 3900, 649, 15.49%, 0, 0, 27, 158.05, 1446388, 20665
9288, 0, 4066, 4190, 3903, 649, 15.49%, 0, 0, 27, 157.95, 1447195, 20666
9293, 0, 4066, 4190, 3903, 649, 15.49%, 0, 0, 27, 158.28, 1447987, 20666
9298, 0, 4066, 4191, 3904, 649, 15.49%, 0, 0, 27, 158.23, 1448779, 20666
9303, 0, 4066, 4191, 3904, 649, 15.49%, 0, 0, 27, 158.40, 1449571, 20666
9308, 0, 4066, 4191, 3904, 649, 15.49%, 0, 0, 27, 158.51, 1450396, 20666
9313, 0, 4066, 4192, 3905, 649, 15.49%, 0, 0, 27, 158.42, 1451191, 20666
9318, 0, 4066, 4192, 3905, 649, 15.49%, 0, 0, 27, 158.20, 1451983, 20666
9323, 0, 4066, 4192, 3905, 649, 15.49%, 0, 0, 27, 158.40, 1452775, 20666
9328, 0, 4066, 4193, 3906, 649, 15.49%, 0, 0, 27, 158.39, 1453576, 20666
9333, 0, 4066, 4194, 3907, 649, 15.49%, 0, 0, 27, 158.19, 1454368, 20666
9338, 0, 4066, 4194, 3907, 649, 15.49%, 0, 0, 27, 158.49, 1455193, 20666
9344, 0, 4066, 4194, 3907, 649, 15.49%, 0, 0, 27, 158.50, 1456018, 20666
9349, 0, 4066, 4194, 3907, 649, 15.49%, 0, 0, 27, 158.15, 1456810, 20666
9354, 0, 4066, 4194, 3907, 649, 15.49%, 0, 0, 27, 158.17, 1457602, 20666
9359, 0, 4187, 4194, 3906, 650, 15.49%, 0, 0, 27, 157.90, 1458411, 20666
9364, 0, 1211, 4194, 3905, 649, 15.49%, 0, 0, 27, 157.42, 1459203, 20666
9369, 0, 4181, 4195, 3905, 648, 15.49%, 0, 0, 27, 158.05, 1460000, 20666
9374, 0, 4119, 4199, 3908, 647, 15.49%, 0, 0, 27, 154.21, 1460804, 20667
9379, 0, 4119, 4201, 3910, 647, 15.49%, 0, 0, 27, 151.69, 1461581, 20669
9384, 0, 4119, 4202, 3911, 647, 15.49%, 0, 0, 27, 152.96, 1462373, 20669
9390, 0, 4119, 4202, 3911, 647, 15.49%, 0, 0, 27, 153.29, 1463165, 20669
9395, 0, 4119, 4202, 3911, 647, 15.49%, 0, 0, 27, 153.17, 1463957, 20669
9400, 0, 4119, 4203, 3912, 647, 15.49%, 0, 0, 27, 153.24, 1464755, 20669
9405, 0, 4119, 4204, 3913, 647, 15.49%, 0, 0, 27, 153.27, 1465547, 20669
9410, 0, 4119, 4205, 3914, 647, 15.49%, 0, 0, 27, 152.66, 1466333, 20669
9415, 0, 4119, 4206, 3915, 647, 15.49%, 0, 0, 27, 152.94, 1467101, 20669
9421, 0, 4119, 4207, 3916, 647, 15.49%, 0, 0, 27, 153.25, 1467896, 20669
9426, 0, 4119, 4207, 3916, 647, 15.49%, 0, 0, 27, 153.16, 1468688, 20669
9431, 0, 4119, 4208, 3917, 647, 15.49%, 0, 0, 27, 152.33, 1469465, 20669
9436, 0, 4119, 4210, 3919, 647, 15.49%, 0, 0, 27, 152.87, 1470243, 20669
9441, 0, 4186, 4210, 3918, 649, 15.49%, 0, 0, 27, 155.80, 1471054, 20669
9446, 0, 4186, 4213, 3921, 649, 15.49%, 0, 0, 27, 157.84, 1471852, 20669
9451, 0, 4186, 4215, 3923, 649, 15.49%, 0, 0, 27, 157.96, 1472650, 20669
9456, 0, 4186, 4216, 3924, 649, 15.49%, 0, 0, 27, 158.23, 1473442, 20669
9461, 0, 4186, 4219, 3927, 649, 15.49%, 0, 0, 27, 156.64, 1474219, 20669
9466, 0, 4186, 4219, 3927, 649, 15.49%, 0, 0, 27, 157.82, 1475044, 20669
9471, 0, 4186, 4220, 3928, 649, 15.49%, 0, 0, 27, 157.73, 1475833, 20669
9476, 0, 4186, 4220, 3928, 649, 15.49%, 0, 0, 27, 157.73, 1476625, 20669
9482, 0, 4186, 4220, 3928, 649, 15.49%, 0, 0, 27, 157.64, 1477417, 20669
9487, 0, 4186, 4221, 3929, 649, 15.49%, 0, 0, 27, 157.69, 1478215, 20669
9492, 0, 4186, 4221, 3929, 649, 15.49%, 0, 0, 27, 157.73, 1479033, 20669
9497, 0, 3973, 4221, 3928, 649, 15.49%, 0, 0, 27, 157.79, 1479846, 20669
9502, 0, 3973, 4223, 3930, 649, 15.50%, 0, 0, 27, 158.48, 1480652, 20671
9507, 0, 3973, 4224, 3931, 649, 15.50%, 0, 0, 27, 158.01, 1481447, 20671
9512, 0, 3973, 4224, 3931, 649, 15.50%, 0, 0, 27, 158.60, 1482272, 20671
9517, 0, 3973, 4224, 3931, 649, 15.50%, 0, 0, 27, 158.41, 1483094, 20671
9523, 0, 3973, 4225, 3932, 649, 15.50%, 0, 0, 27, 157.97, 1483895, 20671
9528, 0, 3973, 4227, 3934, 649, 15.50%, 0, 0, 27, 158.48, 1484720, 20671
9533, 0, 3973, 4227, 3934, 649, 15.50%, 0, 0, 27, 158.35, 1485512, 20671
9538, 0, 3973, 4227, 3934, 649, 15.50%, 0, 0, 27, 158.49, 1486304, 20671
9543, 0, 3973, 4227, 3934, 649, 15.50%, 0, 0, 27, 158.12, 1487096, 20671
9548, 0, 3973, 4228, 3935, 649, 15.50%, 0, 0, 27, 158.26, 1487888, 20671
9553, 0, 3973, 4228, 3935, 649, 15.50%, 0, 0, 27, 158.15, 1488701, 20671
9558, 0, 2160, 4228, 3933, 649, 15.50%, 0, 0, 27, 140.95, 1489379, 20671
9563, 0, 2626, 4228, 3932, 648, 15.50%, 0, 0, 27, 154.71, 1490200, 20671
9568, 0, 3005, 4228, 3931, 647, 15.50%, 0, 0, 27, 157.02, 1491002, 20671
9573, 0, 3005, 4231, 3934, 647, 15.50%, 0, 0, 27, 155.10, 1491788, 20672
9578, 0, 3005, 4231, 3934, 647, 15.50%, 0, 0, 27, 155.73, 1492577, 20672
9584, 0, 3005, 4232, 3935, 647, 15.50%, 0, 0, 27, 156.16, 1493369, 20674
9589, 0, 3005, 4232, 3935, 647, 15.50%, 0, 0, 27, 156.92, 1494161, 20674
9594, 0, 3005, 4235, 3938, 647, 15.51%, 0, 0, 27, 155.32, 1494938, 20685
9599, 0, 3005, 4235, 3938, 647, 15.51%, 0, 0, 27, 155.40, 1495730, 20685
9604, 0, 3005, 4237, 3940, 647, 15.51%, 0, 0, 27, 156.18, 1496522, 20685
9609, 0, 3005, 4238, 3941, 647, 15.51%, 0, 0, 27, 156.21, 1497335, 20685
9614, 0, 3005, 4240, 3943, 647, 15.51%, 0, 0, 27, 154.79, 1498115, 20688
9619, 0, 3005, 4241, 3944, 647, 15.51%, 0, 0, 27, 155.86, 1498895, 20688
9624, 0, 3005, 4241, 3944, 647, 15.51%, 0, 0, 27, 155.97, 1499681, 20688
9629, 0, 3005, 4241, 3944, 647, 15.51%, 0, 0, 27, 156.57, 1500494, 20688
9634, 0, 3005, 4242, 3945, 647, 15.51%, 0, 0, 27, 155.50, 1501274, 20688
9640, 0, 3850, 4242, 3944, 650, 15.51%, 0, 0, 27, 157.73, 1502094, 20688
9645, 0, 3867, 4242, 3943, 649, 15.51%, 0, 0, 27, 159.01, 1502909, 20688
9650, 0, 3867, 4243, 3944, 649, 15.51%, 0, 0, 27, 159.51, 1503734, 20689
9655, 0, 3867, 4243, 3944, 649, 15.51%, 0, 0, 27, 159.71, 1504559, 20689
9660, 0, 3867, 4243, 3944, 649, 15.51%, 0, 0, 27, 159.69, 1505384, 20689
9665, 0, 3867, 4244, 3945, 649, 15.51%, 0, 0, 27, 159.01, 1506210, 20690
9670, 0, 3867, 4244, 3945, 649, 15.51%, 0, 0, 27, 159.23, 1507007, 20690
9676, 0, 3867, 4244, 3945, 649, 15.51%, 0, 0, 27, 159.42, 1507837, 20690
9681, 0, 947, 4244, 3944, 650, 15.51%, 0, 0, 27, 158.82, 1508662, 20690
9686, 0, 4046, 4244, 3942, 648, 15.51%, 0, 0, 27, 156.72, 1509473, 20690
9691, 0, 4046, 4248, 3946, 648, 15.51%, 0, 0, 27, 158.62, 1510272, 20690
9696, 0, 4046, 4251, 3949, 648, 15.52%, 0, 0, 27, 158.92, 1511097, 20702
9701, 0, 4046, 4254, 3952, 648, 15.52%, 0, 0, 27, 159.09, 1511925, 20703
9707, 0, 4046, 4255, 3953, 648, 15.52%, 0, 0, 27, 159.07, 1512750, 20703
9712, 0, 4046, 4255, 3953, 648, 15.52%, 0, 0, 27, 159.17, 1513575, 20703
9717, 0, 4046, 4256, 3954, 648, 15.52%, 0, 0, 27, 159.16, 1514403, 20703
9722, 0, 4046, 4256, 3954, 648, 15.52%, 0, 0, 27, 159.21, 1515228, 20703
9727, 0, 4046, 4259, 3957, 648, 15.52%, 0, 0, 27, 159.19, 1516035, 20703
9732, 0, 4046, 4259, 3957, 648, 15.52%, 0, 0, 27, 159.24, 1516860, 20703
9738, 0, 4046, 4260, 3958, 648, 15.53%, 0, 0, 27, 159.13, 1517685, 20711
9743, 0, 4046, 4261, 3959, 648, 15.53%, 0, 0, 27, 159.27, 1518510, 20712
9748, 0, 4046, 4261, 3959, 648, 15.53%, 0, 0, 27, 159.27, 1519335, 20712
9753, 0, 3989, 4261, 3958, 651, 15.53%, 0, 0, 27, 158.74, 1520140, 20712
9758, 0, 3989, 4263, 3960, 651, 15.53%, 0, 0, 27, 158.29, 1520962, 20712
9763, 0, 3989, 4265, 3962, 651, 15.53%, 0, 0, 27, 158.12, 1521780, 20712
9769, 0, 3925, 4266, 3961, 650, 15.53%, 0, 0, 27, 158.21, 1522602, 20712
9774, 0, 3925, 4268, 3963, 650, 15.53%, 0, 0, 27, 158.34, 1523400, 20712
9779, 0, 3925, 4269, 3964, 650, 15.53%, 0, 0, 27, 158.44, 1524225, 20712
9784, 0, 3925, 4270, 3965, 650, 15.53%, 0, 0, 27, 158.39, 1525059, 20713
9789, 0, 3925, 4270, 3965, 650, 15.53%, 0, 0, 27, 158.37, 1525884, 20713
9794, 0, 3925, 4270, 3965, 650, 15.53%, 0, 0, 27, 158.39, 1526709, 20713
9800, 0, 3925, 4272, 3967, 650, 15.53%, 0, 0, 27, 157.03, 1527501, 20713
9805, 0, 3925, 4272, 3967, 650, 15.53%, 0, 0, 27, 158.04, 1528293, 20713
9810, 0, 3925, 4272, 3967, 650, 15.53%, 0, 0, 27, 158.36, 1529118, 20713
9815, 0, 3925, 4272, 3967, 650, 15.53%, 0, 0, 27, 158.42, 1529943, 20713
9820, 0, 3925, 4272, 3967, 650, 15.53%, 0, 0, 27, 158.42, 1530768, 20713
9825, 0, 3925, 4273, 3968, 650, 15.53%, 0, 0, 27, 158.37, 1531560, 20713
9830, 0, 3925, 4273, 3968, 650, 15.53%, 0, 0, 27, 158.44, 1532366, 20713
9835, 0, 3144, 4276, 3970, 651, 15.53%, 0, 0, 27, 157.01, 1533175, 20713
9841, 0, 3144, 4276, 3970, 651, 15.53%, 0, 0, 27, 158.14, 1534000, 20713
9846, 0, 3144, 4276, 3970, 651, 15.53%, 0, 0, 27, 158.00, 1534792, 20713
9851, 0, 3144, 4278, 3972, 651, 15.53%, 0, 0, 27, 158.17, 1535596, 20713
9856, 0, 3144, 4278, 3972, 651, 15.53%, 0, 0, 27, 158.15, 1536388, 20713
9861, 0, 3144, 4278, 3972, 651, 15.53%, 0, 0, 27, 158.59, 1537213, 20713
9866, 0, 3144, 4279, 3973, 651, 15.53%, 0, 0, 27, 158.41, 1538011, 20713
9871, 0, 3144, 4279, 3973, 651, 15.53%, 0, 0, 27, 158.07, 1538833, 20713
9876, 0, 3144, 4279, 3973, 651, 15.53%, 0, 0, 27, 158.16, 1539625, 20713
9881, 0, 3144, 4281, 3975, 651, 15.53%, 0, 0, 27, 157.99, 1540417, 20714
9886, 0, 3144, 4281, 3975, 651, 15.53%, 0, 0, 27, 158.23, 1541209, 20714
9891, 0, 3144, 4282, 3976, 651, 15.53%, 0, 0, 27, 158.65, 1542007, 20714
9896, 0, 3144, 4283, 3977, 651, 15.53%, 0, 0, 27, 157.91, 1542799, 20714
9901, 0, 3144, 4284, 3978, 651, 15.53%, 0, 0, 27, 157.91, 1543618, 20714
9906, 0, 3144, 4285, 3979, 651, 15.53%, 0, 0, 27, 158.40, 1544410, 20714
9912, 0, 3144, 4285, 3979, 651, 15.53%, 0, 0, 27, 157.80, 1545232, 20714
9917, 0, 3144, 4285, 3979, 651, 15.53%, 0, 0, 27, 158.39, 1546045, 20714
9922, 0, 3098, 4287, 3980, 651, 15.53%, 0, 0, 27, 155.88, 1546819, 20714
9927, 0, 3098, 4288, 3981, 651, 15.53%, 0, 0, 27, 158.01, 1547620, 20714
9932, 0, 3098, 4288, 3981, 651, 15.53%, 0, 0, 27, 158.48, 1548445, 20714
9937, 0, 3098, 4288, 3981, 651, 15.53%, 0, 0, 27, 158.63, 1549270, 20714
9942, 0, 3098, 4289, 3982, 651, 15.53%, 0, 0, 27, 158.45, 1550088, 20714
9948, 0, 3180, 4289, 3981, 650, 15.53%, 0, 0, 27, 156.17, 1550899, 20714
9953, 0, 1703, 4290, 3981, 649, 15.53%, 0, 0, 27, 158.00, 1551694, 20714
9958, 0, 3713, 4293, 3983, 648, 15.53%, 0, 0, 27, 158.61, 1552488, 20714
9963, 0, 3713, 4293, 3983, 648, 15.53%, 0, 0, 27, 158.65, 1553313, 20714
9968, 0, 3713, 4295, 3985, 648, 15.53%, 0, 0, 27, 158.79, 1554138, 20714
9973, 0, 3713, 4296, 3986, 648, 15.53%, 0, 0, 27, 158.30, 1554963, 20714
9978, 0, 3713, 4297, 3987, 648, 15.53%, 0, 0, 27, 158.77, 1555761, 20714
9983, 0, 3713, 4297, 3987, 648, 15.53%, 0, 0, 27, 159.02, 1556586, 20714
9989, 0, 3713, 4297, 3987, 648, 15.53%, 0, 0, 27, 158.75, 1557411, 20714
9994, 0, 3713, 4297, 3987, 648, 15.53%, 0, 0, 27, 158.97, 1558236, 20714
9999, 0, 3713, 4297, 3987, 648, 15.53%, 0, 0, 27, 158.63, 1559058, 20714
10004, 0, 3713, 4297, 3987, 648, 15.53%, 0, 0, 27, 158.26, 1559850, 20714
10009, 0, 3713, 4297, 3987, 648, 15.53%, 0, 0, 27, 158.56, 1560675, 20714
10014, 0, 3713, 4297, 3987, 648, 15.53%, 0, 0, 27, 158.78, 1561500, 20714
10020, 0, 3713, 4297, 3987, 648, 15.53%, 0, 0, 27, 158.72, 1562325, 20714
10025, 0, 3713, 4297, 3987, 648, 15.53%, 0, 0, 27, 158.74, 1563150, 20714
10030, 0, 3713, 4297, 3987, 648, 15.53%, 0, 0, 27, 159.09, 1563975, 20714
10035, 0, 3713, 4298, 3988, 648, 15.53%, 0, 0, 27, 158.85, 1564776, 20714
10040, 0, 3713, 4300, 3990, 648, 15.53%, 0, 0, 27, 157.26, 1565584, 20714
10045, 0, 3778, 4300, 3989, 646, 15.53%, 0, 0, 27, 156.93, 1566391, 20714
10051, 0, 3871, 4300, 3988, 645, 15.53%, 0, 0, 27, 158.37, 1567201, 20714
10056, 0, 3871, 4302, 3990, 645, 15.53%, 0, 0, 27, 159.32, 1567999, 20716
10061, 0, 3871, 4302, 3990, 645, 15.53%, 0, 0, 27, 159.44, 1568802, 20716
10066, 0, 2513, 4302, 3989, 646, 15.53%, 0, 0, 27, 158.47, 1569602, 20716
10071, 0, 3766, 4304, 3990, 645, 15.53%, 0, 0, 27, 158.90, 1570404, 20716
10076, 0, 3766, 4305, 3991, 645, 15.53%, 0, 0, 27, 158.88, 1571229, 20718
10081, 0, 3766, 4310, 3996, 645, 15.54%, 0, 0, 27, 159.06, 1572033, 20725
10086, 0, 3766, 4313, 3999, 645, 15.54%, 0, 0, 27, 159.09, 1572837, 20735
10091, 0, 3766, 4314, 4000, 645, 15.55%, 0, 0, 27, 159.21, 1573662, 20739
10096, 0, 3766, 4316, 4002, 645, 15.55%, 0, 0, 27, 159.21, 1574466, 20743
10101, 0, 3766, 4317, 4003, 645, 15.55%, 0, 0, 27, 159.20, 1575300, 20743
10106, 0, 3766, 4318, 4004, 645, 15.55%, 0, 0, 27, 159.19, 1576104, 20743
10112, 0, 3766, 4318, 4004, 645, 15.55%, 0, 0, 27, 159.17, 1576929, 20743
10117, 0, 3766, 4319, 4005, 645, 15.55%, 0, 0, 27, 159.20, 1577754, 20748
10122, 0, 3766, 4319, 4005, 645, 15.55%, 0, 0, 27, 159.12, 1578579, 20748
10127, 0, 3766, 4319, 4005, 645, 15.55%, 0, 0, 27, 159.13, 1579404, 20748
10132, 0, 3766, 4319, 4005, 645, 15.55%, 0, 0, 27, 159.24, 1580205, 20748
10137, 0, 4235, 4320, 4004, 650, 15.55%, 0, 0, 27, 156.43, 1580998, 20748
10142, 0, 4235, 4326, 4010, 650, 15.56%, 0, 0, 27, 153.06, 1581777, 20751
10148, 0, 4235, 4327, 4011, 650, 15.56%, 0, 0, 27, 153.24, 1582571, 20751
10153, 0, 3255, 4327, 4010, 650, 15.56%, 0, 0, 27, 156.60, 1583360, 20751
10158, 0, 2306, 4327, 4009, 649, 15.56%, 0, 0, 27, 158.16, 1584170, 20751
10163, 0, 2306, 4330, 4012, 649, 15.56%, 0, 0, 27, 157.78, 1584991, 20751
10168, 0, 2473, 4330, 4011, 650, 15.56%, 0, 0, 27, 157.75, 1585784, 20751
10173, 0, 3450, 4332, 4012, 649, 15.56%, 0, 0, 27, 158.71, 1586587, 20753
10178, 0, 3450, 4334, 4014, 649, 15.57%, 0, 0, 27, 159.03, 1587412, 20770
10183, 0, 3450, 4336, 4016, 649, 15.59%, 0, 0, 27, 159.05, 1588237, 20790
10189, 0, 3450, 4337, 4017, 649, 15.59%, 0, 0, 27, 159.15, 1589062, 20791
10194, 0, 3450, 4338, 4018, 649, 15.59%, 0, 0, 27, 159.23, 1589887, 20796
10199, 0, 3450, 4340, 4020, 649, 15.62%, 0, 0, 27, 159.24, 1590715, 20838
10204, 0, 3450, 4341, 4021, 649, 15.62%, 0, 0, 27, 159.29, 1591540, 20838
10209, 0, 3450, 4341, 4021, 649, 15.62%, 0, 0, 27, 159.33, 1592365, 20838
10215, 0, 3450, 4342, 4022, 649, 15.62%, 0, 0, 27, 159.21, 1593190, 20838
10220, 0, 3450, 4343, 4023, 649, 15.62%, 0, 0, 27, 159.21, 1593991, 20841
10225, 0, 3450, 4343, 4023, 649, 15.62%, 0, 0, 27, 159.27, 1594816, 20841
10230, 0, 3450, 4344, 4024, 649, 15.63%, 0, 0, 27, 159.25, 1595641, 20843
10235, 0, 3450, 4345, 4025, 649, 15.63%, 0, 0, 27, 159.16, 1596441, 20843
10240, 0, 2975, 4348, 4027, 657, 15.63%, 0, 0, 27, 156.13, 1597238, 20845
10245, 0, 3886, 4348, 4026, 657, 15.63%, 0, 0, 27, 157.41, 1598036, 20845
10250, 0, 3886, 4350, 4028, 657, 15.63%, 0, 0, 27, 157.92, 1598829, 20845
10255, 0, 3886, 4350, 4028, 657, 15.63%, 0, 0, 27, 158.23, 1599621, 20845
10260, 0, 2976, 4350, 4027, 656, 15.63%, 0, 0, 27, 157.81, 1600432, 20845
10265, 0, 2976, 4350, 4027, 656, 15.63%, 0, 0, 27, 158.22, 1601234, 20845
10270, 0, 4138, 4352, 4028, 655, 15.63%, 0, 0, 27, 158.67, 1602033, 20850
10276, 0, 4138, 4352, 4028, 655, 15.63%, 0, 0, 27, 158.75, 1602858, 20850
10281, 0, 4138, 4352, 4028, 655, 15.63%, 0, 0, 27, 158.76, 1603681, 20850
10286, 0, 4138, 4353, 4029, 655, 15.64%, 0, 0, 27, 150.45, 1604468, 20859
10291, 0, 2470, 4354, 4029, 656, 15.64%, 0, 0, 27, 156.20, 1605258, 20860
10296, 0, 1374, 4354, 4027, 655, 15.64%, 0, 0, 27, 157.63, 1606063, 20860
10301, 0, 1374, 4355, 4028, 655, 15.64%, 0, 0, 27, 157.85, 1606886, 20860
10306, 0, 1769, 4364, 4036, 654, 15.65%, 0, 0, 27, 158.38, 1607680, 20871
10311, 0, 1769, 4371, 4043, 654, 15.65%, 0, 0, 27, 158.91, 1608484, 20880
10316, 0, 1769, 4375, 4047, 654, 15.66%, 0, 0, 27, 159.14, 1609282, 20883
10322, 0, 1769, 4381, 4053, 654, 15.66%, 0, 0, 27, 159.03, 1610107, 20883
10327, 0, 1769, 4384, 4056, 654, 15.66%, 0, 0, 27, 158.88, 1610902, 20885
10332, 0, 1769, 4386, 4058, 654, 15.66%, 0, 0, 27, 158.87, 1611727, 20885
10337, 0, 1769, 4387, 4059, 654, 15.66%, 0, 0, 27, 159.15, 1612531, 20885
10342, 0, 1769, 4389, 4061, 654, 15.66%, 0, 0, 27, 158.71, 1613356, 20885
10347, 0, 1769, 4390, 4062, 654, 15.66%, 0, 0, 27, 158.96, 1614181, 20885
10352, 0, 1769, 4392, 4064, 654, 15.66%, 0, 0, 27, 158.95, 1615009, 20885
10357, 0, 1769, 4393, 4065, 654, 15.66%, 0, 0, 27, 158.95, 1615807, 20885
10363, 0, 1769, 4393, 4065, 654, 15.66%, 0, 0, 27, 158.62, 1616632, 20885
10368, 0, 1769, 4394, 4066, 654, 15.67%, 0, 0, 27, 158.74, 1617457, 20898
10373, 0, 1769, 4395, 4067, 654, 15.67%, 0, 0, 27, 159.01, 1618282, 20898
10378, 0, 1769, 4395, 4067, 654, 15.67%, 0, 0, 27, 158.90, 1619107, 20898
10383, 0, 1769, 4397, 4069, 654, 15.67%, 0, 0, 27, 158.81, 1619932, 20899
10388, 0, 1769, 4399, 4071, 654, 15.67%, 0, 0, 27, 158.31, 1620738, 20899
10394, 0, 3519, 4401, 4072, 668, 15.67%, 0, 0, 27, 158.63, 1621557, 20899
10399, 0, 3905, 4401, 4071, 667, 15.67%, 0, 0, 27, 158.34, 1622365, 20899
10404, 0, 3905, 4401, 4071, 667, 15.67%, 0, 0, 27, 158.46, 1623186, 20899
10409, 0, 626, 4402, 4071, 666, 15.67%, 0, 0, 27, 158.88, 1624003, 20899
10414, 0, 4333, 4402, 4070, 665, 15.67%, 0, 0, 27, 159.04, 1624805, 20899
10419, 0, 4329, 4405, 4072, 664, 15.67%, 0, 0, 27, 158.36, 1625616, 20899
10424, 0, 4329, 4406, 4073, 664, 15.67%, 0, 0, 27, 157.92, 1626408, 20899
10429, 0, 4329, 4411, 4078, 664, 15.67%, 0, 0, 27, 157.76, 1627197, 20906
10434, 0, 4329, 4411, 4078, 664, 15.67%, 0, 0, 27, 157.96, 1627989, 20906
10439, 0, 4329, 4413, 4080, 664, 15.67%, 0, 0, 27, 157.85, 1628781, 20907
10444, 0, 4329, 4416, 4083, 664, 15.67%, 0, 0, 27, 158.02, 1629579, 20909
10449, 0, 4329, 4417, 4084, 664, 15.67%, 0, 0, 27, 158.09, 1630371, 20909
10454, 0, 4329, 4418, 4085, 664, 15.67%, 0, 0, 27, 158.06, 1631163, 20909
10459, 0, 4329, 4419, 4086, 664, 15.68%, 0, 0, 27, 158.02, 1631955, 20913
10464, 0, 4329, 4421, 4088, 664, 15.68%, 0, 0, 27, 158.16, 1632747, 20914
10469, 0, 4329, 4422, 4089, 664, 15.68%, 0, 0, 27, 157.88, 1633539, 20914
10474, 0, 4329, 4423, 4090, 664, 15.68%, 0, 0, 27, 158.13, 1634331, 20914
10480, 0, 4329, 4425, 4092, 664, 15.68%, 0, 0, 27, 157.88, 1635135, 20914
10485, 0, 4329, 4425, 4092, 664, 15.68%, 0, 0, 27, 157.35, 1635924, 20914
10490, 0, 4329, 4427, 4094, 664, 15.68%, 0, 0, 27, 157.92, 1636719, 20915
10495, 0, 4329, 4427, 4094, 664, 15.68%, 0, 0, 27, 158.06, 1637511, 20915
10500, 0, 4329, 4428, 4095, 664, 15.68%, 0, 0, 27, 158.01, 1638302, 20915
10505, 0, 2577, 4429, 4095, 670, 15.68%, 0, 0, 27, 157.76, 1639095, 20917
10510, 0, 2577, 4429, 4095, 670, 15.68%, 0, 0, 27, 158.24, 1639896, 20917
10515, 0, 3845, 4429, 4093, 669, 15.68%, 0, 0, 27, 158.46, 1640689, 20917
10520, 0, 3845, 4430, 4094, 669, 15.68%, 0, 0, 27, 158.36, 1641506, 20920
10525, 0, 3807, 4432, 4095, 668, 15.68%, 0, 0, 27, 157.88, 1642304, 20920
10530, 0, 3807, 4433, 4096, 668, 15.68%, 0, 0, 27, 158.26, 1643096, 20920
10535, 0, 3807, 4434, 4097, 668, 15.68%, 0, 0, 27, 158.19, 1643888, 20920
10540, 0, 3807, 4434, 4097, 668, 15.68%, 0, 0, 27, 158.09, 1644680, 20920
10545, 0, 3807, 4435, 4098, 668, 15.68%, 0, 0, 27, 158.20, 1645472, 20920
10550, 0, 3807, 4435, 4098, 668, 15.68%, 0, 0, 27, 157.86, 1646264, 20920
10555, 0, 3807, 4435, 4098, 668, 15.68%, 0, 0, 27, 157.92, 1647056, 20920
10560, 0, 3807, 4437, 4100, 668, 15.68%, 0, 0, 27, 158.29, 1647857, 20922
10565, 0, 3807, 4437, 4100, 668, 15.68%, 0, 0, 27, 158.33, 1648682, 20922
10570, 0, 3807, 4437, 4100, 668, 15.68%, 0, 0, 27, 158.00, 1649474, 20922
10575, 0, 3807, 4437, 4100, 668, 15.68%, 0, 0, 27, 157.93, 1650263, 20922
10580, 0, 3807, 4438, 4101, 668, 15.68%, 0, 0, 27, 158.10, 1651055, 20922
10585, 0, 3807, 4438, 4101, 668, 15.68%, 0, 0, 27, 158.34, 1651847, 20922
10590, 0, 3807, 4438, 4101, 668, 15.68%, 0, 0, 27, 158.46, 1652639, 20922
10595, 0, 3807, 4438, 4101, 668, 15.68%, 0, 0, 27, 158.23, 1653431, 20922
10600, 0, 3807, 4438, 4101, 668, 15.68%, 0, 0, 27, 158.54, 1654256, 20922
10606, 0, 3807, 4438, 4101, 668, 15.68%, 0, 0, 27, 158.28, 1655071, 20922
10611, 0, 2858, 4440, 4101, 668, 15.68%, 0, 0, 27, 158.14, 1655867, 20922
10616, 0, 2858, 4441, 4102, 668, 15.68%, 0, 0, 27, 157.38, 1656664, 20922
10621, 0, 3609, 4444, 4104, 667, 15.68%, 0, 0, 27, 156.26, 1657453, 20922
10626, 0, 3609, 4444, 4104, 667, 15.68%, 0, 0, 27, 157.61, 1658245, 20922
10631, 0, 3609, 4445, 4105, 667, 15.68%, 0, 0, 27, 158.17, 1659037, 20923
10636, 0, 3609, 4446, 4106, 667, 15.68%, 0, 0, 27, 158.56, 1659862, 20923
10641, 0, 3609, 4447, 4107, 667, 15.68%, 0, 0, 27, 158.20, 1660654, 20923
10646, 0, 3609, 4448, 4108, 667, 15.68%, 0, 0, 27, 157.66, 1661446, 20923
10651, 0, 3609, 4448, 4108, 667, 15.68%, 0, 0, 27, 158.05, 1662238, 20923
10656, 0, 3609, 4448, 4108, 667, 15.68%, 0, 0, 27, 158.40, 1663063, 20923
10661, 0, 3609, 4448, 4108, 667, 15.68%, 0, 0, 27, 158.02, 1663855, 20923
10666, 0, 3609, 4448, 4108, 667, 15.68%, 0, 0, 27, 157.84, 1664647, 20923
10671, 0, 3609, 4448, 4108, 667, 15.68%, 0, 0, 27, 158.63, 1665472, 20923
10676, 0, 3609, 4448, 4108, 667, 15.68%, 0, 0, 27, 158.24, 1666264, 20923
10682, 0, 3609, 4448, 4108, 667, 15.68%, 0, 0, 27, 158.75, 1667089, 20923
10687, 0, 3609, 4448, 4108, 667, 15.68%, 0, 0, 27, 158.15, 1667881, 20923
10692, 0, 3609, 4448, 4108, 667, 15.68%, 0, 0, 27, 158.53, 1668706, 20923
10697, 0, 3609, 4448, 4108, 667, 15.68%, 0, 0, 27, 158.68, 1669531, 20923
10702, 0, 3609, 4449, 4109, 667, 15.69%, 0, 0, 27, 158.59, 1670347, 20926
10707, 0, 902, 4449, 4107, 669, 15.69%, 0, 0, 27, 146.63, 1671053, 20926
10713, 0, 3859, 4452, 4109, 668, 15.69%, 0, 0, 27, 155.94, 1671875, 20932
10718, 0, 3859, 4455, 4112, 668, 15.69%, 0, 0, 27, 157.26, 1672676, 20933
10723, 0, 3859, 4456, 4113, 668, 15.69%, 0, 0, 27, 157.47, 1673462, 20933
10728, 0, 3859, 4458, 4115, 668, 15.69%, 0, 0, 27, 156.85, 1674242, 20934
10733, 0, 3859, 4461, 4118, 668, 15.69%, 0, 0, 27, 157.54, 1675043, 20935
10738, 0, 3859, 4464, 4121, 668, 15.70%, 0, 0, 27, 157.73, 1675847, 20940
10743, 0, 3859, 4466, 4123, 668, 15.70%, 0, 0, 27, 157.15, 1676642, 20941
10748, 0, 3859, 4467, 4124, 668, 15.70%, 0, 0, 27, 156.91, 1677458, 20942
10753, 0, 3859, 4467, 4124, 668, 15.70%, 0, 0, 27, 157.26, 1678250, 20942
10758, 0, 3859, 4467, 4124, 668, 15.70%, 0, 0, 27, 157.98, 1679042, 20942
10763, 0, 3859, 4468, 4125, 668, 15.70%, 0, 0, 27, 157.73, 1679834, 20943
10768, 0, 3859, 4468, 4125, 668, 15.70%, 0, 0, 27, 157.66, 1680623, 20943
10773, 0, 3859, 4468, 4125, 668, 15.70%, 0, 0, 27, 158.02, 1681415, 20943
10778, 0, 3859, 4470, 4127, 668, 15.70%, 0, 0, 27, 157.40, 1682207, 20946
10783, 0, 3859, 4471, 4128, 668, 15.70%, 0, 0, 27, 158.05, 1682999, 20948
10788, 0, 3859, 4472, 4129, 668, 15.70%, 0, 0, 27, 158.25, 1683791, 20948
10793, 0, 3859, 4472, 4129, 668, 15.70%, 0, 0, 27, 158.52, 1684611, 20948
10799, 0, 3775, 4472, 4128, 674, 15.70%, 0, 0, 27, 157.04, 1685420, 20948
10804, 0, 3775, 4472, 4128, 674, 15.70%, 0, 0, 27, 157.43, 1686229, 20948
10809, 0, 4458, 4472, 4127, 673, 15.70%, 0, 0, 27, 158.12, 1687051, 20948
10814, 0, 3142, 4473, 4127, 673, 15.71%, 0, 0, 27, 157.60, 1687864, 20951
10819, 0, 3142, 4473, 4127, 673, 15.71%, 0, 0, 27, 158.40, 1688683, 20951
10824, 0, 3799, 4473, 4126, 672, 15.71%, 0, 0, 27, 158.65, 1689500, 20951
10829, 0, 4148, 4475, 4127, 670, 15.71%, 0, 0, 27, 158.11, 1690312, 20951
10835, 0, 4148, 4476, 4128, 670, 15.71%, 0, 0, 27, 158.46, 1691136, 20952
10840, 0, 2894, 4476, 4127, 669, 15.71%, 0, 0, 27, 158.14, 1691946, 20952
10845, 0, 2894, 4476, 4127, 669, 15.71%, 0, 0, 27, 158.00, 1692745, 20952
10850, 0, 2973, 4478, 4128, 668, 15.71%, 0, 0, 27, 157.13, 1693530, 20952
10855, 0, 2973, 4478, 4128, 668, 15.71%, 0, 0, 27, 158.35, 1694324, 20952
10860, 0, 4475, 4478, 4127, 667, 15.71%, 0, 0, 27, 158.13, 1695123, 20952
10865, 0, 4475, 4480, 4129, 667, 15.71%, 0, 0, 27, 158.01, 1695941, 20953
10870, 0, 3796, 4481, 4128, 667, 15.71%, 0, 0, 27, 158.32, 1696761, 20954
10875, 0, 3796, 4482, 4129, 667, 15.71%, 0, 0, 27, 158.59, 1697559, 20954
10880, 0, 3890, 4483, 4129, 667, 15.71%, 0, 0, 27, 158.42, 1698367, 20954
10886, 0, 3890, 4483, 4129, 667, 15.71%, 0, 0, 27, 158.68, 1699187, 20954
10891, 0, 2954, 4483, 4128, 666, 15.71%, 0, 0, 27, 158.28, 1700003, 20954
10896, 0, 4309, 4483, 4127, 665, 15.71%, 0, 0, 27, 158.88, 1700810, 20954
10901, 0, 3458, 4484, 4127, 665, 15.71%, 0, 0, 27, 158.72, 1701612, 20955
10906, 0, 3458, 4486, 4129, 665, 15.71%, 0, 0, 27, 158.58, 1702411, 20957
10911, 0, 3458, 4487, 4130, 665, 15.71%, 0, 0, 27, 158.78, 1703236, 20957
10916, 0, 3458, 4487, 4130, 665, 15.71%, 0, 0, 27, 158.17, 1704028, 20957
10921, 0, 3458, 4487, 4130, 665, 15.71%, 0, 0, 27, 158.35, 1704853, 20957
10926, 0, 3458, 4487, 4130, 665, 15.71%, 0, 0, 27, 158.06, 1705663, 20957
10932, 0, 3934, 4487, 4129, 665, 15.71%, 0, 0, 27, 158.74, 1706484, 20957
10937, 0, 2818, 4487, 4128, 664, 15.71%, 0, 0, 27, 158.95, 1707300, 20957
10942, 0, 4084, 4487, 4127, 663, 15.71%, 0, 0, 27, 159.12, 1708128, 20957
10947, 0, 4084, 4488, 4128, 663, 15.71%, 0, 0, 27, 158.70, 1708929, 20957
10952, 0, 4260, 4489, 4128, 662, 15.71%, 0, 0, 27, 159.19, 1709758, 20958
10957, 0, 2537, 4489, 4127, 661, 15.71%, 0, 0, 27, 158.80, 1710561, 20958
10962, 0, 2537, 4489, 4127, 661, 15.71%, 0, 0, 27, 158.26, 1711364, 20958
10967, 0, 4352, 4494, 4131, 660, 15.72%, 0, 0, 28, 158.12, 1712181, 20971
10972, 0, 4352, 4497, 4134, 660, 15.72%, 0, 0, 28, 158.48, 1712976, 20974
10978, 0, 4352, 4497, 4134, 660, 15.72%, 0, 0, 28, 158.66, 1713801, 20974
10983, 0, 4352, 4497, 4134, 660, 15.72%, 0, 0, 28, 158.70, 1714626, 20974
10988, 0, 4352, 4497, 4134, 660, 15.72%, 0, 0, 28, 158.64, 1715451, 20974
10993, 0, 4352, 4497, 4134, 660, 15.72%, 0, 0, 28, 158.57, 1716276, 20974
10998, 0, 4352, 4498, 4135, 660, 15.72%, 0, 0, 28, 158.64, 1717101, 20976
11004, 0, 4352, 4499, 4136, 660, 15.73%, 0, 0, 28, 158.55, 1717905, 20978
11009, 0, 4352, 4499, 4136, 660, 15.73%, 0, 0, 28, 158.57, 1718730, 20978
11014, 0, 4352, 4499, 4136, 660, 15.73%, 0, 0, 28, 158.71, 1719555, 20978
11019, 0, 4352, 4500, 4137, 660, 15.73%, 0, 0, 28, 158.54, 1720378, 20979
11024, 0, 3606, 4500, 4136, 663, 15.73%, 0, 0, 28, 158.23, 1721198, 20979
11029, 0, 3606, 4500, 4136, 663, 15.73%, 0, 0, 28, 158.45, 1722010, 20979
11034, 0, 2460, 4500, 4135, 662, 15.73%, 0, 0, 28, 158.07, 1722801, 20979
11039, 0, 2460, 4500, 4135, 662, 15.73%, 0, 0, 28, 157.47, 1723592, 20979
11045, 0, 4248, 4500, 4134, 661, 15.73%, 0, 0, 28, 154.35, 1724373, 20979
11050, 0, 4248, 4503, 4137, 661, 15.73%, 0, 0, 28, 157.97, 1725198, 20981
11055, 0, 4248, 4503, 4137, 661, 15.73%, 0, 0, 28, 158.85, 1726023, 20981
11060, 0, 4248, 4503, 4137, 661, 15.73%, 0, 0, 28, 158.98, 1726849, 20981
11065, 0, 3686, 4503, 4136, 660, 15.73%, 0, 0, 28, 158.42, 1727648, 20981
11070, 0, 3686, 4504, 4137, 660, 15.73%, 0, 0, 28, 158.25, 1728472, 20981
11076, 0, 2028, 4504, 4135, 658, 15.73%, 0, 0, 28, 159.32, 1729294, 20981
11081, 0, 4435, 4506, 4136, 657, 15.73%, 0, 0, 28, 159.05, 1730101, 20981
11086, 0, 4435, 4506, 4136, 657, 15.73%, 0, 0, 28, 158.14, 1730893, 20981
11091, 0, 4435, 4506, 4136, 657, 15.73%, 0, 0, 28, 157.09, 1731685, 20981
11096, 0, 4435, 4507, 4137, 657, 15.73%, 0, 0, 28, 157.83, 1732502, 20981
11101, 0, 3305, 4507, 4136, 657, 15.73%, 0, 0, 28, 157.93, 1733322, 20981
11106, 0, 3305, 4507, 4136, 657, 15.73%, 0, 0, 28, 158.13, 1734138, 20981
11111, 0, 4414, 4508, 4136, 656, 15.73%, 0, 0, 28, 158.00, 1734959, 20983
11117, 0, 4020, 4509, 4136, 656, 15.73%, 0, 0, 28, 157.41, 1735758, 20985
11122, 0, 4020, 4511, 4138, 656, 15.73%, 0, 0, 28, 158.40, 1736562, 20985
11127, 0, 4020, 4513, 4140, 656, 15.73%, 0, 0, 28, 158.52, 1737360, 20985
11132, 0, 4020, 4516, 4143, 656, 15.73%, 0, 0, 28, 158.11, 1738152, 20985
11137, 0, 4020, 4516, 4143, 656, 15.73%, 0, 0, 28, 158.16, 1738944, 20985
11142, 0, 4020, 4516, 4143, 656, 15.73%, 0, 0, 28, 158.46, 1739769, 20985
11147, 0, 4020, 4516, 4143, 656, 15.73%, 0, 0, 28, 158.23, 1740561, 20985
11152, 0, 4020, 4517, 4144, 656, 15.73%, 0, 0, 28, 158.24, 1741365, 20985
11157, 0, 4020, 4518, 4145, 656, 15.73%, 0, 0, 28, 157.92, 1742169, 20985
11162, 0, 4020, 4520, 4147, 656, 15.73%, 0, 0, 28, 158.06, 1742964, 20985
11167, 0, 4020, 4520, 4147, 656, 15.73%, 0, 0, 28, 158.04, 1743756, 20985
11172, 0, 4020, 4520, 4147, 656, 15.73%, 0, 0, 28, 158.51, 1744572, 20985
11177, 0, 4465, 4521, 4146, 654, 15.73%, 0, 0, 28, 154.66, 1745342, 20985
11182, 0, 4465, 4522, 4147, 654, 15.73%, 0, 0, 28, 157.94, 1746166, 20985
11187, 0, 4465, 4523, 4148, 654, 15.73%, 0, 0, 28, 158.30, 1746958, 20986
11193, 0, 3614, 4524, 4148, 655, 15.73%, 0, 0, 28, 157.86, 1747762, 20986
11198, 0, 3614, 4524, 4148, 655, 15.73%, 0, 0, 28, 157.77, 1748573, 20986
11203, 0, 4280, 4524, 4147, 654, 15.73%, 0, 0, 28, 157.93, 1749391, 20986
11208, 0, 4000, 4525, 4147, 653, 15.73%, 0, 0, 28, 158.80, 1750206, 20986
11213, 0, 4000, 4525, 4147, 653, 15.73%, 0, 0, 28, 159.36, 1751012, 20986
11218, 0, 2441, 4528, 4149, 652, 15.73%, 0, 0, 28, 159.48, 1751839, 20988
11223, 0, 2441, 4528, 4149, 652, 15.73%, 0, 0, 28, 159.43, 1752664, 20988
11229, 0, 2441, 4529, 4150, 652, 15.73%, 0, 0, 28, 159.52, 1753489, 20989
11234, 0, 2441, 4530, 4151, 652, 15.73%, 0, 0, 28, 159.48, 1754314, 20989
11239, 0, 2441, 4530, 4151, 652, 15.73%, 0, 0, 28, 159.56, 1755139, 20989
11244, 0, 2441, 4530, 4151, 652, 15.73%, 0, 0, 28, 159.58, 1755964, 20989
11249, 0, 2441, 4531, 4152, 652, 15.74%, 0, 0, 28, 159.59, 1756792, 20991
11254, 0, 2441, 4532, 4153, 652, 15.74%, 0, 0, 28, 159.60, 1757617, 20992
11260, 0, 2441, 4532, 4153, 652, 15.74%, 0, 0, 28, 159.56, 1758442, 20992
11265, 0, 2441, 4532, 4153, 652, 15.74%, 0, 0, 28, 159.59, 1759267, 20992
11270, 0, 2441, 4533, 4154, 652, 15.74%, 0, 0, 28, 159.49, 1760092, 20992
11275, 0, 2441, 4533, 4154, 652, 15.74%, 0, 0, 28, 159.50, 1760918, 20992
11280, 0, 4479, 4533, 4153, 655, 15.74%, 0, 0, 28, 158.92, 1761720, 20992
11285, 0, 4479, 4534, 4154, 655, 15.74%, 0, 0, 28, 158.67, 1762518, 20992
11290, 0, 4313, 4535, 4154, 654, 15.74%, 0, 0, 28, 158.60, 1763337, 20992
11295, 0, 4313, 4537, 4156, 654, 15.74%, 0, 0, 28, 158.80, 1764140, 20992
11300, 0, 3623, 4538, 4156, 653, 15.74%, 0, 0, 28, 158.68, 1764936, 20992
11306, 0, 3623, 4538, 4156, 653, 15.74%, 0, 0, 28, 158.39, 1765749, 20992
11311, 0, 3612, 4539, 4156, 652, 15.74%, 0, 0, 28, 158.11, 1766548, 20992
11316, 0, 3612, 4540, 4157, 652, 15.74%, 0, 0, 28, 158.38, 1767343, 20992
11321, 0, 3187, 4541, 4156, 650, 15.75%, 0, 0, 28, 156.11, 1768126, 21005
11326, 0, 4507, 4541, 4154, 649, 15.75%, 0, 0, 28, 155.05, 1768902, 21005
11331, 0, 4507, 4546, 4159, 649, 15.75%, 0, 0, 28, 157.26, 1769710, 21013
11336, 0, 4507, 4549, 4162, 649, 15.76%, 0, 0, 28, 158.28, 1770517, 21017
11341, 0, 4507, 4551, 4164, 649, 15.76%, 0, 0, 28, 158.18, 1771324, 21017
11346, 0, 4507, 4551, 4164, 649, 15.76%, 0, 0, 28, 158.39, 1772149, 21017
11351, 0, 4507, 4555, 4168, 649, 15.76%, 0, 0, 28, 156.82, 1772938, 21018
11356, 0, 4507, 4557, 4170, 649, 15.76%, 0, 0, 28, 157.25, 1773736, 21019
11361, 0, 4507, 4558, 4171, 649, 15.76%, 0, 0, 28, 157.73, 1774528, 21019
11366, 0, 4507, 4558, 4171, 649, 15.76%, 0, 0, 28, 157.92, 1775320, 21019
11371, 0, 4507, 4560, 4173, 649, 15.76%, 0, 0, 28, 158.06, 1776112, 21019
11376, 0, 4507, 4560, 4173, 649, 15.76%, 0, 0, 28, 157.53, 1776904, 21019
11381, 0, 4507, 4560, 4173, 649, 15.76%, 0, 0, 28, 157.92, 1777696, 21019
11387, 0, 4507, 4560, 4173, 649, 15.76%, 0, 0, 28, 158.40, 1778521, 21019
11392, 0, 4507, 4562, 4175, 649, 15.77%, 0, 0, 28, 158.39, 1779328, 21031
11397, 0, 2995, 4563, 4175, 657, 15.77%, 0, 0, 28, 158.02, 1780120, 21031
11402, 0, 4335, 4563, 4174, 656, 15.77%, 0, 0, 28, 158.15, 1780925, 21031
11407, 0, 4335, 4568, 4179, 656, 15.79%, 0, 0, 28, 158.44, 1781729, 21065
11412, 0, 4335, 4571, 4182, 656, 15.80%, 0, 0, 28, 158.51, 1782539, 21070
11417, 0, 4335, 4572, 4183, 656, 15.80%, 0, 0, 28, 158.65, 1783334, 21072
11422, 0, 4335, 4573, 4184, 656, 15.80%, 0, 0, 28, 158.62, 1784132, 21077
11427, 0, 4335, 4574, 4185, 656, 15.80%, 0, 0, 28, 158.66, 1784930, 21080
11432, 0, 4335, 4577, 4188, 656, 15.82%, 0, 0, 28, 158.63, 1785731, 21097
11437, 0, 4335, 4580, 4191, 656, 15.82%, 0, 0, 28, 158.67, 1786526, 21108
11442, 0, 4335, 4580, 4191, 656, 15.82%, 0, 0, 28, 158.71, 1787351, 21108
11448, 0, 4335, 4580, 4191, 656, 15.82%, 0, 0, 28, 158.75, 1788176, 21108
11453, 0, 4335, 4581, 4192, 656, 15.82%, 0, 0, 28, 158.68, 1789001, 21108
11458, 0, 4335, 4581, 4192, 656, 15.82%, 0, 0, 28, 158.62, 1789826, 21108
11463, 0, 4335, 4583, 4194, 656, 15.82%, 0, 0, 28, 158.68, 1790624, 21109
11468, 0, 4517, 4584, 4194, 671, 15.82%, 0, 0, 29, 158.25, 1791428, 21109
11473, 0, 4517, 4585, 4195, 671, 15.82%, 0, 0, 29, 158.63, 1792226, 21109
11478, 0, 4517, 4586, 4196, 671, 15.82%, 0, 0, 29, 158.38, 1793018, 21109
11483, 0, 4517, 4590, 4200, 671, 15.82%, 0, 0, 29, 157.31, 1793807, 21109
11488, 0, 4517, 4590, 4200, 671, 15.82%, 0, 0, 29, 158.00, 1794599, 21109
11493, 0, 4517, 4591, 4201, 671, 15.82%, 0, 0, 29, 158.06, 1795424, 21109
11498, 0, 4517, 4592, 4202, 671, 15.82%, 0, 0, 29, 158.15, 1796216, 21109
11504, 0, 4517, 4593, 4203, 671, 15.82%, 0, 0, 29, 155.77, 1797026, 21109
11509, 0, 4517, 4594, 4204, 671, 15.83%, 0, 0, 29, 156.48, 1797815, 21113
11514, 0, 4517, 4595, 4205, 671, 15.83%, 0, 0, 29, 157.02, 1798628, 21113
11519, 0, 4517, 4595, 4205, 671, 15.83%, 0, 0, 29, 157.57, 1799420, 21113
11524, 0, 4517, 4598, 4208, 671, 15.83%, 0, 0, 29, 151.93, 1800172, 21113
11529, 0, 3954, 4598, 4206, 670, 15.83%, 0, 0, 29, 156.89, 1800988, 21113
11534, 0, 3954, 4603, 4211, 670, 15.83%, 0, 0, 29, 157.93, 1801794, 21113
11539, 0, 3954, 4605, 4213, 670, 15.83%, 0, 0, 29, 157.43, 1802583, 21113
11544, 0, 3954, 4606, 4214, 670, 15.83%, 0, 0, 29, 155.45, 1803366, 21113
11550, 0, 3954, 4606, 4214, 670, 15.83%, 0, 0, 29, 158.06, 1804191, 21113
11555, 0, 3954, 4606, 4214, 670, 15.83%, 0, 0, 29, 158.47, 1805016, 21113
11560, 0, 3954, 4606, 4214, 670, 15.83%, 0, 0, 29, 158.78, 1805841, 21113
11565, 0, 3954, 4606, 4214, 670, 15.83%, 0, 0, 29, 158.63, 1806666, 21113
11570, 0, 3954, 4606, 4214, 670, 15.83%, 0, 0, 29, 158.30, 1807488, 21113
11575, 0, 3954, 4607, 4215, 670, 15.83%, 0, 0, 29, 158.18, 1808283, 21113
11581, 0, 3954, 4607, 4215, 670, 15.83%, 0, 0, 29, 158.51, 1809108, 21113
11586, 0, 3954, 4608, 4216, 670, 15.83%, 0, 0, 29, 158.22, 1809900, 21113
11591, 0, 3954, 4608, 4216, 670, 15.83%, 0, 0, 29, 158.69, 1810725, 21113
11596, 0, 3954, 4609, 4217, 670, 15.83%, 0, 0, 29, 157.09, 1811508, 21113
11601, 0, 3954, 4610, 4218, 670, 15.83%, 0, 0, 29, 156.79, 1812303, 21113
11606, 0, 3954, 4610, 4218, 670, 15.83%, 0, 0, 29, 158.38, 1813128, 21113
11611, 0, 3954, 4612, 4220, 670, 15.83%, 0, 0, 29, 157.13, 1813920, 21113
11616, 0, 2225, 4612, 4219, 670, 15.83%, 0, 0, 29, 155.28, 1814720, 21113
11621, 0, 2225, 4612, 4219, 670, 15.83%, 0, 0, 29, 116.97, 1815234, 21113
11626, 0, 1674, 4612, 4218, 669, 15.83%, 0, 0, 29, 94.01, 1815682, 21113
11631, 0, 1674, 4612, 4218, 669, 15.83%, 0, 0, 29, 88.06, 1816116, 21113
11636, 0, 1674, 4612, 4218, 669, 15.83%, 0, 0, 29, 114.69, 1816673, 21113
11642, 0, 3923, 4617, 4222, 668, 15.83%, 0, 0, 29, 145.77, 1817472, 21117
11647, 0, 3923, 4622, 4227, 668, 15.83%, 0, 0, 29, 149.48, 1818255, 21117
11652, 0, 3923, 4623, 4228, 668, 15.83%, 0, 0, 29, 152.75, 1819041, 21117
11657, 0, 3923, 4623, 4228, 668, 15.83%, 0, 0, 29, 153.38, 1819833, 21117
11662, 0, 3923, 4624, 4229, 668, 15.83%, 0, 0, 29, 153.50, 1820628, 21117
11667, 0, 3923, 4625, 4230, 668, 15.83%, 0, 0, 29, 153.63, 1821426, 21117
11672, 0, 3923, 4627, 4232, 668, 15.84%, 0, 0, 29, 153.64, 1822197, 21125
11678, 0, 3923, 4629, 4234, 668, 15.84%, 0, 0, 29, 153.39, 1822992, 21125
11683, 0, 3923, 4629, 4234, 668, 15.84%, 0, 0, 29, 153.18, 1823781, 21125
11688, 0, 3923, 4631, 4236, 668, 15.84%, 0, 0, 29, 153.61, 1824573, 21131
11693, 0, 3923, 4632, 4237, 668, 15.84%, 0, 0, 29, 153.55, 1825368, 21131
11698, 0, 3923, 4632, 4237, 668, 15.84%, 0, 0, 29, 153.38, 1826157, 21131
11703, 0, 3923, 4633, 4238, 668, 15.84%, 0, 0, 29, 153.94, 1826949, 21131
11709, 0, 3027, 4635, 4239, 672, 15.84%, 0, 0, 29, 156.95, 1827776, 21131
11714, 0, 3027, 4637, 4241, 672, 15.85%, 0, 0, 29, 158.52, 1828601, 21138
11719, 0, 3027, 4639, 4243, 672, 15.85%, 0, 0, 29, 158.60, 1829426, 21138
11724, 0, 3027, 4639, 4243, 672, 15.85%, 0, 0, 29, 158.89, 1830251, 21138
11729, 0, 3027, 4640, 4244, 672, 15.85%, 0, 0, 29, 158.92, 1831076, 21149
11735, 0, 3027, 4641, 4245, 672, 15.86%, 0, 0, 29, 158.88, 1831901, 21151
11740, 0, 3027, 4641, 4245, 672, 15.86%, 0, 0, 29, 158.99, 1832726, 21151
11745, 0, 3027, 4642, 4246, 672, 15.86%, 0, 0, 29, 158.93, 1833551, 21151
11750, 0, 3027, 4643, 4247, 672, 15.86%, 0, 0, 29, 158.90, 1834376, 21151
11755, 0, 3027, 4643, 4247, 672, 15.86%, 0, 0, 29, 158.99, 1835201, 21151
11761, 0, 3027, 4643, 4247, 672, 15.86%, 0, 0, 29, 158.95, 1836026, 21151
11766, 0, 3027, 4643, 4247, 672, 15.86%, 0, 0, 29, 158.95, 1836851, 21151
11771, 0, 3027, 4643, 4247, 672, 15.86%, 0, 0, 29, 155.25, 1837629, 21151
11776, 0, 4005, 4644, 4246, 673, 15.86%, 0, 0, 29, 119.92, 1838206, 21151
11781, 0, 4005, 4648, 4250, 673, 15.86%, 0, 0, 29, 109.99, 1838738, 21151
11786, 0, 4005, 4649, 4251, 673, 15.87%, 0, 0, 29, 107.69, 1839294, 21165
11791, 0, 4005, 4652, 4254, 673, 15.87%, 0, 0, 29, 108.65, 1839836, 21169
11796, 0, 4005, 4652, 4254, 673, 15.87%, 0, 0, 29, 110.67, 1840396, 21169
11801, 0, 4005, 4652, 4254, 673, 15.87%, 0, 0, 29, 110.47, 1840954, 21169
11806, 0, 4005, 4652, 4254, 673, 15.87%, 0, 0, 29, 111.66, 1841518, 21169
11811, 0, 4005, 4653, 4255, 673, 15.87%, 0, 0, 29, 111.56, 1842084, 21172
11816, 0, 4005, 4654, 4256, 673, 15.87%, 0, 0, 29, 108.46, 1842634, 21172
11821, 0, 4005, 4654, 4256, 673, 15.87%, 0, 0, 29, 111.40, 1843200, 21172
11826, 0, 4005, 4654, 4256, 673, 15.87%, 0, 0, 29, 110.61, 1843758, 21172
11831, 0, 4005, 4655, 4257, 673, 15.87%, 0, 0, 29, 110.01, 1844316, 21174
11837, 0, 4005, 4657, 4259, 673, 15.89%, 0, 0, 29, 107.67, 1844872, 21193
11842, 0, 4005, 4658, 4260, 673, 15.89%, 0, 0, 29, 104.96, 1845414, 21193
11847, 0, 3389, 4658, 4258, 677, 15.89%, 0, 0, 29, 120.56, 1846031, 21193
11852, 0, 3389, 4660, 4260, 677, 15.89%, 0, 0, 29, 147.72, 1846825, 21195
11857, 0, 3389, 4661, 4261, 677, 15.89%, 0, 0, 29, 153.90, 1847602, 21195
11862, 0, 3389, 4662, 4262, 677, 15.89%, 0, 0, 29, 155.23, 1848385, 21195
11867, 0, 3389, 4663, 4263, 677, 15.89%, 0, 0, 29, 154.57, 1849165, 21195
11872, 0, 3389, 4664, 4264, 677, 15.89%, 0, 0, 29, 154.50, 1849942, 21195
11877, 0, 3389, 4664, 4264, 677, 15.89%, 0, 0, 29, 155.48, 1850752, 21195
11882, 0, 3389, 4664, 4264, 677, 15.89%, 0, 0, 29, 155.50, 1851526, 21195
11887, 0, 3389, 4665, 4265, 677, 15.89%, 0, 0, 29, 153.64, 1852294, 21195
11893, 0, 3389, 4665, 4265, 677, 15.89%, 0, 0, 29, 156.40, 1853086, 21195
11898, 0, 3389, 4665, 4265, 677, 15.89%, 0, 0, 29, 155.99, 1853875, 21195
11903, 0, 3389, 4665, 4265, 677, 15.89%, 0, 0, 29, 156.54, 1854664, 21195
11908, 0, 3389, 4665, 4265, 677, 15.89%, 0, 0, 29, 155.97, 1855450, 21195
11913, 0, 3389, 4666, 4266, 677, 15.89%, 0, 0, 29, 155.60, 1856238, 21195
11918, 0, 4655, 4669, 4268, 678, 15.89%, 0, 0, 29, 117.86, 1856795, 21195
11923, 0, 4655, 4671, 4270, 678, 15.89%, 0, 0, 29, 112.31, 1857359, 21195
11928, 0, 4655, 4676, 4275, 678, 15.89%, 0, 0, 29, 108.68, 1857915, 21202
11933, 0, 4655, 4676, 4275, 678, 15.89%, 0, 0, 29, 111.17, 1858471, 21202
11938, 0, 4655, 4676, 4275, 678, 15.89%, 0, 0, 29, 109.53, 1859035, 21202
11944, 0, 4655, 4677, 4276, 678, 15.89%, 0, 0, 29, 110.37, 1859597, 21202
11949, 0, 4655, 4678, 4277, 678, 15.90%, 0, 0, 29, 110.90, 1860165, 21209
11954, 0, 4655, 4679, 4278, 678, 15.90%, 0, 0, 29, 110.69, 1860727, 21210
11959, 0, 4655, 4680, 4279, 678, 15.90%, 0, 0, 29, 112.17, 1861291, 21210
11964, 0, 4655, 4680, 4279, 678, 15.90%, 0, 0, 29, 110.76, 1861845, 21210
11969, 0, 4655, 4681, 4280, 678, 15.90%, 0, 0, 29, 111.27, 1862401, 21210
11974, 0, 4655, 4681, 4280, 678, 15.90%, 0, 0, 29, 112.08, 1862965, 21210
11979, 0, 4655, 4683, 4282, 678, 15.90%, 0, 0, 29, 114.34, 1863553, 21211
11984, 0, 4655, 4683, 4282, 678, 15.90%, 0, 0, 29, 119.69, 1864137, 21211
11989, 0, 4160, 4685, 4283, 682, 15.90%, 0, 0, 29, 146.39, 1864929, 21211
11994, 0, 4160, 4689, 4287, 682, 15.90%, 0, 0, 29, 151.28, 1865705, 21213
11999, 0, 4160, 4741, 4339, 682, 16.11%, 0, 0, 29, 152.57, 1866488, 21484
12004, 0, 4160, 4777, 4375, 682, 16.11%, 0, 0, 29, 153.69, 1867265, 21485
12010, 0, 4160, 4800, 4398, 682, 16.11%, 0, 0, 29, 154.58, 1868060, 21487
12015, 0, 4160, 4820, 4418, 682, 16.11%, 0, 0, 29, 154.45, 1868867, 21489
12020, 0, 4160, 4835, 4433, 682, 16.11%, 0, 0, 29, 151.43, 1869656, 21490
12025, 0, 4160, 4849, 4447, 682, 16.11%, 0, 0, 29, 154.45, 1870460, 21495
12030, 0, 4160, 4860, 4458, 682, 16.12%, 0, 0, 29, 154.03, 1871249, 21497
12035, 0, 4160, 4872, 4470, 682, 16.12%, 0, 0, 29, 153.44, 1872014, 21504
12040, 0, 4160, 4879, 4477, 682, 16.13%, 0, 0, 29, 154.84, 1872815, 21512
12046, 0, 4160, 4885, 4483, 682, 16.13%, 0, 0, 29, 155.18, 1873616, 21519
12051, 0, 4160, 4888, 4486, 682, 16.13%, 0, 0, 29, 155.76, 1874408, 21519
12056, 0, 4160, 4894, 4492, 682, 16.13%, 0, 0, 29, 154.77, 1875188, 21519
12061, 0, 4160, 4898, 4496, 682, 16.13%, 0, 0, 29, 155.67, 1875992, 21520
12066, 0, 4160, 4909, 4507, 682, 16.14%, 0, 0, 29, 155.28, 1876784, 21524
12071, 0, 4160, 4910, 4508, 682, 16.14%, 0, 0, 29, 155.99, 1877576, 21524
12076, 0, 4160, 4918, 4516, 682, 16.14%, 0, 0, 29, 155.58, 1878383, 21524
12081, 0, 4160, 4924, 4522, 682, 16.14%, 0, 0, 29, 155.30, 1879160, 21525
12086, 0, 4160, 4931, 4529, 682, 16.14%, 0, 0, 29, 155.74, 1879961, 21527
12091, 0, 4160, 4933, 4531, 682, 16.14%, 0, 0, 29, 155.77, 1880744, 21527
12097, 0, 4160, 4940, 4538, 682, 16.14%, 0, 0, 29, 152.59, 1881541, 21528
12102, 0, 4852, 4941, 4538, 693, 16.14%, 0, 0, 29, 155.83, 1882347, 21528
12107, 0, 4852, 4941, 4538, 693, 16.14%, 0, 0, 29, 113.19, 1882862, 21528
12112, 0, 4852, 4941, 4538, 693, 16.14%, 0, 0, 29, 101.92, 1883348, 21528
12117, 0, 4442, 4942, 4538, 692, 16.14%, 0, 0, 29, 120.43, 1883916, 21528
12122, 0, 4442, 4942, 4538, 692, 16.14%, 0, 0, 29, 150.90, 1884718, 21528
12127, 0, 4819, 4942, 4537, 692, 16.14%, 0, 0, 29, 154.33, 1885524, 21528
12132, 0, 4819, 4942, 4537, 692, 16.14%, 0, 0, 29, 151.43, 1886283, 21528
12137, 0, 4819, 4958, 4553, 692, 16.14%, 0, 0, 29, 150.57, 1887063, 21529
12143, 0, 4819, 4971, 4566, 692, 16.14%, 0, 0, 29, 152.20, 1887849, 21534
12148, 0, 4819, 4987, 4582, 692, 16.14%, 0, 0, 29, 151.88, 1888623, 21535
12153, 0, 4819, 4999, 4594, 692, 16.15%, 0, 0, 29, 152.25, 1889409, 21538
12158, 0, 4819, 5007, 4602, 692, 16.15%, 0, 0, 29, 150.13, 1890180, 21538
12163, 0, 4819, 5012, 4607, 692, 16.15%, 0, 0, 29, 152.10, 1890945, 21538
12168, 0, 4819, 5019, 4614, 692, 16.15%, 0, 0, 29, 152.65, 1891725, 21538
12173, 0, 4819, 5027, 4622, 692, 16.15%, 0, 0, 29, 152.67, 1892502, 21540
12178, 0, 4819, 5029, 4624, 692, 16.15%, 0, 0, 29, 153.10, 1893297, 21540
12183, 0, 4819, 5042, 4637, 692, 16.15%, 0, 0, 29, 151.30, 1894077, 21544
12189, 0, 4819, 5046, 4641, 692, 16.15%, 0, 0, 29, 152.55, 1894863, 21545
12194, 0, 4819, 5050, 4645, 692, 16.15%, 0, 0, 29, 152.51, 1895658, 21545
12199, 0, 4819, 5055, 4650, 692, 16.15%, 0, 0, 29, 152.93, 1896441, 21546
12204, 0, 4819, 5058, 4653, 692, 16.15%, 0, 0, 29, 152.88, 1897227, 21547
12209, 0, 4819, 5061, 4656, 692, 16.15%, 0, 0, 29, 153.09, 1898010, 21547
12214, 0, 4819, 5065, 4660, 692, 16.16%, 0, 0, 29, 153.45, 1898802, 21551
12219, 0, 4819, 5069, 4664, 692, 16.16%, 0, 0, 29, 151.08, 1899561, 21551
12225, 0, 4819, 5072, 4667, 692, 16.16%, 0, 0, 29, 151.41, 1900338, 21551
12230, 0, 4819, 5075, 4670, 692, 16.16%, 0, 0, 29, 154.08, 1901139, 21551
12235, 0, 4942, 5076, 4670, 701, 16.16%, 0, 0, 29, 155.83, 1901953, 21551
12240, 0, 4942, 5076, 4670, 701, 16.16%, 0, 0, 29, 151.51, 1902709, 21551
12245, 0, 4356, 5077, 4670, 700, 16.16%, 0, 0, 29, 154.56, 1903502, 21551
12250, 0, 4817, 5078, 4670, 698, 16.16%, 0, 0, 29, 155.73, 1904293, 21551
12255, 0, 4817, 5078, 4670, 698, 16.16%, 0, 0, 29, 150.40, 1905040, 21551
12260, 0, 4817, 5085, 4677, 698, 16.16%, 0, 0, 29, 149.53, 1905797, 21552
12265, 0, 4817, 5096, 4688, 698, 16.16%, 0, 0, 29, 150.22, 1906548, 21552
12270, 0, 4817, 5103, 4695, 698, 16.16%, 0, 0, 29, 152.29, 1907328, 21552
12276, 0, 4817, 5115, 4707, 698, 16.16%, 0, 0, 29, 151.52, 1908111, 21554
12281, 0, 4817, 5121, 4713, 698, 16.16%, 0, 0, 29, 152.49, 1908879, 21555
12286, 0, 4817, 5131, 4723, 698, 16.16%, 0, 0, 29, 147.73, 1909623, 21559
12291, 0, 4817, 5137, 4729, 698, 16.17%, 0, 0, 29, 151.44, 1910400, 21566
12296, 0, 4817, 5141, 4733, 698, 16.17%, 0, 0, 29, 149.42, 1911169, 21566
12301, 0, 4817, 5145, 4737, 698, 16.17%, 0, 0, 29, 151.83, 1911942, 21567
12306, 0, 4817, 5148, 4740, 698, 16.17%, 0, 0, 29, 152.19, 1912731, 21567
12311, 0, 4817, 5154, 4746, 698, 16.17%, 0, 0, 29, 152.49, 1913511, 21568
12316, 0, 4817, 5160, 4752, 698, 16.17%, 0, 0, 29, 152.19, 1914297, 21573
12322, 0, 4817, 5164, 4756, 698, 16.17%, 0, 0, 29, 152.20, 1915080, 21573
12327, 0, 4817, 5168, 4760, 698, 16.18%, 0, 0, 29, 152.24, 1915872, 21583
12332, 0, 4817, 5173, 4765, 698, 16.18%, 0, 0, 29, 150.83, 1916655, 21583
12337, 0, 4817, 5174, 4766, 698, 16.18%, 0, 0, 29, 152.63, 1917453, 21583
12342, 0, 4817, 5178, 4770, 698, 16.18%, 0, 0, 29, 152.52, 1918242, 21583
12348, 0, 4817, 5180, 4772, 698, 16.18%, 0, 0, 29, 152.96, 1919034, 21583
12353, 0, 4817, 5182, 4774, 698, 16.18%, 0, 0, 29, 150.20, 1919785, 21583
12358, 0, 5160, 5184, 4775, 703, 16.18%, 0, 0, 29, 153.25, 1920564, 21589
12363, 0, 5160, 5184, 4775, 703, 16.18%, 0, 0, 29, 152.03, 1921323, 21589
12368, 0, 4202, 5184, 4774, 702, 16.18%, 0, 0, 29, 153.14, 1922112, 21589
12373, 0, 3840, 5184, 4773, 701, 16.18%, 0, 0, 29, 156.13, 1922921, 21589
12378, 0, 3840, 5184, 4773, 701, 16.18%, 0, 0, 29, 158.19, 1923734, 21589
12383, 0, 4567, 5185, 4773, 700, 16.18%, 0, 0, 29, 159.03, 1924555, 21589
12388, 0, 4567, 5186, 4774, 700, 16.18%, 0, 0, 29, 159.61, 1925359, 21589
12393, 0, 4567, 5187, 4775, 700, 16.19%, 0, 0, 29, 159.37, 1926179, 21590
12398, 0, 5125, 5187, 4774, 700, 16.19%, 0, 0, 29, 127.02, 1926821, 21590
12403, 0, 5125, 5187, 4774, 700, 16.19%, 0, 0, 29, 103.45, 1927315, 21590
12408, 0, 5125, 5187, 4774, 700, 16.19%, 0, 0, 29, 95.15, 1927793, 21590
12414, 0, 5125, 5197, 4784, 700, 16.19%, 0, 0, 29, 118.58, 1928416, 21590
12419, 0, 5125, 5205, 4792, 700, 16.19%, 0, 0, 29, 125.12, 1929046, 21592
12424, 0, 5125, 5209, 4796, 700, 16.19%, 0, 0, 29, 131.75, 1929732, 21593
12429, 0, 5125, 5215, 4802, 700, 16.19%, 0, 0, 29, 135.97, 1930418, 21595
12434, 0, 5125, 5218, 4805, 700, 16.19%, 0, 0, 29, 139.95, 1931126, 21596
12439, 0, 5125, 5222, 4809, 700, 16.19%, 0, 0, 29, 136.64, 1931816, 21602
12444, 0, 5125, 5226, 4813, 700, 16.20%, 0, 0, 29, 132.39, 1932490, 21604
12449, 0, 5125, 5233, 4820, 700, 16.20%, 0, 0, 29, 133.41, 1933150, 21606
12454, 0, 5125, 5238, 4825, 700, 16.20%, 0, 0, 29, 139.04, 1933878, 21606
12459, 0, 5125, 5241, 4828, 700, 16.20%, 0, 0, 29, 138.66, 1934574, 21606
12464, 0, 5125, 5245, 4832, 700, 16.20%, 0, 0, 29, 136.55, 1935252, 21606
12469, 0, 5125, 5248, 4835, 700, 16.20%, 0, 0, 29, 144.75, 1935988, 21609
12475, 0, 5227, 5249, 4835, 709, 16.20%, 0, 0, 29, 136.43, 1936732, 21609
12480, 0, 5227, 5249, 4835, 709, 16.20%, 0, 0, 29, 99.04, 1937186, 21609
12485, 0, 5227, 5249, 4835, 709, 16.20%, 0, 0, 29, 88.42, 1937627, 21609
12490, 0, 4656, 5249, 4834, 708, 16.20%, 0, 0, 29, 90.41, 1938099, 21609
12495, 0, 4656, 5250, 4835, 708, 16.20%, 0, 0, 29, 98.64, 1938609, 21609
12500, 0, 4065, 5250, 4834, 707, 16.20%, 0, 0, 29, 134.39, 1939298, 21609
12505, 0, 4065, 5251, 4835, 707, 16.20%, 0, 0, 29, 154.03, 1940104, 21609
12510, 0, 5225, 5251, 4834, 706, 16.20%, 0, 0, 29, 118.37, 1940696, 21609
12515, 0, 5225, 5251, 4834, 706, 16.20%, 0, 0, 29, 104.03, 1941198, 21609
12521, 0, 5225, 5252, 4835, 706, 16.20%, 0, 0, 29, 98.45, 1941685, 21609
12526, 0, 5225, 5257, 4840, 706, 16.20%, 0, 0, 29, 119.20, 1942306, 21609
12531, 0, 5225, 5261, 4844, 706, 16.20%, 0, 0, 29, 125.65, 1942964, 21609
12536, 0, 5225, 5266, 4849, 706, 16.20%, 0, 0, 29, 126.36, 1943592, 21611
12541, 0, 5225, 5269, 4852, 706, 16.20%, 0, 0, 29, 127.76, 1944248, 21611
12546, 0, 5225, 5273, 4856, 706, 16.20%, 0, 0, 29, 124.40, 1944872, 21611
12551, 0, 5225, 5275, 4858, 706, 16.20%, 0, 0, 29, 126.40, 1945532, 21612
12556, 0, 5225, 5278, 4861, 706, 16.20%, 0, 0, 29, 126.57, 1946170, 21612
12562, 0, 5225, 5281, 4864, 706, 16.20%, 0, 0, 29, 127.93, 1946830, 21612
12567, 0, 5225, 5285, 4868, 706, 16.20%, 0, 0, 29, 128.25, 1947496, 21612
12572, 0, 5225, 5286, 4869, 706, 16.20%, 0, 0, 29, 126.59, 1948148, 21612
12577, 0, 5225, 5290, 4873, 706, 16.20%, 0, 0, 29, 128.19, 1948788, 21612
12582, 0, 5225, 5295, 4878, 706, 16.20%, 0, 0, 29, 131.47, 1949418, 21612
12587, 0, 5225, 5296, 4879, 706, 16.20%, 0, 0, 29, 142.07, 1950186, 21612
12592, 0, 5264, 5296, 4878, 706, 16.20%, 0, 0, 29, 97.91, 1950620, 21612
12597, 0, 5264, 5296, 4878, 706, 16.20%, 0, 0, 29, 88.00, 1951051, 21612
12602, 0, 4234, 5296, 4877, 705, 16.20%, 0, 0, 29, 86.06, 1951483, 21612
12607, 0, 4234, 5297, 4878, 705, 16.20%, 0, 0, 29, 143.04, 1952283, 21612
12612, 0, 5295, 5297, 4877, 706, 16.20%, 0, 0, 29, 117.07, 1952908, 21612
12618, 0, 5295, 5297, 4877, 706, 16.20%, 0, 0, 29, 102.85, 1953410, 21612
12623, 0, 5295, 5298, 4878, 706, 16.20%, 0, 0, 29, 96.54, 1953904, 21612
12628, 0, 5295, 5301, 4881, 706, 16.20%, 0, 0, 29, 108.01, 1954465, 21612
12633, 0, 5295, 5303, 4883, 706, 16.20%, 0, 0, 29, 113.75, 1955039, 21612
12638, 0, 5295, 5304, 4884, 706, 16.20%, 0, 0, 29, 115.14, 1955621, 21612
12643, 0, 5295, 5306, 4886, 706, 16.20%, 0, 0, 29, 114.08, 1956201, 21612
12648, 0, 5295, 5309, 4889, 706, 16.20%, 0, 0, 29, 115.85, 1956781, 21613
12653, 0, 5295, 5316, 4896, 706, 16.21%, 0, 0, 29, 116.09, 1957361, 21619
12658, 0, 5295, 5321, 4901, 706, 16.21%, 0, 0, 29, 112.10, 1957929, 21619
12663, 0, 5295, 5322, 4902, 706, 16.21%, 0, 0, 29, 114.68, 1958523, 21619
12668, 0, 5295, 5326, 4906, 706, 16.21%, 0, 0, 29, 115.10, 1959113, 21619
12674, 0, 5295, 5328, 4908, 706, 16.21%, 0, 0, 29, 111.30, 1959689, 21619
12679, 0, 5295, 5331, 4911, 706, 16.21%, 0, 0, 29, 113.85, 1960277, 21621
12684, 0, 5295, 5332, 4912, 706, 16.21%, 0, 0, 29, 115.87, 1960869, 21621
12689, 0, 5295, 5334, 4914, 706, 16.21%, 0, 0, 29, 116.25, 1961461, 21624
12694, 0, 5295, 5335, 4915, 706, 16.21%, 0, 0, 29, 116.96, 1962049, 21624
12699, 0, 5295, 5337, 4917, 706, 16.21%, 0, 0, 29, 112.84, 1962611, 21624
12704, 0, 5295, 5339, 4919, 706, 16.21%, 0, 0, 29, 115.19, 1963207, 21624
12709, 0, 5295, 5339, 4919, 706, 16.21%, 0, 0, 29, 147.93, 1963981, 21624
12714, 0, 5310, 5339, 4918, 709, 16.21%, 0, 0, 29, 125.78, 1964631, 21624
12719, 0, 5310, 5339, 4918, 709, 16.21%, 0, 0, 29, 103.69, 1965131, 21624
12724, 0, 5310, 5339, 4918, 709, 16.21%, 0, 0, 29, 96.14, 1965615, 21624
12729, 0, 2065, 5339, 4916, 707, 16.21%, 0, 0, 29, 145.56, 1966404, 21624
12735, 0, 4606, 5339, 4915, 706, 16.21%, 0, 0, 29, 156.91, 1967228, 21624
12740, 0, 4606, 5339, 4915, 706, 16.21%, 0, 0, 29, 158.89, 1968047, 21624
12745, 0, 2968, 5339, 4914, 705, 16.21%, 0, 0, 29, 159.39, 1968867, 21624
12750, 0, 1315, 5339, 4913, 704, 16.21%, 0, 0, 29, 158.65, 1969668, 21624
12755, 0, 1315, 5340, 4914, 704, 16.21%, 0, 0, 29, 157.79, 1970462, 21625
12760, 0, 5287, 5340, 4913, 704, 16.21%, 0, 0, 29, 118.81, 1971058, 21625
12765, 0, 5287, 5340, 4913, 704, 16.21%, 0, 0, 29, 105.75, 1971568, 21625
12770, 0, 5287, 5340, 4913, 704, 16.21%, 0, 0, 29, 110.56, 1972104, 21625
12776, 0, 5287, 5341, 4914, 704, 16.21%, 0, 0, 29, 133.64, 1972812, 21625
12781, 0, 5287, 5341, 4914, 704, 16.21%, 0, 0, 29, 151.41, 1973587, 21625
12786, 0, 5220, 5343, 4915, 703, 16.21%, 0, 0, 29, 150.79, 1974372, 21625
12791, 0, 5220, 5343, 4915, 703, 16.21%, 0, 0, 29, 111.22, 1974890, 21625
12796, 0, 5220, 5343, 4915, 703, 16.21%, 0, 0, 29, 100.56, 1975384, 21625
12801, 0, 5220, 5348, 4920, 703, 16.21%, 0, 0, 29, 118.86, 1975975, 21626
12806, 0, 5220, 5351, 4923, 703, 16.22%, 0, 0, 29, 143.11, 1976729, 21633
12811, 0, 5220, 5354, 4926, 703, 16.22%, 0, 0, 29, 143.85, 1977471, 21633
12816, 0, 5220, 5356, 4928, 703, 16.22%, 0, 0, 29, 146.61, 1978213, 21633
12821, 0, 5220, 5361, 4933, 703, 16.22%, 0, 0, 29, 146.06, 1978937, 21633
12827, 0, 5220, 5364, 4936, 703, 16.22%, 0, 0, 29, 143.95, 1979685, 21635
12832, 0, 5220, 5366, 4938, 703, 16.22%, 0, 0, 29, 146.40, 1980439, 21635
12837, 0, 5220, 5366, 4938, 703, 16.22%, 0, 0, 29, 150.58, 1981217, 21635
12842, 0, 5220, 5367, 4939, 703, 16.22%, 0, 0, 29, 149.39, 1981985, 21635
12847, 0, 5220, 5367, 4939, 703, 16.22%, 0, 0, 29, 148.82, 1982747, 21635
12852, 0, 5220, 5369, 4941, 703, 16.22%, 0, 0, 29, 152.36, 1983506, 21635
12857, 0, 5347, 5370, 4941, 706, 16.22%, 0, 0, 29, 132.55, 1984219, 21635
12863, 0, 5347, 5370, 4941, 706, 16.22%, 0, 0, 29, 103.71, 1984715, 21635
12868, 0, 5347, 5370, 4941, 706, 16.22%, 0, 0, 29, 98.75, 1985219, 21635
12873, 0, 4350, 5370, 4940, 705, 16.22%, 0, 0, 29, 141.22, 1985942, 21635
12878, 0, 4350, 5370, 4940, 705, 16.22%, 0, 0, 29, 155.90, 1986749, 21635
12883, 0, 4311, 5378, 4947, 704, 16.22%, 0, 0, 29, 158.89, 1987550, 21643
12888, 0, 4311, 5380, 4949, 704, 16.23%, 0, 0, 29, 159.64, 1988375, 21647
12893, 0, 4311, 5380, 4949, 704, 16.23%, 0, 0, 29, 159.57, 1989200, 21647
12898, 0, 4311, 5382, 4951, 704, 16.23%, 0, 0, 29, 159.89, 1990025, 21649
12903, 0, 4311, 5382, 4951, 704, 16.23%, 0, 0, 29, 159.80, 1990850, 21649
12909, 0, 4311, 5383, 4952, 704, 16.23%, 0, 0, 29, 159.57, 1991675, 21649
12914, 0, 4311, 5384, 4953, 704, 16.23%, 0, 0, 29, 159.68, 1992500, 21649
12919, 0, 4311, 5384, 4953, 704, 16.23%, 0, 0, 29, 159.70, 1993325, 21649
12924, 0, 4311, 5386, 4955, 704, 16.23%, 0, 0, 29, 159.77, 1994150, 21649
12929, 0, 4311, 5390, 4959, 704, 16.23%, 0, 0, 29, 157.34, 1994963, 21649
12934, 0, 4311, 5390, 4959, 704, 16.23%, 0, 0, 29, 159.25, 1995788, 21649
12940, 0, 4311, 5390, 4959, 704, 16.23%, 0, 0, 29, 159.71, 1996613, 21649
12945, 0, 5298, 5391, 4959, 708, 16.23%, 0, 0, 29, 159.23, 1997426, 21649
12950, 0, 5298, 5391, 4959, 708, 16.23%, 0, 0, 29, 114.30, 1997946, 21649
12955, 0, 5298, 5391, 4959, 708, 16.23%, 0, 0, 29, 102.18, 1998446, 21649
12960, 0, 5298, 5391, 4959, 708, 16.23%, 0, 0, 29, 120.18, 1999027, 21649
12965, 0, 5298, 5391, 4959, 708, 16.23%, 0, 0, 29, 149.12, 1999815, 21649
12970, 0, 5206, 5392, 4959, 707, 16.23%, 0, 0, 29, 139.98, 2000547, 21649
12975, 0, 5206, 5392, 4959, 707, 16.23%, 0, 0, 29, 106.59, 2001045, 21649
12980, 0, 5206, 5392, 4959, 707, 16.23%, 0, 0, 29, 99.07, 2001546, 21649
12985, 0, 5206, 5392, 4959, 707, 16.23%, 0, 0, 29, 118.03, 2002149, 21649
12990, 0, 5206, 5392, 4959, 707, 16.23%, 0, 0, 29, 148.45, 2002919, 21649
12996, 0, 4337, 5393, 4959, 706, 16.23%, 0, 0, 29, 157.41, 2003746, 21649
13001, 0, 2670, 5394, 4958, 704, 16.23%, 0, 0, 29, 158.92, 2004549, 21649
13006, 0, 2670, 5395, 4959, 704, 16.23%, 0, 0, 29, 159.31, 2005378, 21649
13011, 0, 2899, 5397, 4960, 703, 16.23%, 0, 0, 29, 159.37, 2006182, 21649
13016, 0, 2899, 5399, 4962, 703, 16.23%, 0, 0, 29, 159.29, 2006983, 21651
13021, 0, 2899, 5399, 4962, 703, 16.23%, 0, 0, 29, 159.43, 2007808, 21651
13026, 0, 2899, 5399, 4962, 703, 16.23%, 0, 0, 29, 159.47, 2008633, 21651
13031, 0, 2899, 5400, 4963, 703, 16.23%, 0, 0, 29, 159.38, 2009461, 21651
13037, 0, 2899, 5401, 4964, 703, 16.23%, 0, 0, 29, 159.40, 2010286, 21651
13042, 0, 2899, 5401, 4964, 703, 16.23%, 0, 0, 29, 159.40, 2011111, 21651
13047, 0, 2899, 5402, 4965, 703, 16.23%, 0, 0, 29, 159.33, 2011936, 21651
13052, 0, 2899, 5404, 4967, 703, 16.23%, 0, 0, 29, 159.27, 2012764, 21652
13057, 0, 2899, 5404, 4967, 703, 16.23%, 0, 0, 29, 159.20, 2013589, 21652
13062, 0, 2899, 5405, 4968, 703, 16.23%, 0, 0, 29, 159.41, 2014387, 21652
13068, 0, 2899, 5405, 4968, 703, 16.23%, 0, 0, 29, 159.43, 2015212, 21652
13073, 0, 2899, 5406, 4969, 703, 16.23%, 0, 0, 29, 152.16, 2015985, 21654
13078, 0, 3461, 5406, 4968, 704, 16.23%, 0, 0, 29, 110.91, 2016539, 21654
13083, 0, 3461, 5406, 4968, 704, 16.23%, 0, 0, 29, 99.23, 2017038, 21654
13088, 0, 3650, 5407, 4968, 703, 16.23%, 0, 0, 29, 136.76, 2017735, 21655
13093, 0, 3650, 5409, 4970, 703, 16.24%, 0, 0, 29, 153.53, 2018532, 21657
13098, 0, 3650, 5409, 4970, 703, 16.24%, 0, 0, 29, 158.40, 2019357, 21657
13103, 0, 3650, 5409, 4970, 703, 16.24%, 0, 0, 29, 158.98, 2020182, 21657
13108, 0, 3650, 5411, 4972, 703, 16.24%, 0, 0, 29, 159.11, 2020986, 21658
13114, 0, 3650, 5412, 4973, 703, 16.24%, 0, 0, 29, 158.68, 2021811, 21659
13119, 0, 3650, 5412, 4973, 703, 16.24%, 0, 0, 29, 158.72, 2022636, 21659
13124, 0, 3650, 5412, 4973, 703, 16.24%, 0, 0, 29, 158.82, 2023461, 21659
13129, 0, 3650, 5413, 4974, 703, 16.24%, 0, 0, 29, 157.91, 2024253, 21660
13134, 0, 3650, 5413, 4974, 703, 16.24%, 0, 0, 29, 159.13, 2025078, 21660
13139, 0, 3650, 5413, 4974, 703, 16.24%, 0, 0, 29, 158.99, 2025903, 21660
13145, 0, 3650, 5413, 4974, 703, 16.24%, 0, 0, 29, 158.82, 2026728, 21660
13150, 0, 3650, 5413, 4974, 703, 16.24%, 0, 0, 29, 158.60, 2027550, 21660
13155, 0, 3650, 5413, 4974, 703, 16.24%, 0, 0, 29, 159.03, 2028375, 21660
13160, 0, 3650, 5413, 4974, 703, 16.24%, 0, 0, 29, 158.90, 2029200, 21660
13165, 0, 3650, 5413, 4974, 703, 16.24%, 0, 0, 29, 159.25, 2030025, 21660
13170, 0, 3650, 5413, 4974, 703, 16.24%, 0, 0, 29, 159.15, 2030837, 21660
13176, 0, 3570, 5413, 4972, 707, 16.24%, 0, 0, 29, 147.54, 2031526, 21660
13181, 0, 2885, 5415, 4973, 708, 16.24%, 0, 0, 29, 140.50, 2032260, 21668
13186, 0, 2885, 5416, 4974, 708, 16.25%, 0, 0, 29, 100.29, 2032719, 21674
13191, 0, 2812, 5416, 4973, 708, 16.25%, 0, 0, 29, 98.79, 2033230, 21674
13196, 0, 2812, 5416, 4973, 708, 16.25%, 0, 0, 29, 97.57, 2033720, 21674
13201, 0, 5417, 5420, 4976, 708, 16.25%, 0, 0, 29, 98.35, 2034210, 21676
13206, 0, 1167, 5420, 4975, 707, 16.25%, 0, 0, 29, 139.28, 2034922, 21676
13211, 0, 4568, 5424, 4978, 706, 16.25%, 0, 0, 29, 155.25, 2035739, 21678
13217, 0, 4568, 5424, 4978, 706, 16.25%, 0, 0, 29, 158.58, 2036564, 21678
13222, 0, 4568, 5424, 4978, 706, 16.25%, 0, 0, 29, 159.32, 2037389, 21678
13227, 0, 4568, 5424, 4978, 706, 16.25%, 0, 0, 29, 159.44, 2038214, 21678
13232, 0, 4568, 5424, 4978, 706, 16.25%, 0, 0, 29, 159.17, 2039039, 21678
13237, 0, 4568, 5424, 4978, 706, 16.25%, 0, 0, 29, 159.25, 2039864, 21678
13243, 0, 4568, 5425, 4979, 706, 16.25%, 0, 0, 29, 159.29, 2040689, 21678
13248, 0, 4568, 5425, 4979, 706, 16.25%, 0, 0, 29, 159.33, 2041514, 21678
13253, 0, 4568, 5427, 4981, 706, 16.25%, 0, 0, 29, 159.30, 2042318, 21678
13258, 0, 4568, 5427, 4981, 706, 16.25%, 0, 0, 29, 159.54, 2043143, 21678
13263, 0, 4568, 5428, 4982, 706, 16.25%, 0, 0, 29, 159.44, 2043968, 21678
13268, 0, 4568, 5428, 4982, 706, 16.25%, 0, 0, 29, 159.43, 2044793, 21678
13273, 0, 4568, 5429, 4983, 706, 16.25%, 0, 0, 29, 159.39, 2045618, 21678
13279, 0, 4568, 5429, 4983, 706, 16.25%, 0, 0, 29, 159.12, 2046443, 21678
13284, 0, 4568, 5429, 4983, 706, 16.25%, 0, 0, 29, 159.34, 2047268, 21678
13289, 0, 4568, 5429, 4983, 706, 16.25%, 0, 0, 29, 159.31, 2048093, 21678
13294, 0, 3421, 5429, 4982, 708, 16.25%, 0, 0, 29, 158.84, 2048902, 21678
13299, 0, 3421, 5430, 4983, 708, 16.25%, 0, 0, 29, 159.50, 2049732, 21678
13304, 0, 5403, 5432, 4983, 706, 16.25%, 0, 0, 29, 159.34, 2050545, 21678
13309, 0, 5403, 5436, 4987, 706, 16.25%, 0, 0, 29, 159.36, 2051343, 21678
13315, 0, 5403, 5437, 4988, 706, 16.25%, 0, 0, 29, 159.61, 2052168, 21678
13320, 0, 5403, 5438, 4989, 706, 16.25%, 0, 0, 29, 159.40, 2052993, 21678
13325, 0, 5403, 5439, 4990, 706, 16.25%, 0, 0, 29, 159.34, 2053818, 21678
13330, 0, 5403, 5439, 4990, 706, 16.25%, 0, 0, 29, 159.48, 2054643, 21678
13335, 0, 5403, 5439, 4990, 706, 16.25%, 0, 0, 29, 159.49, 2055468, 21678
13340, 0, 5403, 5439, 4990, 706, 16.25%, 0, 0, 29, 159.50, 2056293, 21678
13346, 0, 5403, 5439, 4990, 706, 16.25%, 0, 0, 29, 159.54, 2057118, 21678
13351, 0, 5403, 5439, 4990, 706, 16.25%, 0, 0, 29, 159.55, 2057943, 21678
13356, 0, 5403, 5439, 4990, 706, 16.25%, 0, 0, 29, 159.49, 2058768, 21678
13361, 0, 5403, 5439, 4990, 706, 16.25%, 0, 0, 29, 159.18, 2059593, 21678
13366, 0, 5403, 5439, 4990, 706, 16.25%, 0, 0, 29, 159.42, 2060392, 21678
13371, 0, 3046, 5440, 4990, 706, 16.25%, 0, 0, 29, 159.32, 2061190, 21678
13376, 0, 2641, 5440, 4989, 705, 16.25%, 0, 0, 29, 159.16, 2061994, 21678
13381, 0, 2641, 5440, 4989, 705, 16.25%, 0, 0, 29, 160.10, 2062797, 21678
13386, 0, 3034, 5440, 4988, 704, 16.25%, 0, 0, 29, 159.77, 2063597, 21678
13391, 0, 3483, 5440, 4987, 703, 16.25%, 0, 0, 29, 159.56, 2064399, 21678
13396, 0, 3483, 5440, 4987, 703, 16.25%, 0, 0, 29, 159.61, 2065211, 21678
13401, 0, 4501, 5440, 4986, 702, 16.25%, 0, 0, 29, 159.70, 2066032, 21678
13407, 0, 4332, 5440, 4985, 701, 16.25%, 0, 0, 29, 159.69, 2066848, 21678
13412, 0, 2765, 5441, 4985, 700, 16.25%, 0, 0, 29, 159.21, 2067659, 21678
13417, 0, 2765, 5442, 4986, 700, 16.25%, 0, 0, 29, 158.64, 2068454, 21678
13422, 0, 2736, 5442, 4985, 699, 16.25%, 0, 0, 29, 158.94, 2069249, 21678
13427, 0, 3560, 5442, 4984, 698, 16.25%, 0, 0, 29, 159.18, 2070056, 21678
13432, 0, 3560, 5442, 4984, 698, 16.25%, 0, 0, 29, 159.33, 2070858, 21678
13437, 0, 2971, 5442, 4983, 697, 16.25%, 0, 0, 29, 159.04, 2071661, 21678
13442, 0, 2660, 5445, 4985, 696, 16.25%, 0, 0, 29, 158.93, 2072476, 21678
13447, 0, 2660, 5448, 4988, 696, 16.25%, 0, 0, 29, 158.98, 2073301, 21680
13452, 0, 2660, 5450, 4990, 696, 16.25%, 0, 0, 29, 158.99, 2074126, 21682
13457, 0, 2660, 5451, 4991, 696, 16.26%, 0, 0, 29, 158.98, 2074924, 21684
13463, 0, 2660, 5451, 4991, 696, 16.26%, 0, 0, 29, 158.92, 2075749, 21684
13468, 0, 2660, 5454, 4994, 696, 16.26%, 0, 0, 29, 159.02, 2076553, 21684
13473, 0, 2660, 5455, 4995, 696, 16.26%, 0, 0, 29, 159.16, 2077378, 21684
13478, 0, 2660, 5455, 4995, 696, 16.26%, 0, 0, 29, 159.12, 2078203, 21684
13483, 0, 2660, 5455, 4995, 696, 16.26%, 0, 0, 29, 159.05, 2079028, 21684
13488, 0, 2660, 5455, 4995, 696, 16.26%, 0, 0, 29, 159.03, 2079853, 21684
13494, 0, 2660, 5455, 4995, 696, 16.26%, 0, 0, 29, 159.11, 2080678, 21684
13499, 0, 2660, 5456, 4996, 696, 16.27%, 0, 0, 29, 159.08, 2081503, 21698
13504, 0, 2660, 5456, 4996, 696, 16.27%, 0, 0, 29, 159.10, 2082305, 21698
13509, 0, 2490, 5456, 4995, 697, 16.27%, 0, 0, 29, 159.31, 2083103, 21698
13514, 0, 3335, 5456, 4994, 696, 16.27%, 0, 0, 29, 159.27, 2083905, 21698
13519, 0, 3335, 5456, 4994, 696, 16.27%, 0, 0, 29, 159.16, 2084718, 21698
13524, 0, 1392, 5456, 4992, 694, 16.27%, 0, 0, 29, 159.16, 2085542, 21698
13529, 0, 5455, 5457, 4992, 693, 16.27%, 0, 0, 29, 159.18, 2086338, 21703
13534, 0, 5455, 5458, 4993, 693, 16.28%, 0, 0, 29, 159.13, 2087163, 21721
13539, 0, 3199, 5458, 4992, 693, 16.28%, 0, 0, 29, 157.98, 2087967, 21721
13544, 0, 978, 5458, 4991, 692, 16.28%, 0, 0, 29, 157.47, 2088755, 21721
13549, 0, 5411, 5461, 4993, 691, 16.28%, 0, 0, 29, 157.92, 2089547, 21721
13555, 0, 5411, 5462, 4994, 691, 16.28%, 0, 0, 29, 158.58, 2090372, 21721
13560, 0, 5411, 5462, 4994, 691, 16.28%, 0, 0, 29, 159.04, 2091197, 21721
13565, 0, 5411, 5464, 4996, 691, 16.28%, 0, 0, 29, 158.93, 2091998, 21721
13570, 0, 5411, 5465, 4997, 691, 16.28%, 0, 0, 29, 158.66, 2092823, 21721
13575, 0, 5411, 5466, 4998, 691, 16.28%, 0, 0, 29, 158.25, 2093612, 21721
13580, 0, 5411, 5467, 4999, 691, 16.28%, 0, 0, 29, 158.74, 2094437, 21721
13585, 0, 5411, 5467, 4999, 691, 16.28%, 0, 0, 29, 158.63, 2095262, 21721
13590, 0, 5411, 5468, 5000, 691, 16.28%, 0, 0, 29, 159.10, 2096060, 21721
13596, 0, 5411, 5468, 5000, 691, 16.28%, 0, 0, 29, 159.02, 2096885, 21721
13601, 0, 5411, 5468, 5000, 691, 16.28%, 0, 0, 29, 159.19, 2097710, 21721
13606, 0, 5411, 5468, 5000, 691, 16.28%, 0, 0, 29, 158.94, 2098535, 21721
13611, 0, 5411, 5468, 5000, 691, 16.28%, 0, 0, 29, 158.71, 2099360, 21721
13616, 0, 5411, 5468, 5000, 691, 16.28%, 0, 0, 29, 159.21, 2100185, 21721
13622, 0, 5411, 5468, 5000, 691, 16.28%, 0, 0, 29, 158.90, 2101010, 21721
13627, 0, 5411, 5469, 5001, 691, 16.28%, 0, 0, 29, 159.26, 2101814, 21721
13632, 0, 5411, 5469, 5001, 691, 16.28%, 0, 0, 29, 159.29, 2102629, 21721
13637, 0, 1560, 5469, 5000, 690, 16.28%, 0, 0, 29, 157.75, 2103442, 21721
13642, 0, 2077, 5473, 5002, 689, 16.28%, 0, 0, 29, 158.56, 2104238, 21721
13647, 0, 2077, 5473, 5002, 689, 16.28%, 0, 0, 29, 159.56, 2105063, 21721
13652, 0, 2077, 5473, 5002, 689, 16.28%, 0, 0, 29, 159.73, 2105890, 21721
13657, 0, 2273, 5477, 5005, 688, 16.28%, 0, 0, 29, 159.14, 2106691, 21721
13663, 0, 2273, 5477, 5005, 688, 16.28%, 0, 0, 29, 159.21, 2107516, 21721
13668, 0, 2273, 5478, 5006, 688, 16.28%, 0, 0, 29, 159.44, 2108341, 21721
13673, 0, 2273, 5478, 5006, 688, 16.28%, 0, 0, 29, 159.44, 2109166, 21721
13678, 0, 2273, 5479, 5007, 688, 16.28%, 0, 0, 29, 159.34, 2109991, 21721
13683, 0, 2273, 5480, 5008, 688, 16.28%, 0, 0, 29, 159.29, 2110792, 21721
13688, 0, 2273, 5480, 5008, 688, 16.28%, 0, 0, 29, 159.31, 2111617, 21721
13693, 0, 2273, 5481, 5009, 688, 16.28%, 0, 0, 29, 159.33, 2112442, 21721
13699, 0, 2273, 5481, 5009, 688, 16.28%, 0, 0, 29, 159.15, 2113267, 21721
13704, 0, 2273, 5481, 5009, 688, 16.28%, 0, 0, 29, 159.36, 2114092, 21721
13709, 0, 2273, 5481, 5009, 688, 16.28%, 0, 0, 29, 159.32, 2114917, 21721
13714, 0, 2273, 5481, 5009, 688, 16.28%, 0, 0, 29, 159.06, 2115742, 21721
13719, 0, 2273, 5481, 5009, 688, 16.28%, 0, 0, 29, 159.31, 2116567, 21721
13725, 0, 2273, 5481, 5009, 688, 16.28%, 0, 0, 29, 159.11, 2117392, 21721
13730, 0, 2273, 5482, 5010, 688, 16.28%, 0, 0, 29, 158.11, 2118196, 21721
13735, 0, 2273, 5483, 5011, 688, 16.28%, 0, 0, 29, 159.13, 2119021, 21722
13740, 0, 4336, 5483, 5009, 688, 16.28%, 0, 0, 29, 159.38, 2119849, 21722
13745, 0, 4526, 5483, 5008, 687, 16.28%, 0, 0, 29, 159.89, 2120656, 21722
13750, 0, 4526, 5483, 5008, 687, 16.28%, 0, 0, 29, 159.80, 2121461, 21722
13755, 0, 5464, 5485, 5009, 686, 16.28%, 0, 0, 29, 159.29, 2122289, 21722
13760, 0, 5464, 5487, 5011, 686, 16.28%, 0, 0, 29, 155.20, 2123063, 21722
13766, 0, 5464, 5488, 5012, 686, 16.28%, 0, 0, 29, 157.94, 2123888, 21722
13771, 0, 5464, 5488, 5012, 686, 16.28%, 0, 0, 29, 158.85, 2124713, 21722
13776, 0, 5464, 5491, 5015, 686, 16.28%, 0, 0, 29, 158.58, 2125508, 21722
13781, 0, 5464, 5491, 5015, 686, 16.28%, 0, 0, 29, 158.24, 2126333, 21722
13786, 0, 5464, 5492, 5016, 686, 16.28%, 0, 0, 29, 158.74, 2127158, 21722
13791, 0, 5464, 5492, 5016, 686, 16.28%, 0, 0, 29, 158.92, 2127983, 21722
13797, 0, 5464, 5492, 5016, 686, 16.28%, 0, 0, 29, 158.86, 2128808, 21722
13802, 0, 5464, 5493, 5017, 686, 16.28%, 0, 0, 29, 158.19, 2129609, 21722
13807, 0, 5464, 5493, 5017, 686, 16.28%, 0, 0, 29, 158.87, 2130434, 21722
13812, 0, 5464, 5494, 5018, 686, 16.28%, 0, 0, 29, 158.00, 2131238, 21722
13817, 0, 5464, 5494, 5018, 686, 16.28%, 0, 0, 29, 158.67, 2132063, 21722
13822, 0, 5464, 5494, 5018, 686, 16.28%, 0, 0, 29, 158.63, 2132885, 21722
13828, 0, 5464, 5494, 5018, 686, 16.28%, 0, 0, 29, 159.00, 2133710, 21722
13833, 0, 5464, 5494, 5018, 686, 16.28%, 0, 0, 29, 158.95, 2134535, 21722
13838, 0, 5464, 5495, 5019, 686, 16.28%, 0, 0, 29, 158.83, 2135351, 21722
13843, 0, 3590, 5496, 5018, 683, 16.29%, 0, 0, 29, 150.60, 2136075, 21729
13848, 0, 2435, 5496, 5017, 683, 16.29%, 0, 0, 29, 156.96, 2136879, 21729
13853, 0, 2435, 5497, 5018, 683, 16.29%, 0, 0, 29, 159.28, 2137708, 21729
13858, 0, 3224, 5498, 5018, 683, 16.29%, 0, 0, 29, 157.43, 2138511, 21730
13864, 0, 1400, 5498, 5017, 682, 16.29%, 0, 0, 29, 156.80, 2139324, 21730
13869, 0, 2345, 5498, 5016, 681, 16.29%, 0, 0, 29, 159.15, 2140153, 21730
13874, 0, 2345, 5498, 5016, 681, 16.29%, 0, 0, 29, 159.29, 2140959, 21730
13879, 0, 3920, 5499, 5015, 680, 16.29%, 0, 0, 29, 158.02, 2141782, 21730
13884, 0, 3920, 5502, 5018, 680, 16.29%, 0, 0, 29, 155.48, 2142586, 21730
13889, 0, 3920, 5503, 5019, 680, 16.29%, 0, 0, 29, 155.36, 2143378, 21730
13894, 0, 3920, 5504, 5020, 680, 16.29%, 0, 0, 29, 155.23, 2144170, 21730
13900, 0, 3920, 5504, 5020, 680, 16.29%, 0, 0, 29, 155.13, 2144962, 21730
13905, 0, 3920, 5504, 5020, 680, 16.29%, 0, 0, 29, 155.23, 2145754, 21730
13910, 0, 3920, 5504, 5020, 680, 16.29%, 0, 0, 29, 155.30, 2146546, 21730
13915, 0, 3920, 5504, 5020, 680, 16.29%, 0, 0, 29, 155.43, 2147338, 21730
13920, 0, 3920, 5504, 5020, 680, 16.29%, 0, 0, 29, 155.32, 2148130, 21730
13925, 0, 3920, 5504, 5020, 680, 16.29%, 0, 0, 29, 155.10, 2148922, 21730
13930, 0, 3920, 5504, 5020, 680, 16.29%, 0, 0, 29, 155.02, 2149714, 21730
13935, 0, 3920, 5506, 5022, 680, 16.29%, 0, 0, 29, 155.13, 2150518, 21730
13940, 0, 3920, 5507, 5023, 680, 16.29%, 0, 0, 29, 155.23, 2151310, 21730
13945, 0, 3920, 5508, 5024, 680, 16.29%, 0, 0, 29, 155.19, 2152090, 21730
13951, 0, 2047, 5508, 5022, 679, 16.29%, 0, 0, 29, 157.80, 2152910, 21730
13956, 0, 4177, 5508, 5021, 678, 16.29%, 0, 0, 29, 158.88, 2153736, 21730
13961, 0, 3505, 5508, 5020, 677, 16.29%, 0, 0, 29, 159.06, 2154549, 21730
13966, 0, 3505, 5509, 5021, 677, 16.29%, 0, 0, 29, 159.18, 2155355, 21731
13971, 0, 3203, 5510, 5021, 677, 16.29%, 0, 0, 29, 157.13, 2156146, 21732
13976, 0, 3918, 5510, 5020, 677, 16.29%, 0, 0, 29, 155.53, 2156930, 21732
13981, 0, 5401, 5510, 5019, 676, 16.29%, 0, 0, 29, 158.29, 2157726, 21732
13986, 0, 2146, 5511, 5019, 675, 16.29%, 0, 0, 29, 159.44, 2158538, 21732
13991, 0, 3200, 5511, 5018, 674, 16.29%, 0, 0, 29, 157.55, 2159332, 21732
13996, 0, 4313, 5511, 5017, 673, 16.29%, 0, 0, 29, 158.08, 2160123, 21732
14001, 0, 4313, 5512, 5018, 673, 16.29%, 0, 0, 29, 159.17, 2160948, 21732
14006, 0, 4313, 5513, 5019, 673, 16.29%, 0, 0, 29, 159.32, 2161746, 21732
14012, 0, 4313, 5513, 5019, 673, 16.29%, 0, 0, 29, 159.26, 2162571, 21732
14017, 0, 4313, 5513, 5019, 673, 16.29%, 0, 0, 29, 159.34, 2163396, 21732
14022, 0, 4313, 5513, 5019, 673, 16.29%, 0, 0, 29, 159.38, 2164221, 21732
14027, 0, 4313, 5513, 5019, 673, 16.29%, 0, 0, 29, 159.47, 2165046, 21732
14032, 0, 4313, 5513, 5019, 673, 16.29%, 0, 0, 29, 159.46, 2165874, 21732
14038, 0, 4313, 5514, 5020, 673, 16.29%, 0, 0, 29, 159.35, 2166701, 21732
14043, 0, 4313, 5514, 5020, 673, 16.29%, 0, 0, 29, 159.42, 2167530, 21732
14048, 0, 5509, 5514, 5020, 674, 16.29%, 0, 0, 29, 157.45, 2168322, 21732
14053, 0, 5509, 5515, 5021, 674, 16.29%, 0, 0, 29, 156.39, 2169119, 21732
14058, 0, 3571, 5516, 5021, 673, 16.29%, 0, 0, 29, 158.62, 2169914, 21732
14063, 0, 3571, 5516, 5021, 673, 16.29%, 0, 0, 29, 159.29, 2170730, 21732
14068, 0, 4941, 5517, 5021, 672, 16.29%, 0, 0, 29, 159.27, 2171558, 21733
14073, 0, 4941, 5518, 5022, 672, 16.29%, 0, 0, 29, 159.00, 2172378, 21733
14079, 0, 2486, 5519, 5022, 672, 16.29%, 0, 0, 29, 159.16, 2173194, 21733
14084, 0, 2623, 5519, 5021, 671, 16.29%, 0, 0, 29, 159.58, 2174001, 21733
14089, 0, 2623, 5521, 5023, 671, 16.29%, 0, 0, 29, 159.36, 2174828, 21736
14094, 0, 2623, 5522, 5024, 671, 16.29%, 0, 0, 29, 159.21, 2175629, 21736
14099, 0, 3159, 5524, 5025, 673, 16.29%, 0, 0, 29, 159.33, 2176435, 21736
14104, 0, 4157, 5524, 5024, 672, 16.29%, 0, 0, 29, 159.53, 2177242, 21736
14109, 0, 4157, 5524, 5024, 672, 16.29%, 0, 0, 29, 159.07, 2178061, 21736
14114, 0, 1645, 5525, 5024, 671, 16.29%, 0, 0, 29, 159.50, 2178884, 21736
14119, 0, 5261, 5525, 5023, 670, 16.29%, 0, 0, 29, 156.25, 2179672, 21736
14124, 0, 5261, 5525, 5023, 670, 16.29%, 0, 0, 29, 152.40, 2180443, 21736
14130, 0, 5261, 5530, 5028, 670, 16.29%, 0, 0, 29, 153.76, 2181236, 21736
14135, 0, 5261, 5534, 5032, 670, 16.29%, 0, 0, 29, 155.18, 2182016, 21736
14140, 0, 5261, 5536, 5034, 670, 16.29%, 0, 0, 29, 155.35, 2182808, 21736
14145, 0, 5261, 5539, 5037, 670, 16.29%, 0, 0, 29, 153.64, 2183579, 21736
14150, 0, 5261, 5541, 5039, 670, 16.29%, 0, 0, 29, 154.55, 2184380, 21736
14155, 0, 5261, 5543, 5041, 670, 16.29%, 0, 0, 29, 153.04, 2185160, 21736
14160, 0, 5261, 5546, 5044, 670, 16.30%, 0, 0, 29, 154.30, 2185949, 21737
14165, 0, 5261, 5547, 5045, 670, 16.30%, 0, 0, 29, 154.76, 2186738, 21737
14170, 0, 5261, 5552, 5050, 670, 16.30%, 0, 0, 29, 154.91, 2187530, 21737
14175, 0, 5261, 5553, 5051, 670, 16.30%, 0, 0, 29, 153.78, 2188301, 21737
14180, 0, 5261, 5555, 5053, 670, 16.30%, 0, 0, 29, 153.89, 2189096, 21737
14186, 0, 5261, 5556, 5054, 670, 16.30%, 0, 0, 29, 153.47, 2189877, 21737
14191, 0, 5538, 5556, 5053, 671, 16.30%, 0, 0, 29, 107.19, 2190393, 21737
14196, 0, 5538, 5556, 5053, 671, 16.30%, 0, 0, 29, 90.65, 2190839, 21737
14201, 0, 5538, 5556, 5053, 671, 16.30%, 0, 0, 29, 86.27, 2191280, 21737
14206, 0, 5234, 5556, 5052, 670, 16.30%, 0, 0, 29, 138.26, 2192058, 21737
14211, 0, 5234, 5558, 5054, 670, 16.30%, 0, 0, 29, 149.17, 2192817, 21737
14216, 0, 5234, 5562, 5058, 670, 16.30%, 0, 0, 29, 152.02, 2193582, 21737
14221, 0, 5234, 5565, 5061, 670, 16.30%, 0, 0, 29, 152.58, 2194359, 21737
14226, 0, 5234, 5566, 5062, 670, 16.30%, 0, 0, 29, 153.71, 2195157, 21737
14232, 0, 5234, 5566, 5062, 670, 16.30%, 0, 0, 29, 154.03, 2195946, 21737
14237, 0, 5234, 5566, 5062, 670, 16.30%, 0, 0, 29, 154.11, 2196735, 21737
14242, 0, 5234, 5566, 5062, 670, 16.30%, 0, 0, 29, 154.13, 2197524, 21737
14247, 0, 5234, 5567, 5063, 670, 16.30%, 0, 0, 29, 154.11, 2198310, 21737
14252, 0, 5234, 5568, 5064, 670, 16.30%, 0, 0, 29, 153.73, 2199096, 21737
14257, 0, 5234, 5570, 5066, 670, 16.30%, 0, 0, 29, 154.00, 2199894, 21737
14262, 0, 5234, 5570, 5066, 670, 16.30%, 0, 0, 29, 154.14, 2200680, 21737
14267, 0, 5234, 5570, 5066, 670, 16.30%, 0, 0, 29, 153.69, 2201466, 21737
14272, 0, 5234, 5571, 5067, 670, 16.30%, 0, 0, 29, 152.55, 2202246, 21737
14278, 0, 5234, 5571, 5067, 670, 16.30%, 0, 0, 29, 153.73, 2203038, 21737
14283, 0, 5234, 5572, 5068, 670, 16.30%, 0, 0, 29, 154.28, 2203839, 21737
14288, 0, 5234, 5575, 5071, 670, 16.30%, 0, 0, 29, 153.64, 2204631, 21739
14293, 0, 5234, 5576, 5072, 670, 16.30%, 0, 0, 29, 153.97, 2205426, 21749
14298, 0, 5234, 5577, 5073, 670, 16.30%, 0, 0, 29, 156.66, 2206241, 21749
14303, 0, 4652, 5579, 5074, 670, 16.30%, 0, 0, 29, 158.86, 2207040, 21749
14308, 0, 4652, 5580, 5075, 670, 16.30%, 0, 0, 29, 159.59, 2207841, 21749
14314, 0, 4652, 5580, 5075, 670, 16.30%, 0, 0, 29, 159.73, 2208666, 21749
14319, 0, 4652, 5580, 5075, 670, 16.30%, 0, 0, 29, 159.59, 2209470, 21749
14324, 0, 3025, 5583, 5077, 669, 16.30%, 0, 0, 29, 156.08, 2210281, 21749
14329, 0, 3025, 5586, 5080, 669, 16.30%, 0, 0, 29, 154.80, 2211085, 21750
14334, 0, 3025, 5588, 5082, 669, 16.30%, 0, 0, 29, 154.81, 2211889, 21750
14339, 0, 3025, 5591, 5085, 669, 16.30%, 0, 0, 29, 156.70, 2212681, 21750
14344, 0, 3025, 5591, 5085, 669, 16.30%, 0, 0, 29, 156.41, 2213467, 21750
14349, 0, 3025, 5592, 5086, 669, 16.30%, 0, 0, 29, 155.55, 2214262, 21750
14354, 0, 3025, 5593, 5087, 669, 16.30%, 0, 0, 29, 153.37, 2215045, 21750
14360, 0, 3025, 5593, 5087, 669, 16.30%, 0, 0, 29, 153.94, 2215831, 21750
14365, 0, 3025, 5595, 5089, 669, 16.31%, 0, 0, 29, 155.62, 2216617, 21752
14370, 0, 3025, 5595, 5089, 669, 16.31%, 0, 0, 29, 155.13, 2217406, 21752
14375, 0, 3025, 5595, 5089, 669, 16.31%, 0, 0, 29, 155.89, 2218195, 21752
14380, 0, 3025, 5595, 5089, 669, 16.31%, 0, 0, 29, 156.53, 2218981, 21752
14385, 0, 3025, 5595, 5089, 669, 16.31%, 0, 0, 29, 156.68, 2219772, 21752
14390, 0, 4105, 5596, 5088, 669, 16.31%, 0, 0, 29, 156.30, 2220547, 21755
14395, 0, 4105, 5599, 5091, 669, 16.31%, 0, 0, 29, 159.21, 2221375, 21757
14400, 0, 4105, 5599, 5091, 669, 16.31%, 0, 0, 29, 159.94, 2222200, 21757
14405, 0, 4105, 5600, 5092, 669, 16.31%, 0, 0, 29, 159.96, 2223025, 21757
14411, 0, 4105, 5600, 5092, 669, 16.31%, 0, 0, 29, 159.94, 2223850, 21757
14416, 0, 4105, 5600, 5092, 669, 16.31%, 0, 0, 29, 160.02, 2224675, 21757
14421, 0, 4105, 5600, 5092, 669, 16.31%, 0, 0, 29, 160.03, 2225500, 21757
14426, 0, 4105, 5601, 5093, 669, 16.31%, 0, 0, 29, 159.94, 2226301, 21757
14431, 0, 4105, 5601, 5093, 669, 16.31%, 0, 0, 29, 160.13, 2227126, 21757
14436, 0, 4105, 5601, 5093, 669, 16.31%, 0, 0, 29, 160.03, 2227951, 21757
14441, 0, 4105, 5601, 5093, 669, 16.31%, 0, 0, 29, 159.99, 2228776, 21757
14446, 0, 4105, 5601, 5093, 669, 16.31%, 0, 0, 29, 160.11, 2229601, 21757
14451, 0, 4105, 5601, 5093, 669, 16.31%, 0, 0, 29, 160.08, 2230403, 21757
14457, 0, 1537, 5601, 5092, 670, 16.31%, 0, 0, 29, 109.28, 2230923, 21757
14462, 0, 5545, 5602, 5092, 669, 16.31%, 0, 0, 29, 124.95, 2231517, 21757
14467, 0, 5545, 5602, 5092, 669, 16.31%, 0, 0, 29, 146.72, 2232285, 21757
14472, 0, 5545, 5611, 5101, 669, 16.31%, 0, 0, 29, 151.92, 2233076, 21757
14477, 0, 5545, 5614, 5104, 669, 16.31%, 0, 0, 29, 152.01, 2233853, 21757
14482, 0, 5545, 5615, 5105, 669, 16.31%, 0, 0, 29, 153.55, 2234624, 21757
14487, 0, 5545, 5617, 5107, 669, 16.31%, 0, 0, 29, 153.23, 2235407, 21757
14492, 0, 5545, 5618, 5108, 669, 16.31%, 0, 0, 29, 153.42, 2236193, 21757
14497, 0, 5545, 5620, 5110, 669, 16.31%, 0, 0, 29, 153.57, 2236982, 21757
14503, 0, 5545, 5621, 5111, 669, 16.31%, 0, 0, 29, 153.48, 2237777, 21757
14508, 0, 5545, 5624, 5114, 669, 16.31%, 0, 0, 29, 151.95, 2238560, 21757
14513, 0, 5545, 5625, 5115, 669, 16.31%, 0, 0, 29, 153.14, 2239346, 21757
14518, 0, 5545, 5627, 5117, 669, 16.31%, 0, 0, 29, 152.73, 2240129, 21757
14523, 0, 5545, 5630, 5120, 669, 16.31%, 0, 0, 29, 152.93, 2240895, 21757
14528, 0, 5545, 5632, 5122, 669, 16.31%, 0, 0, 29, 156.06, 2241686, 21758
14533, 0, 4462, 5633, 5122, 670, 16.31%, 0, 0, 29, 158.45, 2242512, 21758
14538, 0, 3972, 5634, 5122, 670, 16.31%, 0, 0, 29, 158.08, 2243330, 21759
14543, 0, 3972, 5635, 5123, 670, 16.31%, 0, 0, 29, 159.32, 2244131, 21759
14549, 0, 5572, 5635, 5121, 669, 16.31%, 0, 0, 29, 155.72, 2244920, 21759
14554, 0, 5572, 5635, 5121, 669, 16.31%, 0, 0, 29, 152.35, 2245694, 21759
14559, 0, 5572, 5637, 5123, 669, 16.31%, 0, 0, 29, 152.58, 2246478, 21759
14564, 0, 5572, 5639, 5125, 669, 16.32%, 0, 0, 29, 152.81, 2247267, 21771
14569, 0, 5572, 5640, 5126, 669, 16.32%, 0, 0, 29, 152.68, 2248035, 21771
14574, 0, 5572, 5642, 5128, 669, 16.32%, 0, 0, 29, 149.13, 2248797, 21771
14579, 0, 5572, 5642, 5128, 669, 16.32%, 0, 0, 29, 151.62, 2249577, 21771
14584, 0, 5572, 5643, 5129, 669, 16.32%, 0, 0, 29, 152.67, 2250369, 21771
14589, 0, 5572, 5645, 5131, 669, 16.32%, 0, 0, 29, 152.40, 2251140, 21771
14595, 0, 5572, 5647, 5133, 669, 16.32%, 0, 0, 29, 152.54, 2251926, 21771
14600, 0, 5572, 5648, 5134, 669, 16.32%, 0, 0, 29, 151.75, 2252676, 21774
14605, 0, 5572, 5649, 5135, 669, 16.32%, 0, 0, 29, 152.32, 2253441, 21774
14610, 0, 5572, 5651, 5137, 669, 16.32%, 0, 0, 29, 153.35, 2254231, 21775
14615, 0, 5572, 5651, 5137, 669, 16.32%, 0, 0, 29, 157.66, 2255043, 21775
14620, 0, 5650, 5651, 5136, 670, 16.32%, 0, 0, 29, 152.62, 2255813, 21775
14625, 0, 4637, 5651, 5135, 669, 16.32%, 0, 0, 29, 154.98, 2256595, 21775
14630, 0, 488, 5651, 5134, 668, 16.32%, 0, 0, 29, 158.80, 2257402, 21775
14635, 0, 5408, 5651, 5133, 667, 16.32%, 0, 0, 29, 159.23, 2258229, 21775
14640, 0, 4629, 5651, 5132, 666, 16.32%, 0, 0, 29, 158.80, 2259040, 21775
14646, 0, 4629, 5653, 5134, 666, 16.32%, 0, 0, 29, 156.10, 2259847, 21775
14651, 0, 4629, 5653, 5134, 666, 16.32%, 0, 0, 29, 155.12, 2260624, 21775
14656, 0, 2071, 5653, 5133, 665, 16.32%, 0, 0, 29, 158.24, 2261420, 21775
14661, 0, 3356, 5656, 5135, 664, 16.32%, 0, 0, 29, 159.12, 2262220, 21775
14666, 0, 3356, 5656, 5135, 664, 16.32%, 0, 0, 29, 158.45, 2263045, 21775
14671, 0, 3356, 5656, 5135, 664, 16.32%, 0, 0, 29, 158.55, 2263870, 21775
14676, 0, 3356, 5656, 5135, 664, 16.32%, 0, 0, 29, 158.92, 2264695, 21775
14681, 0, 3356, 5657, 5136, 664, 16.32%, 0, 0, 29, 159.12, 2265520, 21775
14687, 0, 3356, 5658, 5137, 664, 16.32%, 0, 0, 29, 158.91, 2266345, 21775
14692, 0, 3356, 5658, 5137, 664, 16.32%, 0, 0, 29, 158.95, 2267170, 21775
14697, 0, 3356, 5658, 5137, 664, 16.32%, 0, 0, 29, 158.79, 2267995, 21775
14702, 0, 3356, 5658, 5137, 664, 16.32%, 0, 0, 29, 158.83, 2268820, 21775
14707, 0, 3356, 5658, 5137, 664, 16.32%, 0, 0, 29, 158.90, 2269645, 21775
14713, 0, 3356, 5658, 5137, 664, 16.32%, 0, 0, 29, 158.95, 2270470, 21775
14718, 0, 3356, 5658, 5137, 664, 16.32%, 0, 0, 29, 158.17, 2271262, 21775
14723, 0, 3356, 5658, 5137, 664, 16.32%, 0, 0, 29, 158.88, 2272087, 21775
14728, 0, 3356, 5658, 5137, 664, 16.32%, 0, 0, 29, 158.80, 2272912, 21775
14733, 0, 3356, 5658, 5137, 664, 16.32%, 0, 0, 29, 158.75, 2273737, 21775
14738, 0, 3356, 5658, 5137, 664, 16.32%, 0, 0, 29, 159.13, 2274562, 21775
14743, 0, 3356, 5658, 5137, 664, 16.32%, 0, 0, 29, 159.17, 2275372, 21775
14749, 0, 4240, 5659, 5137, 663, 16.32%, 0, 0, 29, 157.44, 2276168, 21775
14754, 0, 5465, 5660, 5137, 663, 16.32%, 0, 0, 29, 137.15, 2276886, 21775
14759, 0, 5465, 5660, 5137, 663, 16.32%, 0, 0, 29, 117.86, 2277478, 21775
14764, 0, 5640, 5661, 5137, 662, 16.32%, 0, 0, 29, 112.16, 2278051, 21775
14769, 0, 5640, 5661, 5137, 662, 16.32%, 0, 0, 29, 99.04, 2278534, 21775
14774, 0, 5640, 5661, 5137, 662, 16.32%, 0, 0, 29, 92.94, 2279029, 21775
14779, 0, 5640, 5665, 5141, 662, 16.32%, 0, 0, 29, 104.89, 2279572, 21775
14784, 0, 5640, 5666, 5142, 662, 16.32%, 0, 0, 29, 110.37, 2280140, 21775
14789, 0, 5640, 5669, 5145, 662, 16.32%, 0, 0, 29, 112.16, 2280718, 21775
14794, 0, 5640, 5670, 5146, 662, 16.33%, 0, 0, 29, 110.66, 2281268, 21781
14800, 0, 5640, 5673, 5149, 662, 16.33%, 0, 0, 29, 110.54, 2281840, 21781
14805, 0, 5640, 5674, 5150, 662, 16.33%, 0, 0, 29, 113.18, 2282410, 21781
14810, 0, 5640, 5677, 5153, 662, 16.33%, 0, 0, 29, 109.63, 2282976, 21788
14815, 0, 5640, 5677, 5153, 662, 16.33%, 0, 0, 29, 112.40, 2283568, 21788
14820, 0, 5640, 5677, 5153, 662, 16.33%, 0, 0, 29, 111.69, 2284126, 21788
14825, 0, 5640, 5678, 5154, 662, 16.33%, 0, 0, 29, 112.83, 2284706, 21788
14830, 0, 5640, 5679, 5155, 662, 16.33%, 0, 0, 29, 111.89, 2285278, 21789
14835, 0, 5640, 5681, 5157, 662, 16.33%, 0, 0, 29, 112.27, 2285846, 21789
14840, 0, 5640, 5681, 5157, 662, 16.33%, 0, 0, 29, 112.69, 2286414, 21789
14845, 0, 5640, 5681, 5157, 662, 16.33%, 0, 0, 29, 112.49, 2286980, 21789
14850, 0, 5640, 5681, 5157, 662, 16.33%, 0, 0, 29, 113.90, 2287568, 21789
14855, 0, 5640, 5681, 5157, 662, 16.33%, 0, 0, 29, 113.59, 2288146, 21789
14861, 0, 5640, 5682, 5158, 662, 16.33%, 0, 0, 29, 143.35, 2288896, 21789
14866, 0, 5640, 5687, 5163, 662, 16.33%, 0, 0, 29, 155.27, 2289709, 21789
14871, 0, 5677, 5689, 5164, 667, 16.33%, 0, 0, 29, 156.97, 2290527, 21789
14876, 0, 5677, 5689, 5164, 667, 16.33%, 0, 0, 29, 151.32, 2291280, 21789
14881, 0, 5077, 5689, 5163, 666, 16.33%, 0, 0, 29, 153.57, 2292067, 21789
14886, 0, 2085, 5690, 5163, 665, 16.33%, 0, 0, 29, 158.32, 2292867, 21789
14891, 0, 5667, 5691, 5163, 664, 16.33%, 0, 0, 29, 140.97, 2293596, 21789
14896, 0, 5667, 5691, 5163, 664, 16.33%, 0, 0, 29, 103.69, 2294080, 21789
14901, 0, 5667, 5691, 5163, 664, 16.33%, 0, 0, 29, 96.81, 2294567, 21789
14906, 0, 5667, 5698, 5170, 664, 16.33%, 0, 0, 29, 106.40, 2295110, 21789
14911, 0, 5667, 5701, 5173, 664, 16.33%, 0, 0, 29, 111.17, 2295668, 21789
14917, 0, 5667, 5704, 5176, 664, 16.33%, 0, 0, 29, 109.28, 2296218, 21789
14922, 0, 5667, 5707, 5179, 664, 16.33%, 0, 0, 29, 111.50, 2296798, 21789
14927, 0, 5667, 5708, 5180, 664, 16.33%, 0, 0, 29, 115.52, 2297388, 21789
14932, 0, 5667, 5709, 5181, 664, 16.33%, 0, 0, 29, 110.56, 2297946, 21789
14937, 0, 5667, 5710, 5182, 664, 16.33%, 0, 0, 29, 111.68, 2298510, 21789
14942, 0, 5667, 5710, 5182, 664, 16.33%, 0, 0, 29, 112.38, 2299076, 21789
14947, 0, 5667, 5711, 5183, 664, 16.33%, 0, 0, 29, 110.46, 2299636, 21789
14952, 0, 5667, 5712, 5184, 664, 16.33%, 0, 0, 29, 110.78, 2300198, 21789
14957, 0, 5667, 5712, 5184, 664, 16.33%, 0, 0, 29, 110.58, 2300758, 21789
14962, 0, 5667, 5713, 5185, 664, 16.33%, 0, 0, 29, 110.79, 2301314, 21789
14967, 0, 5667, 5714, 5186, 664, 16.33%, 0, 0, 29, 111.11, 2301874, 21789
14972, 0, 5667, 5715, 5187, 664, 16.33%, 0, 0, 29, 109.89, 2302432, 21789
14977, 0, 5667, 5715, 5187, 664, 16.33%, 0, 0, 29, 110.98, 2302992, 21789
14982, 0, 5667, 5716, 5188, 664, 16.33%, 0, 0, 29, 112.77, 2303572, 21789
14987, 0, 5667, 5719, 5191, 664, 16.33%, 0, 0, 29, 115.82, 2304166, 21790
14992, 0, 5667, 5721, 5193, 664, 16.33%, 0, 0, 29, 113.78, 2304724, 21790
14997, 0, 5667, 5721, 5193, 664, 16.33%, 0, 0, 29, 149.95, 2305522, 21790
15003, 0, 5694, 5721, 5192, 665, 16.33%, 0, 0, 29, 111.20, 2306062, 21790
15008, 0, 5694, 5721, 5192, 665, 16.33%, 0, 0, 29, 100.67, 2306552, 21790
15013, 0, 5512, 5721, 5191, 664, 16.33%, 0, 0, 29, 125.08, 2307148, 21790
15018, 0, 3503, 5723, 5192, 663, 16.33%, 0, 0, 29, 152.42, 2307964, 21790
15023, 0, 3503, 5723, 5192, 663, 16.33%, 0, 0, 29, 158.40, 2308769, 21790
15028, 0, 3600, 5725, 5193, 662, 16.33%, 0, 0, 29, 159.04, 2309578, 21790
15033, 0, 3600, 5726, 5194, 662, 16.33%, 0, 0, 29, 159.03, 2310403, 21790
15038, 0, 3600, 5727, 5195, 662, 16.33%, 0, 0, 29, 158.45, 2311228, 21790
15044, 0, 3600, 5727, 5195, 662, 16.33%, 0, 0, 29, 158.69, 2312053, 21790
15049, 0, 3600, 5727, 5195, 662, 16.33%, 0, 0, 29, 158.72, 2312878, 21790
15054, 0, 3600, 5727, 5195, 662, 16.33%, 0, 0, 29, 159.24, 2313703, 21790
15059, 0, 3600, 5727, 5195, 662, 16.33%, 0, 0, 29, 159.17, 2314528, 21790
15064, 0, 3600, 5727, 5195, 662, 16.33%, 0, 0, 29, 159.05, 2315353, 21790
15069, 0, 3600, 5728, 5196, 662, 16.33%, 0, 0, 29, 158.69, 2316168, 21790
15075, 0, 5711, 5728, 5195, 662, 16.33%, 0, 0, 29, 114.69, 2316707, 21790
15080, 0, 5711, 5728, 5195, 662, 16.33%, 0, 0, 29, 101.74, 2317203, 21790
15085, 0, 5711, 5731, 5198, 662, 16.33%, 0, 0, 30, 97.57, 2317682, 21790
15090, 0, 5711, 5734, 5201, 662, 16.34%, 0, 0, 30, 107.82, 2318261, 21791
15095, 0, 5711, 5734, 5201, 662, 16.34%, 0, 0, 30, 109.15, 2318813, 21791
15100, 0, 5711, 5734, 5201, 662, 16.34%, 0, 0, 30, 112.99, 2319403, 21791
15105, 0, 5711, 5736, 5203, 662, 16.34%, 0, 0, 30, 110.34, 2319963, 21796
15110, 0, 5711, 5738, 5205, 662, 16.34%, 0, 0, 30, 111.14, 2320521, 21797
15115, 0, 5711, 5740, 5207, 662, 16.34%, 0, 0, 30, 108.61, 2321069, 21797
15120, 0, 5711, 5741, 5208, 662, 16.34%, 0, 0, 30, 110.74, 2321633, 21797
15125, 0, 5711, 5741, 5208, 662, 16.34%, 0, 0, 30, 112.69, 2322205, 21797
15130, 0, 5711, 5741, 5208, 662, 16.34%, 0, 0, 30, 112.05, 2322767, 21797
15136, 0, 5711, 5741, 5208, 662, 16.34%, 0, 0, 30, 112.62, 2323339, 21797
15141, 0, 5711, 5744, 5211, 662, 16.34%, 0, 0, 30, 114.36, 2323911, 21797
15146, 0, 5711, 5744, 5211, 662, 16.34%, 0, 0, 30, 115.72, 2324497, 21797
15151, 0, 5711, 5744, 5211, 662, 16.34%, 0, 0, 30, 111.85, 2325059, 21797
15156, 0, 5711, 5745, 5212, 662, 16.34%, 0, 0, 30, 111.43, 2325633, 21797
15161, 0, 5711, 5746, 5213, 662, 16.35%, 0, 0, 30, 113.56, 2326219, 21816
15166, 0, 5711, 5747, 5214, 662, 16.35%, 0, 0, 30, 124.33, 2326827, 21816
15171, 0, 5711, 5747, 5214, 662, 16.35%, 0, 0, 30, 151.38, 2327632, 21816
15176, 0, 5734, 5747, 5213, 666, 16.35%, 0, 0, 30, 114.33, 2328175, 21816
15181, 0, 5734, 5747, 5213, 666, 16.35%, 0, 0, 30, 101.82, 2328663, 21816
15186, 0, 3278, 5747, 5212, 665, 16.35%, 0, 0, 30, 119.21, 2329225, 21816
15191, 0, 3278, 5750, 5215, 665, 16.35%, 0, 0, 30, 150.50, 2330043, 21816
15197, 0, 2960, 5753, 5217, 664, 16.36%, 0, 0, 30, 157.36, 2330855, 21825
15202, 0, 2960, 5757, 5221, 664, 16.37%, 0, 0, 30, 158.99, 2331653, 21833
15207, 0, 2960, 5758, 5222, 664, 16.37%, 0, 0, 30, 159.40, 2332457, 21833
15212, 0, 2960, 5761, 5225, 664, 16.37%, 0, 0, 30, 157.88, 2333264, 21836
15217, 0, 2960, 5763, 5227, 664, 16.37%, 0, 0, 30, 159.00, 2334068, 21836
15222, 0, 2960, 5763, 5227, 664, 16.37%, 0, 0, 30, 159.01, 2334893, 21836
15227, 0, 2960, 5763, 5227, 664, 16.37%, 0, 0, 30, 159.39, 2335718, 21836
15232, 0, 2960, 5763, 5227, 664, 16.37%, 0, 0, 30, 159.42, 2336543, 21836
15237, 0, 2960, 5765, 5229, 664, 16.37%, 0, 0, 30, 159.44, 2337347, 21841
15243, 0, 2960, 5765, 5229, 664, 16.37%, 0, 0, 30, 159.21, 2338172, 21841
15248, 0, 2960, 5765, 5229, 664, 16.37%, 0, 0, 30, 159.31, 2338997, 21841
15253, 0, 2960, 5765, 5229, 664, 16.37%, 0, 0, 30, 159.57, 2339822, 21841
15258, 0, 2960, 5766, 5230, 664, 16.38%, 0, 0, 30, 159.12, 2340631, 21845
15263, 0, 3878, 5768, 5230, 668, 16.38%, 0, 0, 30, 159.65, 2341430, 21845
15268, 0, 3878, 5769, 5231, 668, 16.38%, 0, 0, 30, 159.89, 2342231, 21845
15273, 0, 3878, 5770, 5232, 668, 16.38%, 0, 0, 30, 159.93, 2343056, 21845
15278, 0, 3878, 5770, 5232, 668, 16.38%, 0, 0, 30, 159.98, 2343881, 21845
15284, 0, 3878, 5770, 5232, 668, 16.38%, 0, 0, 30, 159.95, 2344706, 21845
15289, 0, 3878, 5770, 5232, 668, 16.38%, 0, 0, 30, 159.98, 2345531, 21845
15294, 0, 3878, 5770, 5232, 668, 16.38%, 0, 0, 30, 156.50, 2346318, 21845
15299, 0, 5738, 5770, 5231, 668, 16.38%, 0, 0, 30, 113.20, 2346843, 21845
15304, 0, 5738, 5770, 5231, 668, 16.38%, 0, 0, 30, 101.22, 2347335, 21845
15309, 0, 5738, 5771, 5232, 668, 16.38%, 0, 0, 31, 111.69, 2347867, 21845
15314, 0, 5738, 5777, 5238, 668, 16.38%, 0, 0, 31, 127.72, 2348555, 21845
15319, 0, 5738, 5782, 5243, 668, 16.38%, 0, 0, 31, 132.45, 2349215, 21845
15324, 0, 5738, 5783, 5244, 668, 16.38%, 0, 0, 31, 136.18, 2349903, 21845
15329, 0, 5738, 5785, 5246, 668, 16.38%, 0, 0, 31, 135.37, 2350603, 21845
15334, 0, 5738, 5787, 5248, 668, 16.38%, 0, 0, 31, 133.20, 2351275, 21845
15340, 0, 5738, 5787, 5248, 668, 16.38%, 0, 0, 31, 134.91, 2351977, 21845
15345, 0, 5738, 5789, 5250, 668, 16.38%, 0, 0, 31, 137.91, 2352695, 21845
15350, 0, 5738, 5789, 5250, 668, 16.38%, 0, 0, 31, 138.09, 2353403, 21845
15355, 0, 5738, 5790, 5251, 668, 16.38%, 0, 0, 31, 138.43, 2354105, 21845
15360, 0, 5738, 5791, 5252, 668, 16.38%, 0, 0, 31, 137.84, 2354819, 21845
15365, 0, 5738, 5791, 5252, 668, 16.38%, 0, 0, 31, 137.19, 2355525, 21845
15370, 0, 5738, 5792, 5253, 668, 16.38%, 0, 0, 31, 133.63, 2356215, 21846
15376, 0, 5738, 5792, 5253, 668, 16.38%, 0, 0, 31, 140.49, 2356935, 21846
15381, 0, 5738, 5794, 5255, 668, 16.38%, 0, 0, 31, 152.49, 2357724, 21846
15386, 0, 5786, 5794, 5254, 666, 16.38%, 0, 0, 31, 125.91, 2358377, 21846
15391, 0, 5786, 5794, 5254, 666, 16.38%, 0, 0, 31, 102.16, 2358859, 21846
15396, 0, 5786, 5794, 5254, 666, 16.38%, 0, 0, 31, 92.29, 2359340, 21846
15401, 0, 3030, 5795, 5254, 665, 16.38%, 0, 0, 31, 145.59, 2360139, 21846
15406, 0, 5357, 5795, 5253, 664, 16.38%, 0, 0, 31, 149.93, 2360901, 21846
15411, 0, 5357, 5795, 5253, 664, 16.38%, 0, 0, 31, 148.49, 2361662, 21846
15416, 0, 5357, 5797, 5255, 664, 16.38%, 0, 0, 31, 153.32, 2362455, 21846
15421, 0, 5357, 5797, 5255, 664, 16.38%, 0, 0, 31, 154.99, 2363247, 21846
15426, 0, 5357, 5797, 5255, 664, 16.38%, 0, 0, 31, 156.64, 2364030, 21846
15431, 0, 5795, 5798, 5255, 664, 16.38%, 0, 0, 31, 156.47, 2364820, 21846
15437, 0, 5795, 5798, 5255, 664, 16.38%, 0, 0, 31, 151.10, 2365597, 21846
15442, 0, 5754, 5799, 5255, 663, 16.38%, 0, 0, 31, 154.20, 2366364, 21847
15447, 0, 5754, 5800, 5256, 663, 16.38%, 0, 0, 31, 158.48, 2367189, 21847
15452, 0, 5754, 5801, 5257, 663, 16.38%, 0, 0, 31, 159.16, 2368002, 21847
15457, 0, 2055, 5802, 5256, 662, 16.38%, 0, 0, 31, 158.98, 2368830, 21848
15462, 0, 2055, 5804, 5258, 662, 16.38%, 0, 0, 31, 157.01, 2369632, 21848
15467, 0, 5797, 5805, 5258, 661, 16.38%, 0, 0, 31, 158.55, 2370436, 21848
15472, 0, 5797, 5805, 5258, 661, 16.38%, 0, 0, 31, 159.19, 2371257, 21848
15478, 0, 5637, 5805, 5257, 661, 16.38%, 0, 0, 31, 155.94, 2372063, 21848
15483, 0, 5637, 5805, 5257, 661, 16.38%, 0, 0, 31, 152.54, 2372825, 21848
15488, 0, 5637, 5809, 5261, 661, 16.38%, 0, 0, 31, 151.15, 2373582, 21849
15493, 0, 5637, 5815, 5267, 661, 16.38%, 0, 0, 31, 153.24, 2374356, 21849
15498, 0, 5637, 5816, 5268, 661, 16.38%, 0, 0, 31, 153.80, 2375145, 21851
15503, 0, 5637, 5818, 5270, 661, 16.38%, 0, 0, 31, 150.84, 2375922, 21851
15508, 0, 5637, 5819, 5271, 661, 16.38%, 0, 0, 31, 153.03, 2376717, 21851
15513, 0, 5637, 5819, 5271, 661, 16.38%, 0, 0, 31, 153.45, 2377503, 21851
15518, 0, 5637, 5819, 5271, 661, 16.38%, 0, 0, 31, 153.58, 2378292, 21851
15524, 0, 5637, 5822, 5274, 661, 16.38%, 0, 0, 31, 153.42, 2379087, 21852
15529, 0, 5637, 5825, 5277, 661, 16.38%, 0, 0, 31, 153.56, 2379876, 21856
15534, 0, 5637, 5827, 5279, 661, 16.39%, 0, 0, 31, 153.86, 2380647, 21864
15539, 0, 5637, 5830, 5282, 661, 16.39%, 0, 0, 31, 152.08, 2381412, 21864
15544, 0, 5637, 5832, 5284, 661, 16.39%, 0, 0, 31, 156.15, 2382215, 21864
15549, 0, 5820, 5833, 5284, 667, 16.39%, 0, 0, 31, 154.24, 2383007, 21864
15554, 0, 5820, 5833, 5284, 667, 16.39%, 0, 0, 31, 153.72, 2383799, 21864
15559, 0, 3567, 5833, 5283, 666, 16.39%, 0, 0, 31, 157.35, 2384596, 21864
15564, 0, 4149, 5835, 5284, 665, 16.39%, 0, 0, 31, 158.59, 2385397, 21864
15569, 0, 4149, 5836, 5285, 665, 16.39%, 0, 0, 31, 159.19, 2386222, 21864
15575, 0, 4149, 5837, 5286, 665, 16.39%, 0, 0, 31, 158.66, 2387047, 21864
15580, 0, 4149, 5837, 5286, 665, 16.39%, 0, 0, 31, 158.84, 2387872, 21864
15585, 0, 4149, 5837, 5286, 665, 16.39%, 0, 0, 31, 159.19, 2388697, 21864
15590, 0, 4149, 5837, 5286, 665, 16.39%, 0, 0, 31, 158.99, 2389522, 21864
15595, 0, 4149, 5837, 5286, 665, 16.39%, 0, 0, 31, 159.10, 2390347, 21864
15601, 0, 4149, 5838, 5287, 665, 16.39%, 0, 0, 31, 158.97, 2391172, 21864
15606, 0, 4149, 5838, 5287, 665, 16.39%, 0, 0, 31, 158.88, 2391997, 21864
15611, 0, 4149, 5839, 5288, 665, 16.39%, 0, 0, 31, 159.10, 2392822, 21864
15616, 0, 4149, 5839, 5288, 665, 16.39%, 0, 0, 31, 158.96, 2393647, 21864
15621, 0, 4149, 5840, 5289, 665, 16.39%, 0, 0, 31, 159.16, 2394472, 21864
15627, 0, 4149, 5840, 5289, 665, 16.39%, 0, 0, 31, 158.65, 2395297, 21864
15632, 0, 4149, 5841, 5290, 665, 16.39%, 0, 0, 31, 158.79, 2396122, 21864
15637, 0, 4149, 5842, 5291, 665, 16.39%, 0, 0, 31, 159.17, 2396947, 21864
15642, 0, 4149, 5842, 5291, 665, 16.39%, 0, 0, 31, 159.20, 2397772, 21864
15647, 0, 4149, 5842, 5291, 665, 16.39%, 0, 0, 31, 158.35, 2398583, 21864
15652, 0, 3703, 5844, 5292, 665, 16.39%, 0, 0, 31, 158.87, 2399385, 21864
15657, 0, 3703, 5846, 5294, 665, 16.39%, 0, 0, 31, 159.20, 2400186, 21864
15663, 0, 3703, 5846, 5294, 665, 16.39%, 0, 0, 31, 159.47, 2401011, 21864
15668, 0, 3703, 5846, 5294, 665, 16.39%, 0, 0, 31, 159.40, 2401836, 21864
15673, 0, 3703, 5847, 5295, 665, 16.39%, 0, 0, 31, 159.66, 2402661, 21864
15678, 0, 3703, 5847, 5295, 665, 16.39%, 0, 0, 31, 159.64, 2403486, 21864
15683, 0, 3703, 5847, 5295, 665, 16.39%, 0, 0, 31, 159.56, 2404311, 21864
15688, 0, 3703, 5847, 5295, 665, 16.39%, 0, 0, 31, 159.62, 2405136, 21864
15694, 0, 3703, 5847, 5295, 665, 16.39%, 0, 0, 31, 159.79, 2405961, 21864
15699, 0, 3703, 5847, 5295, 665, 16.39%, 0, 0, 31, 159.55, 2406786, 21864
15704, 0, 3703, 5848, 5296, 665, 16.39%, 0, 0, 31, 159.48, 2407584, 21864
15709, 0, 3703, 5848, 5296, 665, 16.39%, 0, 0, 31, 159.62, 2408409, 21864
15714, 0, 3703, 5849, 5297, 665, 16.39%, 0, 0, 31, 159.28, 2409234, 21864
15719, 0, 3703, 5849, 5297, 665, 16.39%, 0, 0, 31, 159.49, 2410059, 21864
15724, 0, 3703, 5849, 5297, 665, 16.39%, 0, 0, 31, 159.65, 2410884, 21864
15730, 0, 3703, 5849, 5297, 665, 16.39%, 0, 0, 31, 159.30, 2411707, 21864
15735, 0, 2618, 5850, 5297, 664, 16.39%, 0, 0, 31, 159.23, 2412520, 21864
15740, 0, 2618, 5850, 5297, 664, 16.39%, 0, 0, 31, 159.69, 2413321, 21864
15745, 0, 2945, 5851, 5297, 663, 16.39%, 0, 0, 31, 159.73, 2414121, 21867
15750, 0, 3491, 5852, 5297, 663, 16.39%, 0, 0, 31, 159.16, 2414923, 21869
15755, 0, 3491, 5853, 5298, 663, 16.39%, 0, 0, 31, 159.38, 2415744, 21869
15760, 0, 4295, 5853, 5297, 662, 16.39%, 0, 0, 31, 158.72, 2416560, 21869
15765, 0, 4295, 5853, 5297, 662, 16.39%, 0, 0, 31, 159.57, 2417376, 21869
15770, 0, 1880, 5853, 5295, 660, 16.39%, 0, 0, 31, 159.55, 2418196, 21869
15775, 0, 1880, 5855, 5297, 660, 16.39%, 0, 0, 31, 159.60, 2419021, 21869
15781, 0, 3111, 5855, 5296, 660, 16.39%, 0, 0, 31, 159.02, 2419846, 21869
15786, 0, 5843, 5856, 5296, 660, 16.39%, 0, 0, 31, 158.45, 2420652, 21870
15791, 0, 5843, 5858, 5298, 660, 16.39%, 0, 0, 31, 158.93, 2421477, 21870
15796, 0, 5843, 5859, 5299, 660, 16.39%, 0, 0, 31, 159.70, 2422302, 21870
15801, 0, 5843, 5859, 5299, 660, 16.39%, 0, 0, 31, 159.52, 2423127, 21870
15806, 0, 5843, 5859, 5299, 660, 16.39%, 0, 0, 31, 159.72, 2423950, 21870
15812, 0, 5157, 5859, 5297, 659, 16.39%, 0, 0, 31, 153.04, 2424738, 21870
15817, 0, 5157, 5859, 5297, 659, 16.39%, 0, 0, 31, 155.77, 2425530, 21870
15822, 0, 5157, 5859, 5297, 659, 16.39%, 0, 0, 31, 156.60, 2426322, 21870
15827, 0, 5157, 5859, 5297, 659, 16.39%, 0, 0, 31, 158.11, 2427134, 21870
15832, 0, 3912, 5859, 5296, 658, 16.39%, 0, 0, 31, 159.09, 2427956, 21870
15837, 0, 2902, 5859, 5295, 657, 16.39%, 0, 0, 31, 128.92, 2428649, 21870
15842, 0, 2902, 5859, 5295, 657, 16.39%, 0, 0, 31, 111.95, 2429174, 21870
15847, 0, 2008, 5859, 5294, 656, 16.39%, 0, 0, 31, 148.86, 2429964, 21870
15852, 0, 4140, 5859, 5293, 655, 16.39%, 0, 0, 31, 156.99, 2430787, 21870
15858, 0, 4140, 5859, 5293, 655, 16.39%, 0, 0, 31, 153.19, 2431567, 21870
15863, 0, 5520, 5859, 5292, 654, 16.39%, 0, 0, 31, 158.32, 2432367, 21870
15868, 0, 1733, 5859, 5291, 653, 16.39%, 0, 0, 31, 158.89, 2433166, 21870
15873, 0, 5575, 5859, 5289, 651, 16.39%, 0, 0, 31, 156.87, 2433956, 21870
15878, 0, 5575, 5859, 5289, 651, 16.39%, 0, 0, 31, 152.84, 2434727, 21870
15883, 0, 5575, 5859, 5289, 651, 16.39%, 0, 0, 31, 153.26, 2435493, 21870
15888, 0, 5575, 5862, 5292, 651, 16.40%, 0, 0, 31, 155.01, 2436290, 21872
15893, 0, 5862, 5863, 5292, 651, 16.40%, 0, 0, 31, 157.42, 2437107, 21873
15898, 0, 2608, 5863, 5291, 650, 16.40%, 0, 0, 31, 158.82, 2437904, 21873
15903, 0, 4559, 5863, 5290, 649, 16.40%, 0, 0, 31, 158.90, 2438702, 21873
15908, 0, 4445, 5863, 5289, 648, 16.40%, 0, 0, 31, 159.40, 2439508, 21873
15913, 0, 4445, 5864, 5290, 648, 16.40%, 0, 0, 31, 159.74, 2440327, 21873
15918, 0, 3172, 5865, 5290, 647, 16.40%, 0, 0, 31, 159.74, 2441147, 21873
15923, 0, 4636, 5865, 5289, 646, 16.40%, 0, 0, 31, 159.63, 2441954, 21873
15929, 0, 4636, 5866, 5290, 646, 16.40%, 0, 0, 31, 159.46, 2442785, 21879
15934, 0, 3117, 5866, 5289, 646, 16.40%, 0, 0, 31, 159.19, 2443587, 21879
15939, 0, 5675, 5868, 5290, 645, 16.40%, 0, 0, 31, 156.90, 2444393, 21879
15944, 0, 5675, 5868, 5290, 645, 16.40%, 0, 0, 31, 151.59, 2445146, 21879
15949, 0, 5675, 5869, 5291, 645, 16.40%, 0, 0, 31, 150.13, 2445912, 21879
15954, 0, 5675, 5869, 5291, 645, 16.40%, 0, 0, 31, 152.98, 2446688, 21879
15959, 0, 3492, 5869, 5290, 645, 16.40%, 0, 0, 31, 157.56, 2447500, 21879
15964, 0, 3492, 5870, 5291, 645, 16.40%, 0, 0, 31, 159.23, 2448325, 21879
15969, 0, 3492, 5870, 5291, 645, 16.40%, 0, 0, 31, 159.64, 2449138, 21879
15975, 0, 4560, 5873, 5293, 644, 16.41%, 0, 0, 31, 158.99, 2449962, 21885
15980, 0, 4560, 5876, 5296, 644, 16.41%, 0, 0, 31, 158.84, 2450757, 21885
15985, 0, 4560, 5876, 5296, 644, 16.41%, 0, 0, 31, 159.07, 2451582, 21885
15990, 0, 4560, 5876, 5296, 644, 16.41%, 0, 0, 31, 158.94, 2452407, 21885
15995, 0, 4560, 5876, 5296, 644, 16.41%, 0, 0, 31, 159.15, 2453232, 21885
16000, 0, 4560, 5876, 5296, 644, 16.41%, 0, 0, 31, 159.17, 2454057, 21885
16006, 0, 4560, 5879, 5299, 644, 16.41%, 0, 0, 31, 159.01, 2454882, 21894
16011, 0, 4560, 5880, 5300, 644, 16.41%, 0, 0, 31, 159.07, 2455686, 21895
16016, 0, 4560, 5881, 5301, 644, 16.42%, 0, 0, 31, 159.03, 2456490, 21899
16021, 0, 4560, 5881, 5301, 644, 16.42%, 0, 0, 31, 159.18, 2457315, 21899
16026, 0, 4560, 5882, 5302, 644, 16.42%, 0, 0, 31, 158.94, 2458140, 21899
16031, 0, 4560, 5882, 5302, 644, 16.42%, 0, 0, 31, 159.19, 2458965, 21899
16036, 0, 3704, 5883, 5302, 648, 16.42%, 0, 0, 31, 158.72, 2459767, 21906
16041, 0, 3704, 5883, 5302, 648, 16.42%, 0, 0, 31, 159.45, 2460585, 21906
16046, 0, 4582, 5883, 5301, 647, 16.42%, 0, 0, 31, 159.43, 2461404, 21906
16052, 0, 932, 5883, 5300, 646, 16.42%, 0, 0, 31, 159.36, 2462215, 21906
16057, 0, 932, 5888, 5305, 646, 16.43%, 0, 0, 31, 159.58, 2463046, 21919
16062, 0, 932, 5888, 5305, 646, 16.43%, 0, 0, 31, 159.80, 2463871, 21919
16067, 0, 932, 5889, 5306, 646, 16.43%, 0, 0, 31, 159.66, 2464696, 21919
16072, 0, 932, 5889, 5306, 646, 16.43%, 0, 0, 31, 159.76, 2465521, 21919
16077, 0, 932, 5890, 5307, 646, 16.43%, 0, 0, 31, 159.73, 2466346, 21919
16083, 0, 932, 5890, 5307, 646, 16.43%, 0, 0, 31, 159.47, 2467171, 21919
16088, 0, 932, 5890, 5307, 646, 16.43%, 0, 0, 31, 159.77, 2467996, 21919
16093, 0, 932, 5890, 5307, 646, 16.43%, 0, 0, 31, 159.66, 2468821, 21919
16098, 0, 932, 5890, 5307, 646, 16.43%, 0, 0, 31, 159.60, 2469646, 21919
16103, 0, 932, 5891, 5308, 646, 16.43%, 0, 0, 31, 159.65, 2470450, 21923
16108, 0, 932, 5891, 5308, 646, 16.43%, 0, 0, 31, 159.80, 2471275, 21923
16113, 0, 932, 5891, 5308, 646, 16.43%, 0, 0, 31, 159.53, 2472100, 21923
16119, 0, 932, 5891, 5308, 646, 16.43%, 0, 0, 31, 159.68, 2472925, 21923
16124, 0, 932, 5891, 5308, 646, 16.43%, 0, 0, 31, 159.64, 2473750, 21923
16129, 0, 932, 5891, 5308, 646, 16.43%, 0, 0, 31, 159.61, 2474575, 21923
16134, 0, 932, 5891, 5308, 646, 16.43%, 0, 0, 31, 159.81, 2475399, 21923
16139, 0, 4298, 5892, 5308, 649, 16.43%, 0, 0, 31, 159.40, 2476200, 21923
16144, 0, 4298, 5892, 5308, 649, 16.43%, 0, 0, 31, 159.18, 2477013, 21923
16149, 0, 3708, 5892, 5307, 648, 16.43%, 0, 0, 31, 159.31, 2477833, 21923
16155, 0, 3059, 5892, 5306, 647, 16.43%, 0, 0, 31, 159.37, 2478646, 21923
16160, 0, 4338, 5895, 5308, 646, 16.44%, 0, 0, 31, 159.23, 2479485, 21924
16165, 0, 4338, 5896, 5309, 646, 16.44%, 0, 0, 31, 159.06, 2480289, 21925
16170, 0, 4338, 5897, 5310, 646, 16.44%, 0, 0, 31, 159.02, 2481117, 21925
16175, 0, 4338, 5897, 5310, 646, 16.44%, 0, 0, 31, 159.08, 2481942, 21925
16180, 0, 4338, 5899, 5312, 646, 16.44%, 0, 0, 31, 158.91, 2482767, 21927
16186, 0, 4338, 5899, 5312, 646, 16.44%, 0, 0, 31, 158.36, 2483592, 21927
16191, 0, 4338, 5900, 5313, 646, 16.44%, 0, 0, 31, 158.82, 2484417, 21928
16196, 0, 4338, 5901, 5314, 646, 16.44%, 0, 0, 31, 158.86, 2485242, 21928
16201, 0, 4338, 5901, 5314, 646, 16.44%, 0, 0, 31, 158.96, 2486067, 21928
16206, 0, 4338, 5902, 5315, 646, 16.44%, 0, 0, 31, 159.06, 2486892, 21928
16212, 0, 4338, 5902, 5315, 646, 16.44%, 0, 0, 31, 159.15, 2487717, 21928
16217, 0, 4338, 5902, 5315, 646, 16.44%, 0, 0, 31, 159.10, 2488542, 21928
16222, 0, 4338, 5902, 5315, 646, 16.44%, 0, 0, 31, 159.00, 2489342, 21928
16227, 0, 4170, 5903, 5315, 648, 16.44%, 0, 0, 31, 159.40, 2490139, 21928
16232, 0, 4170, 5904, 5316, 648, 16.44%, 0, 0, 31, 159.53, 2490964, 21928
16237, 0, 4170, 5904, 5316, 648, 16.44%, 0, 0, 31, 159.69, 2491779, 21928
16242, 0, 3715, 5906, 5317, 646, 16.44%, 0, 0, 31, 159.54, 2492585, 21928
16247, 0, 3715, 5906, 5317, 646, 16.44%, 0, 0, 31, 159.89, 2493410, 21928
16252, 0, 3715, 5906, 5317, 646, 16.44%, 0, 0, 31, 160.13, 2494237, 21928
16258, 0, 4541, 5906, 5315, 645, 16.44%, 0, 0, 31, 159.59, 2495059, 21928
16263, 0, 3709, 5907, 5315, 644, 16.44%, 0, 0, 31, 158.48, 2495852, 21928
16268, 0, 3709, 5907, 5315, 644, 16.44%, 0, 0, 31, 159.52, 2496670, 21928
16273, 0, 5573, 5907, 5314, 643, 16.44%, 0, 0, 31, 154.51, 2497470, 21928
16278, 0, 5573, 5907, 5314, 643, 16.44%, 0, 0, 31, 151.41, 2498250, 21928
16283, 0, 5573, 5909, 5316, 643, 16.44%, 0, 0, 31, 152.43, 2499026, 21928
16288, 0, 5573, 5910, 5317, 643, 16.44%, 0, 0, 31, 152.64, 2499794, 21928
16293, 0, 5573, 5910, 5317, 643, 16.44%, 0, 0, 31, 152.41, 2500580, 21928
16299, 0, 5573, 5910, 5317, 643, 16.44%, 0, 0, 31, 152.65, 2501369, 21928
16304, 0, 5573, 5910, 5317, 643, 16.44%, 0, 0, 31, 152.84, 2502158, 21928
16309, 0, 5573, 5910, 5317, 643, 16.44%, 0, 0, 31, 157.20, 2502971, 21928
16314, 0, 3690, 5910, 5316, 642, 16.44%, 0, 0, 31, 158.51, 2503793, 21928
16319, 0, 3757, 5910, 5315, 641, 16.44%, 0, 0, 31, 159.54, 2504606, 21928
16324, 0, 3757, 5910, 5315, 641, 16.44%, 0, 0, 31, 159.56, 2505410, 21928
16329, 0, 1225, 5910, 5314, 640, 16.44%, 0, 0, 31, 159.64, 2506242, 21928
16335, 0, 4575, 5913, 5316, 639, 16.44%, 0, 0, 31, 159.54, 2507052, 21929
16340, 0, 4575, 5917, 5320, 639, 16.45%, 0, 0, 31, 159.31, 2507859, 21941
16345, 0, 4575, 5918, 5321, 639, 16.45%, 0, 0, 31, 159.36, 2508684, 21941
16350, 0, 4575, 5919, 5322, 639, 16.45%, 0, 0, 31, 159.45, 2509509, 21941
16355, 0, 4575, 5920, 5323, 639, 16.46%, 0, 0, 31, 159.47, 2510313, 21962
16360, 0, 4575, 5922, 5325, 639, 16.46%, 0, 0, 31, 159.33, 2511138, 21963
16365, 0, 4575, 5925, 5328, 639, 16.47%, 0, 0, 31, 159.37, 2511939, 21970
16370, 0, 4575, 5925, 5328, 639, 16.47%, 0, 0, 31, 159.18, 2512764, 21970
16375, 0, 4575, 5926, 5329, 639, 16.47%, 0, 0, 31, 159.42, 2513565, 21973
16381, 0, 4575, 5926, 5329, 639, 16.47%, 0, 0, 31, 159.48, 2514390, 21973
16386, 0, 4575, 5928, 5331, 639, 16.48%, 0, 0, 31, 159.46, 2515215, 21988
16391, 0, 4575, 5929, 5332, 639, 16.48%, 0, 0, 31, 159.41, 2516040, 21988
16396, 0, 4575, 5929, 5332, 639, 16.48%, 0, 0, 31, 159.46, 2516865, 21988
16401, 0, 4575, 5930, 5333, 639, 16.48%, 0, 0, 31, 159.60, 2517669, 21990
16406, 0, 4575, 5930, 5333, 639, 16.48%, 0, 0, 31, 159.49, 2518494, 21990
16411, 0, 4575, 5930, 5333, 639, 16.48%, 0, 0, 31, 159.58, 2519319, 21990
16417, 0, 4575, 5930, 5333, 639, 16.48%, 0, 0, 31, 153.98, 2520112, 21990
16422, 0, 3029, 5931, 5333, 648, 16.49%, 0, 0, 31, 156.54, 2520921, 21991
16427, 0, 5894, 5931, 5331, 646, 16.49%, 0, 0, 31, 158.60, 2521724, 21991
16432, 0, 5894, 5931, 5331, 646, 16.49%, 0, 0, 31, 159.17, 2522542, 21991
16437, 0, 5141, 5931, 5330, 645, 16.49%, 0, 0, 31, 153.91, 2523341, 21991
16442, 0, 5141, 5931, 5330, 645, 16.49%, 0, 0, 31, 149.47, 2524086, 21991
16447, 0, 5141, 5931, 5330, 645, 16.49%, 0, 0, 31, 155.10, 2524888, 21991
16452, 0, 4242, 5933, 5331, 644, 16.49%, 0, 0, 31, 158.24, 2525700, 21992
16458, 0, 4242, 5933, 5331, 644, 16.49%, 0, 0, 31, 159.83, 2526525, 21992
16463, 0, 4242, 5934, 5332, 644, 16.49%, 0, 0, 31, 160.19, 2527350, 21993
16468, 0, 4242, 5935, 5333, 644, 16.49%, 0, 0, 31, 160.23, 2528181, 21994
16473, 0, 4242, 5935, 5333, 644, 16.49%, 0, 0, 31, 160.25, 2529006, 21994
16478, 0, 4242, 5935, 5333, 644, 16.49%, 0, 0, 31, 160.22, 2529831, 21994
16483, 0, 4242, 5935, 5333, 644, 16.49%, 0, 0, 31, 160.25, 2530656, 21994
16488, 0, 4242, 5935, 5333, 644, 16.49%, 0, 0, 31, 160.29, 2531481, 21994
16494, 0, 4242, 5936, 5334, 644, 16.49%, 0, 0, 31, 160.33, 2532306, 21995
16499, 0, 4242, 5936, 5334, 644, 16.49%, 0, 0, 31, 160.23, 2533131, 21995
16504, 0, 4242, 5936, 5334, 644, 16.49%, 0, 0, 31, 160.27, 2533956, 21995
16509, 0, 4242, 5936, 5334, 644, 16.49%, 0, 0, 31, 160.31, 2534781, 21995
16514, 0, 4242, 5937, 5335, 644, 16.49%, 0, 0, 31, 160.19, 2535606, 21995
16519, 0, 4242, 5938, 5336, 644, 16.49%, 0, 0, 31, 160.07, 2536431, 21995
16525, 0, 4242, 5938, 5336, 644, 16.49%, 0, 0, 31, 160.15, 2537260, 21995
16530, 0, 4242, 5938, 5336, 644, 16.49%, 0, 0, 31, 160.19, 2538090, 21995
16535, 0, 4242, 5938, 5336, 644, 16.49%, 0, 0, 31, 160.16, 2538920, 21995
16540, 0, 3793, 5938, 5335, 647, 16.49%, 0, 0, 31, 159.42, 2539747, 21995
16545, 0, 3183, 5938, 5334, 646, 16.49%, 0, 0, 31, 159.74, 2540550, 21995
16550, 0, 3969, 5938, 5333, 645, 16.49%, 0, 0, 31, 158.73, 2541374, 21995
16555, 0, 5910, 5938, 5332, 644, 16.49%, 0, 0, 31, 159.39, 2542184, 21995
16561, 0, 5910, 5938, 5332, 644, 16.49%, 0, 0, 31, 159.70, 2543004, 21995
16566, 0, 5296, 5939, 5332, 644, 16.49%, 0, 0, 31, 158.21, 2543822, 22000
16571, 0, 4566, 5941, 5333, 643, 16.49%, 0, 0, 31, 158.46, 2544639, 22002
16576, 0, 4566, 5945, 5337, 643, 16.50%, 0, 0, 31, 158.87, 2545440, 22005
16581, 0, 4566, 5946, 5338, 643, 16.50%, 0, 0, 31, 158.97, 2546238, 22005
16586, 0, 4566, 5947, 5339, 643, 16.50%, 0, 0, 31, 158.95, 2547033, 22005
16591, 0, 4566, 5947, 5339, 643, 16.50%, 0, 0, 31, 159.01, 2547858, 22005
16596, 0, 4566, 5948, 5340, 643, 16.50%, 0, 0, 31, 159.06, 2548683, 22011
16601, 0, 4566, 5948, 5340, 643, 16.50%, 0, 0, 31, 159.05, 2549508, 22011
16607, 0, 4566, 5949, 5341, 643, 16.50%, 0, 0, 31, 159.01, 2550333, 22013
16612, 0, 4566, 5950, 5342, 643, 16.51%, 0, 0, 31, 159.03, 2551158, 22029
16617, 0, 4566, 5951, 5343, 643, 16.51%, 0, 0, 31, 158.93, 2551983, 22029
16622, 0, 4566, 5951, 5343, 643, 16.51%, 0, 0, 31, 159.01, 2552808, 22029
16627, 0, 4566, 5951, 5343, 643, 16.51%, 0, 0, 31, 159.04, 2553633, 22029
16633, 0, 4566, 5951, 5343, 643, 16.51%, 0, 0, 31, 159.12, 2554458, 22029
16638, 0, 4566, 5951, 5343, 643, 16.51%, 0, 0, 31, 159.01, 2555283, 22029
16643, 0, 4566, 5951, 5343, 643, 16.51%, 0, 0, 31, 159.17, 2556108, 22029
16648, 0, 4566, 5951, 5343, 643, 16.51%, 0, 0, 31, 159.18, 2556933, 22029
16653, 0, 4566, 5951, 5343, 643, 16.51%, 0, 0, 31, 159.16, 2557752, 22029
16658, 0, 1512, 5952, 5343, 649, 16.51%, 0, 0, 31, 159.13, 2558570, 22029
16664, 0, 2673, 5952, 5342, 648, 16.51%, 0, 0, 31, 158.92, 2559394, 22029
16669, 0, 3580, 5952, 5341, 647, 16.51%, 0, 0, 31, 158.54, 2560192, 22029
16674, 0, 3580, 5952, 5341, 647, 16.51%, 0, 0, 31, 159.56, 2561017, 22029
16679, 0, 3580, 5952, 5341, 647, 16.51%, 0, 0, 31, 159.34, 2561837, 22029
16684, 0, 5848, 5952, 5340, 647, 16.51%, 0, 0, 31, 159.18, 2562653, 22029
16689, 0, 5848, 5952, 5340, 647, 16.51%, 0, 0, 31, 159.49, 2563466, 22029
16694, 0, 2681, 5952, 5339, 646, 16.51%, 0, 0, 31, 159.56, 2564298, 22029
16700, 0, 2926, 5952, 5338, 645, 16.51%, 0, 0, 31, 159.23, 2565098, 22029
16705, 0, 2367, 5952, 5337, 644, 16.51%, 0, 0, 31, 158.79, 2565901, 22029
16710, 0, 2650, 5952, 5336, 643, 16.51%, 0, 0, 31, 156.57, 2566694, 22029
16715, 0, 2650, 5952, 5336, 643, 16.51%, 0, 0, 31, 158.73, 2567500, 22029
16720, 0, 5645, 5952, 5335, 642, 16.51%, 0, 0, 31, 157.98, 2568293, 22029
16725, 0, 5645, 5953, 5336, 642, 16.51%, 0, 0, 31, 157.54, 2569098, 22029
16730, 0, 5645, 5953, 5336, 642, 16.51%, 0, 0, 31, 157.83, 2569890, 22029
16735, 0, 5645, 5953, 5336, 642, 16.51%, 0, 0, 31, 156.79, 2570690, 22029
16740, 0, 4935, 5953, 5335, 641, 16.51%, 0, 0, 31, 154.05, 2571481, 22029
16745, 0, 4935, 5953, 5335, 641, 16.51%, 0, 0, 31, 154.04, 2572273, 22029
16750, 0, 4935, 5953, 5335, 641, 16.51%, 0, 0, 31, 157.70, 2573086, 22029
16756, 0, 3742, 5954, 5335, 640, 16.51%, 0, 0, 31, 158.32, 2573909, 22029
16761, 0, 3742, 5955, 5336, 640, 16.51%, 0, 0, 31, 158.54, 2574722, 22029
16766, 0, 1528, 5955, 5335, 640, 16.51%, 0, 0, 31, 158.79, 2575547, 22029
16771, 0, 4446, 5957, 5336, 639, 16.51%, 0, 0, 31, 159.06, 2576347, 22029
16776, 0, 4446, 5958, 5337, 639, 16.51%, 0, 0, 31, 158.41, 2577139, 22029
16781, 0, 4446, 5959, 5338, 639, 16.51%, 0, 0, 31, 158.61, 2577964, 22029
16786, 0, 4446, 5959, 5338, 639, 16.51%, 0, 0, 31, 157.92, 2578753, 22029
16791, 0, 4446, 5959, 5338, 639, 16.51%, 0, 0, 31, 158.88, 2579578, 22029
16797, 0, 4446, 5959, 5338, 639, 16.51%, 0, 0, 31, 158.50, 2580403, 22029
16802, 0, 4446, 5959, 5338, 639, 16.51%, 0, 0, 31, 159.11, 2581228, 22029
16807, 0, 4446, 5959, 5338, 639, 16.51%, 0, 0, 31, 157.58, 2582020, 22029
16812, 0, 4446, 5959, 5338, 639, 16.51%, 0, 0, 31, 158.20, 2582835, 22029
16817, 0, 5659, 5960, 5338, 638, 16.51%, 0, 0, 31, 157.40, 2583630, 22029
16822, 0, 5659, 5962, 5340, 638, 16.51%, 0, 0, 31, 151.55, 2584380, 22029
16827, 0, 3024, 5962, 5339, 637, 16.51%, 0, 0, 31, 157.59, 2585181, 22029
16832, 0, 3898, 5963, 5339, 636, 16.51%, 0, 0, 31, 159.11, 2585986, 22030
16837, 0, 5853, 5963, 5338, 636, 16.51%, 0, 0, 31, 158.89, 2586790, 22030
16842, 0, 4420, 5963, 5337, 635, 16.51%, 0, 0, 31, 159.56, 2587622, 22030
16847, 0, 4420, 5963, 5337, 635, 16.51%, 0, 0, 31, 159.20, 2588424, 22030
16852, 0, 5745, 5963, 5336, 634, 16.51%, 0, 0, 31, 117.39, 2588980, 22030
16857, 0, 5745, 5963, 5336, 634, 16.51%, 0, 0, 31, 103.04, 2589468, 22030
16863, 0, 5745, 5963, 5336, 634, 16.51%, 0, 0, 31, 102.19, 2589966, 22030
16868, 0, 5745, 5964, 5337, 634, 16.51%, 0, 0, 31, 112.66, 2590548, 22030
16873, 0, 5745, 5965, 5338, 634, 16.51%, 0, 0, 31, 113.51, 2591138, 22030
16878, 0, 5745, 5966, 5339, 634, 16.51%, 0, 0, 31, 110.73, 2591700, 22030
16883, 0, 5745, 5967, 5340, 634, 16.52%, 0, 0, 31, 112.92, 2592274, 22031
16888, 0, 5745, 5969, 5342, 634, 16.52%, 0, 0, 31, 114.28, 2592842, 22032
16893, 0, 5745, 5970, 5343, 634, 16.52%, 0, 0, 31, 114.05, 2593418, 22032
16898, 0, 5745, 5970, 5343, 634, 16.52%, 0, 0, 31, 114.66, 2594004, 22032
16903, 0, 5745, 5970, 5343, 634, 16.52%, 0, 0, 31, 109.60, 2594544, 22032
16908, 0, 5745, 5972, 5345, 634, 16.52%, 0, 0, 31, 111.41, 2595114, 22033
16914, 0, 5745, 5974, 5347, 634, 16.52%, 0, 0, 31, 110.31, 2595686, 22033
16919, 0, 5745, 5975, 5348, 634, 16.52%, 0, 0, 31, 113.72, 2596258, 22033
16924, 0, 5745, 5978, 5351, 634, 16.52%, 0, 0, 31, 112.58, 2596834, 22035
16929, 0, 5745, 5978, 5351, 634, 16.52%, 0, 0, 31, 111.77, 2597398, 22035
16934, 0, 5745, 5979, 5352, 634, 16.52%, 0, 0, 31, 109.75, 2597956, 22035
16939, 0, 5745, 5980, 5353, 634, 16.52%, 0, 0, 31, 111.64, 2598524, 22037
16944, 0, 5745, 5980, 5353, 634, 16.52%, 0, 0, 31, 125.58, 2599144, 22037
16949, 0, 5745, 5980, 5353, 634, 16.52%, 0, 0, 31, 152.30, 2599948, 22037
16954, 0, 3822, 5980, 5352, 636, 16.52%, 0, 0, 31, 154.37, 2600734, 22037
16959, 0, 1467, 5980, 5351, 635, 16.52%, 0, 0, 31, 157.50, 2601550, 22037
16965, 0, 4318, 5986, 5356, 634, 16.52%, 0, 0, 31, 159.01, 2602385, 22038
16970, 0, 4318, 5988, 5358, 634, 16.52%, 0, 0, 31, 159.45, 2603192, 22042
16975, 0, 4318, 5988, 5358, 634, 16.52%, 0, 0, 31, 159.66, 2604017, 22042
16980, 0, 4318, 5989, 5359, 634, 16.52%, 0, 0, 31, 159.43, 2604842, 22042
16985, 0, 4318, 5989, 5359, 634, 16.52%, 0, 0, 31, 159.52, 2605667, 22042
16990, 0, 4318, 5989, 5359, 634, 16.52%, 0, 0, 31, 159.69, 2606492, 22042
16995, 0, 4318, 5989, 5359, 634, 16.52%, 0, 0, 31, 159.76, 2607317, 22042
17001, 0, 4318, 5989, 5359, 634, 16.52%, 0, 0, 31, 159.75, 2608142, 22042
17006, 0, 4318, 5989, 5359, 634, 16.52%, 0, 0, 31, 159.74, 2608967, 22042
17011, 0, 4318, 5989, 5359, 634, 16.52%, 0, 0, 31, 159.82, 2609792, 22042
17016, 0, 4318, 5989, 5359, 634, 16.52%, 0, 0, 31, 159.43, 2610617, 22042
17021, 0, 4318, 5990, 5360, 634, 16.52%, 0, 0, 31, 159.58, 2611418, 22042
17026, 0, 4318, 5990, 5360, 634, 16.52%, 0, 0, 31, 159.63, 2612224, 22042
17031, 0, 3016, 5990, 5359, 635, 16.52%, 0, 0, 31, 159.10, 2613022, 22042
17036, 0, 2249, 5991, 5359, 634, 16.52%, 0, 0, 31, 159.58, 2613821, 22042
17041, 0, 4293, 5993, 5360, 633, 16.52%, 0, 0, 31, 158.83, 2614621, 22042
17046, 0, 4293, 5993, 5360, 633, 16.52%, 0, 0, 31, 157.89, 2615413, 22042
17051, 0, 4293, 5993, 5360, 633, 16.52%, 0, 0, 31, 159.23, 2616229, 22042
17057, 0, 5959, 5996, 5362, 633, 16.52%, 0, 0, 31, 156.63, 2617032, 22042
17062, 0, 5959, 5999, 5365, 633, 16.52%, 0, 0, 31, 154.82, 2617818, 22042
17067, 0, 5959, 6002, 5368, 633, 16.52%, 0, 0, 31, 151.47, 2618592, 22042
17072, 0, 5959, 6002, 5368, 633, 16.52%, 0, 0, 31, 153.27, 2619378, 22042
17077, 0, 5959, 6002, 5368, 633, 16.52%, 0, 0, 31, 153.61, 2620164, 22042
17082, 0, 5959, 6002, 5368, 633, 16.52%, 0, 0, 31, 153.15, 2620944, 22042
17087, 0, 5959, 6002, 5368, 633, 16.52%, 0, 0, 31, 153.50, 2621730, 22042
17092, 0, 5959, 6003, 5369, 633, 16.52%, 0, 0, 31, 155.06, 2622513, 22042
17097, 0, 5959, 6003, 5369, 633, 16.52%, 0, 0, 31, 153.75, 2623293, 22042
17102, 0, 5959, 6003, 5369, 633, 16.52%, 0, 0, 31, 154.55, 2624082, 22042
17108, 0, 5959, 6006, 5372, 633, 16.52%, 0, 0, 31, 153.87, 2624886, 22043
17113, 0, 5959, 6006, 5372, 633, 16.52%, 0, 0, 31, 153.42, 2625669, 22043
17118, 0, 5959, 6007, 5373, 633, 16.52%, 0, 0, 31, 151.52, 2626450, 22043
17123, 0, 3626, 6007, 5371, 635, 16.52%, 0, 0, 31, 156.03, 2627233, 22043
17128, 0, 3626, 6008, 5372, 635, 16.52%, 0, 0, 31, 158.52, 2628057, 22043
17133, 0, 5994, 6008, 5371, 635, 16.52%, 0, 0, 31, 158.53, 2628867, 22043
17138, 0, 5994, 6009, 5372, 635, 16.52%, 0, 0, 31, 157.39, 2629659, 22043
17143, 0, 5103, 6009, 5371, 634, 16.52%, 0, 0, 31, 157.35, 2630456, 22043
17148, 0, 5103, 6009, 5371, 634, 16.52%, 0, 0, 31, 157.39, 2631248, 22043
17153, 0, 5103, 6010, 5372, 634, 16.53%, 0, 0, 31, 158.19, 2632043, 22044
17158, 0, 5999, 6010, 5371, 634, 16.53%, 0, 0, 31, 157.74, 2632853, 22044
17164, 0, 5999, 6011, 5372, 634, 16.53%, 0, 0, 31, 154.48, 2633641, 22044
17169, 0, 3031, 6012, 5372, 633, 16.53%, 0, 0, 31, 157.69, 2634434, 22044
17174, 0, 2394, 6012, 5371, 632, 16.53%, 0, 0, 31, 158.71, 2635234, 22044
17179, 0, 2394, 6012, 5371, 632, 16.53%, 0, 0, 31, 159.00, 2636040, 22044
17184, 0, 5923, 6014, 5371, 630, 16.53%, 0, 0, 31, 159.64, 2636873, 22044
17189, 0, 5923, 6018, 5375, 630, 16.53%, 0, 0, 31, 159.74, 2637674, 22052
17194, 0, 5923, 6020, 5377, 630, 16.53%, 0, 0, 31, 159.75, 2638502, 22054
17199, 0, 5923, 6021, 5378, 630, 16.53%, 0, 0, 31, 159.80, 2639327, 22054
17204, 0, 5923, 6021, 5378, 630, 16.53%, 0, 0, 31, 159.67, 2640152, 22054
17210, 0, 5923, 6022, 5379, 630, 16.53%, 0, 0, 31, 159.77, 2640977, 22054
17215, 0, 5923, 6023, 5380, 630, 16.53%, 0, 0, 31, 159.78, 2641808, 22056
17220, 0, 5923, 6023, 5380, 630, 16.53%, 0, 0, 31, 159.89, 2642633, 22056
17225, 0, 5923, 6025, 5382, 630, 16.54%, 0, 0, 31, 159.84, 2643458, 22059
17230, 0, 5923, 6025, 5382, 630, 16.54%, 0, 0, 31, 159.84, 2644283, 22059
17235, 0, 5923, 6026, 5383, 630, 16.54%, 0, 0, 31, 159.64, 2645111, 22060
17241, 0, 5923, 6026, 5383, 630, 16.54%, 0, 0, 31, 159.80, 2645936, 22060
17246, 0, 5923, 6026, 5383, 630, 16.54%, 0, 0, 31, 159.70, 2646761, 22060
17251, 0, 5923, 6027, 5384, 630, 16.54%, 0, 0, 31, 159.58, 2647586, 22062
17256, 0, 5923, 6028, 5385, 630, 16.54%, 0, 0, 31, 159.72, 2648390, 22062
17261, 0, 5923, 6028, 5385, 630, 16.54%, 0, 0, 31, 159.73, 2649215, 22062
17266, 0, 5923, 6029, 5386, 630, 16.54%, 0, 0, 31, 159.83, 2650031, 22070
17271, 0, 5723, 6029, 5384, 636, 16.54%, 0, 0, 31, 159.41, 2650850, 22070
17277, 0, 5723, 6029, 5384, 636, 16.54%, 0, 0, 31, 159.25, 2651662, 22070
17282, 0, 5972, 6029, 5383, 635, 16.54%, 0, 0, 31, 153.87, 2652447, 22070
17287, 0, 5972, 6031, 5385, 635, 16.54%, 0, 0, 32, 149.39, 2653198, 22070
17292, 0, 5972, 6031, 5385, 635, 16.54%, 0, 0, 32, 152.54, 2653978, 22070
17297, 0, 5972, 6033, 5387, 635, 16.54%, 0, 0, 32, 153.16, 2654746, 22070
17302, 0, 5972, 6034, 5388, 635, 16.54%, 0, 0, 32, 153.59, 2655538, 22070
17307, 0, 5972, 6037, 5391, 635, 16.54%, 0, 0, 32, 153.49, 2656306, 22070
17312, 0, 5972, 6037, 5391, 635, 16.54%, 0, 0, 32, 153.10, 2657089, 22070
17317, 0, 5972, 6037, 5391, 635, 16.54%, 0, 0, 32, 153.12, 2657875, 22070
17322, 0, 5972, 6037, 5391, 635, 16.54%, 0, 0, 32, 153.33, 2658664, 22070
17327, 0, 5972, 6037, 5391, 635, 16.54%, 0, 0, 32, 153.60, 2659456, 22070
17333, 0, 5972, 6037, 5391, 635, 16.54%, 0, 0, 32, 153.30, 2660248, 22070
17338, 0, 5972, 6037, 5391, 635, 16.54%, 0, 0, 32, 153.39, 2661036, 22070
17343, 0, 5972, 6064, 5418, 635, 16.59%, 0, 0, 32, 151.98, 2661806, 22128
17348, 0, 5972, 6082, 5436, 635, 16.59%, 0, 0, 32, 151.97, 2662571, 22130
17353, 0, 5972, 6083, 5437, 635, 16.59%, 0, 0, 32, 156.00, 2663372, 22130
17358, 0, 5993, 6084, 5437, 633, 16.59%, 0, 0, 32, 156.58, 2664160, 22130
17363, 0, 5852, 6084, 5436, 632, 16.59%, 0, 0, 32, 158.54, 2664960, 22130
17368, 0, 5852, 6085, 5437, 632, 16.59%, 0, 0, 32, 159.19, 2665784, 22130
17373, 0, 5495, 6088, 5439, 631, 16.59%, 0, 0, 32, 158.86, 2666595, 22132
17379, 0, 5495, 6088, 5439, 631, 16.59%, 0, 0, 32, 158.80, 2667420, 22132
17384, 0, 5495, 6088, 5439, 631, 16.59%, 0, 0, 32, 158.91, 2668245, 22132
17389, 0, 4229, 6088, 5438, 631, 16.59%, 0, 0, 32, 158.34, 2669049, 22132
17394, 0, 4229, 6089, 5439, 631, 16.59%, 0, 0, 32, 156.17, 2669853, 22132
17399, 0, 3946, 6089, 5438, 630, 16.59%, 0, 0, 32, 157.60, 2670647, 22132
17404, 0, 3946, 6089, 5438, 630, 16.59%, 0, 0, 32, 158.87, 2671461, 22132
17409, 0, 5851, 6091, 5439, 629, 16.59%, 0, 0, 32, 158.99, 2672284, 22133
17414, 0, 5851, 6093, 5441, 629, 16.59%, 0, 0, 32, 158.37, 2673079, 22135
17419, 0, 5851, 6096, 5444, 629, 16.59%, 0, 0, 32, 158.45, 2673883, 22135
17425, 0, 5851, 6097, 5445, 629, 16.60%, 0, 0, 32, 157.40, 2674684, 22137
17430, 0, 5851, 6097, 5445, 629, 16.60%, 0, 0, 32, 157.91, 2675476, 22137
17435, 0, 5851, 6099, 5447, 629, 16.60%, 0, 0, 32, 158.38, 2676301, 22137
17440, 0, 5851, 6099, 5447, 629, 16.60%, 0, 0, 32, 158.10, 2677126, 22137
17445, 0, 5851, 6099, 5447, 629, 16.60%, 0, 0, 32, 158.51, 2677951, 22137
17450, 0, 5851, 6099, 5447, 629, 16.60%, 0, 0, 32, 158.51, 2678773, 22137
17455, 0, 5851, 6100, 5448, 629, 16.60%, 0, 0, 32, 158.53, 2679568, 22138
17461, 0, 5851, 6100, 5448, 629, 16.60%, 0, 0, 32, 158.63, 2680393, 22138
17466, 0, 5851, 6102, 5450, 629, 16.60%, 0, 0, 32, 157.01, 2681182, 22145
17471, 0, 5851, 6103, 5451, 629, 16.60%, 0, 0, 32, 157.40, 2681987, 22145
17476, 0, 6004, 6107, 5454, 635, 16.60%, 0, 0, 32, 155.61, 2682765, 22145
17481, 0, 6004, 6107, 5454, 635, 16.60%, 0, 0, 32, 156.05, 2683554, 22145
17486, 0, 6004, 6107, 5454, 635, 16.60%, 0, 0, 32, 157.04, 2684346, 22145
17491, 0, 6004, 6107, 5454, 635, 16.60%, 0, 0, 32, 155.64, 2685135, 22145
17496, 0, 6004, 6107, 5454, 635, 16.60%, 0, 0, 32, 155.64, 2685921, 22145
17501, 0, 6004, 6107, 5454, 635, 16.60%, 0, 0, 32, 155.30, 2686704, 22145
17506, 0, 6004, 6107, 5454, 635, 16.60%, 0, 0, 32, 155.93, 2687486, 22145
17511, 0, 3011, 6107, 5453, 634, 16.60%, 0, 0, 32, 158.59, 2688283, 22145
17516, 0, 4371, 6111, 5456, 633, 16.60%, 0, 0, 32, 159.10, 2689099, 22145
17521, 0, 4371, 6114, 5459, 633, 16.60%, 0, 0, 32, 159.29, 2689900, 22145
17526, 0, 4371, 6115, 5460, 633, 16.60%, 0, 0, 32, 158.86, 2690692, 22145
17532, 0, 4371, 6116, 5461, 633, 16.60%, 0, 0, 32, 159.29, 2691520, 22145
17537, 0, 4371, 6116, 5461, 633, 16.60%, 0, 0, 32, 159.22, 2692345, 22145
17542, 0, 4371, 6116, 5461, 633, 16.60%, 0, 0, 32, 159.18, 2693170, 22145
17547, 0, 4371, 6116, 5461, 633, 16.60%, 0, 0, 32, 159.49, 2693995, 22145
17552, 0, 4371, 6117, 5462, 633, 16.60%, 0, 0, 32, 159.60, 2694796, 22149
17557, 0, 4371, 6117, 5462, 633, 16.60%, 0, 0, 32, 159.33, 2695621, 22149
17562, 0, 4371, 6117, 5462, 633, 16.60%, 0, 0, 32, 159.22, 2696446, 22149
17568, 0, 4371, 6117, 5462, 633, 16.60%, 0, 0, 32, 159.57, 2697271, 22149
17573, 0, 4371, 6118, 5463, 633, 16.60%, 0, 0, 32, 159.54, 2698099, 22149
17578, 0, 4371, 6118, 5463, 633, 16.60%, 0, 0, 32, 159.92, 2698924, 22149
17583, 0, 4371, 6118, 5463, 633, 16.60%, 0, 0, 32, 158.50, 2699749, 22149
17588, 0, 4371, 6118, 5463, 633, 16.60%, 0, 0, 32, 159.70, 2700574, 22149
17594, 0, 4371, 6118, 5463, 633, 16.60%, 0, 0, 32, 159.30, 2701399, 22149
17599, 0, 5658, 6118, 5462, 633, 16.60%, 0, 0, 32, 159.34, 2702223, 22149
17604, 0, 5658, 6119, 5463, 633, 16.60%, 0, 0, 32, 156.71, 2703021, 22149
17609, 0, 5590, 6119, 5462, 632, 16.60%, 0, 0, 32, 157.39, 2703811, 22149
17614, 0, 5580, 6121, 5463, 632, 16.60%, 0, 0, 32, 157.01, 2704626, 22149
17619, 0, 5580, 6121, 5463, 632, 16.60%, 0, 0, 32, 157.32, 2705418, 22149
17624, 0, 5716, 6121, 5462, 631, 16.60%, 0, 0, 32, 155.03, 2706208, 22149
17629, 0, 5716, 6121, 5462, 631, 16.60%, 0, 0, 32, 154.63, 2707000, 22149
17634, 0, 5716, 6121, 5462, 631, 16.60%, 0, 0, 32, 147.05, 2707751, 22149
17639, 0, 3915, 6121, 5461, 630, 16.60%, 0, 0, 32, 154.35, 2708563, 22149
17645, 0, 5932, 6121, 5460, 629, 16.60%, 0, 0, 32, 156.74, 2709354, 22149
17650, 0, 5607, 6121, 5459, 628, 16.60%, 0, 0, 32, 159.46, 2710161, 22149
17655, 0, 5607, 6121, 5459, 628, 16.60%, 0, 0, 32, 157.37, 2710953, 22149
17660, 0, 5607, 6122, 5460, 628, 16.60%, 0, 0, 32, 154.03, 2711732, 22149
17665, 0, 5607, 6123, 5461, 628, 16.60%, 0, 0, 32, 157.12, 2712524, 22149
17670, 0, 5607, 6123, 5461, 628, 16.60%, 0, 0, 32, 157.85, 2713316, 22149
17675, 0, 5607, 6123, 5461, 628, 16.60%, 0, 0, 32, 158.29, 2714129, 22149
17680, 0, 3672, 6123, 5460, 627, 16.60%, 0, 0, 32, 158.94, 2714950, 22149
17685, 0, 4578, 6123, 5459, 626, 16.60%, 0, 0, 32, 159.44, 2715777, 22149
17690, 0, 5589, 6124, 5459, 624, 16.60%, 0, 0, 32, 159.11, 2716591, 22149
17695, 0, 5589, 6128, 5463, 624, 16.60%, 0, 0, 32, 155.94, 2717387, 22149
17700, 0, 5589, 6128, 5463, 624, 16.60%, 0, 0, 32, 155.44, 2718173, 22149
17706, 0, 5589, 6128, 5463, 624, 16.60%, 0, 0, 32, 155.16, 2718956, 22149
17711, 0, 5589, 6130, 5465, 624, 16.60%, 0, 0, 32, 154.35, 2719748, 22149
17716, 0, 5589, 6130, 5465, 624, 16.60%, 0, 0, 32, 155.29, 2720534, 22149
17721, 0, 5589, 6130, 5465, 624, 16.60%, 0, 0, 32, 154.18, 2721320, 22149
17726, 0, 5589, 6130, 5465, 624, 16.60%, 0, 0, 32, 155.01, 2722106, 22149
17731, 0, 5589, 6130, 5465, 624, 16.60%, 0, 0, 32, 154.78, 2722895, 22149
17736, 0, 5589, 6130, 5465, 624, 16.60%, 0, 0, 32, 154.27, 2723678, 22149
17741, 0, 5589, 6130, 5465, 624, 16.60%, 0, 0, 32, 153.92, 2724458, 22149
17746, 0, 5589, 6130, 5465, 624, 16.60%, 0, 0, 32, 154.86, 2725238, 22149
17751, 0, 5589, 6130, 5465, 624, 16.60%, 0, 0, 32, 154.15, 2726015, 22149
17756, 0, 5589, 6130, 5465, 624, 16.60%, 0, 0, 32, 157.34, 2726815, 22149
17761, 0, 1799, 6134, 5468, 623, 16.61%, 0, 0, 32, 158.54, 2727618, 22154
17766, 0, 1799, 6135, 5469, 623, 16.61%, 0, 0, 32, 157.23, 2728410, 22154
17771, 0, 1799, 6135, 5469, 623, 16.61%, 0, 0, 32, 157.17, 2729199, 22154
17777, 0, 1799, 6136, 5470, 623, 16.61%, 0, 0, 32, 157.85, 2730000, 22154
17782, 0, 1799, 6136, 5470, 623, 16.61%, 0, 0, 32, 158.10, 2730825, 22154
17787, 0, 1799, 6139, 5473, 623, 16.61%, 0, 0, 32, 158.19, 2731623, 22158
17792, 0, 1799, 6139, 5473, 623, 16.61%, 0, 0, 32, 158.31, 2732448, 22158
17797, 0, 1799, 6140, 5474, 623, 16.61%, 0, 0, 32, 158.64, 2733270, 22158
17802, 0, 1799, 6141, 5475, 623, 16.61%, 0, 0, 32, 157.56, 2734059, 22158
17807, 0, 1799, 6141, 5475, 623, 16.61%, 0, 0, 32, 158.54, 2734884, 22158
17812, 0, 1799, 6141, 5475, 623, 16.61%, 0, 0, 32, 158.41, 2735676, 22158
17818, 0, 1799, 6141, 5475, 623, 16.61%, 0, 0, 32, 158.27, 2736498, 22158
17823, 0, 1799, 6141, 5475, 623, 16.61%, 0, 0, 32, 158.33, 2737323, 22158
17828, 0, 1799, 6141, 5475, 623, 16.61%, 0, 0, 32, 158.05, 2738115, 22158
17833, 0, 1799, 6141, 5475, 623, 16.61%, 0, 0, 32, 157.53, 2738904, 22158
17838, 0, 1799, 6141, 5475, 623, 16.61%, 0, 0, 32, 157.84, 2739696, 22158
17843, 0, 5584, 6141, 5474, 625, 16.61%, 0, 0, 32, 141.35, 2740430, 22158
17848, 0, 5584, 6142, 5475, 625, 16.61%, 0, 0, 32, 115.73, 2740946, 22158
17853, 0, 6087, 6143, 5474, 624, 16.61%, 0, 0, 32, 125.20, 2741561, 22158
17858, 0, 6087, 6143, 5474, 624, 16.61%, 0, 0, 32, 152.56, 2742378, 22158
17863, 0, 6022, 6143, 5473, 623, 16.61%, 0, 0, 32, 158.41, 2743198, 22158
17868, 0, 6097, 6144, 5473, 622, 16.61%, 0, 0, 32, 158.62, 2744015, 22160
17873, 0, 6097, 6144, 5473, 622, 16.61%, 0, 0, 32, 158.99, 2744819, 22160
17878, 0, 6120, 6144, 5472, 622, 16.61%, 0, 0, 32, 158.75, 2745614, 22160
17883, 0, 6009, 6145, 5471, 621, 16.61%, 0, 0, 32, 158.07, 2746405, 22160
17888, 0, 6009, 6145, 5471, 621, 16.61%, 0, 0, 32, 157.89, 2747197, 22160
17894, 0, 6009, 6145, 5471, 621, 16.61%, 0, 0, 32, 158.10, 2748019, 22160
17899, 0, 3283, 6146, 5471, 620, 16.61%, 0, 0, 32, 159.04, 2748834, 22163
17904, 0, 3283, 6148, 5473, 620, 16.62%, 0, 0, 32, 159.73, 2749642, 22164
17909, 0, 5922, 6148, 5471, 618, 16.62%, 0, 0, 32, 159.50, 2750471, 22164
17914, 0, 5922, 6151, 5474, 618, 16.62%, 0, 0, 32, 159.58, 2751297, 22166
17919, 0, 5922, 6156, 5479, 618, 16.62%, 0, 0, 32, 159.58, 2752128, 22171
17924, 0, 5922, 6158, 5481, 618, 16.62%, 0, 0, 32, 159.59, 2752932, 22171
17930, 0, 5922, 6158, 5481, 618, 16.62%, 0, 0, 32, 159.76, 2753757, 22171
17935, 0, 5922, 6158, 5481, 618, 16.62%, 0, 0, 32, 159.75, 2754582, 22171
17940, 0, 5922, 6161, 5484, 618, 16.62%, 0, 0, 32, 159.67, 2755386, 22175
17945, 0, 5922, 6161, 5484, 618, 16.62%, 0, 0, 32, 159.69, 2756211, 22175
17950, 0, 5922, 6163, 5486, 618, 16.62%, 0, 0, 32, 159.76, 2757012, 22175
17955, 0, 5922, 6164, 5487, 618, 16.62%, 0, 0, 32, 159.06, 2757804, 22175
17960, 0, 5922, 6164, 5487, 618, 16.62%, 0, 0, 32, 159.64, 2758629, 22175
17965, 0, 5922, 6164, 5487, 618, 16.62%, 0, 0, 32, 159.67, 2759454, 22175
17970, 0, 5922, 6164, 5487, 618, 16.62%, 0, 0, 32, 159.76, 2760279, 22175
17976, 0, 5922, 6165, 5488, 618, 16.62%, 0, 0, 32, 159.69, 2761104, 22175
17981, 0, 5922, 6165, 5488, 618, 16.62%, 0, 0, 32, 159.56, 2761929, 22175
17986, 0, 5922, 6166, 5489, 618, 16.62%, 0, 0, 32, 159.65, 2762754, 22175
17991, 0, 5922, 6167, 5490, 618, 16.62%, 0, 0, 32, 159.65, 2763578, 22175
17996, 0, 3026, 6168, 5490, 622, 16.62%, 0, 0, 32, 158.91, 2764390, 22176
18001, 0, 3026, 6169, 5491, 622, 16.63%, 0, 0, 32, 158.44, 2765188, 22178
18006, 0, 3829, 6170, 5491, 622, 16.63%, 0, 0, 32, 155.95, 2765990, 22178
18012, 0, 3829, 6171, 5492, 622, 16.63%, 0, 0, 32, 154.44, 2766782, 22178
18017, 0, 3829, 6171, 5492, 622, 16.63%, 0, 0, 32, 154.88, 2767574, 22178
18022, 0, 2600, 6171, 5490, 621, 16.63%, 0, 0, 32, 156.73, 2768354, 22178
18027, 0, 6029, 6171, 5489, 620, 16.63%, 0, 0, 32, 154.01, 2769137, 22178
18032, 0, 6029, 6171, 5489, 620, 16.63%, 0, 0, 32, 152.61, 2769923, 22178
18037, 0, 6029, 6171, 5489, 620, 16.63%, 0, 0, 32, 154.34, 2770708, 22178
18042, 0, 6029, 6171, 5489, 620, 16.63%, 0, 0, 32, 157.80, 2771520, 22178
18047, 0, 3045, 6172, 5489, 619, 16.63%, 0, 0, 32, 159.06, 2772325, 22179
18052, 0, 4640, 6173, 5488, 618, 16.63%, 0, 0, 32, 159.46, 2773151, 22182
18057, 0, 4669, 6173, 5487, 617, 16.63%, 0, 0, 32, 158.88, 2773956, 22182
18063, 0, 2203, 6175, 5488, 616, 16.63%, 0, 0, 32, 159.03, 2774759, 22182
18068, 0, 5941, 6175, 5487, 615, 16.63%, 0, 0, 32, 158.47, 2775580, 22182
18073, 0, 5941, 6175, 5487, 615, 16.63%, 0, 0, 32, 159.26, 2776398, 22182
18078, 0, 3985, 6176, 5487, 614, 16.63%, 0, 0, 32, 159.52, 2777215, 22182
18083, 0, 3985, 6176, 5487, 614, 16.63%, 0, 0, 32, 159.73, 2778042, 22182
18088, 0, 3584, 6176, 5486, 615, 16.63%, 0, 0, 32, 159.07, 2778866, 22182
18093, 0, 3584, 6177, 5487, 615, 16.63%, 0, 0, 32, 156.72, 2779658, 22182
18099, 0, 6177, 6178, 5487, 615, 16.63%, 0, 0, 32, 155.79, 2780459, 22183
18104, 0, 6177, 6178, 5487, 615, 16.63%, 0, 0, 32, 155.87, 2781251, 22183
18109, 0, 4522, 6179, 5487, 614, 16.63%, 0, 0, 32, 157.54, 2782041, 22183
18114, 0, 4522, 6179, 5487, 614, 16.63%, 0, 0, 32, 158.34, 2782859, 22183
18119, 0, 6149, 6179, 5486, 613, 16.63%, 0, 0, 32, 159.54, 2783676, 22183
18124, 0, 6149, 6179, 5486, 613, 16.63%, 0, 0, 32, 159.79, 2784489, 22183
18129, 0, 5926, 6182, 5488, 612, 16.63%, 0, 0, 32, 159.52, 2785287, 22183
18134, 0, 5926, 6183, 5489, 612, 16.63%, 0, 0, 32, 159.61, 2786091, 22183
18139, 0, 5926, 6183, 5489, 612, 16.63%, 0, 0, 32, 159.63, 2786916, 22183
18144, 0, 5926, 6184, 5490, 612, 16.63%, 0, 0, 32, 159.61, 2787717, 22187
18149, 0, 5926, 6184, 5490, 612, 16.63%, 0, 0, 32, 159.55, 2788542, 22187
18155, 0, 5926, 6184, 5490, 612, 16.63%, 0, 0, 32, 159.56, 2789367, 22187
18160, 0, 5926, 6184, 5490, 612, 16.63%, 0, 0, 32, 159.59, 2790192, 22187
18165, 0, 5926, 6184, 5490, 612, 16.63%, 0, 0, 32, 159.45, 2791017, 22187
18170, 0, 5926, 6185, 5491, 612, 16.63%, 0, 0, 32, 159.56, 2791815, 22187
18175, 0, 5926, 6185, 5491, 612, 16.63%, 0, 0, 32, 159.67, 2792640, 22187
18180, 0, 5926, 6185, 5491, 612, 16.63%, 0, 0, 32, 159.65, 2793465, 22187
18185, 0, 5926, 6185, 5491, 612, 16.63%, 0, 0, 32, 159.48, 2794290, 22187
18191, 0, 5926, 6185, 5491, 612, 16.63%, 0, 0, 32, 159.57, 2795115, 22187
18196, 0, 5926, 6185, 5491, 612, 16.63%, 0, 0, 32, 159.52, 2795940, 22187
18201, 0, 5926, 6186, 5492, 612, 16.63%, 0, 0, 32, 159.50, 2796738, 22187
18206, 0, 5926, 6187, 5493, 612, 16.63%, 0, 0, 32, 159.61, 2797563, 22187
18211, 0, 2220, 6187, 5492, 613, 16.63%, 0, 0, 32, 158.97, 2798372, 22187
18216, 0, 6152, 6187, 5491, 612, 16.63%, 0, 0, 32, 159.86, 2799174, 22187
18221, 0, 6152, 6187, 5491, 612, 16.63%, 0, 0, 32, 159.51, 2799993, 22187
18226, 0, 4472, 6187, 5490, 611, 16.63%, 0, 0, 32, 159.36, 2800809, 22187
18231, 0, 4472, 6188, 5491, 611, 16.63%, 0, 0, 32, 159.18, 2801631, 22188
18236, 0, 3910, 6190, 5491, 610, 16.63%, 0, 0, 32, 159.33, 2802435, 22188
18242, 0, 3910, 6190, 5491, 610, 16.63%, 0, 0, 32, 159.03, 2803253, 22188
18247, 0, 4448, 6190, 5490, 609, 16.63%, 0, 0, 32, 158.82, 2804071, 22188
18252, 0, 4448, 6190, 5490, 609, 16.63%, 0, 0, 32, 158.07, 2804878, 22188
18257, 0, 5826, 6190, 5489, 608, 16.63%, 0, 0, 32, 152.49, 2805635, 22188
18262, 0, 5826, 6190, 5489, 608, 16.63%, 0, 0, 32, 151.97, 2806395, 22188
18267, 0, 5826, 6193, 5492, 608, 16.63%, 0, 0, 32, 153.18, 2807163, 22189
18272, 0, 5826, 6196, 5495, 608, 16.64%, 0, 0, 32, 153.24, 2807949, 22196
18277, 0, 5826, 6198, 5497, 608, 16.64%, 0, 0, 32, 153.80, 2808738, 22196
18282, 0, 5826, 6199, 5498, 608, 16.64%, 0, 0, 32, 153.70, 2809527, 22198
18287, 0, 5826, 6199, 5498, 608, 16.64%, 0, 0, 32, 153.49, 2810313, 22198
18293, 0, 5826, 6200, 5499, 608, 16.64%, 0, 0, 32, 153.54, 2811114, 22198
18298, 0, 5826, 6200, 5499, 608, 16.64%, 0, 0, 32, 153.22, 2811900, 22198
18303, 0, 5826, 6200, 5499, 608, 16.64%, 0, 0, 32, 153.66, 2812689, 22198
18308, 0, 5826, 6201, 5500, 608, 16.64%, 0, 0, 32, 153.25, 2813484, 22199
18313, 0, 5826, 6202, 5501, 608, 16.64%, 0, 0, 32, 153.39, 2814270, 22202
18318, 0, 5826, 6204, 5503, 608, 16.64%, 0, 0, 32, 156.45, 2815074, 22202
18323, 0, 4231, 6204, 5501, 609, 16.64%, 0, 0, 32, 156.10, 2815857, 22202
18328, 0, 4231, 6205, 5502, 609, 16.64%, 0, 0, 32, 156.40, 2816643, 22203
18333, 0, 1918, 6205, 5501, 609, 16.64%, 0, 0, 32, 157.21, 2817432, 22203
18338, 0, 2682, 6205, 5500, 608, 16.64%, 0, 0, 32, 158.79, 2818235, 22203
18343, 0, 5182, 6205, 5499, 607, 16.64%, 0, 0, 32, 158.89, 2819031, 22203
18349, 0, 6145, 6205, 5498, 606, 16.64%, 0, 0, 32, 159.02, 2819842, 22203
18354, 0, 6145, 6205, 5498, 606, 16.64%, 0, 0, 32, 159.31, 2820648, 22203
18359, 0, 6090, 6205, 5497, 605, 16.64%, 0, 0, 32, 159.24, 2821450, 22203
18364, 0, 3196, 6206, 5497, 605, 16.65%, 0, 0, 32, 159.36, 2822258, 22204
18369, 0, 5957, 6208, 5498, 604, 16.65%, 0, 0, 32, 159.49, 2823086, 22204
18374, 0, 5957, 6209, 5499, 604, 16.65%, 0, 0, 32, 159.31, 2823890, 22204
18379, 0, 5957, 6209, 5499, 604, 16.65%, 0, 0, 32, 159.44, 2824715, 22204
18384, 0, 5957, 6209, 5499, 604, 16.65%, 0, 0, 32, 159.28, 2825540, 22204
18389, 0, 5957, 6209, 5499, 604, 16.65%, 0, 0, 32, 159.47, 2826357, 22204
18395, 0, 4290, 6210, 5499, 604, 16.65%, 0, 0, 32, 159.59, 2827177, 22204
18400, 0, 4290, 6210, 5499, 604, 16.65%, 0, 0, 32, 159.98, 2827998, 22204
18405, 0, 6023, 6213, 5501, 603, 16.65%, 0, 0, 32, 159.06, 2828820, 22204
18410, 0, 6023, 6215, 5503, 603, 16.65%, 0, 0, 32, 158.73, 2829615, 22208
18415, 0, 6023, 6216, 5504, 603, 16.65%, 0, 0, 32, 158.36, 2830407, 22212
18420, 0, 6023, 6218, 5506, 603, 16.65%, 0, 0, 32, 158.44, 2831232, 22212
18425, 0, 6023, 6218, 5506, 603, 16.65%, 0, 0, 32, 158.54, 2832057, 22212
18430, 0, 6023, 6219, 5507, 603, 16.66%, 0, 0, 32, 158.53, 2832858, 22218
18436, 0, 6023, 6219, 5507, 603, 16.66%, 0, 0, 32, 158.59, 2833683, 22218
18441, 0, 6023, 6219, 5507, 603, 16.66%, 0, 0, 32, 158.66, 2834508, 22218
18446, 0, 6023, 6219, 5507, 603, 16.66%, 0, 0, 32, 158.60, 2835333, 22218
18451, 0, 6023, 6219, 5507, 603, 16.66%, 0, 0, 32, 158.54, 2836158, 22218
18456, 0, 6023, 6219, 5507, 603, 16.66%, 0, 0, 32, 158.37, 2836950, 22218
18461, 0, 6023, 6219, 5507, 603, 16.66%, 0, 0, 32, 158.60, 2837775, 22218
18467, 0, 6023, 6219, 5507, 603, 16.66%, 0, 0, 32, 158.48, 2838600, 22218
18472, 0, 6023, 6219, 5507, 603, 16.66%, 0, 0, 32, 158.55, 2839425, 22218
18477, 0, 6023, 6219, 5507, 603, 16.66%, 0, 0, 32, 158.66, 2840250, 22218
18482, 0, 6023, 6219, 5507, 603, 16.66%, 0, 0, 32, 158.67, 2841075, 22218
18487, 0, 6023, 6219, 5507, 603, 16.66%, 0, 0, 32, 158.82, 2841887, 22218
18493, 0, 2241, 6219, 5505, 601, 16.66%, 0, 0, 32, 159.67, 2842713, 22218
18498, 0, 5690, 6220, 5505, 600, 16.66%, 0, 0, 32, 159.97, 2843539, 22218
18503, 0, 2497, 6220, 5503, 598, 16.66%, 0, 0, 32, 159.79, 2844370, 22218
18508, 0, 2497, 6220, 5503, 598, 16.66%, 0, 0, 32, 159.51, 2845172, 22218
18513, 0, 2493, 6221, 5502, 596, 16.66%, 0, 0, 32, 159.98, 2845979, 22218
18518, 0, 2493, 6224, 5505, 596, 16.66%, 0, 0, 32, 159.54, 2846804, 22226
18523, 0, 2493, 6224, 5505, 596, 16.66%, 0, 0, 32, 159.65, 2847629, 22226
18528, 0, 2493, 6224, 5505, 596, 16.66%, 0, 0, 32, 159.73, 2848454, 22226
18533, 0, 2493, 6225, 5506, 596, 16.66%, 0, 0, 32, 159.37, 2849258, 22226
18539, 0, 2493, 6225, 5506, 596, 16.66%, 0, 0, 32, 159.13, 2850083, 22226
18544, 0, 2493, 6225, 5506, 596, 16.66%, 0, 0, 32, 159.28, 2850908, 22226
18549, 0, 2493, 6226, 5507, 596, 16.66%, 0, 0, 32, 159.45, 2851733, 22227
18554, 0, 2493, 6226, 5507, 596, 16.66%, 0, 0, 32, 159.38, 2852558, 22227
18559, 0, 2493, 6226, 5507, 596, 16.66%, 0, 0, 32, 159.57, 2853383, 22227
18565, 0, 2493, 6226, 5507, 596, 16.66%, 0, 0, 32, 159.66, 2854208, 22227
18570, 0, 2493, 6226, 5507, 596, 16.66%, 0, 0, 32, 159.62, 2855033, 22227
18575, 0, 2493, 6226, 5507, 596, 16.66%, 0, 0, 32, 159.60, 2855832, 22227
18580, 0, 3872, 6226, 5506, 599, 16.66%, 0, 0, 32, 159.57, 2856632, 22227
18585, 0, 5865, 6227, 5506, 598, 16.66%, 0, 0, 32, 159.74, 2857435, 22230
18590, 0, 5865, 6228, 5507, 598, 16.66%, 0, 0, 32, 159.56, 2858234, 22230
18595, 0, 4055, 6228, 5506, 598, 16.66%, 0, 0, 32, 159.49, 2859034, 22230
18600, 0, 1699, 6228, 5505, 597, 16.66%, 0, 0, 32, 160.21, 2859840, 22230
18605, 0, 5819, 6228, 5504, 596, 16.66%, 0, 0, 32, 157.33, 2860637, 22230
18610, 0, 5819, 6228, 5504, 596, 16.66%, 0, 0, 32, 155.46, 2861429, 22230
18615, 0, 5819, 6228, 5504, 596, 16.66%, 0, 0, 32, 156.45, 2862214, 22230
18620, 0, 3500, 6229, 5504, 595, 16.66%, 0, 0, 32, 148.40, 2862955, 22230
18625, 0, 3500, 6230, 5505, 595, 16.67%, 0, 0, 32, 157.79, 2863784, 22231
18630, 0, 3500, 6230, 5505, 595, 16.67%, 0, 0, 32, 159.47, 2864600, 22231
18635, 0, 4087, 6230, 5503, 594, 16.67%, 0, 0, 32, 157.41, 2865393, 22231
18641, 0, 2685, 6231, 5503, 593, 16.67%, 0, 0, 32, 155.56, 2866195, 22231
18646, 0, 2685, 6232, 5504, 593, 16.67%, 0, 0, 32, 158.63, 2867023, 22231
18651, 0, 2484, 6232, 5503, 593, 16.67%, 0, 0, 32, 159.13, 2867823, 22231
18656, 0, 395, 6232, 5502, 592, 16.67%, 0, 0, 32, 159.91, 2868631, 22231
18661, 0, 3718, 6232, 5501, 591, 16.67%, 0, 0, 32, 158.60, 2869447, 22231
18666, 0, 2955, 6232, 5500, 590, 16.67%, 0, 0, 32, 159.45, 2870258, 22231
18671, 0, 2955, 6232, 5500, 590, 16.67%, 0, 0, 32, 159.70, 2871062, 22231
18676, 0, 5415, 6235, 5502, 589, 16.67%, 0, 0, 32, 107.55, 2871544, 22232
18681, 0, 5415, 6235, 5502, 589, 16.67%, 0, 0, 32, 95.97, 2872026, 22232
18686, 0, 5415, 6237, 5504, 589, 16.67%, 0, 0, 32, 92.45, 2872497, 22233
18692, 0, 5415, 6238, 5505, 589, 16.67%, 0, 0, 32, 92.77, 2872970, 22233
18697, 0, 5415, 6238, 5505, 589, 16.67%, 0, 0, 32, 91.86, 2873441, 22233
18702, 0, 5415, 6239, 5506, 589, 16.67%, 0, 0, 32, 91.85, 2873907, 22233
18707, 0, 5415, 6242, 5509, 589, 16.67%, 0, 0, 32, 91.33, 2874382, 22234
18712, 0, 5415, 6244, 5511, 589, 16.67%, 0, 0, 32, 91.97, 2874851, 22234
18717, 0, 5415, 6244, 5511, 589, 16.67%, 0, 0, 32, 91.94, 2875321, 22234
18722, 0, 5415, 6244, 5511, 589, 16.67%, 0, 0, 32, 91.77, 2875792, 22234
18727, 0, 5415, 6245, 5512, 589, 16.67%, 0, 0, 32, 93.03, 2876258, 22234
18733, 0, 5415, 6245, 5512, 589, 16.67%, 0, 0, 32, 92.42, 2876731, 22234
18738, 0, 5415, 6245, 5512, 589, 16.67%, 0, 0, 32, 91.94, 2877200, 22234
18743, 0, 5415, 6246, 5513, 589, 16.67%, 0, 0, 32, 93.00, 2877675, 22234
18748, 0, 5415, 6246, 5513, 589, 16.67%, 0, 0, 32, 92.38, 2878147, 22234
18753, 0, 5415, 6248, 5515, 589, 16.67%, 0, 0, 32, 92.21, 2878607, 22234
18758, 0, 6242, 6248, 5514, 592, 16.67%, 0, 0, 32, 94.91, 2879100, 22234
18763, 0, 5412, 6248, 5513, 591, 16.67%, 0, 0, 32, 102.51, 2879614, 22234
18768, 0, 5412, 6248, 5513, 591, 16.67%, 0, 0, 32, 103.90, 2880155, 22234
18773, 0, 3047, 6248, 5512, 590, 16.67%, 0, 0, 32, 145.09, 2880920, 22234
18778, 0, 4530, 6249, 5512, 589, 16.67%, 0, 0, 32, 156.75, 2881720, 22236
18783, 0, 4530, 6249, 5512, 589, 16.67%, 0, 0, 32, 159.20, 2882526, 22236
18788, 0, 3471, 6249, 5511, 589, 16.67%, 0, 0, 32, 159.37, 2883346, 22236
18794, 0, 5752, 6249, 5510, 588, 16.67%, 0, 0, 32, 159.41, 2884161, 22236
18799, 0, 441, 6251, 5511, 588, 16.67%, 0, 0, 32, 155.39, 2884955, 22240
18804, 0, 4550, 6253, 5512, 587, 16.67%, 0, 0, 32, 157.98, 2885782, 22242
18809, 0, 4550, 6255, 5514, 587, 16.67%, 0, 0, 32, 158.29, 2886607, 22242
18814, 0, 4550, 6257, 5516, 587, 16.68%, 0, 0, 32, 158.31, 2887399, 22248
18819, 0, 4550, 6260, 5519, 587, 16.68%, 0, 0, 32, 157.92, 2888209, 22249
18824, 0, 4550, 6262, 5521, 587, 16.68%, 0, 0, 32, 158.35, 2889001, 22250
18829, 0, 4550, 6263, 5522, 587, 16.68%, 0, 0, 32, 158.53, 2889799, 22250
18834, 0, 4550, 6264, 5523, 587, 16.68%, 0, 0, 32, 158.42, 2890591, 22254
18840, 0, 4550, 6264, 5523, 587, 16.68%, 0, 0, 32, 158.54, 2891416, 22254
18845, 0, 4550, 6265, 5524, 587, 16.68%, 0, 0, 32, 158.69, 2892247, 22254
18850, 0, 4550, 6267, 5526, 587, 16.68%, 0, 0, 32, 158.65, 2893057, 22256
18855, 0, 4550, 6267, 5526, 587, 16.68%, 0, 0, 32, 158.12, 2893849, 22256
18860, 0, 4550, 6268, 5527, 587, 16.68%, 0, 0, 32, 158.54, 2894674, 22256
18865, 0, 4550, 6268, 5527, 587, 16.68%, 0, 0, 32, 158.17, 2895468, 22256
18870, 0, 2496, 6268, 5526, 591, 16.68%, 0, 0, 32, 158.57, 2896269, 22256
18875, 0, 4112, 6268, 5525, 590, 16.68%, 0, 0, 32, 157.61, 2897069, 22256
18880, 0, 4112, 6269, 5526, 590, 16.68%, 0, 0, 32, 154.84, 2897860, 22256
18886, 0, 4180, 6270, 5526, 589, 16.68%, 0, 0, 32, 157.51, 2898672, 22256
18891, 0, 3710, 6270, 5525, 589, 16.68%, 0, 0, 32, 158.77, 2899499, 22256
18896, 0, 3710, 6271, 5526, 589, 16.68%, 0, 0, 32, 159.44, 2900318, 22256
18901, 0, 1933, 6271, 5525, 588, 16.68%, 0, 0, 32, 159.31, 2901132, 22256
18906, 0, 5850, 6271, 5524, 587, 16.68%, 0, 0, 32, 158.85, 2901957, 22256
18911, 0, 3206, 6272, 5524, 586, 16.68%, 0, 0, 32, 158.65, 2902766, 22256
18916, 0, 4457, 6272, 5523, 585, 16.68%, 0, 0, 32, 132.03, 2903458, 22256
18921, 0, 4457, 6272, 5523, 585, 16.68%, 0, 0, 32, 111.47, 2903979, 22256
18926, 0, 4268, 6273, 5523, 584, 16.68%, 0, 0, 32, 111.31, 2904508, 22256
18932, 0, 4268, 6274, 5524, 584, 16.69%, 0, 0, 32, 149.63, 2905318, 22258
18937, 0, 4225, 6274, 5523, 584, 16.69%, 0, 0, 32, 157.72, 2906141, 22258
18942, 0, 4225, 6274, 5523, 584, 16.69%, 0, 0, 32, 159.56, 2906953, 22258
18947, 0, 4473, 6277, 5525, 583, 16.69%, 0, 0, 32, 158.97, 2907754, 22258
18952, 0, 4473, 6280, 5528, 583, 16.69%, 0, 0, 32, 157.19, 2908549, 22258
18957, 0, 4473, 6281, 5529, 583, 16.69%, 0, 0, 32, 158.56, 2909344, 22258
18962, 0, 4473, 6281, 5529, 583, 16.69%, 0, 0, 32, 158.83, 2910169, 22258
18967, 0, 4473, 6282, 5530, 583, 16.69%, 0, 0, 32, 159.06, 2910997, 22259
18972, 0, 4473, 6282, 5530, 583, 16.69%, 0, 0, 32, 159.04, 2911822, 22259
18978, 0, 4473, 6283, 5531, 583, 16.69%, 0, 0, 32, 159.14, 2912647, 22266
18983, 0, 4473, 6285, 5533, 583, 16.69%, 0, 0, 32, 159.02, 2913472, 22266
18988, 0, 4473, 6285, 5533, 583, 16.69%, 0, 0, 32, 159.07, 2914297, 22266
18993, 0, 4473, 6285, 5533, 583, 16.69%, 0, 0, 32, 158.87, 2915122, 22266
18998, 0, 4473, 6285, 5533, 583, 16.69%, 0, 0, 32, 159.01, 2915947, 22266
19004, 0, 4473, 6285, 5533, 583, 16.69%, 0, 0, 32, 159.02, 2916772, 22266
19009, 0, 405, 6285, 5532, 584, 16.69%, 0, 0, 32, 158.86, 2917576, 22266
19014, 0, 3138, 6285, 5531, 583, 16.69%, 0, 0, 32, 158.84, 2918403, 22266
19019, 0, 4253, 6285, 5530, 582, 16.69%, 0, 0, 32, 158.14, 2919211, 22266
19024, 0, 4253, 6285, 5530, 582, 16.69%, 0, 0, 32, 159.46, 2920012, 22266
19029, 0, 6204, 6286, 5530, 581, 16.69%, 0, 0, 32, 157.11, 2920811, 22267
19034, 0, 5456, 6286, 5529, 581, 16.69%, 0, 0, 32, 155.39, 2921588, 22267
19039, 0, 5456, 6290, 5533, 581, 16.69%, 0, 0, 32, 158.81, 2922397, 22270
19044, 0, 5456, 6291, 5534, 581, 16.70%, 0, 0, 32, 159.49, 2923222, 22271
19050, 0, 5456, 6291, 5534, 581, 16.70%, 0, 0, 32, 159.77, 2924047, 22271
19055, 0, 5456, 6291, 5534, 581, 16.70%, 0, 0, 32, 159.86, 2924872, 22271
19060, 0, 5456, 6291, 5534, 581, 16.70%, 0, 0, 32, 159.89, 2925697, 22271
19065, 0, 5456, 6291, 5534, 581, 16.70%, 0, 0, 32, 159.83, 2926522, 22271
19070, 0, 5456, 6292, 5535, 581, 16.70%, 0, 0, 32, 159.60, 2927326, 22272
19075, 0, 5456, 6292, 5535, 581, 16.70%, 0, 0, 32, 159.74, 2928151, 22272
19080, 0, 5456, 6292, 5535, 581, 16.70%, 0, 0, 32, 159.83, 2928976, 22272
19086, 0, 5456, 6295, 5538, 581, 16.70%, 0, 0, 32, 159.85, 2929801, 22278
19091, 0, 5456, 6297, 5540, 581, 16.70%, 0, 0, 32, 159.71, 2930629, 22279
19096, 0, 5456, 6297, 5540, 581, 16.70%, 0, 0, 32, 159.87, 2931456, 22279
19101, 0, 5855, 6297, 5539, 582, 16.70%, 0, 0, 32, 159.41, 2932258, 22279
19106, 0, 5855, 6297, 5539, 582, 16.70%, 0, 0, 32, 159.56, 2933083, 22279
19111, 0, 5855, 6299, 5541, 582, 16.70%, 0, 0, 32, 159.37, 2933881, 22279
19116, 0, 5855, 6299, 5541, 582, 16.70%, 0, 0, 32, 159.35, 2934680, 22279
19121, 0, 1511, 6300, 5540, 581, 16.70%, 0, 0, 32, 158.75, 2935507, 22279
19126, 0, 4731, 6301, 5539, 580, 16.70%, 0, 0, 32, 157.73, 2936313, 22279
19132, 0, 4731, 6301, 5539, 580, 16.70%, 0, 0, 32, 156.76, 2937105, 22279
19137, 0, 4731, 6301, 5539, 580, 16.70%, 0, 0, 32, 157.45, 2937896, 22279
19142, 0, 2371, 6301, 5538, 579, 16.70%, 0, 0, 32, 159.04, 2938707, 22279
19147, 0, 2371, 6304, 5541, 579, 16.70%, 0, 0, 32, 159.22, 2939532, 22279
19152, 0, 2371, 6306, 5543, 579, 16.70%, 0, 0, 32, 159.61, 2940357, 22279
19157, 0, 2371, 6306, 5543, 579, 16.70%, 0, 0, 32, 159.45, 2941182, 22279
19162, 0, 2371, 6306, 5543, 579, 16.70%, 0, 0, 32, 159.51, 2942007, 22279
19167, 0, 2371, 6307, 5544, 579, 16.70%, 0, 0, 32, 159.48, 2942808, 22279
19173, 0, 2371, 6308, 5545, 579, 16.70%, 0, 0, 32, 159.48, 2943633, 22279
19178, 0, 2371, 6308, 5545, 579, 16.70%, 0, 0, 32, 159.47, 2944458, 22279
19183, 0, 2371, 6309, 5546, 579, 16.70%, 0, 0, 32, 159.49, 2945256, 22279
19188, 0, 2371, 6310, 5547, 579, 16.70%, 0, 0, 32, 159.22, 2946057, 22279
19193, 0, 2371, 6310, 5547, 579, 16.70%, 0, 0, 32, 159.49, 2946882, 22279
19198, 0, 2371, 6310, 5547, 579, 16.70%, 0, 0, 32, 159.46, 2947707, 22279
19203, 0, 2371, 6310, 5547, 579, 16.70%, 0, 0, 32, 159.43, 2948535, 22279
19208, 0, 6175, 6310, 5546, 576, 16.70%, 0, 0, 32, 159.28, 2949336, 22279
19213, 0, 6175, 6313, 5549, 576, 16.70%, 0, 0, 32, 159.72, 2950161, 22279
19219, 0, 6175, 6314, 5550, 576, 16.70%, 0, 0, 32, 159.58, 2950987, 22279
19224, 0, 6248, 6314, 5548, 575, 16.70%, 0, 0, 32, 159.69, 2951817, 22279
19229, 0, 6026, 6314, 5547, 574, 16.70%, 0, 0, 32, 159.80, 2952621, 22279
19234, 0, 6026, 6314, 5547, 574, 16.70%, 0, 0, 32, 159.56, 2953433, 22279
19239, 0, 4108, 6315, 5547, 573, 16.70%, 0, 0, 32, 156.54, 2954225, 22279
19244, 0, 6229, 6316, 5547, 573, 16.70%, 0, 0, 32, 152.18, 2955005, 22279
19249, 0, 6229, 6317, 5548, 573, 16.70%, 0, 0, 32, 158.52, 2955830, 22280
19255, 0, 6229, 6317, 5548, 573, 16.70%, 0, 0, 32, 159.72, 2956654, 22280
19260, 0, 288, 6317, 5547, 573, 16.70%, 0, 0, 32, 159.74, 2957470, 22280
19265, 0, 2851, 6318, 5547, 572, 16.70%, 0, 0, 32, 159.61, 2958275, 22282
19270, 0, 478, 6318, 5546, 572, 16.70%, 0, 0, 32, 158.87, 2959079, 22282
19275, 0, 4830, 6319, 5545, 570, 16.70%, 0, 0, 32, 158.12, 2959883, 22283
19280, 0, 4830, 6319, 5545, 570, 16.70%, 0, 0, 32, 154.47, 2960675, 22283
19285, 0, 4830, 6319, 5545, 570, 16.70%, 0, 0, 32, 155.08, 2961462, 22283
19290, 0, 860, 6319, 5544, 569, 16.70%, 0, 0, 32, 157.79, 2962270, 22283
19295, 0, 860, 6319, 5544, 569, 16.70%, 0, 0, 32, 159.17, 2963095, 22283
19301, 0, 2820, 6319, 5543, 569, 16.70%, 0, 0, 32, 159.27, 2963919, 22283
19306, 0, 6228, 6319, 5542, 568, 16.70%, 0, 0, 32, 158.43, 2964717, 22283
19311, 0, 6228, 6323, 5546, 568, 16.71%, 0, 0, 32, 158.54, 2965522, 22284
19316, 0, 6228, 6324, 5547, 568, 16.71%, 0, 0, 32, 158.41, 2966314, 22285
19321, 0, 6228, 6324, 5547, 568, 16.71%, 0, 0, 32, 158.61, 2967139, 22285
19326, 0, 6228, 6325, 5548, 568, 16.71%, 0, 0, 32, 158.67, 2967964, 22285
19331, 0, 6228, 6326, 5549, 568, 16.71%, 0, 0, 32, 158.58, 2968789, 22285
19336, 0, 6228, 6326, 5549, 568, 16.71%, 0, 0, 32, 158.50, 2969614, 22285
19342, 0, 6228, 6326, 5549, 568, 16.71%, 0, 0, 32, 158.71, 2970439, 22285
19347, 0, 6228, 6326, 5549, 568, 16.71%, 0, 0, 32, 158.59, 2971264, 22285
19352, 0, 6228, 6326, 5549, 568, 16.71%, 0, 0, 32, 158.57, 2972089, 22285
19357, 0, 6228, 6326, 5549, 568, 16.71%, 0, 0, 32, 158.59, 2972912, 22285
19362, 0, 6228, 6326, 5549, 568, 16.71%, 0, 0, 32, 158.51, 2973724, 22285
19367, 0, 6316, 6327, 5549, 569, 16.71%, 0, 0, 32, 159.58, 2974527, 22285
19373, 0, 6316, 6327, 5549, 569, 16.71%, 0, 0, 32, 160.00, 2975345, 22285
19378, 0, 4239, 6327, 5547, 568, 16.71%, 0, 0, 32, 114.75, 2975905, 22285
19383, 0, 2841, 6327, 5546, 567, 16.71%, 0, 0, 32, 104.14, 2976420, 22285
19388, 0, 2841, 6327, 5546, 567, 16.71%, 0, 0, 32, 98.12, 2976909, 22285
19393, 0, 5893, 6327, 5545, 566, 16.71%, 0, 0, 32, 137.37, 2977615, 22285
19398, 0, 5893, 6328, 5546, 566, 16.71%, 0, 0, 32, 154.69, 2978419, 22285
19403, 0, 4661, 6328, 5544, 565, 16.71%, 0, 0, 32, 156.78, 2979237, 22285
19408, 0, 2613, 6328, 5543, 564, 16.71%, 0, 0, 32, 157.24, 2980023, 22285
19413, 0, 2613, 6328, 5543, 564, 16.71%, 0, 0, 32, 159.35, 2980828, 22285
19418, 0, 5890, 6332, 5546, 563, 16.71%, 0, 0, 32, 159.53, 2981632, 22287
19423, 0, 5890, 6335, 5549, 563, 16.71%, 0, 0, 32, 159.40, 2982457, 22287
19429, 0, 5890, 6335, 5549, 563, 16.71%, 0, 0, 32, 159.74, 2983282, 22287
19434, 0, 5890, 6335, 5549, 563, 16.71%, 0, 0, 32, 159.64, 2984107, 22287
19439, 0, 5890, 6335, 5549, 563, 16.71%, 0, 0, 32, 159.69, 2984932, 22287
19444, 0, 5890, 6335, 5549, 563, 16.71%, 0, 0, 32, 159.61, 2985757, 22287
19449, 0, 5890, 6335, 5549, 563, 16.71%, 0, 0, 32, 159.64, 2986582, 22287
19454, 0, 5890, 6335, 5549, 563, 16.71%, 0, 0, 32, 159.63, 2987407, 22287
19460, 0, 5890, 6336, 5550, 563, 16.71%, 0, 0, 32, 159.66, 2988232, 22287
19465, 0, 5890, 6336, 5550, 563, 16.71%, 0, 0, 32, 159.69, 2989057, 22287
19470, 0, 5890, 6336, 5550, 563, 16.71%, 0, 0, 32, 159.72, 2989882, 22287
19475, 0, 5890, 6336, 5550, 563, 16.71%, 0, 0, 32, 159.72, 2990707, 22287
19480, 0, 5890, 6337, 5551, 563, 16.71%, 0, 0, 32, 159.59, 2991532, 22287
19485, 0, 5890, 6337, 5551, 563, 16.71%, 0, 0, 32, 159.71, 2992357, 22287
19491, 0, 5890, 6337, 5551, 563, 16.71%, 0, 0, 32, 159.52, 2993182, 22287
19496, 0, 5890, 6337, 5551, 563, 16.71%, 0, 0, 32, 159.66, 2994007, 22287
19501, 0, 3636, 6338, 5551, 565, 16.71%, 0, 0, 32, 159.00, 2994831, 22288
19506, 0, 3636, 6338, 5551, 565, 16.71%, 0, 0, 32, 159.49, 2995651, 22288
19511, 0, 6273, 6338, 5550, 565, 16.71%, 0, 0, 32, 158.74, 2996466, 22288
19516, 0, 1817, 6338, 5549, 564, 16.71%, 0, 0, 32, 159.12, 2997273, 22288
19521, 0, 6098, 6338, 5548, 563, 16.71%, 0, 0, 32, 159.35, 2998070, 22288
19526, 0, 6098, 6338, 5548, 563, 16.71%, 0, 0, 32, 159.11, 2998873, 22288
19531, 0, 5165, 6338, 5547, 562, 16.71%, 0, 0, 32, 150.93, 2999622, 22288
19536, 0, 5165, 6338, 5547, 562, 16.71%, 0, 0, 32, 150.16, 3000400, 22288
19542, 0, 5165, 6338, 5547, 562, 16.71%, 0, 0, 32, 156.71, 3001214, 22288
19547, 0, 2934, 6338, 5546, 562, 16.71%, 0, 0, 32, 158.06, 3002031, 22288
19552, 0, 6337, 6340, 5547, 562, 16.71%, 0, 0, 32, 159.01, 3002839, 22289
19557, 0, 6337, 6340, 5547, 562, 16.71%, 0, 0, 32, 160.02, 3003665, 22289
19562, 0, 5164, 6340, 5546, 561, 16.71%, 0, 0, 32, 155.72, 3004473, 22289
19567, 0, 5164, 6340, 5546, 561, 16.71%, 0, 0, 32, 150.38, 3005244, 22289
19572, 0, 5164, 6344, 5550, 561, 16.71%, 0, 0, 32, 149.41, 3005991, 22289
19578, 0, 5164, 6345, 5551, 561, 16.71%, 0, 0, 32, 152.34, 3006770, 22289
19583, 0, 5164, 6346, 5552, 561, 16.71%, 0, 0, 32, 152.96, 3007556, 22289
19588, 0, 5164, 6346, 5552, 561, 16.71%, 0, 0, 32, 152.93, 3008345, 22289
19593, 0, 5164, 6346, 5552, 561, 16.71%, 0, 0, 32, 152.63, 3009131, 22289
19598, 0, 5164, 6346, 5552, 561, 16.71%, 0, 0, 32, 153.04, 3009923, 22289
19603, 0, 5164, 6346, 5552, 561, 16.71%, 0, 0, 32, 153.14, 3010709, 22289
19608, 0, 5164, 6348, 5554, 561, 16.71%, 0, 0, 32, 153.17, 3011504, 22290
19614, 0, 5164, 6349, 5555, 561, 16.71%, 0, 0, 32, 152.87, 3012290, 22290
19619, 0, 5164, 6351, 5557, 561, 16.71%, 0, 0, 32, 152.87, 3013082, 22290
19624, 0, 5164, 6353, 5559, 561, 16.71%, 0, 0, 32, 152.79, 3013874, 22290
19629, 0, 5164, 6354, 5560, 561, 16.71%, 0, 0, 32, 152.43, 3014666, 22290
19634, 0, 5164, 6354, 5560, 561, 16.71%, 0, 0, 32, 152.84, 3015452, 22290
19639, 0, 5164, 6354, 5560, 561, 16.71%, 0, 0, 32, 153.13, 3016244, 22290
19645, 0, 5164, 6355, 5561, 561, 16.71%, 0, 0, 32, 152.78, 3017036, 22290
19650, 0, 5164, 6356, 5562, 561, 16.71%, 0, 0, 32, 152.67, 3017822, 22290
19655, 0, 5164, 6356, 5562, 561, 16.71%, 0, 0, 32, 153.66, 3018602, 22290
19660, 0, 6205, 6357, 5562, 561, 16.71%, 0, 0, 32, 155.42, 3019383, 22290
19665, 0, 6205, 6358, 5563, 561, 16.71%, 0, 0, 32, 158.73, 3020209, 22290
19670, 0, 2044, 6359, 5563, 560, 16.71%, 0, 0, 32, 159.08, 3021019, 22290
19675, 0, 3207, 6359, 5562, 559, 16.71%, 0, 0, 32, 159.68, 3021849, 22290
19681, 0, 6063, 6359, 5561, 558, 16.71%, 0, 0, 32, 152.71, 3022641, 22290
19686, 0, 6063, 6359, 5561, 558, 16.71%, 0, 0, 32, 149.89, 3023414, 22290
19691, 0, 6063, 6368, 5570, 558, 16.71%, 0, 0, 33, 147.58, 3024166, 22290
19696, 0, 6063, 6377, 5579, 558, 16.71%, 0, 0, 33, 150.10, 3024946, 22293
19701, 0, 6063, 6388, 5590, 558, 16.71%, 0, 0, 33, 148.93, 3025704, 22293
19706, 0, 6063, 6395, 5597, 558, 16.72%, 0, 0, 33, 149.95, 3026468, 22299
19711, 0, 6063, 6405, 5607, 558, 16.80%, 0, 0, 33, 149.63, 3027236, 22409
19716, 0, 6063, 6410, 5612, 558, 16.80%, 0, 0, 33, 150.32, 3028003, 22409
19722, 0, 6063, 6416, 5618, 558, 16.80%, 0, 0, 33, 150.38, 3028759, 22409
19727, 0, 6063, 6418, 5620, 558, 16.80%, 0, 0, 33, 151.08, 3029524, 22409
19732, 0, 6063, 6420, 5622, 558, 16.80%, 0, 0, 33, 150.81, 3030301, 22409
19737, 0, 6063, 6422, 5624, 558, 16.80%, 0, 0, 33, 150.83, 3031069, 22409
19742, 0, 6063, 6425, 5627, 558, 16.80%, 0, 0, 33, 150.73, 3031834, 22415
19747, 0, 6063, 6429, 5631, 558, 16.80%, 0, 0, 33, 150.84, 3032590, 22416
19752, 0, 6063, 6431, 5633, 558, 16.80%, 0, 0, 33, 156.20, 3033381, 22417
19757, 0, 6402, 6432, 5633, 553, 16.80%, 0, 0, 33, 153.28, 3034157, 22417
19762, 0, 6402, 6432, 5633, 553, 16.80%, 0, 0, 33, 147.10, 3034910, 22417
19767, 0, 6402, 6432, 5633, 553, 16.80%, 0, 0, 33, 145.62, 3035660, 22417
19773, 0, 6201, 6432, 5632, 552, 16.80%, 0, 0, 33, 149.69, 3036438, 22417
19778, 0, 6201, 6433, 5633, 552, 16.80%, 0, 0, 33, 150.94, 3037201, 22417
19783, 0, 6201, 6435, 5635, 552, 16.80%, 0, 0, 33, 153.28, 3037993, 22417
19788, 0, 6201, 6435, 5635, 552, 16.80%, 0, 0, 33, 153.78, 3038782, 22417
19793, 0, 6201, 6436, 5636, 552, 16.80%, 0, 0, 33, 153.66, 3039571, 22417
19798, 0, 6201, 6437, 5637, 552, 16.80%, 0, 0, 33, 152.17, 3040357, 22417
19803, 0, 6201, 6437, 5637, 552, 16.80%, 0, 0, 33, 153.58, 3041149, 22417
19808, 0, 6201, 6437, 5637, 552, 16.80%, 0, 0, 33, 153.96, 3041941, 22417
19814, 0, 6201, 6437, 5637, 552, 16.80%, 0, 0, 33, 153.55, 3042727, 22417
19819, 0, 6201, 6438, 5638, 552, 16.81%, 0, 0, 33, 153.70, 3043519, 22418
19824, 0, 6201, 6439, 5639, 552, 16.81%, 0, 0, 33, 153.56, 3044311, 22418
19829, 0, 6201, 6440, 5640, 552, 16.81%, 0, 0, 33, 153.84, 3045106, 22418
19834, 0, 6201, 6442, 5642, 552, 16.81%, 0, 0, 33, 157.71, 3045925, 22418
19839, 0, 4642, 6442, 5640, 552, 16.81%, 0, 0, 33, 159.57, 3046747, 22418
19845, 0, 4642, 6444, 5642, 552, 16.81%, 0, 0, 33, 159.47, 3047575, 22418
19850, 0, 4642, 6445, 5643, 552, 16.81%, 0, 0, 33, 159.57, 3048376, 22419
19855, 0, 6225, 6446, 5642, 553, 16.81%, 0, 0, 33, 159.91, 3049201, 22421
19860, 0, 6234, 6446, 5641, 552, 16.81%, 0, 0, 33, 143.99, 3049955, 22421
19865, 0, 6234, 6446, 5641, 552, 16.81%, 0, 0, 33, 108.98, 3050447, 22421
19870, 0, 6325, 6446, 5640, 551, 16.81%, 0, 0, 33, 141.47, 3051168, 22421
19875, 0, 6325, 6447, 5641, 551, 16.81%, 0, 0, 33, 155.18, 3051982, 22430
19880, 0, 4272, 6448, 5641, 552, 16.82%, 0, 0, 33, 158.39, 3052809, 22431
19885, 0, 4488, 6448, 5640, 551, 16.82%, 0, 0, 33, 159.50, 3053617, 22431
19891, 0, 4488, 6448, 5640, 551, 16.82%, 0, 0, 33, 159.60, 3054433, 22431
19896, 0, 4525, 6448, 5639, 550, 16.82%, 0, 0, 33, 159.61, 3055256, 22431
19901, 0, 4407, 6450, 5640, 549, 16.82%, 0, 0, 33, 159.59, 3056067, 22431
19906, 0, 4407, 6451, 5641, 549, 16.82%, 0, 0, 33, 159.43, 3056892, 22431
19911, 0, 4407, 6451, 5641, 549, 16.82%, 0, 0, 33, 159.47, 3057717, 22431
19916, 0, 4407, 6451, 5641, 549, 16.82%, 0, 0, 33, 159.34, 3058546, 22431
19921, 0, 5919, 6451, 5640, 549, 16.82%, 0, 0, 33, 159.32, 3059345, 22431
19926, 0, 5767, 6451, 5639, 548, 16.82%, 0, 0, 33, 159.70, 3060155, 22431
19932, 0, 5767, 6452, 5640, 548, 16.82%, 0, 0, 33, 159.93, 3060985, 22431
19937, 0, 4574, 6452, 5639, 547, 16.82%, 0, 0, 33, 159.94, 3061788, 22431
19942, 0, 4574, 6452, 5639, 547, 16.82%, 0, 0, 33, 159.87, 3062603, 22431
19947, 0, 5386, 6452, 5638, 546, 16.82%, 0, 0, 33, 155.31, 3063383, 22431
19952, 0, 2545, 6452, 5637, 545, 16.82%, 0, 0, 33, 158.53, 3064186, 22431
19957, 0, 5958, 6452, 5636, 544, 16.82%, 0, 0, 33, 158.75, 3064990, 22431
19962, 0, 5958, 6453, 5637, 544, 16.82%, 0, 0, 33, 159.45, 3065809, 22431
19967, 0, 156, 6453, 5636, 543, 16.82%, 0, 0, 33, 159.59, 3066626, 22431
19972, 0, 4780, 6453, 5635, 542, 16.82%, 0, 0, 33, 158.62, 3067451, 22431
19977, 0, 4780, 6453, 5635, 542, 16.82%, 0, 0, 33, 158.21, 3068243, 22431
19982, 0, 4780, 6454, 5636, 542, 16.82%, 0, 0, 33, 158.03, 3069040, 22431
19988, 0, 4500, 6454, 5635, 541, 16.82%, 0, 0, 33, 159.02, 3069862, 22431
19993, 0, 6220, 6454, 5634, 540, 16.82%, 0, 0, 33, 153.25, 3070651, 22431
19998, 0, 6220, 6455, 5635, 540, 16.82%, 0, 0, 33, 158.51, 3071481, 22431
20003, 0, 3522, 6456, 5635, 539, 16.82%, 0, 0, 33, 159.23, 3072293, 22431
20008, 0, 3522, 6456, 5635, 539, 16.82%, 0, 0, 33, 159.08, 3073111, 22431
20013, 0, 2221, 6456, 5634, 538, 16.82%, 0, 0, 33, 159.58, 3073931, 22431
20018, 0, 6314, 6457, 5634, 537, 16.82%, 0, 0, 33, 157.29, 3074729, 22431
20024, 0, 6314, 6461, 5638, 537, 16.82%, 0, 0, 33, 156.49, 3075536, 22431
20029, 0, 6314, 6461, 5638, 537, 16.82%, 0, 0, 33, 156.29, 3076328, 22431
20034, 0, 6314, 6462, 5639, 537, 16.82%, 0, 0, 33, 155.63, 3077099, 22431
20039, 0, 6314, 6462, 5639, 537, 16.82%, 0, 0, 33, 155.63, 3077891, 22431
20044, 0, 6314, 6464, 5641, 537, 16.82%, 0, 0, 33, 155.92, 3078695, 22431
20049, 0, 6314, 6464, 5641, 537, 16.82%, 0, 0, 33, 156.11, 3079487, 22431
20054, 0, 6314, 6464, 5641, 537, 16.82%, 0, 0, 33, 156.18, 3080279, 22431
20059, 0, 6314, 6464, 5641, 537, 16.82%, 0, 0, 33, 156.09, 3081071, 22431
20064, 0, 6314, 6464, 5641, 537, 16.82%, 0, 0, 33, 156.16, 3081863, 22431
20069, 0, 6314, 6465, 5642, 537, 16.82%, 0, 0, 33, 155.86, 3082667, 22431
20074, 0, 6314, 6465, 5642, 537, 16.82%, 0, 0, 33, 156.11, 3083459, 22431
20079, 0, 6314, 6465, 5642, 537, 16.82%, 0, 0, 33, 155.84, 3084251, 22431
20085, 0, 3993, 6465, 5641, 537, 16.82%, 0, 0, 33, 157.53, 3085064, 22431
20090, 0, 3993, 6466, 5642, 537, 16.82%, 0, 0, 33, 159.36, 3085890, 22431
20095, 0, 3993, 6466, 5642, 537, 16.82%, 0, 0, 33, 159.58, 3086701, 22431
20100, 0, 5519, 6466, 5641, 536, 16.82%, 0, 0, 33, 157.82, 3087495, 22431
20105, 0, 6100, 6467, 5641, 535, 16.82%, 0, 0, 33, 150.14, 3088269, 22431
20110, 0, 3368, 6467, 5640, 534, 16.82%, 0, 0, 33, 157.03, 3089057, 22431
20115, 0, 3368, 6467, 5640, 534, 16.82%, 0, 0, 33, 159.29, 3089883, 22431
20120, 0, 6222, 6471, 5643, 533, 16.82%, 0, 0, 33, 159.53, 3090685, 22432
20125, 0, 6222, 6471, 5643, 533, 16.82%, 0, 0, 33, 159.55, 3091510, 22432
20131, 0, 6222, 6471, 5643, 533, 16.82%, 0, 0, 33, 159.14, 3092335, 22432
20136, 0, 6222, 6471, 5643, 533, 16.82%, 0, 0, 33, 159.49, 3093134, 22432
20141, 0, 3002, 6471, 5642, 533, 16.82%, 0, 0, 33, 159.51, 3093933, 22432
20146, 0, 5511, 6471, 5641, 532, 16.82%, 0, 0, 33, 159.68, 3094739, 22432
20151, 0, 4269, 6472, 5641, 531, 16.82%, 0, 0, 33, 159.59, 3095544, 22432
20156, 0, 4269, 6472, 5641, 531, 16.82%, 0, 0, 33, 159.49, 3096348, 22432
20161, 0, 3962, 6472, 5640, 530, 16.82%, 0, 0, 33, 159.36, 3097175, 22432
20166, 0, 5498, 6472, 5639, 529, 16.82%, 0, 0, 33, 159.71, 3097988, 22432
20171, 0, 1984, 6472, 5638, 528, 16.82%, 0, 0, 33, 159.54, 3098819, 22432
20176, 0, 6091, 6472, 5637, 527, 16.82%, 0, 0, 33, 159.40, 3099623, 22432
20181, 0, 6091, 6473, 5638, 527, 16.82%, 0, 0, 33, 159.44, 3100426, 22432
20186, 0, 1173, 6473, 5637, 526, 16.82%, 0, 0, 33, 159.78, 3101227, 22432
20192, 0, 6450, 6473, 5636, 525, 16.82%, 0, 0, 33, 159.51, 3102056, 22432
20197, 0, 5951, 6474, 5636, 525, 16.82%, 0, 0, 33, 153.65, 3102831, 22432
20202, 0, 5951, 6475, 5637, 525, 16.82%, 0, 0, 33, 157.88, 3103655, 22432
20207, 0, 6474, 6475, 5636, 525, 16.82%, 0, 0, 33, 158.44, 3104464, 22432
20212, 0, 5379, 6475, 5635, 524, 16.82%, 0, 0, 33, 159.49, 3105294, 22432
20217, 0, 4345, 6475, 5634, 523, 16.82%, 0, 0, 33, 159.08, 3106097, 22432
20222, 0, 3689, 6476, 5634, 523, 16.82%, 0, 0, 33, 158.91, 3106899, 22434
20227, 0, 3689, 6477, 5635, 523, 16.82%, 0, 0, 33, 159.67, 3107699, 22434
20232, 0, 6024, 6478, 5635, 522, 16.82%, 0, 0, 33, 159.87, 3108522, 22434
20237, 0, 6024, 6478, 5635, 522, 16.82%, 0, 0, 33, 159.57, 3109334, 22434
20243, 0, 4498, 6478, 5634, 521, 16.82%, 0, 0, 33, 159.22, 3110157, 22434
20248, 0, 4498, 6480, 5636, 521, 16.82%, 0, 0, 33, 159.31, 3110984, 22434
20253, 0, 2164, 6480, 5634, 521, 16.82%, 0, 0, 33, 159.42, 3111806, 22434
20258, 0, 2519, 6481, 5634, 520, 16.82%, 0, 0, 33, 159.30, 3112635, 22434
20263, 0, 3913, 6481, 5633, 519, 16.82%, 0, 0, 33, 159.79, 3113442, 22434
20268, 0, 4502, 6481, 5632, 518, 16.82%, 0, 0, 33, 160.02, 3114272, 22434
20273, 0, 4502, 6481, 5632, 518, 16.82%, 0, 0, 33, 159.73, 3115084, 22434
20279, 0, 3875, 6481, 5631, 517, 16.82%, 0, 0, 33, 160.34, 3115917, 22434
20284, 0, 6138, 6482, 5631, 516, 16.82%, 0, 0, 33, 159.47, 3116748, 22435
20289, 0, 4067, 6483, 5631, 517, 16.82%, 0, 0, 33, 158.97, 3117571, 22436
20294, 0, 4067, 6483, 5631, 517, 16.82%, 0, 0, 33, 158.71, 3118383, 22436
20299, 0, 6231, 6483, 5630, 516, 16.82%, 0, 0, 33, 159.20, 3119183, 22436
20304, 0, 3613, 6484, 5630, 515, 16.82%, 0, 0, 33, 159.50, 3119983, 22436
20309, 0, 3613, 6484, 5630, 515, 16.82%, 0, 0, 33, 159.24, 3120799, 22436
20314, 0, 4039, 6484, 5628, 513, 16.82%, 0, 0, 33, 159.89, 3121619, 22436
20320, 0, 4039, 6484, 5628, 513, 16.82%, 0, 0, 33, 160.01, 3122423, 22436
20325, 0, 6301, 6484, 5627, 512, 16.82%, 0, 0, 33, 159.55, 3123254, 22436
20330, 0, 1792, 6484, 5626, 511, 16.82%, 0, 0, 33, 159.33, 3124056, 22436
20335, 0, 6482, 6484, 5625, 510, 16.82%, 0, 0, 33, 159.23, 3124857, 22436
20340, 0, 2925, 6485, 5625, 509, 16.82%, 0, 0, 33, 159.52, 3125685, 22436
20345, 0, 4165, 6485, 5624, 509, 16.82%, 0, 0, 33, 159.39, 3126489, 22436
20350, 0, 4165, 6485, 5624, 509, 16.82%, 0, 0, 33, 159.60, 3127307, 22436
20355, 0, 4301, 6485, 5623, 508, 16.82%, 0, 0, 33, 160.12, 3128133, 22436
20360, 0, 5880, 6486, 5623, 507, 16.82%, 0, 0, 33, 159.77, 3128938, 22436
20365, 0, 5880, 6488, 5625, 507, 16.82%, 0, 0, 33, 159.06, 3129742, 22436
20371, 0, 5880, 6489, 5626, 507, 16.82%, 0, 0, 33, 158.65, 3130567, 22437
20376, 0, 5880, 6490, 5627, 507, 16.82%, 0, 0, 33, 155.67, 3131380, 22437
20381, 0, 5880, 6492, 5629, 507, 16.82%, 0, 0, 33, 158.27, 3132181, 22437
20386, 0, 5880, 6494, 5631, 507, 16.82%, 0, 0, 33, 158.50, 3132973, 22438
20391, 0, 5880, 6494, 5631, 507, 16.82%, 0, 0, 33, 157.75, 3133765, 22438
20396, 0, 5880, 6495, 5632, 507, 16.82%, 0, 0, 33, 158.86, 3134566, 22438
20401, 0, 5880, 6498, 5635, 507, 16.82%, 0, 0, 33, 158.72, 3135391, 22438
20406, 0, 5880, 6498, 5635, 507, 16.82%, 0, 0, 33, 158.33, 3136183, 22438
20411, 0, 5880, 6499, 5636, 507, 16.82%, 0, 0, 33, 158.66, 3136984, 22438
20416, 0, 5880, 6500, 5637, 507, 16.82%, 0, 0, 33, 158.79, 3137809, 22441
20422, 0, 5880, 6501, 5638, 507, 16.82%, 0, 0, 33, 158.67, 3138635, 22441
20427, 0, 5903, 6501, 5637, 510, 16.82%, 0, 0, 33, 158.88, 3139434, 22441
20432, 0, 5903, 6501, 5637, 510, 16.82%, 0, 0, 33, 159.67, 3140252, 22441
20437, 0, 3239, 6501, 5636, 509, 16.82%, 0, 0, 33, 159.46, 3141074, 22441
20442, 0, 2921, 6501, 5635, 508, 16.82%, 0, 0, 33, 159.56, 3141887, 22441
20447, 0, 2921, 6501, 5635, 508, 16.82%, 0, 0, 33, 160.24, 3142693, 22441
20452, 0, 5878, 6501, 5634, 507, 16.82%, 0, 0, 33, 159.38, 3143491, 22441
20457, 0, 5904, 6502, 5634, 506, 16.82%, 0, 0, 33, 159.67, 3144319, 22441
20462, 0, 3987, 6503, 5634, 505, 16.82%, 0, 0, 33, 159.55, 3145143, 22441
20467, 0, 3987, 6503, 5634, 505, 16.82%, 0, 0, 33, 159.54, 3145964, 22441
20473, 0, 6218, 6503, 5633, 504, 16.82%, 0, 0, 33, 159.58, 3146777, 22441
20478, 0, 6218, 6507, 5637, 504, 16.83%, 0, 0, 33, 159.14, 3147584, 22445
20483, 0, 6218, 6508, 5638, 504, 16.83%, 0, 0, 33, 159.49, 3148409, 22445
20488, 0, 6218, 6508, 5638, 504, 16.83%, 0, 0, 33, 159.55, 3149234, 22445
20493, 0, 6218, 6510, 5640, 504, 16.83%, 0, 0, 33, 159.51, 3150032, 22445
20498, 0, 6218, 6510, 5640, 504, 16.83%, 0, 0, 33, 159.40, 3150857, 22445
20503, 0, 6218, 6510, 5640, 504, 16.83%, 0, 0, 33, 159.54, 3151682, 22445
20508, 0, 6218, 6511, 5641, 504, 16.83%, 0, 0, 33, 159.57, 3152483, 22445
20514, 0, 6218, 6511, 5641, 504, 16.83%, 0, 0, 33, 159.65, 3153308, 22445
20519, 0, 6218, 6513, 5643, 504, 16.83%, 0, 0, 33, 159.19, 3154133, 22445
20524, 0, 6218, 6514, 5644, 504, 16.83%, 0, 0, 33, 159.40, 3154937, 22445
20529, 0, 6218, 6514, 5644, 504, 16.83%, 0, 0, 33, 159.63, 3155762, 22445
20534, 0, 6218, 6514, 5644, 504, 16.83%, 0, 0, 33, 159.65, 3156587, 22445
20539, 0, 6218, 6514, 5644, 504, 16.83%, 0, 0, 33, 159.69, 3157412, 22445
20544, 0, 6218, 6515, 5645, 504, 16.83%, 0, 0, 33, 159.66, 3158216, 22445
20549, 0, 6218, 6515, 5645, 504, 16.83%, 0, 0, 33, 159.33, 3159041, 22445
20555, 0, 6218, 6515, 5645, 504, 16.83%, 0, 0, 33, 159.46, 3159863, 22445
20560, 0, 2688, 6515, 5643, 503, 16.83%, 0, 0, 33, 158.93, 3160674, 22445
20565, 0, 2688, 6515, 5643, 503, 16.83%, 0, 0, 33, 159.24, 3161477, 22445
20570, 0, 6498, 6516, 5643, 502, 16.83%, 0, 0, 33, 158.96, 3162286, 22446
20575, 0, 6511, 6517, 5643, 503, 16.84%, 0, 0, 33, 158.79, 3163110, 22458
20580, 0, 6511, 6517, 5643, 503, 16.84%, 0, 0, 33, 159.94, 3163937, 22458
20585, 0, 6028, 6517, 5642, 502, 16.84%, 0, 0, 33, 159.92, 3164761, 22458
20590, 0, 2443, 6517, 5641, 501, 16.84%, 0, 0, 33, 159.88, 3165577, 22458
20596, 0, 5804, 6517, 5640, 500, 16.84%, 0, 0, 33, 159.57, 3166381, 22458
20601, 0, 5804, 6519, 5642, 500, 16.84%, 0, 0, 33, 158.35, 3167174, 22458
20606, 0, 5804, 6521, 5644, 500, 16.84%, 0, 0, 33, 159.11, 3167999, 22458
20611, 0, 5804, 6521, 5644, 500, 16.84%, 0, 0, 33, 159.20, 3168824, 22458
20616, 0, 5804, 6522, 5645, 500, 16.84%, 0, 0, 33, 159.24, 3169649, 22458
20621, 0, 5804, 6522, 5645, 500, 16.84%, 0, 0, 33, 158.43, 3170441, 22458
20626, 0, 5804, 6522, 5645, 500, 16.84%, 0, 0, 33, 159.12, 3171266, 22458
20631, 0, 5804, 6522, 5645, 500, 16.84%, 0, 0, 33, 159.01, 3172091, 22458
20637, 0, 5804, 6522, 5645, 500, 16.84%, 0, 0, 33, 159.19, 3172916, 22458
20642, 0, 5804, 6522, 5645, 500, 16.84%, 0, 0, 33, 158.70, 3173741, 22458
20647, 0, 5804, 6522, 5645, 500, 16.84%, 0, 0, 33, 158.80, 3174564, 22458
20652, 0, 5804, 6522, 5645, 500, 16.84%, 0, 0, 33, 159.35, 3175376, 22458
20657, 0, 5934, 6522, 5644, 500, 16.84%, 0, 0, 33, 160.00, 3176178, 22458
20662, 0, 2527, 6522, 5643, 499, 16.84%, 0, 0, 33, 159.59, 3176981, 22458
20667, 0, 4904, 6522, 5642, 498, 16.84%, 0, 0, 33, 157.66, 3177783, 22458
20672, 0, 4904, 6522, 5642, 498, 16.84%, 0, 0, 33, 156.44, 3178575, 22458
20677, 0, 4904, 6522, 5642, 498, 16.84%, 0, 0, 33, 158.05, 3179368, 22458
20682, 0, 2094, 6522, 5641, 497, 16.84%, 0, 0, 33, 159.48, 3180181, 22458
20688, 0, 4924, 6522, 5640, 496, 16.84%, 0, 0, 33, 159.52, 3181010, 22458
20693, 0, 4924, 6522, 5640, 496, 16.84%, 0, 0, 33, 159.36, 3181835, 22458
20698, 0, 4924, 6522, 5640, 496, 16.84%, 0, 0, 33, 159.36, 3182652, 22458
20703, 0, 4221, 6522, 5639, 495, 16.84%, 0, 0, 33, 159.52, 3183472, 22458
20708, 0, 4221, 6522, 5639, 495, 16.84%, 0, 0, 33, 159.53, 3184292, 22458
20713, 0, 1568, 6522, 5638, 494, 16.84%, 0, 0, 33, 158.89, 3185112, 22458
20718, 0, 6116, 6527, 5642, 494, 16.84%, 0, 0, 33, 159.21, 3185915, 22459
20723, 0, 6116, 6532, 5647, 494, 16.84%, 0, 0, 33, 159.39, 3186716, 22462
20728, 0, 6116, 6537, 5652, 494, 16.84%, 0, 0, 33, 159.88, 3187526, 22466
20734, 0, 6116, 6538, 5653, 494, 16.84%, 0, 0, 33, 159.93, 3188354, 22466
20739, 0, 6116, 6539, 5654, 494, 16.84%, 0, 0, 33, 159.52, 3189179, 22466
20744, 0, 6116, 6540, 5655, 494, 16.84%, 0, 0, 33, 159.93, 3190010, 22466
20749, 0, 6116, 6540, 5655, 494, 16.84%, 0, 0, 33, 159.93, 3190835, 22466
20754, 0, 6116, 6540, 5655, 494, 16.84%, 0, 0, 33, 159.60, 3191660, 22466
20760, 0, 6116, 6541, 5656, 494, 16.84%, 0, 0, 33, 159.82, 3192485, 22466
20765, 0, 6116, 6542, 5657, 494, 16.84%, 0, 0, 33, 159.97, 3193310, 22466
20770, 0, 6116, 6543, 5658, 494, 16.84%, 0, 0, 33, 159.67, 3194135, 22466
20775, 0, 6116, 6544, 5659, 494, 16.84%, 0, 0, 33, 159.41, 3194960, 22466
20780, 0, 6116, 6544, 5659, 494, 16.84%, 0, 0, 33, 159.40, 3195785, 22466
20785, 0, 6116, 6544, 5659, 494, 16.84%, 0, 0, 33, 159.70, 3196610, 22466
20791, 0, 6116, 6545, 5660, 494, 16.84%, 0, 0, 33, 159.96, 3197435, 22466
20796, 0, 6116, 6545, 5660, 494, 16.84%, 0, 0, 33, 159.46, 3198260, 22466
20801, 0, 4300, 6545, 5659, 497, 16.84%, 0, 0, 33, 159.43, 3199090, 22466
20806, 0, 4300, 6545, 5659, 497, 16.84%, 0, 0, 33, 160.04, 3199894, 22466
20811, 0, 6112, 6546, 5659, 496, 16.84%, 0, 0, 33, 159.89, 3200723, 22466
20816, 0, 3193, 6547, 5659, 496, 16.84%, 0, 0, 33, 159.84, 3201530, 22467
20821, 0, 3765, 6547, 5658, 495, 16.84%, 0, 0, 33, 159.95, 3202332, 22467
20826, 0, 6338, 6548, 5658, 494, 16.84%, 0, 0, 33, 159.56, 3203135, 22470
20831, 0, 6338, 6549, 5659, 494, 16.85%, 0, 0, 33, 159.09, 3203931, 22472
20836, 0, 3209, 6549, 5658, 495, 16.85%, 0, 0, 33, 159.69, 3204741, 22472
20841, 0, 5223, 6549, 5657, 494, 16.85%, 0, 0, 33, 158.29, 3205533, 22472
20846, 0, 5223, 6549, 5657, 494, 16.85%, 0, 0, 33, 157.82, 3206325, 22472
20852, 0, 5223, 6550, 5658, 494, 16.85%, 0, 0, 33, 151.58, 3207122, 22472
20857, 0, 3869, 6550, 5657, 494, 16.85%, 0, 0, 33, 158.43, 3207947, 22472
20862, 0, 2075, 6552, 5658, 493, 16.85%, 0, 0, 33, 159.88, 3208757, 22472
20867, 0, 3015, 6553, 5657, 491, 16.85%, 0, 0, 33, 133.55, 3209425, 22473
20872, 0, 3015, 6555, 5659, 491, 16.85%, 0, 0, 33, 154.31, 3210244, 22473
20877, 0, 3015, 6555, 5659, 491, 16.85%, 0, 0, 33, 158.32, 3211044, 22473
20882, 0, 3864, 6555, 5658, 490, 16.85%, 0, 0, 33, 159.56, 3211843, 22473
20887, 0, 6269, 6556, 5658, 489, 16.85%, 0, 0, 33, 159.83, 3212657, 22473
20892, 0, 6184, 6556, 5657, 488, 16.85%, 0, 0, 33, 159.60, 3213464, 22473
20897, 0, 6184, 6559, 5660, 488, 16.85%, 0, 0, 33, 159.33, 3214268, 22477
20902, 0, 6184, 6559, 5660, 488, 16.85%, 0, 0, 33, 159.41, 3215093, 22477
20907, 0, 6184, 6560, 5661, 488, 16.85%, 0, 0, 33, 159.43, 3215918, 22477
20913, 0, 6184, 6560, 5661, 488, 16.85%, 0, 0, 33, 159.40, 3216743, 22477
20918, 0, 6184, 6562, 5663, 488, 16.85%, 0, 0, 33, 159.47, 3217547, 22477
20923, 0, 6184, 6563, 5664, 488, 16.85%, 0, 0, 33, 159.52, 3218375, 22477
20928, 0, 6184, 6564, 5665, 488, 16.85%, 0, 0, 33, 159.28, 3219179, 22477
20933, 0, 6184, 6565, 5666, 488, 16.85%, 0, 0, 33, 159.53, 3219980, 22477
20938, 0, 6184, 6565, 5666, 488, 16.85%, 0, 0, 33, 159.44, 3220805, 22477
20943, 0, 6184, 6566, 5667, 488, 16.85%, 0, 0, 33, 159.53, 3221630, 22477
20948, 0, 6184, 6566, 5667, 488, 16.85%, 0, 0, 33, 159.54, 3222455, 22477
20954, 0, 6184, 6566, 5667, 488, 16.85%, 0, 0, 33, 159.56, 3223280, 22477
20959, 0, 6184, 6566, 5667, 488, 16.85%, 0, 0, 33, 159.61, 3224105, 22477
20964, 0, 6184, 6566, 5667, 488, 16.85%, 0, 0, 33, 159.52, 3224930, 22477
20969, 0, 6184, 6566, 5667, 488, 16.85%, 0, 0, 33, 159.34, 3225755, 22477
20974, 0, 6184, 6566, 5667, 488, 16.85%, 0, 0, 33, 159.45, 3226574, 22477
20979, 0, 4243, 6566, 5666, 487, 16.85%, 0, 0, 33, 159.76, 3227393, 22477
20984, 0, 3658, 6566, 5665, 486, 16.85%, 0, 0, 33, 160.22, 3228200, 22477
20990, 0, 3658, 6566, 5665, 486, 16.85%, 0, 0, 33, 159.69, 3229023, 22477
20995, 0, 3876, 6566, 5664, 485, 16.85%, 0, 0, 33, 159.80, 3229841, 22477
21000, 0, 4400, 6566, 5663, 484, 16.85%, 0, 0, 33, 159.83, 3230648, 22477
21005, 0, 5813, 6566, 5662, 483, 16.85%, 0, 0, 33, 155.36, 3231430, 22477
21010, 0, 5813, 6566, 5662, 483, 16.85%, 0, 0, 33, 152.43, 3232216, 22477
21015, 0, 5813, 6567, 5663, 483, 16.85%, 0, 0, 33, 153.63, 3233000, 22477
21020, 0, 5813, 6567, 5663, 483, 16.85%, 0, 0, 33, 154.80, 3233782, 22477
21025, 0, 6513, 6569, 5664, 482, 16.85%, 0, 0, 33, 158.30, 3234599, 22477
21030, 0, 6513, 6571, 5666, 482, 16.85%, 0, 0, 33, 159.14, 3235403, 22477
21036, 0, 6513, 6571, 5666, 482, 16.85%, 0, 0, 33, 159.63, 3236228, 22477
21041, 0, 6513, 6573, 5668, 482, 16.85%, 0, 0, 33, 159.55, 3237059, 22477
21046, 0, 6513, 6573, 5668, 482, 16.85%, 0, 0, 33, 159.42, 3237884, 22477
21051, 0, 6513, 6573, 5668, 482, 16.85%, 0, 0, 33, 159.40, 3238709, 22477
21056, 0, 6513, 6573, 5668, 482, 16.85%, 0, 0, 33, 159.52, 3239534, 22477
21061, 0, 6513, 6575, 5670, 482, 16.85%, 0, 0, 33, 159.60, 3240359, 22477
21067, 0, 6513, 6575, 5670, 482, 16.85%, 0, 0, 33, 159.62, 3241184, 22477
21072, 0, 6513, 6575, 5670, 482, 16.85%, 0, 0, 33, 159.71, 3242009, 22477
21077, 0, 6513, 6576, 5671, 482, 16.85%, 0, 0, 33, 159.61, 3242834, 22477
21082, 0, 6513, 6576, 5671, 482, 16.85%, 0, 0, 33, 159.57, 3243659, 22477
21087, 0, 6513, 6577, 5672, 482, 16.85%, 0, 0, 33, 159.50, 3244484, 22477
21092, 0, 6513, 6577, 5672, 482, 16.85%, 0, 0, 33, 159.27, 3245309, 22477
21098, 0, 6513, 6577, 5672, 482, 16.85%, 0, 0, 33, 159.22, 3246134, 22477
21103, 0, 6513, 6577, 5672, 482, 16.85%, 0, 0, 33, 159.52, 3246959, 22477
21108, 0, 6513, 6578, 5673, 482, 16.85%, 0, 0, 33, 159.30, 3247777, 22477
21113, 0, 1137, 6578, 5671, 481, 16.85%, 0, 0, 33, 159.10, 3248596, 22477
21118, 0, 5906, 6578, 5670, 480, 16.85%, 0, 0, 33, 159.50, 3249426, 22477
21123, 0, 5215, 6578, 5669, 479, 16.85%, 0, 0, 33, 155.23, 3250215, 22477
21128, 0, 5215, 6578, 5669, 479, 16.85%, 0, 0, 33, 151.86, 3250980, 22477
21134, 0, 5215, 6578, 5669, 479, 16.85%, 0, 0, 33, 154.91, 3251776, 22477
21139, 0, 6019, 6578, 5668, 478, 16.85%, 0, 0, 33, 158.52, 3252589, 22477
21144, 0, 6019, 6578, 5668, 478, 16.85%, 0, 0, 33, 149.67, 3253376, 22477
21149, 0, 2709, 6578, 5667, 477, 16.85%, 0, 0, 33, 157.48, 3254196, 22477
21154, 0, 6481, 6578, 5666, 476, 16.85%, 0, 0, 33, 158.98, 3255003, 22477
21159, 0, 3758, 6578, 5665, 475, 16.85%, 0, 0, 33, 158.99, 3255830, 22477
21164, 0, 5987, 6578, 5664, 475, 16.85%, 0, 0, 33, 158.86, 3256633, 22477
21169, 0, 5987, 6579, 5665, 475, 16.85%, 0, 0, 33, 159.47, 3257439, 22480
21174, 0, 6572, 6579, 5664, 476, 16.85%, 0, 0, 33, 159.06, 3258239, 22480
21180, 0, 6439, 6579, 5663, 475, 16.85%, 0, 0, 33, 155.97, 3259029, 22480
21185, 0, 6439, 6579, 5663, 475, 16.85%, 0, 0, 33, 153.99, 3259821, 22480
21190, 0, 6439, 6579, 5663, 475, 16.85%, 0, 0, 33, 153.74, 3260611, 22480
21195, 0, 6439, 6580, 5664, 475, 16.85%, 0, 0, 33, 155.70, 3261396, 22480
21200, 0, 5769, 6582, 5665, 474, 16.85%, 0, 0, 33, 158.54, 3262194, 22480
21205, 0, 5769, 6582, 5665, 474, 16.85%, 0, 0, 33, 159.59, 3263019, 22480
21210, 0, 6303, 6583, 5665, 473, 16.85%, 0, 0, 33, 159.76, 3263824, 22480
21215, 0, 6303, 6583, 5665, 473, 16.85%, 0, 0, 33, 159.06, 3264625, 22480
21220, 0, 5977, 6583, 5664, 472, 16.85%, 0, 0, 33, 152.86, 3265397, 22480
21225, 0, 5977, 6583, 5664, 472, 16.85%, 0, 0, 33, 152.14, 3266187, 22480
21231, 0, 5977, 6584, 5665, 472, 16.87%, 0, 0, 33, 152.50, 3266976, 22509
21236, 0, 5977, 6584, 5665, 472, 16.87%, 0, 0, 33, 157.05, 3267790, 22509
21241, 0, 3865, 6584, 5664, 472, 16.87%, 0, 0, 33, 159.13, 3268618, 22509
21246, 0, 2438, 6584, 5663, 471, 16.87%, 0, 0, 33, 159.33, 3269418, 22509
21251, 0, 4125, 6584, 5662, 470, 16.87%, 0, 0, 33, 159.38, 3270226, 22509
21256, 0, 5485, 6584, 5661, 469, 16.87%, 0, 0, 33, 149.38, 3270997, 22509
21261, 0, 5485, 6584, 5661, 469, 16.87%, 0, 0, 33, 105.11, 3271470, 22509
21266, 0, 6252, 6584, 5660, 468, 16.87%, 0, 0, 33, 102.94, 3271990, 22509
21271, 0, 6252, 6585, 5661, 468, 16.87%, 0, 0, 33, 147.31, 3272798, 22510
21277, 0, 3866, 6585, 5660, 468, 16.87%, 0, 0, 33, 157.33, 3273625, 22510
21282, 0, 2199, 6585, 5659, 467, 16.87%, 0, 0, 33, 159.07, 3274457, 22510
21287, 0, 6357, 6586, 5659, 466, 16.88%, 0, 0, 33, 158.90, 3275283, 22511
21292, 0, 6357, 6586, 5659, 466, 16.88%, 0, 0, 33, 159.12, 3276100, 22511
21297, 0, 2542, 6586, 5657, 465, 16.88%, 0, 0, 33, 158.86, 3276918, 22511
21303, 0, 2542, 6588, 5659, 465, 16.88%, 0, 0, 33, 155.87, 3277716, 22511
21308, 0, 3274, 6588, 5658, 464, 16.88%, 0, 0, 33, 158.48, 3278519, 22511
21313, 0, 5935, 6589, 5658, 463, 16.88%, 0, 0, 33, 159.39, 3279330, 22511
21318, 0, 4672, 6589, 5657, 462, 16.88%, 0, 0, 33, 158.99, 3280135, 22511
21323, 0, 2417, 6590, 5656, 460, 16.88%, 0, 0, 33, 158.24, 3280938, 22511
21328, 0, 2417, 6590, 5656, 460, 16.88%, 0, 0, 33, 159.07, 3281741, 22511
21333, 0, 6574, 6591, 5656, 459, 16.88%, 0, 0, 33, 159.23, 3282538, 22511
21338, 0, 6574, 6591, 5656, 459, 16.88%, 0, 0, 33, 159.12, 3283352, 22511
21343, 0, 3873, 6591, 5655, 458, 16.88%, 0, 0, 33, 159.54, 3284177, 22511
21348, 0, 6473, 6591, 5654, 457, 16.88%, 0, 0, 33, 158.76, 3284980, 22511
21353, 0, 6561, 6592, 5654, 456, 16.88%, 0, 0, 33, 158.67, 3285783, 22511
21358, 0, 6561, 6592, 5654, 456, 16.88%, 0, 0, 33, 159.04, 3286599, 22511
21364, 0, 5186, 6592, 5653, 455, 16.88%, 0, 0, 33, 159.32, 3287421, 22511
21369, 0, 6007, 6592, 5652, 454, 16.88%, 0, 0, 33, 159.44, 3288231, 22511
21374, 0, 6007, 6592, 5652, 454, 16.88%, 0, 0, 33, 159.28, 3289051, 22511
21379, 0, 6501, 6593, 5652, 453, 16.88%, 0, 0, 33, 159.27, 3289867, 22511
21384, 0, 6501, 6594, 5653, 453, 16.88%, 0, 0, 33, 158.95, 3290671, 22512
21389, 0, 5933, 6594, 5652, 453, 16.88%, 0, 0, 33, 159.66, 3291500, 22512
21394, 0, 3520, 6594, 5651, 452, 16.88%, 0, 0, 33, 159.28, 3292301, 22512
21399, 0, 6562, 6594, 5650, 451, 16.88%, 0, 0, 33, 159.22, 3293111, 22512
21404, 0, 6562, 6597, 5653, 451, 16.88%, 0, 0, 33, 159.45, 3293916, 22520
21410, 0, 6562, 6597, 5653, 451, 16.88%, 0, 0, 33, 159.74, 3294741, 22520
21415, 0, 6562, 6597, 5653, 451, 16.88%, 0, 0, 33, 159.73, 3295566, 22520
21420, 0, 6562, 6597, 5653, 451, 16.88%, 0, 0, 33, 159.69, 3296391, 22520
21425, 0, 6562, 6598, 5654, 451, 16.88%, 0, 0, 33, 159.73, 3297203, 22521
21430, 0, 5753, 6598, 5653, 451, 16.88%, 0, 0, 33, 159.27, 3298002, 22521
21435, 0, 5649, 6598, 5651, 449, 16.88%, 0, 0, 33, 156.60, 3298797, 22521
21440, 0, 5649, 6598, 5651, 449, 16.88%, 0, 0, 33, 152.90, 3299568, 22521
21445, 0, 5649, 6598, 5651, 449, 16.88%, 0, 0, 33, 153.64, 3300340, 22521
21450, 0, 5649, 6598, 5651, 449, 16.88%, 0, 0, 33, 157.38, 3301150, 22521
21455, 0, 5486, 6599, 5651, 448, 16.88%, 0, 0, 33, 127.42, 3301779, 22521
21460, 0, 5486, 6600, 5652, 448, 16.88%, 0, 0, 33, 106.52, 3302300, 22521
21465, 0, 5756, 6601, 5652, 447, 16.88%, 0, 0, 33, 142.97, 3303036, 22522
21470, 0, 5756, 6602, 5653, 447, 16.88%, 0, 0, 33, 155.78, 3303833, 22522
21476, 0, 6137, 6603, 5652, 447, 16.88%, 0, 0, 33, 158.18, 3304657, 22522
21481, 0, 6600, 6603, 5651, 447, 16.88%, 0, 0, 33, 158.78, 3305455, 22522
21486, 0, 5425, 6603, 5650, 446, 16.88%, 0, 0, 33, 159.26, 3306259, 22522
21491, 0, 5425, 6603, 5650, 446, 16.88%, 0, 0, 33, 159.34, 3307072, 22522
21496, 0, 5051, 6603, 5649, 445, 16.88%, 0, 0, 33, 151.93, 3307856, 22522
21501, 0, 5051, 6603, 5649, 445, 16.88%, 0, 0, 33, 150.38, 3308609, 22522
21506, 0, 5051, 6607, 5653, 445, 16.88%, 0, 0, 33, 150.96, 3309398, 22523
21511, 0, 5051, 6608, 5654, 445, 16.88%, 0, 0, 33, 151.71, 3310160, 22523
21516, 0, 5051, 6608, 5654, 445, 16.88%, 0, 0, 33, 151.15, 3310937, 22523
21522, 0, 5051, 6608, 5654, 445, 16.88%, 0, 0, 33, 151.79, 3311726, 22523
21527, 0, 5051, 6608, 5654, 445, 16.88%, 0, 0, 33, 151.76, 3312512, 22523
21532, 0, 5051, 6609, 5655, 445, 16.88%, 0, 0, 33, 151.84, 3313298, 22523
21537, 0, 5051, 6609, 5655, 445, 16.88%, 0, 0, 33, 151.77, 3314087, 22523
21542, 0, 5051, 6609, 5655, 445, 16.88%, 0, 0, 33, 152.05, 3314873, 22523
21548, 0, 5051, 6610, 5656, 445, 16.88%, 0, 0, 33, 151.93, 3315662, 22523
21553, 0, 5051, 6610, 5656, 445, 16.88%, 0, 0, 33, 151.48, 3316448, 22523
21558, 0, 5051, 6610, 5656, 445, 16.88%, 0, 0, 33, 151.58, 3317234, 22523
21563, 0, 5051, 6610, 5656, 445, 16.88%, 0, 0, 33, 151.58, 3318017, 22523
21568, 0, 5051, 6611, 5657, 445, 16.88%, 0, 0, 33, 151.49, 3318779, 22523
21573, 0, 5051, 6611, 5657, 445, 16.88%, 0, 0, 33, 151.90, 3319571, 22523
21578, 0, 5051, 6611, 5657, 445, 16.88%, 0, 0, 33, 151.03, 3320339, 22523
21584, 0, 5051, 6611, 5657, 445, 16.88%, 0, 0, 33, 151.75, 3321128, 22523
21589, 0, 5051, 6611, 5657, 445, 16.88%, 0, 0, 33, 156.36, 3321937, 22523
21594, 0, 5764, 6612, 5657, 445, 16.88%, 0, 0, 33, 158.54, 3322760, 22523
21599, 0, 6611, 6612, 5656, 447, 16.88%, 0, 0, 33, 158.61, 3323564, 22523
21604, 0, 6588, 6612, 5655, 446, 16.88%, 0, 0, 33, 159.32, 3324364, 22523
21609, 0, 6235, 6612, 5654, 445, 16.88%, 0, 0, 33, 119.10, 3324954, 22523
21614, 0, 6235, 6614, 5656, 445, 16.88%, 0, 0, 33, 106.56, 3325463, 22523
21619, 0, 5474, 6614, 5655, 444, 16.88%, 0, 0, 33, 147.35, 3326251, 22523
21624, 0, 5840, 6617, 5657, 443, 16.88%, 0, 0, 33, 156.32, 3327060, 22523
21630, 0, 5840, 6621, 5661, 443, 16.88%, 0, 0, 33, 157.48, 3327867, 22523
21635, 0, 5840, 6623, 5663, 443, 16.88%, 0, 0, 33, 157.89, 3328671, 22523
21640, 0, 5840, 6625, 5665, 443, 16.88%, 0, 0, 33, 158.38, 3329478, 22523
21645, 0, 5840, 6628, 5668, 443, 16.88%, 0, 0, 33, 159.02, 3330306, 22523
21650, 0, 5840, 6631, 5671, 443, 16.88%, 0, 0, 33, 159.27, 3331134, 22523
21655, 0, 5840, 6633, 5673, 443, 16.88%, 0, 0, 33, 158.46, 3331926, 22523
21660, 0, 5840, 6636, 5676, 443, 16.88%, 0, 0, 33, 157.13, 3332625, 22523
